/*
 Navicat Premium Data Transfer

 Source Server         : localhost
 Source Server Type    : MySQL
 Source Server Version : 80027
 Source Host           : localhost:3306
 Source Schema         : zzdemo-online

 Target Server Type    : MySQL
 Target Server Version : 80027
 File Encoding         : 65001

 Date: 31/12/2021 11:13:55
*/

SET NAMES utf8mb4;
SET FOREIGN_KEY_CHECKS = 0;

-- ----------------------------
-- Table structure for ACT_EVT_LOG
-- ----------------------------
DROP TABLE IF EXISTS `ACT_EVT_LOG`;
CREATE TABLE `ACT_EVT_LOG` (
  `LOG_NR_` bigint NOT NULL AUTO_INCREMENT,
  `TYPE_` varchar(64) CHARACTER SET utf8 COLLATE utf8_bin DEFAULT NULL,
  `PROC_DEF_ID_` varchar(64) CHARACTER SET utf8 COLLATE utf8_bin DEFAULT NULL,
  `PROC_INST_ID_` varchar(64) CHARACTER SET utf8 COLLATE utf8_bin DEFAULT NULL,
  `EXECUTION_ID_` varchar(64) CHARACTER SET utf8 COLLATE utf8_bin DEFAULT NULL,
  `TASK_ID_` varchar(64) CHARACTER SET utf8 COLLATE utf8_bin DEFAULT NULL,
  `TIME_STAMP_` timestamp(3) NOT NULL DEFAULT CURRENT_TIMESTAMP(3) ON UPDATE CURRENT_TIMESTAMP(3),
  `USER_ID_` varchar(255) CHARACTER SET utf8 COLLATE utf8_bin DEFAULT NULL,
  `DATA_` longblob,
  `LOCK_OWNER_` varchar(255) CHARACTER SET utf8 COLLATE utf8_bin DEFAULT NULL,
  `LOCK_TIME_` timestamp(3) NULL DEFAULT NULL,
  `IS_PROCESSED_` tinyint DEFAULT '0',
  PRIMARY KEY (`LOG_NR_`)
) ENGINE=InnoDB DEFAULT CHARSET=utf8mb3 COLLATE=utf8_bin;

-- ----------------------------
-- Table structure for ACT_GE_BYTEARRAY
-- ----------------------------
DROP TABLE IF EXISTS `ACT_GE_BYTEARRAY`;
CREATE TABLE `ACT_GE_BYTEARRAY` (
  `ID_` varchar(64) CHARACTER SET utf8 COLLATE utf8_bin NOT NULL,
  `REV_` int DEFAULT NULL,
  `NAME_` varchar(255) CHARACTER SET utf8 COLLATE utf8_bin DEFAULT NULL,
  `DEPLOYMENT_ID_` varchar(64) CHARACTER SET utf8 COLLATE utf8_bin DEFAULT NULL,
  `BYTES_` longblob,
  `GENERATED_` tinyint DEFAULT NULL,
  PRIMARY KEY (`ID_`),
  KEY `ACT_FK_BYTEARR_DEPL` (`DEPLOYMENT_ID_`),
  CONSTRAINT `ACT_FK_BYTEARR_DEPL` FOREIGN KEY (`DEPLOYMENT_ID_`) REFERENCES `ACT_RE_DEPLOYMENT` (`ID_`)
) ENGINE=InnoDB DEFAULT CHARSET=utf8mb3 COLLATE=utf8_bin;

-- ----------------------------
-- Records of ACT_GE_BYTEARRAY
-- ----------------------------
BEGIN;
INSERT INTO `ACT_GE_BYTEARRAY` VALUES ('0aab3954-3179-11ec-9438-f20b812c0662', 1, 'flowLeave.bpmn', '0aab3953-3179-11ec-9438-f20b812c0662', 0x3C3F786D6C2076657273696F6E3D22312E302220656E636F64696E673D225554462D38223F3E0A3C62706D6E323A646566696E6974696F6E7320786D6C6E733D22687474703A2F2F7777772E6F6D672E6F72672F737065632F42504D4E2F32303130303532342F4D4F44454C2220786D6C6E733A62706D6E323D22687474703A2F2F7777772E6F6D672E6F72672F737065632F42504D4E2F32303130303532342F4D4F44454C2220786D6C6E733A7873693D22687474703A2F2F7777772E77332E6F72672F323030312F584D4C536368656D612D696E7374616E63652220786D6C6E733A7873643D22687474703A2F2F7777772E77332E6F72672F323030312F584D4C536368656D612220786D6C6E733A61637469766974693D22687474703A2F2F61637469766974692E6F72672F62706D6E2220786D6C6E733A62706D6E64693D22687474703A2F2F7777772E6F6D672E6F72672F737065632F42504D4E2F32303130303532342F44492220786D6C6E733A6F6D6764633D22687474703A2F2F7777772E6F6D672E6F72672F737065632F44442F32303130303532342F44432220786D6C6E733A6F6D6764693D22687474703A2F2F7777772E6F6D672E6F72672F737065632F44442F32303130303532342F44492220786D6C6E733A64633D22687474703A2F2F7777772E6F6D672E6F72672F737065632F44442F32303130303532342F44432220786D6C6E733A64693D22687474703A2F2F7777772E6F6D672E6F72672F737065632F44442F32303130303532342F44492220747970654C616E67756167653D22687474703A2F2F7777772E77332E6F72672F323030312F584D4C536368656D61222065787072657373696F6E4C616E67756167653D22687474703A2F2F7777772E77332E6F72672F313939392F585061746822207461726765744E616D6573706163653D22687474703A2F2F61637469766974692E6F72672F62706D6E222069643D226469616772616D5F666C6F774C6561766522207873693A736368656D614C6F636174696F6E3D22687474703A2F2F7777772E6F6D672E6F72672F737065632F42504D4E2F32303130303532342F4D4F44454C2042504D4E32302E787364223E0A20203C62706D6E323A70726F636573732069643D22666C6F774C6561766522206E616D653D22E8AFB7E58187E794B3E8AFB72220697345786563757461626C653D2274727565223E0A202020203C657874656E73696F6E456C656D656E74733E0A2020202020203C61637469766974693A657865637574696F6E4C697374656E6572206576656E743D22656E642220636C6173733D22636F6D2E666C6F772E64656D6F2E636F6D6D6F6E2E666C6F772E6C697374656E65722E557064617465466C6F775374617475734C697374656E6572223E3C2F61637469766974693A657865637574696F6E4C697374656E65723E0A202020203C2F657874656E73696F6E456C656D656E74733E0A202020203C62706D6E323A73746172744576656E742069643D224576656E745F316D6D72747477223E0A2020202020203C62706D6E323A6F7574676F696E673E466C6F775F3079346D336B763C2F62706D6E323A6F7574676F696E673E0A202020203C2F62706D6E323A73746172744576656E743E0A202020203C62706D6E323A757365725461736B2069643D2241637469766974795F317462386A6B6122206E616D653D22E8AFB7E58187E794B3E8AFB7222061637469766974693A61737369676E65653D22247B7374617274557365724E616D657D222061637469766974693A666F726D4B65793D227B2671756F743B666F726D49642671756F743B3A2671756F743B313434303934353431313335343236373634382671756F743B2C2671756F743B726561644F6E6C792671756F743B3A66616C73652C2671756F743B67726F7570547970652671756F743B3A2671756F743B444550542671756F743B7D223E0A2020202020203C657874656E73696F6E456C656D656E74733E0A20202020202020203C61637469766974693A6F7065726174696F6E4C6973743E0A202020202020202020203C61637469766974693A666F726D4F7065726174696F6E2069643D223136333437313131323239323522206C6162656C3D22E68F90E4BAA42220747970653D226167726565222073686F774F726465723D2230223E3C2F61637469766974693A666F726D4F7065726174696F6E3E0A20202020202020203C2F61637469766974693A6F7065726174696F6E4C6973743E0A20202020202020203C61637469766974693A7661726961626C654C6973743E3C2F61637469766974693A7661726961626C654C6973743E0A2020202020203C2F657874656E73696F6E456C656D656E74733E0A202020203C2F62706D6E323A757365725461736B3E0A202020203C62706D6E323A73657175656E6365466C6F772069643D22466C6F775F3079346D336B762220736F757263655265663D224576656E745F316D6D7274747722207461726765745265663D2241637469766974795F317462386A6B61223E3C2F62706D6E323A73657175656E6365466C6F773E0A202020203C62706D6E323A757365725461736B2069643D2241637469766974795F31316A7230707822206E616D653D22E983A8E997A8E9A286E5AFBCE5AEA1E689B9222061637469766974693A63616E64696461746547726F7570733D22247B64657074506F73744C65616465727D222061637469766974693A666F726D4B65793D227B2671756F743B666F726D49642671756F743B3A2671756F743B313434303934353431313335343236373634382671756F743B2C2671756F743B726561644F6E6C792671756F743B3A747275652C2671756F743B67726F7570547970652671756F743B3A2671756F743B444550545F504F53545F4C45414445522671756F743B7D223E0A2020202020203C657874656E73696F6E456C656D656E74733E0A20202020202020203C61637469766974693A7461736B4C697374656E6572206576656E743D226372656174652220636C6173733D22636F6D2E666C6F772E64656D6F2E636F6D6D6F6E2E666C6F772E6C697374656E65722E44657074506F73744C65616465724C697374656E6572223E3C2F61637469766974693A7461736B4C697374656E65723E0A20202020202020203C61637469766974693A6F7065726174696F6E4C6973743E0A202020202020202020203C61637469766974693A666F726D4F7065726174696F6E2069643D223136333437313131343739343122206C6162656C3D22E5908CE6848F2220747970653D226167726565222073686F774F726465723D2230223E3C2F61637469766974693A666F726D4F7065726174696F6E3E0A202020202020202020203C61637469766974693A666F726D4F7065726174696F6E2069643D223136333437313131353133343922206C6162656C3D22E68B92E7BB9D2220747970653D22726566757365222073686F774F726465723D2231223E3C2F61637469766974693A666F726D4F7065726174696F6E3E0A20202020202020203C2F61637469766974693A6F7065726174696F6E4C6973743E0A20202020202020203C61637469766974693A7661726961626C654C6973743E3C2F61637469766974693A7661726961626C654C6973743E0A2020202020203C2F657874656E73696F6E456C656D656E74733E0A202020203C2F62706D6E323A757365725461736B3E0A202020203C62706D6E323A73657175656E6365466C6F772069643D22466C6F775F30376F703230392220736F757263655265663D2241637469766974795F317462386A6B6122207461726765745265663D2241637469766974795F31316A72307078223E3C2F62706D6E323A73657175656E6365466C6F773E0A202020203C62706D6E323A757365725461736B2069643D2241637469766974795F3030696270307522206E616D653D224852E5AEA1E689B9222061637469766974693A63616E64696461746547726F7570733D2231343430393634323231383535363030363430222061637469766974693A666F726D4B65793D227B2671756F743B666F726D49642671756F743B3A2671756F743B313434303934353431313335343236373634382671756F743B2C2671756F743B726561644F6E6C792671756F743B3A747275652C2671756F743B67726F7570547970652671756F743B3A2671756F743B504F53542671756F743B7D223E0A2020202020203C657874656E73696F6E456C656D656E74733E0A20202020202020203C61637469766974693A6F7065726174696F6E4C6973743E0A202020202020202020203C61637469766974693A666F726D4F7065726174696F6E2069643D223136333437313133303636303122206C6162656C3D22E5908CE6848F2220747970653D226167726565222073686F774F726465723D2230223E3C2F61637469766974693A666F726D4F7065726174696F6E3E0A202020202020202020203C61637469766974693A666F726D4F7065726174696F6E2069643D223136333437313133313033393122206C6162656C3D22E68B92E7BB9D2220747970653D22726566757365222073686F774F726465723D2231223E3C2F61637469766974693A666F726D4F7065726174696F6E3E0A20202020202020203C2F61637469766974693A6F7065726174696F6E4C6973743E0A20202020202020203C61637469766974693A7661726961626C654C6973743E3C2F61637469766974693A7661726961626C654C6973743E0A2020202020203C2F657874656E73696F6E456C656D656E74733E0A202020203C2F62706D6E323A757365725461736B3E0A202020203C62706D6E323A656E644576656E742069643D224576656E745F3163303839756F223E0A2020202020203C62706D6E323A696E636F6D696E673E466C6F775F306D32376664653C2F62706D6E323A696E636F6D696E673E0A202020203C2F62706D6E323A656E644576656E743E0A202020203C62706D6E323A73657175656E6365466C6F772069643D22466C6F775F306D323766646522206E616D653D22E5908CE6848F2220736F757263655265663D2241637469766974795F3030696270307522207461726765745265663D224576656E745F3163303839756F223E0A2020202020203C657874656E73696F6E456C656D656E74733E0A20202020202020203C61637469766974693A637573746F6D436F6E646974696F6E20747970653D226F7065726174696F6E22206F7065726174696F6E547970653D226167726565223E3C2F61637469766974693A637573746F6D436F6E646974696F6E3E0A2020202020203C2F657874656E73696F6E456C656D656E74733E0A2020202020203C636F6E646974696F6E45787072657373696F6E207873693A747970653D2274466F726D616C45787072657373696F6E223E3C215B43444154415B247B6F7065726174696F6E54797065203D3D20276167726565277D5D5D3E3C2F636F6E646974696F6E45787072657373696F6E3E0A202020203C2F62706D6E323A73657175656E6365466C6F773E0A202020203C62706D6E323A73657175656E6365466C6F772069643D22466C6F775F31367A796F613522206E616D653D22E68B92E7BB9D2220736F757263655265663D2241637469766974795F31316A7230707822207461726765745265663D2241637469766974795F317462386A6B61223E0A2020202020203C657874656E73696F6E456C656D656E74733E0A20202020202020203C61637469766974693A637573746F6D436F6E646974696F6E20747970653D226F7065726174696F6E22206F7065726174696F6E547970653D22726566757365223E3C2F61637469766974693A637573746F6D436F6E646974696F6E3E0A2020202020203C2F657874656E73696F6E456C656D656E74733E0A2020202020203C636F6E646974696F6E45787072657373696F6E207873693A747970653D2274466F726D616C45787072657373696F6E223E3C215B43444154415B247B6F7065726174696F6E54797065203D3D2027726566757365277D5D5D3E3C2F636F6E646974696F6E45787072657373696F6E3E0A202020203C2F62706D6E323A73657175656E6365466C6F773E0A202020203C62706D6E323A73657175656E6365466C6F772069643D22466C6F775F306C6C3734616E22206E616D653D22E5908CE6848F2220736F757263655265663D2241637469766974795F31316A7230707822207461726765745265663D2241637469766974795F30306962703075223E0A2020202020203C657874656E73696F6E456C656D656E74733E0A20202020202020203C61637469766974693A637573746F6D436F6E646974696F6E20747970653D226F7065726174696F6E22206F7065726174696F6E547970653D226167726565223E3C2F61637469766974693A637573746F6D436F6E646974696F6E3E0A2020202020203C2F657874656E73696F6E456C656D656E74733E0A2020202020203C636F6E646974696F6E45787072657373696F6E207873693A747970653D2274466F726D616C45787072657373696F6E223E3C215B43444154415B247B6F7065726174696F6E54797065203D3D20276167726565277D5D5D3E3C2F636F6E646974696F6E45787072657373696F6E3E0A202020203C2F62706D6E323A73657175656E6365466C6F773E0A202020203C62706D6E323A73657175656E6365466C6F772069643D22466C6F775F3161656B6D733822206E616D653D22E68B92E7BB9D2220736F757263655265663D2241637469766974795F3030696270307522207461726765745265663D2241637469766974795F317462386A6B61223E0A2020202020203C657874656E73696F6E456C656D656E74733E0A20202020202020203C61637469766974693A637573746F6D436F6E646974696F6E20747970653D226F7065726174696F6E22206F7065726174696F6E547970653D22726566757365223E3C2F61637469766974693A637573746F6D436F6E646974696F6E3E0A2020202020203C2F657874656E73696F6E456C656D656E74733E0A2020202020203C636F6E646974696F6E45787072657373696F6E207873693A747970653D2274466F726D616C45787072657373696F6E223E3C215B43444154415B247B6F7065726174696F6E54797065203D3D2027726566757365277D5D5D3E3C2F636F6E646974696F6E45787072657373696F6E3E0A202020203C2F62706D6E323A73657175656E6365466C6F773E0A20203C2F62706D6E323A70726F636573733E0A20203C62706D6E64693A42504D4E4469616772616D2069643D2242504D4E4469616772616D5F666C6F774C65617665223E0A202020203C62706D6E64693A42504D4E506C616E652062706D6E456C656D656E743D22666C6F774C65617665222069643D2242504D4E506C616E655F666C6F774C65617665223E0A2020202020203C62706D6E64693A42504D4E53686170652062706D6E456C656D656E743D224576656E745F316D6D72747477222069643D2242504D4E53686170655F4576656E745F316D6D72747477223E0A20202020202020203C6F6D6764633A426F756E6473206865696768743D2233362E30222077696474683D2233362E302220783D223133322E302220793D223237322E30223E3C2F6F6D6764633A426F756E64733E0A2020202020203C2F62706D6E64693A42504D4E53686170653E0A2020202020203C62706D6E64693A42504D4E53686170652062706D6E456C656D656E743D2241637469766974795F317462386A6B61222069643D2242504D4E53686170655F41637469766974795F317462386A6B61223E0A20202020202020203C6F6D6764633A426F756E6473206865696768743D2238302E30222077696474683D223130302E302220783D223232302E302220793D223235302E30223E3C2F6F6D6764633A426F756E64733E0A2020202020203C2F62706D6E64693A42504D4E53686170653E0A2020202020203C62706D6E64693A42504D4E53686170652062706D6E456C656D656E743D2241637469766974795F31316A72307078222069643D2242504D4E53686170655F41637469766974795F31316A72307078223E0A20202020202020203C6F6D6764633A426F756E6473206865696768743D2238302E30222077696474683D223130302E302220783D223338302E302220793D223235302E30223E3C2F6F6D6764633A426F756E64733E0A2020202020203C2F62706D6E64693A42504D4E53686170653E0A2020202020203C62706D6E64693A42504D4E53686170652062706D6E456C656D656E743D2241637469766974795F30306962703075222069643D2242504D4E53686170655F41637469766974795F30306962703075223E0A20202020202020203C6F6D6764633A426F756E6473206865696768743D2238302E30222077696474683D223130302E302220783D223534302E302220793D223235302E30223E3C2F6F6D6764633A426F756E64733E0A2020202020203C2F62706D6E64693A42504D4E53686170653E0A2020202020203C62706D6E64693A42504D4E53686170652062706D6E456C656D656E743D224576656E745F3163303839756F222069643D2242504D4E53686170655F4576656E745F3163303839756F223E0A20202020202020203C6F6D6764633A426F756E6473206865696768743D2233362E30222077696474683D2233362E302220783D223730322E302220793D223237322E30223E3C2F6F6D6764633A426F756E64733E0A2020202020203C2F62706D6E64693A42504D4E53686170653E0A2020202020203C62706D6E64693A42504D4E456467652062706D6E456C656D656E743D22466C6F775F3079346D336B76222069643D2242504D4E456467655F466C6F775F3079346D336B76223E0A20202020202020203C6F6D6764693A776179706F696E7420783D223136382E302220793D223239302E30223E3C2F6F6D6764693A776179706F696E743E0A20202020202020203C6F6D6764693A776179706F696E7420783D223232302E302220793D223239302E30223E3C2F6F6D6764693A776179706F696E743E0A2020202020203C2F62706D6E64693A42504D4E456467653E0A2020202020203C62706D6E64693A42504D4E456467652062706D6E456C656D656E743D22466C6F775F30376F70323039222069643D2242504D4E456467655F466C6F775F30376F70323039223E0A20202020202020203C6F6D6764693A776179706F696E7420783D223332302E302220793D223239302E30223E3C2F6F6D6764693A776179706F696E743E0A20202020202020203C6F6D6764693A776179706F696E7420783D223338302E302220793D223239302E30223E3C2F6F6D6764693A776179706F696E743E0A2020202020203C2F62706D6E64693A42504D4E456467653E0A2020202020203C62706D6E64693A42504D4E456467652062706D6E456C656D656E743D22466C6F775F306C6C3734616E222069643D2242504D4E456467655F466C6F775F306C6C3734616E223E0A20202020202020203C6F6D6764693A776179706F696E7420783D223438302E302220793D223239302E30223E3C2F6F6D6764693A776179706F696E743E0A20202020202020203C6F6D6764693A776179706F696E7420783D223534302E302220793D223239302E30223E3C2F6F6D6764693A776179706F696E743E0A20202020202020203C62706D6E64693A42504D4E4C6162656C3E0A202020202020202020203C6F6D6764633A426F756E6473206865696768743D2231342E30222077696474683D2232332E302220783D223439392E302220793D223237322E30223E3C2F6F6D6764633A426F756E64733E0A20202020202020203C2F62706D6E64693A42504D4E4C6162656C3E0A2020202020203C2F62706D6E64693A42504D4E456467653E0A2020202020203C62706D6E64693A42504D4E456467652062706D6E456C656D656E743D22466C6F775F306D3237666465222069643D2242504D4E456467655F466C6F775F306D3237666465223E0A20202020202020203C6F6D6764693A776179706F696E7420783D223634302E302220793D223239302E30223E3C2F6F6D6764693A776179706F696E743E0A20202020202020203C6F6D6764693A776179706F696E7420783D223730322E302220793D223239302E30223E3C2F6F6D6764693A776179706F696E743E0A20202020202020203C62706D6E64693A42504D4E4C6162656C3E0A202020202020202020203C6F6D6764633A426F756E6473206865696768743D2231342E30222077696474683D2232332E302220783D223636302E302220793D223237322E30223E3C2F6F6D6764633A426F756E64733E0A20202020202020203C2F62706D6E64693A42504D4E4C6162656C3E0A2020202020203C2F62706D6E64693A42504D4E456467653E0A2020202020203C62706D6E64693A42504D4E456467652062706D6E456C656D656E743D22466C6F775F31367A796F6135222069643D2242504D4E456467655F466C6F775F31367A796F6135223E0A20202020202020203C6F6D6764693A776179706F696E7420783D223433302E302220793D223235302E30223E3C2F6F6D6764693A776179706F696E743E0A20202020202020203C6F6D6764693A776179706F696E7420783D223433302E302220793D223231302E30223E3C2F6F6D6764693A776179706F696E743E0A20202020202020203C6F6D6764693A776179706F696E7420783D223237302E302220793D223231302E30223E3C2F6F6D6764693A776179706F696E743E0A20202020202020203C6F6D6764693A776179706F696E7420783D223237302E302220793D223235302E30223E3C2F6F6D6764693A776179706F696E743E0A20202020202020203C62706D6E64693A42504D4E4C6162656C3E0A202020202020202020203C6F6D6764633A426F756E6473206865696768743D2231342E30222077696474683D2232322E302220783D223333392E302220793D223139322E30223E3C2F6F6D6764633A426F756E64733E0A20202020202020203C2F62706D6E64693A42504D4E4C6162656C3E0A2020202020203C2F62706D6E64693A42504D4E456467653E0A2020202020203C62706D6E64693A42504D4E456467652062706D6E456C656D656E743D22466C6F775F3161656B6D7338222069643D2242504D4E456467655F466C6F775F3161656B6D7338223E0A20202020202020203C6F6D6764693A776179706F696E7420783D223539302E302220793D223333302E30223E3C2F6F6D6764693A776179706F696E743E0A20202020202020203C6F6D6764693A776179706F696E7420783D223539302E302220793D223337302E30223E3C2F6F6D6764693A776179706F696E743E0A20202020202020203C6F6D6764693A776179706F696E7420783D223237302E302220793D223337302E30223E3C2F6F6D6764693A776179706F696E743E0A20202020202020203C6F6D6764693A776179706F696E7420783D223237302E302220793D223333302E30223E3C2F6F6D6764693A776179706F696E743E0A20202020202020203C62706D6E64693A42504D4E4C6162656C3E0A202020202020202020203C6F6D6764633A426F756E6473206865696768743D2231342E30222077696474683D2232322E302220783D223431392E302220793D223335322E30223E3C2F6F6D6764633A426F756E64733E0A20202020202020203C2F62706D6E64693A42504D4E4C6162656C3E0A2020202020203C2F62706D6E64693A42504D4E456467653E0A202020203C2F62706D6E64693A42504D4E506C616E653E0A20203C2F62706D6E64693A42504D4E4469616772616D3E0A3C2F62706D6E323A646566696E6974696F6E733E, 0);
INSERT INTO `ACT_GE_BYTEARRAY` VALUES ('1a96e44a-5e6f-11ec-9355-5e4c369e54c1', 1, 'flowLeave.bpmn', '1a96e449-5e6f-11ec-9355-5e4c369e54c1', 0x3C3F786D6C2076657273696F6E3D22312E302220656E636F64696E673D225554462D38223F3E0A3C62706D6E323A646566696E6974696F6E7320786D6C6E733D22687474703A2F2F7777772E6F6D672E6F72672F737065632F42504D4E2F32303130303532342F4D4F44454C2220786D6C6E733A62706D6E323D22687474703A2F2F7777772E6F6D672E6F72672F737065632F42504D4E2F32303130303532342F4D4F44454C2220786D6C6E733A7873693D22687474703A2F2F7777772E77332E6F72672F323030312F584D4C536368656D612D696E7374616E63652220786D6C6E733A7873643D22687474703A2F2F7777772E77332E6F72672F323030312F584D4C536368656D612220786D6C6E733A61637469766974693D22687474703A2F2F61637469766974692E6F72672F62706D6E2220786D6C6E733A62706D6E64693D22687474703A2F2F7777772E6F6D672E6F72672F737065632F42504D4E2F32303130303532342F44492220786D6C6E733A6F6D6764633D22687474703A2F2F7777772E6F6D672E6F72672F737065632F44442F32303130303532342F44432220786D6C6E733A6F6D6764693D22687474703A2F2F7777772E6F6D672E6F72672F737065632F44442F32303130303532342F44492220786D6C6E733A64633D22687474703A2F2F7777772E6F6D672E6F72672F737065632F44442F32303130303532342F44432220786D6C6E733A64693D22687474703A2F2F7777772E6F6D672E6F72672F737065632F44442F32303130303532342F44492220747970654C616E67756167653D22687474703A2F2F7777772E77332E6F72672F323030312F584D4C536368656D61222065787072657373696F6E4C616E67756167653D22687474703A2F2F7777772E77332E6F72672F313939392F585061746822207461726765744E616D6573706163653D22687474703A2F2F61637469766974692E6F72672F62706D6E222069643D226469616772616D5F666C6F774C6561766522207873693A736368656D614C6F636174696F6E3D22687474703A2F2F7777772E6F6D672E6F72672F737065632F42504D4E2F32303130303532342F4D4F44454C2042504D4E32302E787364223E0A20203C62706D6E323A70726F636573732069643D22666C6F774C6561766522206E616D653D22E8AFB7E58187E794B3E8AFB72220697345786563757461626C653D2274727565223E0A202020203C657874656E73696F6E456C656D656E74733E0A2020202020203C61637469766974693A657865637574696F6E4C697374656E6572206576656E743D22656E642220636C6173733D22636F6D2E6F72616E6765666F726D732E636F6D6D6F6E2E666C6F772E6C697374656E65722E466C6F7746696E69736865644C697374656E6572223E3C2F61637469766974693A657865637574696F6E4C697374656E65723E0A202020203C2F657874656E73696F6E456C656D656E74733E0A202020203C62706D6E323A73746172744576656E742069643D224576656E745F316D6D72747477223E0A2020202020203C62706D6E323A6F7574676F696E673E466C6F775F3079346D336B763C2F62706D6E323A6F7574676F696E673E0A202020203C2F62706D6E323A73746172744576656E743E0A202020203C62706D6E323A757365725461736B2069643D2241637469766974795F317462386A6B6122206E616D653D22E8AFB7E58187E794B3E8AFB7222061637469766974693A61737369676E65653D22247B7374617274557365724E616D657D222061637469766974693A666F726D4B65793D227B2671756F743B666F726D49642671756F743B3A2671756F743B313434303934353431313335343236373634382671756F743B2C2671756F743B726561644F6E6C792671756F743B3A66616C73652C2671756F743B67726F7570547970652671756F743B3A2671756F743B41535349474E45452671756F743B7D223E0A2020202020203C657874656E73696F6E456C656D656E74733E0A20202020202020203C61637469766974693A6F7065726174696F6E4C6973743E0A202020202020202020203C61637469766974693A666F726D4F7065726174696F6E2069643D223136333437313131323239323522206C6162656C3D22E68F90E4BAA42220747970653D226167726565222073686F774F726465723D2230223E3C2F61637469766974693A666F726D4F7065726174696F6E3E0A20202020202020203C2F61637469766974693A6F7065726174696F6E4C6973743E0A20202020202020203C61637469766974693A7661726961626C654C6973743E3C2F61637469766974693A7661726961626C654C6973743E0A2020202020203C2F657874656E73696F6E456C656D656E74733E0A202020203C2F62706D6E323A757365725461736B3E0A202020203C62706D6E323A73657175656E6365466C6F772069643D22466C6F775F3079346D336B762220736F757263655265663D224576656E745F316D6D7274747722207461726765745265663D2241637469766974795F317462386A6B61223E3C2F62706D6E323A73657175656E6365466C6F773E0A202020203C62706D6E323A757365725461736B2069643D2241637469766974795F31316A7230707822206E616D653D22E983A8E997A8E9A286E5AFBCE5AEA1E689B9222061637469766974693A63616E64696461746547726F7570733D22247B64657074506F73744C65616465727D222061637469766974693A666F726D4B65793D227B2671756F743B666F726D49642671756F743B3A2671756F743B313434303934353431313335343236373634382671756F743B2C2671756F743B726561644F6E6C792671756F743B3A747275652C2671756F743B67726F7570547970652671756F743B3A2671756F743B444550545F504F53545F4C45414445522671756F743B7D223E0A2020202020203C657874656E73696F6E456C656D656E74733E0A20202020202020203C61637469766974693A7461736B4C697374656E6572206576656E743D226372656174652220636C6173733D22636F6D2E6F72616E6765666F726D732E636F6D6D6F6E2E666C6F772E6C697374656E65722E44657074506F73744C65616465724C697374656E6572223E3C2F61637469766974693A7461736B4C697374656E65723E0A20202020202020203C61637469766974693A6F7065726174696F6E4C6973743E0A202020202020202020203C61637469766974693A666F726D4F7065726174696F6E2069643D223136333437313131343739343122206C6162656C3D22E5908CE6848F2220747970653D226167726565222073686F774F726465723D2230223E3C2F61637469766974693A666F726D4F7065726174696F6E3E0A202020202020202020203C61637469766974693A666F726D4F7065726174696F6E2069643D223136333437313131353133343922206C6162656C3D22E68B92E7BB9D2220747970653D22726566757365222073686F774F726465723D2231223E3C2F61637469766974693A666F726D4F7065726174696F6E3E0A20202020202020203C2F61637469766974693A6F7065726174696F6E4C6973743E0A20202020202020203C61637469766974693A7661726961626C654C6973743E3C2F61637469766974693A7661726961626C654C6973743E0A2020202020203C2F657874656E73696F6E456C656D656E74733E0A202020203C2F62706D6E323A757365725461736B3E0A202020203C62706D6E323A73657175656E6365466C6F772069643D22466C6F775F30376F703230392220736F757263655265663D2241637469766974795F317462386A6B6122207461726765745265663D2241637469766974795F31316A72307078223E3C2F62706D6E323A73657175656E6365466C6F773E0A202020203C62706D6E323A757365725461736B2069643D2241637469766974795F3030696270307522206E616D653D224852E5AEA1E689B9222061637469766974693A63616E64696461746547726F7570733D2231343430393634323231373830313033313638222061637469766974693A666F726D4B65793D227B2671756F743B666F726D49642671756F743B3A2671756F743B313434303934353431313335343236373634382671756F743B2C2671756F743B726561644F6E6C792671756F743B3A747275652C2671756F743B67726F7570547970652671756F743B3A2671756F743B504F53542671756F743B7D223E0A2020202020203C657874656E73696F6E456C656D656E74733E0A20202020202020203C61637469766974693A6F7065726174696F6E4C6973743E0A202020202020202020203C61637469766974693A666F726D4F7065726174696F6E2069643D223136333437313133303636303122206C6162656C3D22E5908CE6848F2220747970653D226167726565222073686F774F726465723D2230223E3C2F61637469766974693A666F726D4F7065726174696F6E3E0A202020202020202020203C61637469766974693A666F726D4F7065726174696F6E2069643D223136333437313133313033393122206C6162656C3D22E68B92E7BB9D2220747970653D22726566757365222073686F774F726465723D2231223E3C2F61637469766974693A666F726D4F7065726174696F6E3E0A20202020202020203C2F61637469766974693A6F7065726174696F6E4C6973743E0A20202020202020203C61637469766974693A7661726961626C654C6973743E3C2F61637469766974693A7661726961626C654C6973743E0A20202020202020203C61637469766974693A64657074506F73744C6973743E0A202020202020202020203C61637469766974693A64657074506F73742069643D2264657074506F73745F5F313434303936343232313738303130333136382220747970653D2264657074506F7374222064657074506F737449643D2231343430393634323231373830313033313638223E3C2F61637469766974693A64657074506F73743E0A20202020202020203C2F61637469766974693A64657074506F73744C6973743E0A2020202020203C2F657874656E73696F6E456C656D656E74733E0A202020203C2F62706D6E323A757365725461736B3E0A202020203C62706D6E323A656E644576656E742069643D224576656E745F3163303839756F223E0A2020202020203C62706D6E323A696E636F6D696E673E466C6F775F306D32376664653C2F62706D6E323A696E636F6D696E673E0A202020203C2F62706D6E323A656E644576656E743E0A202020203C62706D6E323A73657175656E6365466C6F772069643D22466C6F775F306D323766646522206E616D653D22E5908CE6848F2220736F757263655265663D2241637469766974795F3030696270307522207461726765745265663D224576656E745F3163303839756F223E0A2020202020203C657874656E73696F6E456C656D656E74733E0A20202020202020203C61637469766974693A637573746F6D436F6E646974696F6E20747970653D226F7065726174696F6E22206F7065726174696F6E547970653D226167726565223E3C2F61637469766974693A637573746F6D436F6E646974696F6E3E0A2020202020203C2F657874656E73696F6E456C656D656E74733E0A2020202020203C636F6E646974696F6E45787072657373696F6E207873693A747970653D2274466F726D616C45787072657373696F6E223E3C215B43444154415B247B6F7065726174696F6E54797065203D3D20276167726565277D5D5D3E3C2F636F6E646974696F6E45787072657373696F6E3E0A202020203C2F62706D6E323A73657175656E6365466C6F773E0A202020203C62706D6E323A73657175656E6365466C6F772069643D22466C6F775F31367A796F613522206E616D653D22E68B92E7BB9D2220736F757263655265663D2241637469766974795F31316A7230707822207461726765745265663D2241637469766974795F317462386A6B61223E0A2020202020203C657874656E73696F6E456C656D656E74733E0A20202020202020203C61637469766974693A637573746F6D436F6E646974696F6E20747970653D226F7065726174696F6E22206F7065726174696F6E547970653D22726566757365223E3C2F61637469766974693A637573746F6D436F6E646974696F6E3E0A2020202020203C2F657874656E73696F6E456C656D656E74733E0A2020202020203C636F6E646974696F6E45787072657373696F6E207873693A747970653D2274466F726D616C45787072657373696F6E223E3C215B43444154415B247B6F7065726174696F6E54797065203D3D2027726566757365277D5D5D3E3C2F636F6E646974696F6E45787072657373696F6E3E0A202020203C2F62706D6E323A73657175656E6365466C6F773E0A202020203C62706D6E323A73657175656E6365466C6F772069643D22466C6F775F306C6C3734616E22206E616D653D22E5908CE6848F2220736F757263655265663D2241637469766974795F31316A7230707822207461726765745265663D2241637469766974795F30306962703075223E0A2020202020203C657874656E73696F6E456C656D656E74733E0A20202020202020203C61637469766974693A637573746F6D436F6E646974696F6E20747970653D226F7065726174696F6E22206F7065726174696F6E547970653D226167726565223E3C2F61637469766974693A637573746F6D436F6E646974696F6E3E0A2020202020203C2F657874656E73696F6E456C656D656E74733E0A2020202020203C636F6E646974696F6E45787072657373696F6E207873693A747970653D2274466F726D616C45787072657373696F6E223E3C215B43444154415B247B6F7065726174696F6E54797065203D3D20276167726565277D5D5D3E3C2F636F6E646974696F6E45787072657373696F6E3E0A202020203C2F62706D6E323A73657175656E6365466C6F773E0A202020203C62706D6E323A73657175656E6365466C6F772069643D22466C6F775F3161656B6D733822206E616D653D22E68B92E7BB9D2220736F757263655265663D2241637469766974795F3030696270307522207461726765745265663D2241637469766974795F317462386A6B61223E0A2020202020203C657874656E73696F6E456C656D656E74733E0A20202020202020203C61637469766974693A637573746F6D436F6E646974696F6E20747970653D226F7065726174696F6E22206F7065726174696F6E547970653D22726566757365223E3C2F61637469766974693A637573746F6D436F6E646974696F6E3E0A2020202020203C2F657874656E73696F6E456C656D656E74733E0A2020202020203C636F6E646974696F6E45787072657373696F6E207873693A747970653D2274466F726D616C45787072657373696F6E223E3C215B43444154415B247B6F7065726174696F6E54797065203D3D2027726566757365277D5D5D3E3C2F636F6E646974696F6E45787072657373696F6E3E0A202020203C2F62706D6E323A73657175656E6365466C6F773E0A20203C2F62706D6E323A70726F636573733E0A20203C62706D6E64693A42504D4E4469616772616D2069643D2242504D4E4469616772616D5F666C6F774C65617665223E0A202020203C62706D6E64693A42504D4E506C616E652062706D6E456C656D656E743D22666C6F774C65617665222069643D2242504D4E506C616E655F666C6F774C65617665223E0A2020202020203C62706D6E64693A42504D4E53686170652062706D6E456C656D656E743D224576656E745F316D6D72747477222069643D2242504D4E53686170655F4576656E745F316D6D72747477223E0A20202020202020203C6F6D6764633A426F756E6473206865696768743D2233362E30222077696474683D2233362E302220783D223133322E302220793D223237322E30223E3C2F6F6D6764633A426F756E64733E0A2020202020203C2F62706D6E64693A42504D4E53686170653E0A2020202020203C62706D6E64693A42504D4E53686170652062706D6E456C656D656E743D2241637469766974795F317462386A6B61222069643D2242504D4E53686170655F41637469766974795F317462386A6B61223E0A20202020202020203C6F6D6764633A426F756E6473206865696768743D2238302E30222077696474683D223130302E302220783D223232302E302220793D223235302E30223E3C2F6F6D6764633A426F756E64733E0A2020202020203C2F62706D6E64693A42504D4E53686170653E0A2020202020203C62706D6E64693A42504D4E53686170652062706D6E456C656D656E743D2241637469766974795F31316A72307078222069643D2242504D4E53686170655F41637469766974795F31316A72307078223E0A20202020202020203C6F6D6764633A426F756E6473206865696768743D2238302E30222077696474683D223130302E302220783D223338302E302220793D223235302E30223E3C2F6F6D6764633A426F756E64733E0A2020202020203C2F62706D6E64693A42504D4E53686170653E0A2020202020203C62706D6E64693A42504D4E53686170652062706D6E456C656D656E743D2241637469766974795F30306962703075222069643D2242504D4E53686170655F41637469766974795F30306962703075223E0A20202020202020203C6F6D6764633A426F756E6473206865696768743D2238302E30222077696474683D223130302E302220783D223534302E302220793D223235302E30223E3C2F6F6D6764633A426F756E64733E0A2020202020203C2F62706D6E64693A42504D4E53686170653E0A2020202020203C62706D6E64693A42504D4E53686170652062706D6E456C656D656E743D224576656E745F3163303839756F222069643D2242504D4E53686170655F4576656E745F3163303839756F223E0A20202020202020203C6F6D6764633A426F756E6473206865696768743D2233362E30222077696474683D2233362E302220783D223730322E302220793D223237322E30223E3C2F6F6D6764633A426F756E64733E0A2020202020203C2F62706D6E64693A42504D4E53686170653E0A2020202020203C62706D6E64693A42504D4E456467652062706D6E456C656D656E743D22466C6F775F3161656B6D7338222069643D2242504D4E456467655F466C6F775F3161656B6D7338223E0A20202020202020203C6F6D6764693A776179706F696E7420783D223539302E302220793D223333302E30223E3C2F6F6D6764693A776179706F696E743E0A20202020202020203C6F6D6764693A776179706F696E7420783D223539302E302220793D223337302E30223E3C2F6F6D6764693A776179706F696E743E0A20202020202020203C6F6D6764693A776179706F696E7420783D223237302E302220793D223337302E30223E3C2F6F6D6764693A776179706F696E743E0A20202020202020203C6F6D6764693A776179706F696E7420783D223237302E302220793D223333302E30223E3C2F6F6D6764693A776179706F696E743E0A20202020202020203C62706D6E64693A42504D4E4C6162656C3E0A202020202020202020203C6F6D6764633A426F756E6473206865696768743D2231342E30222077696474683D2232322E302220783D223431392E302220793D223335322E30223E3C2F6F6D6764633A426F756E64733E0A20202020202020203C2F62706D6E64693A42504D4E4C6162656C3E0A2020202020203C2F62706D6E64693A42504D4E456467653E0A2020202020203C62706D6E64693A42504D4E456467652062706D6E456C656D656E743D22466C6F775F306C6C3734616E222069643D2242504D4E456467655F466C6F775F306C6C3734616E223E0A20202020202020203C6F6D6764693A776179706F696E7420783D223438302E302220793D223239302E30223E3C2F6F6D6764693A776179706F696E743E0A20202020202020203C6F6D6764693A776179706F696E7420783D223534302E302220793D223239302E30223E3C2F6F6D6764693A776179706F696E743E0A20202020202020203C62706D6E64693A42504D4E4C6162656C3E0A202020202020202020203C6F6D6764633A426F756E6473206865696768743D2231342E30222077696474683D2232332E302220783D223439392E302220793D223237322E30223E3C2F6F6D6764633A426F756E64733E0A20202020202020203C2F62706D6E64693A42504D4E4C6162656C3E0A2020202020203C2F62706D6E64693A42504D4E456467653E0A2020202020203C62706D6E64693A42504D4E456467652062706D6E456C656D656E743D22466C6F775F31367A796F6135222069643D2242504D4E456467655F466C6F775F31367A796F6135223E0A20202020202020203C6F6D6764693A776179706F696E7420783D223433302E302220793D223235302E30223E3C2F6F6D6764693A776179706F696E743E0A20202020202020203C6F6D6764693A776179706F696E7420783D223433302E302220793D223231302E30223E3C2F6F6D6764693A776179706F696E743E0A20202020202020203C6F6D6764693A776179706F696E7420783D223237302E302220793D223231302E30223E3C2F6F6D6764693A776179706F696E743E0A20202020202020203C6F6D6764693A776179706F696E7420783D223237302E302220793D223235302E30223E3C2F6F6D6764693A776179706F696E743E0A20202020202020203C62706D6E64693A42504D4E4C6162656C3E0A202020202020202020203C6F6D6764633A426F756E6473206865696768743D2231342E30222077696474683D2232322E302220783D223333392E302220793D223139322E30223E3C2F6F6D6764633A426F756E64733E0A20202020202020203C2F62706D6E64693A42504D4E4C6162656C3E0A2020202020203C2F62706D6E64693A42504D4E456467653E0A2020202020203C62706D6E64693A42504D4E456467652062706D6E456C656D656E743D22466C6F775F306D3237666465222069643D2242504D4E456467655F466C6F775F306D3237666465223E0A20202020202020203C6F6D6764693A776179706F696E7420783D223634302E302220793D223239302E30223E3C2F6F6D6764693A776179706F696E743E0A20202020202020203C6F6D6764693A776179706F696E7420783D223730322E302220793D223239302E30223E3C2F6F6D6764693A776179706F696E743E0A20202020202020203C62706D6E64693A42504D4E4C6162656C3E0A202020202020202020203C6F6D6764633A426F756E6473206865696768743D2231342E30222077696474683D2232332E302220783D223636302E302220793D223237322E30223E3C2F6F6D6764633A426F756E64733E0A20202020202020203C2F62706D6E64693A42504D4E4C6162656C3E0A2020202020203C2F62706D6E64693A42504D4E456467653E0A2020202020203C62706D6E64693A42504D4E456467652062706D6E456C656D656E743D22466C6F775F30376F70323039222069643D2242504D4E456467655F466C6F775F30376F70323039223E0A20202020202020203C6F6D6764693A776179706F696E7420783D223332302E302220793D223239302E30223E3C2F6F6D6764693A776179706F696E743E0A20202020202020203C6F6D6764693A776179706F696E7420783D223338302E302220793D223239302E30223E3C2F6F6D6764693A776179706F696E743E0A2020202020203C2F62706D6E64693A42504D4E456467653E0A2020202020203C62706D6E64693A42504D4E456467652062706D6E456C656D656E743D22466C6F775F3079346D336B76222069643D2242504D4E456467655F466C6F775F3079346D336B76223E0A20202020202020203C6F6D6764693A776179706F696E7420783D223136382E302220793D223239302E30223E3C2F6F6D6764693A776179706F696E743E0A20202020202020203C6F6D6764693A776179706F696E7420783D223232302E302220793D223239302E30223E3C2F6F6D6764693A776179706F696E743E0A2020202020203C2F62706D6E64693A42504D4E456467653E0A202020203C2F62706D6E64693A42504D4E506C616E653E0A20203C2F62706D6E64693A42504D4E4469616772616D3E0A3C2F62706D6E323A646566696E6974696F6E733E, 0);
INSERT INTO `ACT_GE_BYTEARRAY` VALUES ('39a52dbd-5e6f-11ec-9355-5e4c369e54c1', 1, 'flowSubmit.bpmn', '39a52dbc-5e6f-11ec-9355-5e4c369e54c1', 0x3C3F786D6C2076657273696F6E3D22312E302220656E636F64696E673D225554462D38223F3E0A3C62706D6E323A646566696E6974696F6E7320786D6C6E733D22687474703A2F2F7777772E6F6D672E6F72672F737065632F42504D4E2F32303130303532342F4D4F44454C2220786D6C6E733A62706D6E323D22687474703A2F2F7777772E6F6D672E6F72672F737065632F42504D4E2F32303130303532342F4D4F44454C2220786D6C6E733A7873693D22687474703A2F2F7777772E77332E6F72672F323030312F584D4C536368656D612D696E7374616E63652220786D6C6E733A7873643D22687474703A2F2F7777772E77332E6F72672F323030312F584D4C536368656D612220786D6C6E733A61637469766974693D22687474703A2F2F61637469766974692E6F72672F62706D6E2220786D6C6E733A62706D6E64693D22687474703A2F2F7777772E6F6D672E6F72672F737065632F42504D4E2F32303130303532342F44492220786D6C6E733A6F6D6764633D22687474703A2F2F7777772E6F6D672E6F72672F737065632F44442F32303130303532342F44432220786D6C6E733A6F6D6764693D22687474703A2F2F7777772E6F6D672E6F72672F737065632F44442F32303130303532342F44492220786D6C6E733A64633D22687474703A2F2F7777772E6F6D672E6F72672F737065632F44442F32303130303532342F44432220786D6C6E733A64693D22687474703A2F2F7777772E6F6D672E6F72672F737065632F44442F32303130303532342F44492220747970654C616E67756167653D22687474703A2F2F7777772E77332E6F72672F323030312F584D4C536368656D61222065787072657373696F6E4C616E67756167653D22687474703A2F2F7777772E77332E6F72672F313939392F585061746822207461726765744E616D6573706163653D22687474703A2F2F61637469766974692E6F72672F62706D6E222069643D226469616772616D5F666C6F775375626D697422207873693A736368656D614C6F636174696F6E3D22687474703A2F2F7777772E6F6D672E6F72672F737065632F42504D4E2F32303130303532342F4D4F44454C2042504D4E32302E787364223E0A20203C62706D6E323A70726F636573732069643D22666C6F775375626D697422206E616D653D22E68AA5E99480E794B3E8AFB72220697345786563757461626C653D2274727565223E0A202020203C657874656E73696F6E456C656D656E74733E0A2020202020203C61637469766974693A657865637574696F6E4C697374656E6572206576656E743D22656E642220636C6173733D22636F6D2E6F72616E6765666F726D732E636F6D6D6F6E2E666C6F772E6C697374656E65722E466C6F7746696E69736865644C697374656E6572223E3C2F61637469766974693A657865637574696F6E4C697374656E65723E0A202020203C2F657874656E73696F6E456C656D656E74733E0A202020203C62706D6E323A73746172744576656E742069643D224576656E745F31753464783362223E0A2020202020203C62706D6E323A6F7574676F696E673E466C6F775F306D726D71626B3C2F62706D6E323A6F7574676F696E673E0A202020203C2F62706D6E323A73746172744576656E743E0A202020203C62706D6E323A757365725461736B2069643D2241637469766974795F3163733462693522206E616D653D22E68AA5E99480E794B3E8AFB7222061637469766974693A61737369676E65653D22247B7374617274557365724E616D657D222061637469766974693A666F726D4B65793D227B2671756F743B666F726D49642671756F743B3A2671756F743B313434303934373637353034313130373936382671756F743B2C2671756F743B726561644F6E6C792671756F743B3A66616C73652C2671756F743B67726F7570547970652671756F743B3A2671756F743B41535349474E45452671756F743B7D223E0A2020202020203C657874656E73696F6E456C656D656E74733E0A20202020202020203C61637469766974693A6F7065726174696F6E4C6973743E0A202020202020202020203C61637469766974693A666F726D4F7065726174696F6E2069643D223136333437313138303337393622206C6162656C3D22E68F90E4BAA42220747970653D226167726565222073686F774F726465723D2230223E3C2F61637469766974693A666F726D4F7065726174696F6E3E0A20202020202020203C2F61637469766974693A6F7065726174696F6E4C6973743E0A20202020202020203C61637469766974693A7661726961626C654C6973743E3C2F61637469766974693A7661726961626C654C6973743E0A2020202020203C2F657874656E73696F6E456C656D656E74733E0A202020203C2F62706D6E323A757365725461736B3E0A202020203C62706D6E323A73657175656E6365466C6F772069643D22466C6F775F306D726D71626B2220736F757263655265663D224576656E745F3175346478336222207461726765745265663D2241637469766974795F31637334626935223E3C2F62706D6E323A73657175656E6365466C6F773E0A202020203C62706D6E323A757365725461736B2069643D2241637469766974795F303473636E326F22206E616D653D22E983A8E997A8E9A286E5AFBCE5AEA1E689B9222061637469766974693A63616E64696461746547726F7570733D22247B64657074506F73744C65616465727D222061637469766974693A666F726D4B65793D227B2671756F743B666F726D49642671756F743B3A2671756F743B313434303934373637353034313130373936382671756F743B2C2671756F743B726561644F6E6C792671756F743B3A747275652C2671756F743B67726F7570547970652671756F743B3A2671756F743B444550545F504F53545F4C45414445522671756F743B7D223E0A2020202020203C657874656E73696F6E456C656D656E74733E0A20202020202020203C61637469766974693A7461736B4C697374656E6572206576656E743D226372656174652220636C6173733D22636F6D2E6F72616E6765666F726D732E636F6D6D6F6E2E666C6F772E6C697374656E65722E44657074506F73744C65616465724C697374656E6572223E3C2F61637469766974693A7461736B4C697374656E65723E0A20202020202020203C61637469766974693A6F7065726174696F6E4C6973743E0A202020202020202020203C61637469766974693A666F726D4F7065726174696F6E2069643D223136333437313138313236343622206C6162656C3D22E5908CE6848F2220747970653D226167726565222073686F774F726465723D2230223E3C2F61637469766974693A666F726D4F7065726174696F6E3E0A202020202020202020203C61637469766974693A666F726D4F7065726174696F6E2069643D223136333437313138313539383422206C6162656C3D22E68B92E7BB9D2220747970653D22726566757365222073686F774F726465723D2231223E3C2F61637469766974693A666F726D4F7065726174696F6E3E0A20202020202020203C2F61637469766974693A6F7065726174696F6E4C6973743E0A20202020202020203C61637469766974693A7661726961626C654C6973743E0A202020202020202020203C61637469766974693A666F726D5661726961626C652069643D2231343530373130383030383534343231353034223E3C2F61637469766974693A666F726D5661726961626C653E0A20202020202020203C2F61637469766974693A7661726961626C654C6973743E0A2020202020203C2F657874656E73696F6E456C656D656E74733E0A202020203C2F62706D6E323A757365725461736B3E0A202020203C62706D6E323A73657175656E6365466C6F772069643D22466C6F775F307039673732692220736F757263655265663D2241637469766974795F3163733462693522207461726765745265663D2241637469766974795F303473636E326F223E3C2F62706D6E323A73657175656E6365466C6F773E0A202020203C62706D6E323A6578636C7573697665476174657761792069643D22476174657761795F30707572396365223E0A2020202020203C62706D6E323A696E636F6D696E673E466C6F775F306979756B77723C2F62706D6E323A696E636F6D696E673E0A2020202020203C62706D6E323A6F7574676F696E673E466C6F775F306A667265316B3C2F62706D6E323A6F7574676F696E673E0A2020202020203C62706D6E323A6F7574676F696E673E466C6F775F313365646537623C2F62706D6E323A6F7574676F696E673E0A202020203C2F62706D6E323A6578636C7573697665476174657761793E0A202020203C62706D6E323A73657175656E6365466C6F772069643D22466C6F775F306979756B777222206E616D653D22E5908CE6848F2220736F757263655265663D2241637469766974795F303473636E326F22207461726765745265663D22476174657761795F30707572396365223E0A2020202020203C657874656E73696F6E456C656D656E74733E0A20202020202020203C61637469766974693A637573746F6D436F6E646974696F6E20747970653D226F7065726174696F6E22206F7065726174696F6E547970653D226167726565223E3C2F61637469766974693A637573746F6D436F6E646974696F6E3E0A2020202020203C2F657874656E73696F6E456C656D656E74733E0A2020202020203C636F6E646974696F6E45787072657373696F6E207873693A747970653D2274466F726D616C45787072657373696F6E223E3C215B43444154415B247B6F7065726174696F6E54797065203D3D20276167726565277D5D5D3E3C2F636F6E646974696F6E45787072657373696F6E3E0A202020203C2F62706D6E323A73657175656E6365466C6F773E0A202020203C62706D6E323A656E644576656E742069643D224576656E745F30346E71666E79223E0A2020202020203C62706D6E323A696E636F6D696E673E466C6F775F306A667265316B3C2F62706D6E323A696E636F6D696E673E0A2020202020203C62706D6E323A696E636F6D696E673E466C6F775F313576336A6B6A3C2F62706D6E323A696E636F6D696E673E0A202020203C2F62706D6E323A656E644576656E743E0A202020203C62706D6E323A73657175656E6365466C6F772069643D22466C6F775F306A667265316B22206E616D653D22E68AA5E99480E98791E9A29DE5B08FE4BA8E313030302220736F757263655265663D22476174657761795F3070757239636522207461726765745265663D224576656E745F30346E71666E79223E0A2020202020203C636F6E646974696F6E45787072657373696F6E207873693A747970653D2274466F726D616C45787072657373696F6E223E3C215B43444154415B247B746F74616C416D6F756E74203C3D20313030307D5D5D3E3C2F636F6E646974696F6E45787072657373696F6E3E0A202020203C2F62706D6E323A73657175656E6365466C6F773E0A202020203C62706D6E323A757365725461736B2069643D2241637469766974795F3177323378666522206E616D653D22E680BBE7BB8FE79086E5AEA1E689B9222061637469766974693A63616E64696461746547726F7570733D2231343430393131343130353831323133343136222061637469766974693A666F726D4B65793D227B2671756F743B666F726D49642671756F743B3A2671756F743B313434303934373637353034313130373936382671756F743B2C2671756F743B726561644F6E6C792671756F743B3A747275652C2671756F743B67726F7570547970652671756F743B3A2671756F743B444550542671756F743B7D223E0A2020202020203C657874656E73696F6E456C656D656E74733E0A20202020202020203C61637469766974693A6F7065726174696F6E4C6973743E0A202020202020202020203C61637469766974693A666F726D4F7065726174696F6E2069643D223136333437313138383339303122206C6162656C3D22E5908CE6848F2220747970653D226167726565222073686F774F726465723D2230223E3C2F61637469766974693A666F726D4F7065726174696F6E3E0A202020202020202020203C61637469766974693A666F726D4F7065726174696F6E2069643D223136333437313138383733323222206C6162656C3D22E68B92E7BB9D2220747970653D22726566757365222073686F774F726465723D2231223E3C2F61637469766974693A666F726D4F7065726174696F6E3E0A20202020202020203C2F61637469766974693A6F7065726174696F6E4C6973743E0A20202020202020203C61637469766974693A7661726961626C654C6973743E3C2F61637469766974693A7661726961626C654C6973743E0A20202020202020203C61637469766974693A7573657243616E64696461746547726F75707320747970653D2244455054222076616C75653D2231343430393131343130353831323133343136223E3C2F61637469766974693A7573657243616E64696461746547726F7570733E0A2020202020203C2F657874656E73696F6E456C656D656E74733E0A202020203C2F62706D6E323A757365725461736B3E0A202020203C62706D6E323A73657175656E6365466C6F772069643D22466C6F775F3133656465376222206E616D653D22E68AA5E99480E98791E9A29DE5A4A7E4BA8E313030302220736F757263655265663D22476174657761795F3070757239636522207461726765745265663D2241637469766974795F31773233786665223E0A2020202020203C636F6E646974696F6E45787072657373696F6E207873693A747970653D2274466F726D616C45787072657373696F6E223E3C215B43444154415B247B746F74616C416D6F756E74203E20313030307D5D5D3E3C2F636F6E646974696F6E45787072657373696F6E3E0A202020203C2F62706D6E323A73657175656E6365466C6F773E0A202020203C62706D6E323A73657175656E6365466C6F772069643D22466C6F775F313576336A6B6A22206E616D653D22E5908CE6848F2220736F757263655265663D2241637469766974795F3177323378666522207461726765745265663D224576656E745F30346E71666E79223E0A2020202020203C657874656E73696F6E456C656D656E74733E0A20202020202020203C61637469766974693A637573746F6D436F6E646974696F6E20747970653D226F7065726174696F6E22206F7065726174696F6E547970653D226167726565223E3C2F61637469766974693A637573746F6D436F6E646974696F6E3E0A2020202020203C2F657874656E73696F6E456C656D656E74733E0A2020202020203C636F6E646974696F6E45787072657373696F6E207873693A747970653D2274466F726D616C45787072657373696F6E223E3C215B43444154415B247B6F7065726174696F6E54797065203D3D20276167726565277D5D5D3E3C2F636F6E646974696F6E45787072657373696F6E3E0A202020203C2F62706D6E323A73657175656E6365466C6F773E0A202020203C62706D6E323A73657175656E6365466C6F772069643D22466C6F775F316F697135387222206E616D653D22E68B92E7BB9D2220736F757263655265663D2241637469766974795F3177323378666522207461726765745265663D2241637469766974795F31637334626935223E0A2020202020203C657874656E73696F6E456C656D656E74733E0A20202020202020203C61637469766974693A637573746F6D436F6E646974696F6E20747970653D226F7065726174696F6E22206F7065726174696F6E547970653D22726566757365223E3C2F61637469766974693A637573746F6D436F6E646974696F6E3E0A2020202020203C2F657874656E73696F6E456C656D656E74733E0A2020202020203C636F6E646974696F6E45787072657373696F6E207873693A747970653D2274466F726D616C45787072657373696F6E223E3C215B43444154415B247B6F7065726174696F6E54797065203D3D2027726566757365277D5D5D3E3C2F636F6E646974696F6E45787072657373696F6E3E0A202020203C2F62706D6E323A73657175656E6365466C6F773E0A202020203C62706D6E323A73657175656E6365466C6F772069643D22466C6F775F3039387338693022206E616D653D22E68B92E7BB9D2220736F757263655265663D2241637469766974795F303473636E326F22207461726765745265663D2241637469766974795F31637334626935223E0A2020202020203C657874656E73696F6E456C656D656E74733E0A20202020202020203C61637469766974693A637573746F6D436F6E646974696F6E20747970653D226F7065726174696F6E22206F7065726174696F6E547970653D22726566757365223E3C2F61637469766974693A637573746F6D436F6E646974696F6E3E0A2020202020203C2F657874656E73696F6E456C656D656E74733E0A2020202020203C636F6E646974696F6E45787072657373696F6E207873693A747970653D2274466F726D616C45787072657373696F6E223E3C215B43444154415B247B6F7065726174696F6E54797065203D3D2027726566757365277D5D5D3E3C2F636F6E646974696F6E45787072657373696F6E3E0A202020203C2F62706D6E323A73657175656E6365466C6F773E0A20203C2F62706D6E323A70726F636573733E0A20203C62706D6E64693A42504D4E4469616772616D2069643D2242504D4E4469616772616D5F666C6F775375626D6974223E0A202020203C62706D6E64693A42504D4E506C616E652062706D6E456C656D656E743D22666C6F775375626D6974222069643D2242504D4E506C616E655F666C6F775375626D6974223E0A2020202020203C62706D6E64693A42504D4E53686170652062706D6E456C656D656E743D224576656E745F31753464783362222069643D2242504D4E53686170655F4576656E745F31753464783362223E0A20202020202020203C6F6D6764633A426F756E6473206865696768743D2233362E30222077696474683D2233362E302220783D223132322E302220793D223330322E30223E3C2F6F6D6764633A426F756E64733E0A2020202020203C2F62706D6E64693A42504D4E53686170653E0A2020202020203C62706D6E64693A42504D4E53686170652062706D6E456C656D656E743D2241637469766974795F31637334626935222069643D2242504D4E53686170655F41637469766974795F31637334626935223E0A20202020202020203C6F6D6764633A426F756E6473206865696768743D2238302E30222077696474683D223130302E302220783D223231302E302220793D223238302E30223E3C2F6F6D6764633A426F756E64733E0A2020202020203C2F62706D6E64693A42504D4E53686170653E0A2020202020203C62706D6E64693A42504D4E53686170652062706D6E456C656D656E743D2241637469766974795F303473636E326F222069643D2242504D4E53686170655F41637469766974795F303473636E326F223E0A20202020202020203C6F6D6764633A426F756E6473206865696768743D2238302E30222077696474683D223130302E302220783D223337302E302220793D223238302E30223E3C2F6F6D6764633A426F756E64733E0A2020202020203C2F62706D6E64693A42504D4E53686170653E0A2020202020203C62706D6E64693A42504D4E53686170652062706D6E456C656D656E743D22476174657761795F30707572396365222069643D2242504D4E53686170655F476174657761795F30707572396365223E0A20202020202020203C6F6D6764633A426F756E6473206865696768743D2235302E30222077696474683D2235302E302220783D223538352E302220793D223239352E30223E3C2F6F6D6764633A426F756E64733E0A2020202020203C2F62706D6E64693A42504D4E53686170653E0A2020202020203C62706D6E64693A42504D4E53686170652062706D6E456C656D656E743D224576656E745F30346E71666E79222069643D2242504D4E53686170655F4576656E745F30346E71666E79223E0A20202020202020203C6F6D6764633A426F756E6473206865696768743D2233362E30222077696474683D2233362E302220783D223834322E302220793D223330322E30223E3C2F6F6D6764633A426F756E64733E0A2020202020203C2F62706D6E64693A42504D4E53686170653E0A2020202020203C62706D6E64693A42504D4E53686170652062706D6E456C656D656E743D2241637469766974795F31773233786665222069643D2242504D4E53686170655F41637469766974795F31773233786665223E0A20202020202020203C6F6D6764633A426F756E6473206865696768743D2238302E30222077696474683D223130302E302220783D223536302E302220793D223339302E30223E3C2F6F6D6764633A426F756E64733E0A2020202020203C2F62706D6E64693A42504D4E53686170653E0A2020202020203C62706D6E64693A42504D4E456467652062706D6E456C656D656E743D22466C6F775F30393873386930222069643D2242504D4E456467655F466C6F775F30393873386930223E0A20202020202020203C6F6D6764693A776179706F696E7420783D223432302E302220793D223238302E30223E3C2F6F6D6764693A776179706F696E743E0A20202020202020203C6F6D6764693A776179706F696E7420783D223432302E302220793D223234302E30223E3C2F6F6D6764693A776179706F696E743E0A20202020202020203C6F6D6764693A776179706F696E7420783D223236302E302220793D223234302E30223E3C2F6F6D6764693A776179706F696E743E0A20202020202020203C6F6D6764693A776179706F696E7420783D223236302E302220793D223238302E30223E3C2F6F6D6764693A776179706F696E743E0A20202020202020203C62706D6E64693A42504D4E4C6162656C3E0A202020202020202020203C6F6D6764633A426F756E6473206865696768743D2231342E30222077696474683D2232322E302220783D223332392E302220793D223232322E30223E3C2F6F6D6764633A426F756E64733E0A20202020202020203C2F62706D6E64693A42504D4E4C6162656C3E0A2020202020203C2F62706D6E64693A42504D4E456467653E0A2020202020203C62706D6E64693A42504D4E456467652062706D6E456C656D656E743D22466C6F775F316F6971353872222069643D2242504D4E456467655F466C6F775F316F6971353872223E0A20202020202020203C6F6D6764693A776179706F696E7420783D223536302E302220793D223433302E30223E3C2F6F6D6764693A776179706F696E743E0A20202020202020203C6F6D6764693A776179706F696E7420783D223236302E302220793D223433302E30223E3C2F6F6D6764693A776179706F696E743E0A20202020202020203C6F6D6764693A776179706F696E7420783D223236302E302220793D223336302E30223E3C2F6F6D6764693A776179706F696E743E0A20202020202020203C62706D6E64693A42504D4E4C6162656C3E0A202020202020202020203C6F6D6764633A426F756E6473206865696768743D2231342E30222077696474683D2232322E302220783D223339392E302220793D223431322E30223E3C2F6F6D6764633A426F756E64733E0A20202020202020203C2F62706D6E64693A42504D4E4C6162656C3E0A2020202020203C2F62706D6E64693A42504D4E456467653E0A2020202020203C62706D6E64693A42504D4E456467652062706D6E456C656D656E743D22466C6F775F313576336A6B6A222069643D2242504D4E456467655F466C6F775F313576336A6B6A223E0A20202020202020203C6F6D6764693A776179706F696E7420783D223636302E302220793D223433302E30223E3C2F6F6D6764693A776179706F696E743E0A20202020202020203C6F6D6764693A776179706F696E7420783D223836302E302220793D223433302E30223E3C2F6F6D6764693A776179706F696E743E0A20202020202020203C6F6D6764693A776179706F696E7420783D223836302E302220793D223333382E30223E3C2F6F6D6764693A776179706F696E743E0A20202020202020203C62706D6E64693A42504D4E4C6162656C3E0A202020202020202020203C6F6D6764633A426F756E6473206865696768743D2231342E30222077696474683D2232332E302220783D223734392E302220793D223431322E30223E3C2F6F6D6764633A426F756E64733E0A20202020202020203C2F62706D6E64693A42504D4E4C6162656C3E0A2020202020203C2F62706D6E64693A42504D4E456467653E0A2020202020203C62706D6E64693A42504D4E456467652062706D6E456C656D656E743D22466C6F775F31336564653762222069643D2242504D4E456467655F466C6F775F31336564653762223E0A20202020202020203C6F6D6764693A776179706F696E7420783D223631302E302220793D223334352E30223E3C2F6F6D6764693A776179706F696E743E0A20202020202020203C6F6D6764693A776179706F696E7420783D223631302E302220793D223339302E30223E3C2F6F6D6764693A776179706F696E743E0A20202020202020203C62706D6E64693A42504D4E4C6162656C3E0A202020202020202020203C6F6D6764633A426F756E6473206865696768743D2231342E30222077696474683D2239302E302220783D223631352E302220793D223335332E30223E3C2F6F6D6764633A426F756E64733E0A20202020202020203C2F62706D6E64693A42504D4E4C6162656C3E0A2020202020203C2F62706D6E64693A42504D4E456467653E0A2020202020203C62706D6E64693A42504D4E456467652062706D6E456C656D656E743D22466C6F775F306A667265316B222069643D2242504D4E456467655F466C6F775F306A667265316B223E0A20202020202020203C6F6D6764693A776179706F696E7420783D223633352E302220793D223332302E30223E3C2F6F6D6764693A776179706F696E743E0A20202020202020203C6F6D6764693A776179706F696E7420783D223834322E302220793D223332302E30223E3C2F6F6D6764693A776179706F696E743E0A20202020202020203C62706D6E64693A42504D4E4C6162656C3E0A202020202020202020203C6F6D6764633A426F756E6473206865696768743D2231342E30222077696474683D2239302E302220783D223639342E302220793D223330322E30223E3C2F6F6D6764633A426F756E64733E0A20202020202020203C2F62706D6E64693A42504D4E4C6162656C3E0A2020202020203C2F62706D6E64693A42504D4E456467653E0A2020202020203C62706D6E64693A42504D4E456467652062706D6E456C656D656E743D22466C6F775F306979756B7772222069643D2242504D4E456467655F466C6F775F306979756B7772223E0A20202020202020203C6F6D6764693A776179706F696E7420783D223437302E302220793D223332302E30223E3C2F6F6D6764693A776179706F696E743E0A20202020202020203C6F6D6764693A776179706F696E7420783D223538352E302220793D223332302E30223E3C2F6F6D6764693A776179706F696E743E0A20202020202020203C62706D6E64693A42504D4E4C6162656C3E0A202020202020202020203C6F6D6764633A426F756E6473206865696768743D2231342E30222077696474683D2232332E302220783D223531362E302220793D223330322E30223E3C2F6F6D6764633A426F756E64733E0A20202020202020203C2F62706D6E64693A42504D4E4C6162656C3E0A2020202020203C2F62706D6E64693A42504D4E456467653E0A2020202020203C62706D6E64693A42504D4E456467652062706D6E456C656D656E743D22466C6F775F30703967373269222069643D2242504D4E456467655F466C6F775F30703967373269223E0A20202020202020203C6F6D6764693A776179706F696E7420783D223331302E302220793D223332302E30223E3C2F6F6D6764693A776179706F696E743E0A20202020202020203C6F6D6764693A776179706F696E7420783D223337302E302220793D223332302E30223E3C2F6F6D6764693A776179706F696E743E0A2020202020203C2F62706D6E64693A42504D4E456467653E0A2020202020203C62706D6E64693A42504D4E456467652062706D6E456C656D656E743D22466C6F775F306D726D71626B222069643D2242504D4E456467655F466C6F775F306D726D71626B223E0A20202020202020203C6F6D6764693A776179706F696E7420783D223135382E302220793D223332302E30223E3C2F6F6D6764693A776179706F696E743E0A20202020202020203C6F6D6764693A776179706F696E7420783D223231302E302220793D223332302E30223E3C2F6F6D6764693A776179706F696E743E0A2020202020203C2F62706D6E64693A42504D4E456467653E0A202020203C2F62706D6E64693A42504D4E506C616E653E0A20203C2F62706D6E64693A42504D4E4469616772616D3E0A3C2F62706D6E323A646566696E6974696F6E733E, 0);
INSERT INTO `ACT_GE_BYTEARRAY` VALUES ('3a623097-3179-11ec-9438-f20b812c0662', 1, 'flowLeave.bpmn', '3a623096-3179-11ec-9438-f20b812c0662', 0x3C3F786D6C2076657273696F6E3D22312E302220656E636F64696E673D225554462D38223F3E0A3C62706D6E323A646566696E6974696F6E7320786D6C6E733D22687474703A2F2F7777772E6F6D672E6F72672F737065632F42504D4E2F32303130303532342F4D4F44454C2220786D6C6E733A62706D6E323D22687474703A2F2F7777772E6F6D672E6F72672F737065632F42504D4E2F32303130303532342F4D4F44454C2220786D6C6E733A7873693D22687474703A2F2F7777772E77332E6F72672F323030312F584D4C536368656D612D696E7374616E63652220786D6C6E733A7873643D22687474703A2F2F7777772E77332E6F72672F323030312F584D4C536368656D612220786D6C6E733A61637469766974693D22687474703A2F2F61637469766974692E6F72672F62706D6E2220786D6C6E733A62706D6E64693D22687474703A2F2F7777772E6F6D672E6F72672F737065632F42504D4E2F32303130303532342F44492220786D6C6E733A6F6D6764633D22687474703A2F2F7777772E6F6D672E6F72672F737065632F44442F32303130303532342F44432220786D6C6E733A6F6D6764693D22687474703A2F2F7777772E6F6D672E6F72672F737065632F44442F32303130303532342F44492220786D6C6E733A64633D22687474703A2F2F7777772E6F6D672E6F72672F737065632F44442F32303130303532342F44432220786D6C6E733A64693D22687474703A2F2F7777772E6F6D672E6F72672F737065632F44442F32303130303532342F44492220747970654C616E67756167653D22687474703A2F2F7777772E77332E6F72672F323030312F584D4C536368656D61222065787072657373696F6E4C616E67756167653D22687474703A2F2F7777772E77332E6F72672F313939392F585061746822207461726765744E616D6573706163653D22687474703A2F2F61637469766974692E6F72672F62706D6E222069643D226469616772616D5F666C6F774C6561766522207873693A736368656D614C6F636174696F6E3D22687474703A2F2F7777772E6F6D672E6F72672F737065632F42504D4E2F32303130303532342F4D4F44454C2042504D4E32302E787364223E0A20203C62706D6E323A70726F636573732069643D22666C6F774C6561766522206E616D653D22E8AFB7E58187E794B3E8AFB72220697345786563757461626C653D2274727565223E0A202020203C657874656E73696F6E456C656D656E74733E0A2020202020203C61637469766974693A657865637574696F6E4C697374656E6572206576656E743D22656E642220636C6173733D22636F6D2E666C6F772E64656D6F2E636F6D6D6F6E2E666C6F772E6C697374656E65722E557064617465466C6F775374617475734C697374656E6572223E3C2F61637469766974693A657865637574696F6E4C697374656E65723E0A202020203C2F657874656E73696F6E456C656D656E74733E0A202020203C62706D6E323A73746172744576656E742069643D224576656E745F316D6D72747477223E0A2020202020203C62706D6E323A6F7574676F696E673E466C6F775F3079346D336B763C2F62706D6E323A6F7574676F696E673E0A202020203C2F62706D6E323A73746172744576656E743E0A202020203C62706D6E323A757365725461736B2069643D2241637469766974795F317462386A6B6122206E616D653D22E8AFB7E58187E794B3E8AFB7222061637469766974693A61737369676E65653D22247B7374617274557365724E616D657D222061637469766974693A666F726D4B65793D227B2671756F743B666F726D49642671756F743B3A2671756F743B313434303934353431313335343236373634382671756F743B2C2671756F743B726561644F6E6C792671756F743B3A66616C73652C2671756F743B67726F7570547970652671756F743B3A2671756F743B444550542671756F743B7D223E0A2020202020203C657874656E73696F6E456C656D656E74733E0A20202020202020203C61637469766974693A6F7065726174696F6E4C6973743E0A202020202020202020203C61637469766974693A666F726D4F7065726174696F6E2069643D223136333437313131323239323522206C6162656C3D22E68F90E4BAA42220747970653D226167726565222073686F774F726465723D2230223E3C2F61637469766974693A666F726D4F7065726174696F6E3E0A20202020202020203C2F61637469766974693A6F7065726174696F6E4C6973743E0A20202020202020203C61637469766974693A7661726961626C654C6973743E3C2F61637469766974693A7661726961626C654C6973743E0A2020202020203C2F657874656E73696F6E456C656D656E74733E0A202020203C2F62706D6E323A757365725461736B3E0A202020203C62706D6E323A73657175656E6365466C6F772069643D22466C6F775F3079346D336B762220736F757263655265663D224576656E745F316D6D7274747722207461726765745265663D2241637469766974795F317462386A6B61223E3C2F62706D6E323A73657175656E6365466C6F773E0A202020203C62706D6E323A757365725461736B2069643D2241637469766974795F31316A7230707822206E616D653D22E983A8E997A8E9A286E5AFBCE5AEA1E689B9222061637469766974693A63616E64696461746547726F7570733D22247B64657074506F73744C65616465727D222061637469766974693A666F726D4B65793D227B2671756F743B666F726D49642671756F743B3A2671756F743B313434303934353431313335343236373634382671756F743B2C2671756F743B726561644F6E6C792671756F743B3A747275652C2671756F743B67726F7570547970652671756F743B3A2671756F743B444550545F504F53545F4C45414445522671756F743B7D223E0A2020202020203C657874656E73696F6E456C656D656E74733E0A20202020202020203C61637469766974693A7461736B4C697374656E6572206576656E743D226372656174652220636C6173733D22636F6D2E666C6F772E64656D6F2E636F6D6D6F6E2E666C6F772E6C697374656E65722E44657074506F73744C65616465724C697374656E6572223E3C2F61637469766974693A7461736B4C697374656E65723E0A20202020202020203C61637469766974693A6F7065726174696F6E4C6973743E0A202020202020202020203C61637469766974693A666F726D4F7065726174696F6E2069643D223136333437313131343739343122206C6162656C3D22E5908CE6848F2220747970653D226167726565222073686F774F726465723D2230223E3C2F61637469766974693A666F726D4F7065726174696F6E3E0A202020202020202020203C61637469766974693A666F726D4F7065726174696F6E2069643D223136333437313131353133343922206C6162656C3D22E68B92E7BB9D2220747970653D22726566757365222073686F774F726465723D2231223E3C2F61637469766974693A666F726D4F7065726174696F6E3E0A20202020202020203C2F61637469766974693A6F7065726174696F6E4C6973743E0A20202020202020203C61637469766974693A7661726961626C654C6973743E3C2F61637469766974693A7661726961626C654C6973743E0A2020202020203C2F657874656E73696F6E456C656D656E74733E0A202020203C2F62706D6E323A757365725461736B3E0A202020203C62706D6E323A73657175656E6365466C6F772069643D22466C6F775F30376F703230392220736F757263655265663D2241637469766974795F317462386A6B6122207461726765745265663D2241637469766974795F31316A72307078223E3C2F62706D6E323A73657175656E6365466C6F773E0A202020203C62706D6E323A757365725461736B2069643D2241637469766974795F3030696270307522206E616D653D224852E5AEA1E689B9222061637469766974693A63616E64696461746547726F7570733D2231343430393634323231383535363030363430222061637469766974693A666F726D4B65793D227B2671756F743B666F726D49642671756F743B3A2671756F743B313434303934353431313335343236373634382671756F743B2C2671756F743B726561644F6E6C792671756F743B3A747275652C2671756F743B67726F7570547970652671756F743B3A2671756F743B504F53542671756F743B7D223E0A2020202020203C657874656E73696F6E456C656D656E74733E0A20202020202020203C61637469766974693A6F7065726174696F6E4C6973743E0A202020202020202020203C61637469766974693A666F726D4F7065726174696F6E2069643D223136333437313133303636303122206C6162656C3D22E5908CE6848F2220747970653D226167726565222073686F774F726465723D2230223E3C2F61637469766974693A666F726D4F7065726174696F6E3E0A202020202020202020203C61637469766974693A666F726D4F7065726174696F6E2069643D223136333437313133313033393122206C6162656C3D22E68B92E7BB9D2220747970653D22726566757365222073686F774F726465723D2231223E3C2F61637469766974693A666F726D4F7065726174696F6E3E0A20202020202020203C2F61637469766974693A6F7065726174696F6E4C6973743E0A20202020202020203C61637469766974693A7661726961626C654C6973743E3C2F61637469766974693A7661726961626C654C6973743E0A2020202020203C2F657874656E73696F6E456C656D656E74733E0A202020203C2F62706D6E323A757365725461736B3E0A202020203C62706D6E323A656E644576656E742069643D224576656E745F3163303839756F223E0A2020202020203C62706D6E323A696E636F6D696E673E466C6F775F306D32376664653C2F62706D6E323A696E636F6D696E673E0A202020203C2F62706D6E323A656E644576656E743E0A202020203C62706D6E323A73657175656E6365466C6F772069643D22466C6F775F306D323766646522206E616D653D22E5908CE6848F2220736F757263655265663D2241637469766974795F3030696270307522207461726765745265663D224576656E745F3163303839756F223E0A2020202020203C657874656E73696F6E456C656D656E74733E0A20202020202020203C61637469766974693A637573746F6D436F6E646974696F6E20747970653D226F7065726174696F6E22206F7065726174696F6E547970653D226167726565223E3C2F61637469766974693A637573746F6D436F6E646974696F6E3E0A2020202020203C2F657874656E73696F6E456C656D656E74733E0A2020202020203C636F6E646974696F6E45787072657373696F6E207873693A747970653D2274466F726D616C45787072657373696F6E223E3C215B43444154415B247B6F7065726174696F6E54797065203D3D20276167726565277D5D5D3E3C2F636F6E646974696F6E45787072657373696F6E3E0A202020203C2F62706D6E323A73657175656E6365466C6F773E0A202020203C62706D6E323A73657175656E6365466C6F772069643D22466C6F775F31367A796F613522206E616D653D22E68B92E7BB9D2220736F757263655265663D2241637469766974795F31316A7230707822207461726765745265663D2241637469766974795F317462386A6B61223E0A2020202020203C657874656E73696F6E456C656D656E74733E0A20202020202020203C61637469766974693A637573746F6D436F6E646974696F6E20747970653D226F7065726174696F6E22206F7065726174696F6E547970653D22726566757365223E3C2F61637469766974693A637573746F6D436F6E646974696F6E3E0A2020202020203C2F657874656E73696F6E456C656D656E74733E0A2020202020203C636F6E646974696F6E45787072657373696F6E207873693A747970653D2274466F726D616C45787072657373696F6E223E3C215B43444154415B247B6F7065726174696F6E54797065203D3D2027726566757365277D5D5D3E3C2F636F6E646974696F6E45787072657373696F6E3E0A202020203C2F62706D6E323A73657175656E6365466C6F773E0A202020203C62706D6E323A73657175656E6365466C6F772069643D22466C6F775F306C6C3734616E22206E616D653D22E5908CE6848F2220736F757263655265663D2241637469766974795F31316A7230707822207461726765745265663D2241637469766974795F30306962703075223E0A2020202020203C657874656E73696F6E456C656D656E74733E0A20202020202020203C61637469766974693A637573746F6D436F6E646974696F6E20747970653D226F7065726174696F6E22206F7065726174696F6E547970653D226167726565223E3C2F61637469766974693A637573746F6D436F6E646974696F6E3E0A2020202020203C2F657874656E73696F6E456C656D656E74733E0A2020202020203C636F6E646974696F6E45787072657373696F6E207873693A747970653D2274466F726D616C45787072657373696F6E223E3C215B43444154415B247B6F7065726174696F6E54797065203D3D20276167726565277D5D5D3E3C2F636F6E646974696F6E45787072657373696F6E3E0A202020203C2F62706D6E323A73657175656E6365466C6F773E0A202020203C62706D6E323A73657175656E6365466C6F772069643D22466C6F775F3161656B6D733822206E616D653D22E68B92E7BB9D2220736F757263655265663D2241637469766974795F3030696270307522207461726765745265663D2241637469766974795F317462386A6B61223E0A2020202020203C657874656E73696F6E456C656D656E74733E0A20202020202020203C61637469766974693A637573746F6D436F6E646974696F6E20747970653D226F7065726174696F6E22206F7065726174696F6E547970653D22726566757365223E3C2F61637469766974693A637573746F6D436F6E646974696F6E3E0A2020202020203C2F657874656E73696F6E456C656D656E74733E0A2020202020203C636F6E646974696F6E45787072657373696F6E207873693A747970653D2274466F726D616C45787072657373696F6E223E3C215B43444154415B247B6F7065726174696F6E54797065203D3D2027726566757365277D5D5D3E3C2F636F6E646974696F6E45787072657373696F6E3E0A202020203C2F62706D6E323A73657175656E6365466C6F773E0A20203C2F62706D6E323A70726F636573733E0A20203C62706D6E64693A42504D4E4469616772616D2069643D2242504D4E4469616772616D5F666C6F774C65617665223E0A202020203C62706D6E64693A42504D4E506C616E652062706D6E456C656D656E743D22666C6F774C65617665222069643D2242504D4E506C616E655F666C6F774C65617665223E0A2020202020203C62706D6E64693A42504D4E53686170652062706D6E456C656D656E743D224576656E745F316D6D72747477222069643D2242504D4E53686170655F4576656E745F316D6D72747477223E0A20202020202020203C6F6D6764633A426F756E6473206865696768743D2233362E30222077696474683D2233362E302220783D223133322E302220793D223237322E30223E3C2F6F6D6764633A426F756E64733E0A2020202020203C2F62706D6E64693A42504D4E53686170653E0A2020202020203C62706D6E64693A42504D4E53686170652062706D6E456C656D656E743D2241637469766974795F317462386A6B61222069643D2242504D4E53686170655F41637469766974795F317462386A6B61223E0A20202020202020203C6F6D6764633A426F756E6473206865696768743D2238302E30222077696474683D223130302E302220783D223232302E302220793D223235302E30223E3C2F6F6D6764633A426F756E64733E0A2020202020203C2F62706D6E64693A42504D4E53686170653E0A2020202020203C62706D6E64693A42504D4E53686170652062706D6E456C656D656E743D2241637469766974795F31316A72307078222069643D2242504D4E53686170655F41637469766974795F31316A72307078223E0A20202020202020203C6F6D6764633A426F756E6473206865696768743D2238302E30222077696474683D223130302E302220783D223338302E302220793D223235302E30223E3C2F6F6D6764633A426F756E64733E0A2020202020203C2F62706D6E64693A42504D4E53686170653E0A2020202020203C62706D6E64693A42504D4E53686170652062706D6E456C656D656E743D2241637469766974795F30306962703075222069643D2242504D4E53686170655F41637469766974795F30306962703075223E0A20202020202020203C6F6D6764633A426F756E6473206865696768743D2238302E30222077696474683D223130302E302220783D223534302E302220793D223235302E30223E3C2F6F6D6764633A426F756E64733E0A2020202020203C2F62706D6E64693A42504D4E53686170653E0A2020202020203C62706D6E64693A42504D4E53686170652062706D6E456C656D656E743D224576656E745F3163303839756F222069643D2242504D4E53686170655F4576656E745F3163303839756F223E0A20202020202020203C6F6D6764633A426F756E6473206865696768743D2233362E30222077696474683D2233362E302220783D223730322E302220793D223237322E30223E3C2F6F6D6764633A426F756E64733E0A2020202020203C2F62706D6E64693A42504D4E53686170653E0A2020202020203C62706D6E64693A42504D4E456467652062706D6E456C656D656E743D22466C6F775F3079346D336B76222069643D2242504D4E456467655F466C6F775F3079346D336B76223E0A20202020202020203C6F6D6764693A776179706F696E7420783D223136382E302220793D223239302E30223E3C2F6F6D6764693A776179706F696E743E0A20202020202020203C6F6D6764693A776179706F696E7420783D223232302E302220793D223239302E30223E3C2F6F6D6764693A776179706F696E743E0A2020202020203C2F62706D6E64693A42504D4E456467653E0A2020202020203C62706D6E64693A42504D4E456467652062706D6E456C656D656E743D22466C6F775F30376F70323039222069643D2242504D4E456467655F466C6F775F30376F70323039223E0A20202020202020203C6F6D6764693A776179706F696E7420783D223332302E302220793D223239302E30223E3C2F6F6D6764693A776179706F696E743E0A20202020202020203C6F6D6764693A776179706F696E7420783D223338302E302220793D223239302E30223E3C2F6F6D6764693A776179706F696E743E0A2020202020203C2F62706D6E64693A42504D4E456467653E0A2020202020203C62706D6E64693A42504D4E456467652062706D6E456C656D656E743D22466C6F775F306C6C3734616E222069643D2242504D4E456467655F466C6F775F306C6C3734616E223E0A20202020202020203C6F6D6764693A776179706F696E7420783D223438302E302220793D223239302E30223E3C2F6F6D6764693A776179706F696E743E0A20202020202020203C6F6D6764693A776179706F696E7420783D223534302E302220793D223239302E30223E3C2F6F6D6764693A776179706F696E743E0A20202020202020203C62706D6E64693A42504D4E4C6162656C3E0A202020202020202020203C6F6D6764633A426F756E6473206865696768743D2231342E30222077696474683D2232332E302220783D223439392E302220793D223237322E30223E3C2F6F6D6764633A426F756E64733E0A20202020202020203C2F62706D6E64693A42504D4E4C6162656C3E0A2020202020203C2F62706D6E64693A42504D4E456467653E0A2020202020203C62706D6E64693A42504D4E456467652062706D6E456C656D656E743D22466C6F775F306D3237666465222069643D2242504D4E456467655F466C6F775F306D3237666465223E0A20202020202020203C6F6D6764693A776179706F696E7420783D223634302E302220793D223239302E30223E3C2F6F6D6764693A776179706F696E743E0A20202020202020203C6F6D6764693A776179706F696E7420783D223730322E302220793D223239302E30223E3C2F6F6D6764693A776179706F696E743E0A20202020202020203C62706D6E64693A42504D4E4C6162656C3E0A202020202020202020203C6F6D6764633A426F756E6473206865696768743D2231342E30222077696474683D2232332E302220783D223636302E302220793D223237322E30223E3C2F6F6D6764633A426F756E64733E0A20202020202020203C2F62706D6E64693A42504D4E4C6162656C3E0A2020202020203C2F62706D6E64693A42504D4E456467653E0A2020202020203C62706D6E64693A42504D4E456467652062706D6E456C656D656E743D22466C6F775F31367A796F6135222069643D2242504D4E456467655F466C6F775F31367A796F6135223E0A20202020202020203C6F6D6764693A776179706F696E7420783D223433302E302220793D223235302E30223E3C2F6F6D6764693A776179706F696E743E0A20202020202020203C6F6D6764693A776179706F696E7420783D223433302E302220793D223231302E30223E3C2F6F6D6764693A776179706F696E743E0A20202020202020203C6F6D6764693A776179706F696E7420783D223237302E302220793D223231302E30223E3C2F6F6D6764693A776179706F696E743E0A20202020202020203C6F6D6764693A776179706F696E7420783D223237302E302220793D223235302E30223E3C2F6F6D6764693A776179706F696E743E0A20202020202020203C62706D6E64693A42504D4E4C6162656C3E0A202020202020202020203C6F6D6764633A426F756E6473206865696768743D2231342E30222077696474683D2232322E302220783D223333392E302220793D223139322E30223E3C2F6F6D6764633A426F756E64733E0A20202020202020203C2F62706D6E64693A42504D4E4C6162656C3E0A2020202020203C2F62706D6E64693A42504D4E456467653E0A2020202020203C62706D6E64693A42504D4E456467652062706D6E456C656D656E743D22466C6F775F3161656B6D7338222069643D2242504D4E456467655F466C6F775F3161656B6D7338223E0A20202020202020203C6F6D6764693A776179706F696E7420783D223539302E302220793D223333302E30223E3C2F6F6D6764693A776179706F696E743E0A20202020202020203C6F6D6764693A776179706F696E7420783D223539302E302220793D223337302E30223E3C2F6F6D6764693A776179706F696E743E0A20202020202020203C6F6D6764693A776179706F696E7420783D223237302E302220793D223337302E30223E3C2F6F6D6764693A776179706F696E743E0A20202020202020203C6F6D6764693A776179706F696E7420783D223237302E302220793D223333302E30223E3C2F6F6D6764693A776179706F696E743E0A20202020202020203C62706D6E64693A42504D4E4C6162656C3E0A202020202020202020203C6F6D6764633A426F756E6473206865696768743D2231342E30222077696474683D2232322E302220783D223431392E302220793D223335322E30223E3C2F6F6D6764633A426F756E64733E0A20202020202020203C2F62706D6E64693A42504D4E4C6162656C3E0A2020202020203C2F62706D6E64693A42504D4E456467653E0A202020203C2F62706D6E64693A42504D4E506C616E653E0A20203C2F62706D6E64693A42504D4E4469616772616D3E0A3C2F62706D6E323A646566696E6974696F6E733E, 0);
INSERT INTO `ACT_GE_BYTEARRAY` VALUES ('3ee76d9f-317d-11ec-9438-f20b812c0662', 1, 'flowLeave.bpmn', '3ee7468e-317d-11ec-9438-f20b812c0662', 0x3C3F786D6C2076657273696F6E3D22312E302220656E636F64696E673D225554462D38223F3E0A3C62706D6E323A646566696E6974696F6E7320786D6C6E733D22687474703A2F2F7777772E6F6D672E6F72672F737065632F42504D4E2F32303130303532342F4D4F44454C2220786D6C6E733A62706D6E323D22687474703A2F2F7777772E6F6D672E6F72672F737065632F42504D4E2F32303130303532342F4D4F44454C2220786D6C6E733A7873693D22687474703A2F2F7777772E77332E6F72672F323030312F584D4C536368656D612D696E7374616E63652220786D6C6E733A7873643D22687474703A2F2F7777772E77332E6F72672F323030312F584D4C536368656D612220786D6C6E733A61637469766974693D22687474703A2F2F61637469766974692E6F72672F62706D6E2220786D6C6E733A62706D6E64693D22687474703A2F2F7777772E6F6D672E6F72672F737065632F42504D4E2F32303130303532342F44492220786D6C6E733A6F6D6764633D22687474703A2F2F7777772E6F6D672E6F72672F737065632F44442F32303130303532342F44432220786D6C6E733A6F6D6764693D22687474703A2F2F7777772E6F6D672E6F72672F737065632F44442F32303130303532342F44492220786D6C6E733A64633D22687474703A2F2F7777772E6F6D672E6F72672F737065632F44442F32303130303532342F44432220786D6C6E733A64693D22687474703A2F2F7777772E6F6D672E6F72672F737065632F44442F32303130303532342F44492220747970654C616E67756167653D22687474703A2F2F7777772E77332E6F72672F323030312F584D4C536368656D61222065787072657373696F6E4C616E67756167653D22687474703A2F2F7777772E77332E6F72672F313939392F585061746822207461726765744E616D6573706163653D22687474703A2F2F61637469766974692E6F72672F62706D6E222069643D226469616772616D5F666C6F774C6561766522207873693A736368656D614C6F636174696F6E3D22687474703A2F2F7777772E6F6D672E6F72672F737065632F42504D4E2F32303130303532342F4D4F44454C2042504D4E32302E787364223E0A20203C62706D6E323A70726F636573732069643D22666C6F774C6561766522206E616D653D22E8AFB7E58187E794B3E8AFB72220697345786563757461626C653D2274727565223E0A202020203C657874656E73696F6E456C656D656E74733E0A2020202020203C61637469766974693A657865637574696F6E4C697374656E6572206576656E743D22656E642220636C6173733D22636F6D2E666C6F772E64656D6F2E636F6D6D6F6E2E666C6F772E6C697374656E65722E557064617465466C6F775374617475734C697374656E6572223E3C2F61637469766974693A657865637574696F6E4C697374656E65723E0A202020203C2F657874656E73696F6E456C656D656E74733E0A202020203C62706D6E323A73746172744576656E742069643D224576656E745F316D6D72747477223E0A2020202020203C62706D6E323A6F7574676F696E673E466C6F775F3079346D336B763C2F62706D6E323A6F7574676F696E673E0A202020203C2F62706D6E323A73746172744576656E743E0A202020203C62706D6E323A757365725461736B2069643D2241637469766974795F317462386A6B6122206E616D653D22E8AFB7E58187E794B3E8AFB7222061637469766974693A61737369676E65653D22247B7374617274557365724E616D657D222061637469766974693A666F726D4B65793D227B2671756F743B666F726D49642671756F743B3A2671756F743B313434303934353431313335343236373634382671756F743B2C2671756F743B726561644F6E6C792671756F743B3A66616C73652C2671756F743B67726F7570547970652671756F743B3A2671756F743B444550542671756F743B7D223E0A2020202020203C657874656E73696F6E456C656D656E74733E0A20202020202020203C61637469766974693A6F7065726174696F6E4C6973743E0A202020202020202020203C61637469766974693A666F726D4F7065726174696F6E2069643D223136333437313131323239323522206C6162656C3D22E68F90E4BAA42220747970653D226167726565222073686F774F726465723D2230223E3C2F61637469766974693A666F726D4F7065726174696F6E3E0A20202020202020203C2F61637469766974693A6F7065726174696F6E4C6973743E0A20202020202020203C61637469766974693A7661726961626C654C6973743E3C2F61637469766974693A7661726961626C654C6973743E0A2020202020203C2F657874656E73696F6E456C656D656E74733E0A202020203C2F62706D6E323A757365725461736B3E0A202020203C62706D6E323A73657175656E6365466C6F772069643D22466C6F775F3079346D336B762220736F757263655265663D224576656E745F316D6D7274747722207461726765745265663D2241637469766974795F317462386A6B61223E3C2F62706D6E323A73657175656E6365466C6F773E0A202020203C62706D6E323A757365725461736B2069643D2241637469766974795F31316A7230707822206E616D653D22E983A8E997A8E9A286E5AFBCE5AEA1E689B9222061637469766974693A63616E64696461746547726F7570733D22247B64657074506F73744C65616465727D222061637469766974693A666F726D4B65793D227B2671756F743B666F726D49642671756F743B3A2671756F743B313434303934353431313335343236373634382671756F743B2C2671756F743B726561644F6E6C792671756F743B3A747275652C2671756F743B67726F7570547970652671756F743B3A2671756F743B444550545F504F53545F4C45414445522671756F743B7D223E0A2020202020203C657874656E73696F6E456C656D656E74733E0A20202020202020203C61637469766974693A7461736B4C697374656E6572206576656E743D226372656174652220636C6173733D22636F6D2E666C6F772E64656D6F2E636F6D6D6F6E2E666C6F772E6C697374656E65722E44657074506F73744C65616465724C697374656E6572223E3C2F61637469766974693A7461736B4C697374656E65723E0A20202020202020203C61637469766974693A6F7065726174696F6E4C6973743E0A202020202020202020203C61637469766974693A666F726D4F7065726174696F6E2069643D223136333437313131343739343122206C6162656C3D22E5908CE6848F2220747970653D226167726565222073686F774F726465723D2230223E3C2F61637469766974693A666F726D4F7065726174696F6E3E0A202020202020202020203C61637469766974693A666F726D4F7065726174696F6E2069643D223136333437313131353133343922206C6162656C3D22E68B92E7BB9D2220747970653D22726566757365222073686F774F726465723D2231223E3C2F61637469766974693A666F726D4F7065726174696F6E3E0A20202020202020203C2F61637469766974693A6F7065726174696F6E4C6973743E0A20202020202020203C61637469766974693A7661726961626C654C6973743E3C2F61637469766974693A7661726961626C654C6973743E0A2020202020203C2F657874656E73696F6E456C656D656E74733E0A202020203C2F62706D6E323A757365725461736B3E0A202020203C62706D6E323A73657175656E6365466C6F772069643D22466C6F775F30376F703230392220736F757263655265663D2241637469766974795F317462386A6B6122207461726765745265663D2241637469766974795F31316A72307078223E3C2F62706D6E323A73657175656E6365466C6F773E0A202020203C62706D6E323A757365725461736B2069643D2241637469766974795F3030696270307522206E616D653D224852E5AEA1E689B9222061637469766974693A63616E64696461746547726F7570733D2231343430393634323231383535363030363430222061637469766974693A666F726D4B65793D227B2671756F743B666F726D49642671756F743B3A2671756F743B313434303934353431313335343236373634382671756F743B2C2671756F743B726561644F6E6C792671756F743B3A747275652C2671756F743B67726F7570547970652671756F743B3A2671756F743B504F53542671756F743B7D223E0A2020202020203C657874656E73696F6E456C656D656E74733E0A20202020202020203C61637469766974693A6F7065726174696F6E4C6973743E0A202020202020202020203C61637469766974693A666F726D4F7065726174696F6E2069643D223136333437313133303636303122206C6162656C3D22E5908CE6848F2220747970653D226167726565222073686F774F726465723D2230223E3C2F61637469766974693A666F726D4F7065726174696F6E3E0A202020202020202020203C61637469766974693A666F726D4F7065726174696F6E2069643D223136333437313133313033393122206C6162656C3D22E68B92E7BB9D2220747970653D22726566757365222073686F774F726465723D2231223E3C2F61637469766974693A666F726D4F7065726174696F6E3E0A20202020202020203C2F61637469766974693A6F7065726174696F6E4C6973743E0A20202020202020203C61637469766974693A7661726961626C654C6973743E3C2F61637469766974693A7661726961626C654C6973743E0A2020202020203C2F657874656E73696F6E456C656D656E74733E0A202020203C2F62706D6E323A757365725461736B3E0A202020203C62706D6E323A656E644576656E742069643D224576656E745F3163303839756F223E0A2020202020203C62706D6E323A696E636F6D696E673E466C6F775F306D32376664653C2F62706D6E323A696E636F6D696E673E0A202020203C2F62706D6E323A656E644576656E743E0A202020203C62706D6E323A73657175656E6365466C6F772069643D22466C6F775F306D323766646522206E616D653D22E5908CE6848F2220736F757263655265663D2241637469766974795F3030696270307522207461726765745265663D224576656E745F3163303839756F223E0A2020202020203C657874656E73696F6E456C656D656E74733E0A20202020202020203C61637469766974693A637573746F6D436F6E646974696F6E20747970653D226F7065726174696F6E22206F7065726174696F6E547970653D226167726565223E3C2F61637469766974693A637573746F6D436F6E646974696F6E3E0A2020202020203C2F657874656E73696F6E456C656D656E74733E0A2020202020203C636F6E646974696F6E45787072657373696F6E207873693A747970653D2274466F726D616C45787072657373696F6E223E3C215B43444154415B247B6F7065726174696F6E54797065203D3D20276167726565277D5D5D3E3C2F636F6E646974696F6E45787072657373696F6E3E0A202020203C2F62706D6E323A73657175656E6365466C6F773E0A202020203C62706D6E323A73657175656E6365466C6F772069643D22466C6F775F31367A796F613522206E616D653D22E68B92E7BB9D2220736F757263655265663D2241637469766974795F31316A7230707822207461726765745265663D2241637469766974795F317462386A6B61223E0A2020202020203C657874656E73696F6E456C656D656E74733E0A20202020202020203C61637469766974693A637573746F6D436F6E646974696F6E20747970653D226F7065726174696F6E22206F7065726174696F6E547970653D22726566757365223E3C2F61637469766974693A637573746F6D436F6E646974696F6E3E0A2020202020203C2F657874656E73696F6E456C656D656E74733E0A2020202020203C636F6E646974696F6E45787072657373696F6E207873693A747970653D2274466F726D616C45787072657373696F6E223E3C215B43444154415B247B6F7065726174696F6E54797065203D3D2027726566757365277D5D5D3E3C2F636F6E646974696F6E45787072657373696F6E3E0A202020203C2F62706D6E323A73657175656E6365466C6F773E0A202020203C62706D6E323A73657175656E6365466C6F772069643D22466C6F775F306C6C3734616E22206E616D653D22E5908CE6848F2220736F757263655265663D2241637469766974795F31316A7230707822207461726765745265663D2241637469766974795F30306962703075223E0A2020202020203C657874656E73696F6E456C656D656E74733E0A20202020202020203C61637469766974693A637573746F6D436F6E646974696F6E20747970653D226F7065726174696F6E22206F7065726174696F6E547970653D226167726565223E3C2F61637469766974693A637573746F6D436F6E646974696F6E3E0A2020202020203C2F657874656E73696F6E456C656D656E74733E0A2020202020203C636F6E646974696F6E45787072657373696F6E207873693A747970653D2274466F726D616C45787072657373696F6E223E3C215B43444154415B247B6F7065726174696F6E54797065203D3D20276167726565277D5D5D3E3C2F636F6E646974696F6E45787072657373696F6E3E0A202020203C2F62706D6E323A73657175656E6365466C6F773E0A202020203C62706D6E323A73657175656E6365466C6F772069643D22466C6F775F3161656B6D733822206E616D653D22E68B92E7BB9D2220736F757263655265663D2241637469766974795F3030696270307522207461726765745265663D2241637469766974795F317462386A6B61223E0A2020202020203C657874656E73696F6E456C656D656E74733E0A20202020202020203C61637469766974693A637573746F6D436F6E646974696F6E20747970653D226F7065726174696F6E22206F7065726174696F6E547970653D22726566757365223E3C2F61637469766974693A637573746F6D436F6E646974696F6E3E0A2020202020203C2F657874656E73696F6E456C656D656E74733E0A2020202020203C636F6E646974696F6E45787072657373696F6E207873693A747970653D2274466F726D616C45787072657373696F6E223E3C215B43444154415B247B6F7065726174696F6E54797065203D3D2027726566757365277D5D5D3E3C2F636F6E646974696F6E45787072657373696F6E3E0A202020203C2F62706D6E323A73657175656E6365466C6F773E0A20203C2F62706D6E323A70726F636573733E0A20203C62706D6E64693A42504D4E4469616772616D2069643D2242504D4E4469616772616D5F666C6F774C65617665223E0A202020203C62706D6E64693A42504D4E506C616E652062706D6E456C656D656E743D22666C6F774C65617665222069643D2242504D4E506C616E655F666C6F774C65617665223E0A2020202020203C62706D6E64693A42504D4E53686170652062706D6E456C656D656E743D224576656E745F316D6D72747477222069643D2242504D4E53686170655F4576656E745F316D6D72747477223E0A20202020202020203C6F6D6764633A426F756E6473206865696768743D2233362E30222077696474683D2233362E302220783D223133322E302220793D223237322E30223E3C2F6F6D6764633A426F756E64733E0A2020202020203C2F62706D6E64693A42504D4E53686170653E0A2020202020203C62706D6E64693A42504D4E53686170652062706D6E456C656D656E743D2241637469766974795F317462386A6B61222069643D2242504D4E53686170655F41637469766974795F317462386A6B61223E0A20202020202020203C6F6D6764633A426F756E6473206865696768743D2238302E30222077696474683D223130302E302220783D223232302E302220793D223235302E30223E3C2F6F6D6764633A426F756E64733E0A2020202020203C2F62706D6E64693A42504D4E53686170653E0A2020202020203C62706D6E64693A42504D4E53686170652062706D6E456C656D656E743D2241637469766974795F31316A72307078222069643D2242504D4E53686170655F41637469766974795F31316A72307078223E0A20202020202020203C6F6D6764633A426F756E6473206865696768743D2238302E30222077696474683D223130302E302220783D223338302E302220793D223235302E30223E3C2F6F6D6764633A426F756E64733E0A2020202020203C2F62706D6E64693A42504D4E53686170653E0A2020202020203C62706D6E64693A42504D4E53686170652062706D6E456C656D656E743D2241637469766974795F30306962703075222069643D2242504D4E53686170655F41637469766974795F30306962703075223E0A20202020202020203C6F6D6764633A426F756E6473206865696768743D2238302E30222077696474683D223130302E302220783D223534302E302220793D223235302E30223E3C2F6F6D6764633A426F756E64733E0A2020202020203C2F62706D6E64693A42504D4E53686170653E0A2020202020203C62706D6E64693A42504D4E53686170652062706D6E456C656D656E743D224576656E745F3163303839756F222069643D2242504D4E53686170655F4576656E745F3163303839756F223E0A20202020202020203C6F6D6764633A426F756E6473206865696768743D2233362E30222077696474683D2233362E302220783D223730322E302220793D223237322E30223E3C2F6F6D6764633A426F756E64733E0A2020202020203C2F62706D6E64693A42504D4E53686170653E0A2020202020203C62706D6E64693A42504D4E456467652062706D6E456C656D656E743D22466C6F775F3079346D336B76222069643D2242504D4E456467655F466C6F775F3079346D336B76223E0A20202020202020203C6F6D6764693A776179706F696E7420783D223136382E302220793D223239302E30223E3C2F6F6D6764693A776179706F696E743E0A20202020202020203C6F6D6764693A776179706F696E7420783D223232302E302220793D223239302E30223E3C2F6F6D6764693A776179706F696E743E0A2020202020203C2F62706D6E64693A42504D4E456467653E0A2020202020203C62706D6E64693A42504D4E456467652062706D6E456C656D656E743D22466C6F775F30376F70323039222069643D2242504D4E456467655F466C6F775F30376F70323039223E0A20202020202020203C6F6D6764693A776179706F696E7420783D223332302E302220793D223239302E30223E3C2F6F6D6764693A776179706F696E743E0A20202020202020203C6F6D6764693A776179706F696E7420783D223338302E302220793D223239302E30223E3C2F6F6D6764693A776179706F696E743E0A2020202020203C2F62706D6E64693A42504D4E456467653E0A2020202020203C62706D6E64693A42504D4E456467652062706D6E456C656D656E743D22466C6F775F306C6C3734616E222069643D2242504D4E456467655F466C6F775F306C6C3734616E223E0A20202020202020203C6F6D6764693A776179706F696E7420783D223438302E302220793D223239302E30223E3C2F6F6D6764693A776179706F696E743E0A20202020202020203C6F6D6764693A776179706F696E7420783D223534302E302220793D223239302E30223E3C2F6F6D6764693A776179706F696E743E0A20202020202020203C62706D6E64693A42504D4E4C6162656C3E0A202020202020202020203C6F6D6764633A426F756E6473206865696768743D2231342E30222077696474683D2232332E302220783D223439392E302220793D223237322E30223E3C2F6F6D6764633A426F756E64733E0A20202020202020203C2F62706D6E64693A42504D4E4C6162656C3E0A2020202020203C2F62706D6E64693A42504D4E456467653E0A2020202020203C62706D6E64693A42504D4E456467652062706D6E456C656D656E743D22466C6F775F306D3237666465222069643D2242504D4E456467655F466C6F775F306D3237666465223E0A20202020202020203C6F6D6764693A776179706F696E7420783D223634302E302220793D223239302E30223E3C2F6F6D6764693A776179706F696E743E0A20202020202020203C6F6D6764693A776179706F696E7420783D223730322E302220793D223239302E30223E3C2F6F6D6764693A776179706F696E743E0A20202020202020203C62706D6E64693A42504D4E4C6162656C3E0A202020202020202020203C6F6D6764633A426F756E6473206865696768743D2231342E30222077696474683D2232332E302220783D223636302E302220793D223237322E30223E3C2F6F6D6764633A426F756E64733E0A20202020202020203C2F62706D6E64693A42504D4E4C6162656C3E0A2020202020203C2F62706D6E64693A42504D4E456467653E0A2020202020203C62706D6E64693A42504D4E456467652062706D6E456C656D656E743D22466C6F775F31367A796F6135222069643D2242504D4E456467655F466C6F775F31367A796F6135223E0A20202020202020203C6F6D6764693A776179706F696E7420783D223433302E302220793D223235302E30223E3C2F6F6D6764693A776179706F696E743E0A20202020202020203C6F6D6764693A776179706F696E7420783D223433302E302220793D223231302E30223E3C2F6F6D6764693A776179706F696E743E0A20202020202020203C6F6D6764693A776179706F696E7420783D223237302E302220793D223231302E30223E3C2F6F6D6764693A776179706F696E743E0A20202020202020203C6F6D6764693A776179706F696E7420783D223237302E302220793D223235302E30223E3C2F6F6D6764693A776179706F696E743E0A20202020202020203C62706D6E64693A42504D4E4C6162656C3E0A202020202020202020203C6F6D6764633A426F756E6473206865696768743D2231342E30222077696474683D2232322E302220783D223333392E302220793D223139322E30223E3C2F6F6D6764633A426F756E64733E0A20202020202020203C2F62706D6E64693A42504D4E4C6162656C3E0A2020202020203C2F62706D6E64693A42504D4E456467653E0A2020202020203C62706D6E64693A42504D4E456467652062706D6E456C656D656E743D22466C6F775F3161656B6D7338222069643D2242504D4E456467655F466C6F775F3161656B6D7338223E0A20202020202020203C6F6D6764693A776179706F696E7420783D223539302E302220793D223333302E30223E3C2F6F6D6764693A776179706F696E743E0A20202020202020203C6F6D6764693A776179706F696E7420783D223539302E302220793D223337302E30223E3C2F6F6D6764693A776179706F696E743E0A20202020202020203C6F6D6764693A776179706F696E7420783D223237302E302220793D223337302E30223E3C2F6F6D6764693A776179706F696E743E0A20202020202020203C6F6D6764693A776179706F696E7420783D223237302E302220793D223333302E30223E3C2F6F6D6764693A776179706F696E743E0A20202020202020203C62706D6E64693A42504D4E4C6162656C3E0A202020202020202020203C6F6D6764633A426F756E6473206865696768743D2231342E30222077696474683D2232322E302220783D223431392E302220793D223335322E30223E3C2F6F6D6764633A426F756E64733E0A20202020202020203C2F62706D6E64693A42504D4E4C6162656C3E0A2020202020203C2F62706D6E64693A42504D4E456467653E0A202020203C2F62706D6E64693A42504D4E506C616E653E0A20203C2F62706D6E64693A42504D4E4469616772616D3E0A3C2F62706D6E323A646566696E6974696F6E733E, 0);
INSERT INTO `ACT_GE_BYTEARRAY` VALUES ('4127d3d0-5e70-11ec-9355-5e4c369e54c1', 1, 'flowContract.bpmn', '4127d3cf-5e70-11ec-9355-5e4c369e54c1', 0x3C3F786D6C2076657273696F6E3D22312E302220656E636F64696E673D225554462D38223F3E0A3C62706D6E323A646566696E6974696F6E7320786D6C6E733D22687474703A2F2F7777772E6F6D672E6F72672F737065632F42504D4E2F32303130303532342F4D4F44454C2220786D6C6E733A62706D6E323D22687474703A2F2F7777772E6F6D672E6F72672F737065632F42504D4E2F32303130303532342F4D4F44454C2220786D6C6E733A7873693D22687474703A2F2F7777772E77332E6F72672F323030312F584D4C536368656D612D696E7374616E63652220786D6C6E733A7873643D22687474703A2F2F7777772E77332E6F72672F323030312F584D4C536368656D612220786D6C6E733A61637469766974693D22687474703A2F2F61637469766974692E6F72672F62706D6E2220786D6C6E733A62706D6E64693D22687474703A2F2F7777772E6F6D672E6F72672F737065632F42504D4E2F32303130303532342F44492220786D6C6E733A6F6D6764633D22687474703A2F2F7777772E6F6D672E6F72672F737065632F44442F32303130303532342F44432220786D6C6E733A6F6D6764693D22687474703A2F2F7777772E6F6D672E6F72672F737065632F44442F32303130303532342F44492220786D6C6E733A64633D22687474703A2F2F7777772E6F6D672E6F72672F737065632F44442F32303130303532342F44432220786D6C6E733A64693D22687474703A2F2F7777772E6F6D672E6F72672F737065632F44442F32303130303532342F44492220747970654C616E67756167653D22687474703A2F2F7777772E77332E6F72672F323030312F584D4C536368656D61222065787072657373696F6E4C616E67756167653D22687474703A2F2F7777772E77332E6F72672F313939392F585061746822207461726765744E616D6573706163653D22687474703A2F2F61637469766974692E6F72672F62706D6E222069643D226469616772616D5F666C6F77436F6E747261637422207873693A736368656D614C6F636174696F6E3D22687474703A2F2F7777772E6F6D672E6F72672F737065632F42504D4E2F32303130303532342F4D4F44454C2042504D4E32302E787364223E0A20203C62706D6E323A70726F636573732069643D22666C6F77436F6E747261637422206E616D653D22E59088E5908CE5AEA1E689B92220697345786563757461626C653D2274727565223E0A202020203C657874656E73696F6E456C656D656E74733E0A2020202020203C61637469766974693A657865637574696F6E4C697374656E6572206576656E743D22656E642220636C6173733D22636F6D2E6F72616E6765666F726D732E636F6D6D6F6E2E666C6F772E6C697374656E65722E466C6F7746696E69736865644C697374656E6572223E3C2F61637469766974693A657865637574696F6E4C697374656E65723E0A202020203C2F657874656E73696F6E456C656D656E74733E0A202020203C62706D6E323A73746172744576656E742069643D224576656E745F306B6A70396369223E0A2020202020203C62706D6E323A6F7574676F696E673E466C6F775F30656D7834307A3C2F62706D6E323A6F7574676F696E673E0A202020203C2F62706D6E323A73746172744576656E743E0A202020203C62706D6E323A757365725461736B2069643D2241637469766974795F306263696F686622206E616D653D22E59088E5908CE5BD95E585A5222061637469766974693A61737369676E65653D22247B7374617274557365724E616D657D222061637469766974693A666F726D4B65793D227B2671756F743B666F726D49642671756F743B3A2671756F743B313434303935343932303334383934363433322671756F743B2C2671756F743B726561644F6E6C792671756F743B3A66616C73652C2671756F743B67726F7570547970652671756F743B3A2671756F743B41535349474E45452671756F743B7D223E0A2020202020203C657874656E73696F6E456C656D656E74733E0A20202020202020203C61637469766974693A6F7065726174696F6E4C6973743E0A202020202020202020203C61637469766974693A666F726D4F7065726174696F6E2069643D223136333437313235353334393822206C6162656C3D22E68F90E4BAA42220747970653D226167726565222073686F774F726465723D2230223E3C2F61637469766974693A666F726D4F7065726174696F6E3E0A20202020202020203C2F61637469766974693A6F7065726174696F6E4C6973743E0A20202020202020203C61637469766974693A7661726961626C654C6973743E3C2F61637469766974693A7661726961626C654C6973743E0A2020202020203C2F657874656E73696F6E456C656D656E74733E0A202020203C2F62706D6E323A757365725461736B3E0A202020203C62706D6E323A73657175656E6365466C6F772069643D22466C6F775F30656D7834307A2220736F757263655265663D224576656E745F306B6A7039636922207461726765745265663D2241637469766974795F306263696F6866223E3C2F62706D6E323A73657175656E6365466C6F773E0A202020203C62706D6E323A757365725461736B2069643D2241637469766974795F3035336F6D393922206E616D653D22E4B89AE58AA1E983A8E9A286E5AFBCE5AEA1E689B9222061637469766974693A63616E64696461746547726F7570733D22247B64657074506F73744C65616465727D222061637469766974693A666F726D4B65793D227B2671756F743B666F726D49642671756F743B3A2671756F743B313434303935343932303334383934363433322671756F743B2C2671756F743B726561644F6E6C792671756F743B3A747275652C2671756F743B67726F7570547970652671756F743B3A2671756F743B444550545F504F53545F4C45414445522671756F743B7D223E0A2020202020203C657874656E73696F6E456C656D656E74733E0A20202020202020203C61637469766974693A7461736B4C697374656E6572206576656E743D226372656174652220636C6173733D22636F6D2E6F72616E6765666F726D732E636F6D6D6F6E2E666C6F772E6C697374656E65722E44657074506F73744C65616465724C697374656E6572223E3C2F61637469766974693A7461736B4C697374656E65723E0A20202020202020203C61637469766974693A6F7065726174696F6E4C6973743E0A202020202020202020203C61637469766974693A666F726D4F7065726174696F6E2069643D223136333437313235363433353322206C6162656C3D22E5908CE6848F2220747970653D226167726565222073686F774F726465723D2230223E3C2F61637469766974693A666F726D4F7065726174696F6E3E0A20202020202020203C2F61637469766974693A6F7065726174696F6E4C6973743E0A20202020202020203C61637469766974693A7661726961626C654C6973743E3C2F61637469766974693A7661726961626C654C6973743E0A20202020202020203C61637469766974693A64657074506F73744C6973743E3C2F61637469766974693A64657074506F73744C6973743E0A2020202020203C2F657874656E73696F6E456C656D656E74733E0A202020203C2F62706D6E323A757365725461736B3E0A202020203C62706D6E323A73657175656E6365466C6F772069643D22466C6F775F306477663979742220736F757263655265663D2241637469766974795F306263696F686622207461726765745265663D2241637469766974795F3035336F6D3939223E3C2F62706D6E323A73657175656E6365466C6F773E0A202020203C62706D6E323A73657175656E6365466C6F772069643D22466C6F775F3076357A6A336B2220736F757263655265663D2241637469766974795F3035336F6D393922207461726765745265663D22476174657761795F3038353538696A223E3C2F62706D6E323A73657175656E6365466C6F773E0A202020203C62706D6E323A706172616C6C656C476174657761792069643D22476174657761795F3038353538696A223E0A2020202020203C62706D6E323A696E636F6D696E673E466C6F775F3076357A6A336B3C2F62706D6E323A696E636F6D696E673E0A2020202020203C62706D6E323A6F7574676F696E673E466C6F775F3164357568636F3C2F62706D6E323A6F7574676F696E673E0A2020202020203C62706D6E323A6F7574676F696E673E466C6F775F317168396370303C2F62706D6E323A6F7574676F696E673E0A202020203C2F62706D6E323A706172616C6C656C476174657761793E0A202020203C62706D6E323A757365725461736B2069643D2241637469766974795F307A3930616C6922206E616D653D22E5B7A5E7A88BE983A8E5AEA1E689B9222061637469766974693A61737369676E65653D2261646D696E222061637469766974693A666F726D4B65793D227B2671756F743B666F726D49642671756F743B3A2671756F743B313434303935353139343939313937323335322671756F743B2C2671756F743B726561644F6E6C792671756F743B3A747275652C2671756F743B67726F7570547970652671756F743B3A2671756F743B41535349474E45452671756F743B7D223E0A2020202020203C657874656E73696F6E456C656D656E74733E0A20202020202020203C61637469766974693A6F7065726174696F6E4C6973743E0A202020202020202020203C61637469766974693A666F726D4F7065726174696F6E2069643D223136333437313236303635323922206C6162656C3D22E5908CE6848F2220747970653D226167726565222073686F774F726465723D2230223E3C2F61637469766974693A666F726D4F7065726174696F6E3E0A20202020202020203C2F61637469766974693A6F7065726174696F6E4C6973743E0A20202020202020203C61637469766974693A7661726961626C654C6973743E3C2F61637469766974693A7661726961626C654C6973743E0A2020202020203C2F657874656E73696F6E456C656D656E74733E0A202020203C2F62706D6E323A757365725461736B3E0A202020203C62706D6E323A73657175656E6365466C6F772069643D22466C6F775F3164357568636F2220736F757263655265663D22476174657761795F3038353538696A22207461726765745265663D2241637469766974795F307A3930616C69223E3C2F62706D6E323A73657175656E6365466C6F773E0A202020203C62706D6E323A757365725461736B2069643D2241637469766974795F3137393330616A22206E616D653D22E980A0E4BBB7E983A8E5AEA1E689B9222061637469766974693A63616E64696461746555736572733D2261646D696E222061637469766974693A666F726D4B65793D227B2671756F743B666F726D49642671756F743B3A2671756F743B313434303935353139343939313937323335322671756F743B2C2671756F743B726561644F6E6C792671756F743B3A747275652C2671756F743B67726F7570547970652671756F743B3A2671756F743B55534552532671756F743B7D223E0A2020202020203C657874656E73696F6E456C656D656E74733E0A20202020202020203C61637469766974693A6F7065726174696F6E4C6973743E0A202020202020202020203C61637469766974693A666F726D4F7065726174696F6E2069643D223136333437313236333131313322206C6162656C3D22E5908CE6848F2220747970653D226167726565222073686F774F726465723D2230223E3C2F61637469766974693A666F726D4F7065726174696F6E3E0A20202020202020203C2F61637469766974693A6F7065726174696F6E4C6973743E0A20202020202020203C61637469766974693A7661726961626C654C6973743E3C2F61637469766974693A7661726961626C654C6973743E0A20202020202020203C61637469766974693A7573657243616E64696461746547726F75707320747970653D225553455253222076616C75653D2261646D696E223E3C2F61637469766974693A7573657243616E64696461746547726F7570733E0A2020202020203C2F657874656E73696F6E456C656D656E74733E0A202020203C2F62706D6E323A757365725461736B3E0A202020203C62706D6E323A73657175656E6365466C6F772069643D22466C6F775F317168396370302220736F757263655265663D22476174657761795F3038353538696A22207461726765745265663D2241637469766974795F3137393330616A223E3C2F62706D6E323A73657175656E6365466C6F773E0A202020203C62706D6E323A73657175656E6365466C6F772069643D22466C6F775F316E35637866672220736F757263655265663D2241637469766974795F3137393330616A22207461726765745265663D22476174657761795F30796A79713068223E3C2F62706D6E323A73657175656E6365466C6F773E0A202020203C62706D6E323A706172616C6C656C476174657761792069643D22476174657761795F30796A79713068223E0A2020202020203C62706D6E323A696E636F6D696E673E466C6F775F316E35637866673C2F62706D6E323A696E636F6D696E673E0A2020202020203C62706D6E323A696E636F6D696E673E466C6F775F313068663979353C2F62706D6E323A696E636F6D696E673E0A2020202020203C62706D6E323A6F7574676F696E673E466C6F775F30767435676F723C2F62706D6E323A6F7574676F696E673E0A202020203C2F62706D6E323A706172616C6C656C476174657761793E0A202020203C62706D6E323A73657175656E6365466C6F772069643D22466C6F775F313068663979352220736F757263655265663D2241637469766974795F307A3930616C6922207461726765745265663D22476174657761795F30796A79713068223E3C2F62706D6E323A73657175656E6365466C6F773E0A202020203C62706D6E323A757365725461736B2069643D2241637469766974795F3078657463387522206E616D653D22E8B4A2E58AA1E983A8E5AEA1E689B9222061637469766974693A63616E64696461746547726F7570733D22313434303936343531393339313133373739322C31343430393634353139333935333332303936222061637469766974693A666F726D4B65793D227B2671756F743B666F726D49642671756F743B3A2671756F743B313434303935353132373739303833333636342671756F743B2C2671756F743B726561644F6E6C792671756F743B3A747275652C2671756F743B67726F7570547970652671756F743B3A2671756F743B504F53542671756F743B7D223E0A2020202020203C657874656E73696F6E456C656D656E74733E0A20202020202020203C61637469766974693A6F7065726174696F6E4C6973743E0A202020202020202020203C61637469766974693A666F726D4F7065726174696F6E2069643D223136333437313236363839383222206C6162656C3D22E5908CE6848F2220747970653D226167726565222073686F774F726465723D2230223E3C2F61637469766974693A666F726D4F7065726174696F6E3E0A202020202020202020203C61637469766974693A666F726D4F7065726174696F6E2069643D223136333437313236373231393522206C6162656C3D22E68B92E7BB9D2220747970653D22726566757365222073686F774F726465723D2231223E3C2F61637469766974693A666F726D4F7065726174696F6E3E0A20202020202020203C2F61637469766974693A6F7065726174696F6E4C6973743E0A20202020202020203C61637469766974693A7661726961626C654C6973743E3C2F61637469766974693A7661726961626C654C6973743E0A20202020202020203C61637469766974693A64657074506F73744C6973743E0A202020202020202020203C61637469766974693A64657074506F73742069643D2264657074506F73745F5F313434303936343531393339313133373739322220747970653D2264657074506F7374222064657074506F737449643D2231343430393634353139333931313337373932223E3C2F61637469766974693A64657074506F73743E0A202020202020202020203C61637469766974693A64657074506F73742069643D2264657074506F73745F5F313434303936343531393339353333323039362220747970653D2264657074506F7374222064657074506F737449643D2231343430393634353139333935333332303936223E3C2F61637469766974693A64657074506F73743E0A20202020202020203C2F61637469766974693A64657074506F73744C6973743E0A2020202020203C2F657874656E73696F6E456C656D656E74733E0A202020203C2F62706D6E323A757365725461736B3E0A202020203C62706D6E323A73657175656E6365466C6F772069643D22466C6F775F30767435676F722220736F757263655265663D22476174657761795F30796A7971306822207461726765745265663D2241637469766974795F30786574633875223E3C2F62706D6E323A73657175656E6365466C6F773E0A202020203C62706D6E323A757365725461736B2069643D2241637469766974795F3064766734686922206E616D653D22E6B395E58AA1E983A8E5AEA1E689B9222061637469766974693A63616E64696461746547726F7570733D2231343430393634333837393739333939313638222061637469766974693A666F726D4B65793D227B2671756F743B666F726D49642671756F743B3A2671756F743B313434303935353030313039333439323733362671756F743B2C2671756F743B726561644F6E6C792671756F743B3A747275652C2671756F743B67726F7570547970652671756F743B3A2671756F743B504F53542671756F743B7D223E0A2020202020203C657874656E73696F6E456C656D656E74733E0A20202020202020203C61637469766974693A6F7065726174696F6E4C6973743E0A202020202020202020203C61637469766974693A666F726D4F7065726174696F6E2069643D223136333437313238323034313422206C6162656C3D22E4BC9AE7ADBE2220747970653D226D756C74695F7369676E222073686F774F726465723D2230223E3C2F61637469766974693A666F726D4F7065726174696F6E3E0A202020202020202020203C61637469766974693A666F726D4F7065726174696F6E2069643D223136333437313238323839303922206C6162656C3D22E58AA0E7ADBE2220747970653D226D756C74695F636F6E7369676E222073686F774F726465723D2231223E3C2F61637469766974693A666F726D4F7065726174696F6E3E0A20202020202020203C2F61637469766974693A6F7065726174696F6E4C6973743E0A20202020202020203C61637469766974693A7661726961626C654C6973743E3C2F61637469766974693A7661726961626C654C6973743E0A20202020202020203C61637469766974693A64657074506F73744C6973743E0A202020202020202020203C61637469766974693A64657074506F73742069643D2264657074506F73745F5F313434303936343338373937393339393136382220747970653D2264657074506F7374222064657074506F737449643D2231343430393634333837393739333939313638223E3C2F61637469766974693A64657074506F73743E0A20202020202020203C2F61637469766974693A64657074506F73744C6973743E0A2020202020203C2F657874656E73696F6E456C656D656E74733E0A202020203C2F62706D6E323A757365725461736B3E0A202020203C62706D6E323A73657175656E6365466C6F772069643D22466C6F775F3069746664623522206E616D653D22E5908CE6848F2220736F757263655265663D2241637469766974795F3078657463387522207461726765745265663D2241637469766974795F30647667346869223E0A2020202020203C657874656E73696F6E456C656D656E74733E0A20202020202020203C61637469766974693A637573746F6D436F6E646974696F6E20747970653D226F7065726174696F6E22206F7065726174696F6E547970653D226167726565223E3C2F61637469766974693A637573746F6D436F6E646974696F6E3E0A2020202020203C2F657874656E73696F6E456C656D656E74733E0A2020202020203C636F6E646974696F6E45787072657373696F6E207873693A747970653D2274466F726D616C45787072657373696F6E223E3C215B43444154415B247B6F7065726174696F6E54797065203D3D20276167726565277D5D5D3E3C2F636F6E646974696F6E45787072657373696F6E3E0A202020203C2F62706D6E323A73657175656E6365466C6F773E0A202020203C62706D6E323A757365725461736B2069643D2241637469766974795F30786F31346E7322206E616D653D22E6B395E58AA1E983A8E4BC9AE7ADBE222061637469766974693A61737369676E65653D22247B61737369676E65657D222061637469766974693A666F726D4B65793D227B2671756F743B666F726D49642671756F743B3A2671756F743B313434303935353030313039333439323733362671756F743B2C2671756F743B726561644F6E6C792671756F743B3A747275652C2671756F743B67726F7570547970652671756F743B3A2671756F743B41535349474E45452671756F743B7D223E0A2020202020203C657874656E73696F6E456C656D656E74733E0A20202020202020203C61637469766974693A6F7065726174696F6E4C6973743E0A202020202020202020203C61637469766974693A666F726D4F7065726174696F6E2069643D223136333437313239343530353322206C6162656C3D22E5908CE6848F2220747970653D226D756C74695F6167726565222073686F774F726465723D2230223E3C2F61637469766974693A666F726D4F7065726174696F6E3E0A202020202020202020203C61637469766974693A666F726D4F7065726174696F6E2069643D223136333437313239353131363022206C6162656C3D22E68B92E7BB9D2220747970653D226D756C74695F726566757365222073686F774F726465723D2231223E3C2F61637469766974693A666F726D4F7065726174696F6E3E0A20202020202020203C2F61637469766974693A6F7065726174696F6E4C6973743E0A20202020202020203C61637469766974693A7661726961626C654C6973743E3C2F61637469766974693A7661726961626C654C6973743E0A2020202020203C2F657874656E73696F6E456C656D656E74733E0A2020202020203C6D756C7469496E7374616E63654C6F6F7043686172616374657269737469637320697353657175656E7469616C3D2266616C7365222061637469766974693A636F6C6C656374696F6E3D2261737369676E65654C697374222061637469766974693A656C656D656E745661726961626C653D2261737369676E6565223E0A20202020202020203C636F6D706C6574696F6E436F6E646974696F6E3E247B6E724F66496E7374616E636573203D3D206E724F66436F6D706C65746564496E7374616E6365737D3C2F636F6D706C6574696F6E436F6E646974696F6E3E0A2020202020203C2F6D756C7469496E7374616E63654C6F6F704368617261637465726973746963733E0A202020203C2F62706D6E323A757365725461736B3E0A202020203C62706D6E323A73657175656E6365466C6F772069643D22466C6F775F307976347562702220736F757263655265663D2241637469766974795F3064766734686922207461726765745265663D2241637469766974795F30786F31346E73223E3C2F62706D6E323A73657175656E6365466C6F773E0A202020203C62706D6E323A6578636C7573697665476174657761792069643D22476174657761795F31633066687A66223E0A2020202020203C62706D6E323A696E636F6D696E673E466C6F775F306969796469703C2F62706D6E323A696E636F6D696E673E0A2020202020203C62706D6E323A6F7574676F696E673E466C6F775F3038653538356A3C2F62706D6E323A6F7574676F696E673E0A2020202020203C62706D6E323A6F7574676F696E673E466C6F775F3165696C647A703C2F62706D6E323A6F7574676F696E673E0A202020203C2F62706D6E323A6578636C7573697665476174657761793E0A202020203C62706D6E323A73657175656E6365466C6F772069643D22466C6F775F306969796469702220736F757263655265663D2241637469766974795F30786F31346E7322207461726765745265663D22476174657761795F31633066687A66223E3C2F62706D6E323A73657175656E6365466C6F773E0A202020203C62706D6E323A757365725461736B2069643D2241637469766974795F31656E68356B6522206E616D653D22E680BBE7BB8FE79086E5AEA1E689B9222061637469766974693A63616E64696461746547726F7570733D2231343430393131343130353831323133343136222061637469766974693A666F726D4B65793D227B2671756F743B666F726D49642671756F743B3A2671756F743B313434303935343932303334383934363433322671756F743B2C2671756F743B726561644F6E6C792671756F743B3A747275652C2671756F743B67726F7570547970652671756F743B3A2671756F743B444550542671756F743B7D223E0A2020202020203C657874656E73696F6E456C656D656E74733E0A20202020202020203C61637469766974693A6F7065726174696F6E4C6973743E0A202020202020202020203C61637469766974693A666F726D4F7065726174696F6E2069643D223136333437313331353630393122206C6162656C3D22E5908CE6848F2220747970653D226167726565222073686F774F726465723D2230223E3C2F61637469766974693A666F726D4F7065726174696F6E3E0A202020202020202020203C61637469766974693A666F726D4F7065726174696F6E2069643D223136333437313331353939353622206C6162656C3D22E68B92E7BB9D2220747970653D22726566757365222073686F774F726465723D2231223E3C2F61637469766974693A666F726D4F7065726174696F6E3E0A20202020202020203C2F61637469766974693A6F7065726174696F6E4C6973743E0A20202020202020203C61637469766974693A7661726961626C654C6973743E3C2F61637469766974693A7661726961626C654C6973743E0A20202020202020203C61637469766974693A7573657243616E64696461746547726F75707320747970653D2244455054222076616C75653D2231343430393131343130353831323133343136223E3C2F61637469766974693A7573657243616E64696461746547726F7570733E0A2020202020203C2F657874656E73696F6E456C656D656E74733E0A202020203C2F62706D6E323A757365725461736B3E0A202020203C62706D6E323A73657175656E6365466C6F772069643D22466C6F775F3038653538356A22206E616D653D22E5908CE6848FE4BABAE695B0E5A4A7E4BA8E3430252220736F757263655265663D22476174657761795F31633066687A6622207461726765745265663D2241637469766974795F31656E68356B65223E0A2020202020203C636F6E646974696F6E45787072657373696F6E207873693A747970653D2274466F726D616C45787072657373696F6E223E3C215B43444154415B247B6D756C74694167726565436F756E74202F206D756C74694E756D4F66496E7374616E636573203E20302E347D5D5D3E3C2F636F6E646974696F6E45787072657373696F6E3E0A202020203C2F62706D6E323A73657175656E6365466C6F773E0A202020203C62706D6E323A656E644576656E742069643D224576656E745F30383570366479223E0A2020202020203C62706D6E323A696E636F6D696E673E466C6F775F31696E776864653C2F62706D6E323A696E636F6D696E673E0A202020203C2F62706D6E323A656E644576656E743E0A202020203C62706D6E323A73657175656E6365466C6F772069643D22466C6F775F31696E7768646522206E616D653D22E5908CE6848F2220736F757263655265663D2241637469766974795F31656E68356B6522207461726765745265663D224576656E745F30383570366479223E0A2020202020203C657874656E73696F6E456C656D656E74733E0A20202020202020203C61637469766974693A637573746F6D436F6E646974696F6E20747970653D226F7065726174696F6E22206F7065726174696F6E547970653D226167726565223E3C2F61637469766974693A637573746F6D436F6E646974696F6E3E0A2020202020203C2F657874656E73696F6E456C656D656E74733E0A2020202020203C636F6E646974696F6E45787072657373696F6E207873693A747970653D2274466F726D616C45787072657373696F6E223E3C215B43444154415B247B6F7065726174696F6E54797065203D3D20276167726565277D5D5D3E3C2F636F6E646974696F6E45787072657373696F6E3E0A202020203C2F62706D6E323A73657175656E6365466C6F773E0A202020203C62706D6E323A73657175656E6365466C6F772069643D22466C6F775F306A306779327422206E616D653D22E68B92E7BB9D2220736F757263655265663D2241637469766974795F3078657463387522207461726765745265663D2241637469766974795F306263696F6866223E0A2020202020203C657874656E73696F6E456C656D656E74733E0A20202020202020203C61637469766974693A637573746F6D436F6E646974696F6E20747970653D226F7065726174696F6E22206F7065726174696F6E547970653D22726566757365223E3C2F61637469766974693A637573746F6D436F6E646974696F6E3E0A2020202020203C2F657874656E73696F6E456C656D656E74733E0A2020202020203C636F6E646974696F6E45787072657373696F6E207873693A747970653D2274466F726D616C45787072657373696F6E223E3C215B43444154415B247B6F7065726174696F6E54797065203D3D2027726566757365277D5D5D3E3C2F636F6E646974696F6E45787072657373696F6E3E0A202020203C2F62706D6E323A73657175656E6365466C6F773E0A202020203C62706D6E323A73657175656E6365466C6F772069643D22466C6F775F3165696C647A7022206E616D653D22E5908CE6848FE4BABAE695B0E5B08FE4BA8E3430252220736F757263655265663D22476174657761795F31633066687A6622207461726765745265663D2241637469766974795F306263696F6866223E0A2020202020203C636F6E646974696F6E45787072657373696F6E207873693A747970653D2274466F726D616C45787072657373696F6E223E3C215B43444154415B247B6D756C74694167726565436F756E74202F206D756C74694E756D4F66496E7374616E636573203C3D20302E347D5D5D3E3C2F636F6E646974696F6E45787072657373696F6E3E0A202020203C2F62706D6E323A73657175656E6365466C6F773E0A202020203C62706D6E323A73657175656E6365466C6F772069643D22466C6F775F3063326475367022206E616D653D22E68B92E7BB9D2220736F757263655265663D2241637469766974795F31656E68356B6522207461726765745265663D2241637469766974795F306263696F6866223E0A2020202020203C657874656E73696F6E456C656D656E74733E0A20202020202020203C61637469766974693A637573746F6D436F6E646974696F6E20747970653D226F7065726174696F6E22206F7065726174696F6E547970653D22726566757365223E3C2F61637469766974693A637573746F6D436F6E646974696F6E3E0A2020202020203C2F657874656E73696F6E456C656D656E74733E0A2020202020203C636F6E646974696F6E45787072657373696F6E207873693A747970653D2274466F726D616C45787072657373696F6E223E3C215B43444154415B247B6F7065726174696F6E54797065203D3D2027726566757365277D5D5D3E3C2F636F6E646974696F6E45787072657373696F6E3E0A202020203C2F62706D6E323A73657175656E6365466C6F773E0A20203C2F62706D6E323A70726F636573733E0A20203C62706D6E64693A42504D4E4469616772616D2069643D2242504D4E4469616772616D5F666C6F77436F6E7472616374223E0A202020203C62706D6E64693A42504D4E506C616E652062706D6E456C656D656E743D22666C6F77436F6E7472616374222069643D2242504D4E506C616E655F666C6F77436F6E7472616374223E0A2020202020203C62706D6E64693A42504D4E53686170652062706D6E456C656D656E743D224576656E745F306B6A70396369222069643D2242504D4E53686170655F4576656E745F306B6A70396369223E0A20202020202020203C6F6D6764633A426F756E6473206865696768743D2233362E30222077696474683D2233362E302220783D2234322E302220793D223330322E30223E3C2F6F6D6764633A426F756E64733E0A2020202020203C2F62706D6E64693A42504D4E53686170653E0A2020202020203C62706D6E64693A42504D4E53686170652062706D6E456C656D656E743D2241637469766974795F306263696F6866222069643D2242504D4E53686170655F41637469766974795F306263696F6866223E0A20202020202020203C6F6D6764633A426F756E6473206865696768743D2238302E30222077696474683D223130302E302220783D223133302E302220793D223238302E30223E3C2F6F6D6764633A426F756E64733E0A2020202020203C2F62706D6E64693A42504D4E53686170653E0A2020202020203C62706D6E64693A42504D4E53686170652062706D6E456C656D656E743D2241637469766974795F3035336F6D3939222069643D2242504D4E53686170655F41637469766974795F3035336F6D3939223E0A20202020202020203C6F6D6764633A426F756E6473206865696768743D2238302E30222077696474683D223130302E302220783D223239302E302220793D223238302E30223E3C2F6F6D6764633A426F756E64733E0A2020202020203C2F62706D6E64693A42504D4E53686170653E0A2020202020203C62706D6E64693A42504D4E53686170652062706D6E456C656D656E743D22476174657761795F3038353538696A222069643D2242504D4E53686170655F476174657761795F3038353538696A223E0A20202020202020203C6F6D6764633A426F756E6473206865696768743D2235302E30222077696474683D2235302E302220783D223435352E302220793D223239352E30223E3C2F6F6D6764633A426F756E64733E0A2020202020203C2F62706D6E64693A42504D4E53686170653E0A2020202020203C62706D6E64693A42504D4E53686170652062706D6E456C656D656E743D2241637469766974795F307A3930616C69222069643D2242504D4E53686170655F41637469766974795F307A3930616C69223E0A20202020202020203C6F6D6764633A426F756E6473206865696768743D2238302E30222077696474683D223130302E302220783D223537302E302220793D223137302E30223E3C2F6F6D6764633A426F756E64733E0A2020202020203C2F62706D6E64693A42504D4E53686170653E0A2020202020203C62706D6E64693A42504D4E53686170652062706D6E456C656D656E743D2241637469766974795F3137393330616A222069643D2242504D4E53686170655F41637469766974795F3137393330616A223E0A20202020202020203C6F6D6764633A426F756E6473206865696768743D2238302E30222077696474683D223130302E302220783D223537302E302220793D223238302E30223E3C2F6F6D6764633A426F756E64733E0A2020202020203C2F62706D6E64693A42504D4E53686170653E0A2020202020203C62706D6E64693A42504D4E53686170652062706D6E456C656D656E743D22476174657761795F30796A79713068222069643D2242504D4E53686170655F476174657761795F30796A79713068223E0A20202020202020203C6F6D6764633A426F756E6473206865696768743D2235302E30222077696474683D2235302E302220783D223733352E302220793D223239352E30223E3C2F6F6D6764633A426F756E64733E0A2020202020203C2F62706D6E64693A42504D4E53686170653E0A2020202020203C62706D6E64693A42504D4E53686170652062706D6E456C656D656E743D2241637469766974795F30786574633875222069643D2242504D4E53686170655F41637469766974795F30786574633875223E0A20202020202020203C6F6D6764633A426F756E6473206865696768743D2238302E30222077696474683D223130302E302220783D223837302E302220793D223238302E30223E3C2F6F6D6764633A426F756E64733E0A2020202020203C2F62706D6E64693A42504D4E53686170653E0A2020202020203C62706D6E64693A42504D4E53686170652062706D6E456C656D656E743D2241637469766974795F30647667346869222069643D2242504D4E53686170655F41637469766974795F30647667346869223E0A20202020202020203C6F6D6764633A426F756E6473206865696768743D2238302E30222077696474683D223130302E302220783D223837302E302220793D223436302E30223E3C2F6F6D6764633A426F756E64733E0A2020202020203C2F62706D6E64693A42504D4E53686170653E0A2020202020203C62706D6E64693A42504D4E53686170652062706D6E456C656D656E743D2241637469766974795F30786F31346E73222069643D2242504D4E53686170655F41637469766974795F30786F31346E73223E0A20202020202020203C6F6D6764633A426F756E6473206865696768743D2238302E30222077696474683D223130302E302220783D223731302E302220793D223436302E30223E3C2F6F6D6764633A426F756E64733E0A2020202020203C2F62706D6E64693A42504D4E53686170653E0A2020202020203C62706D6E64693A42504D4E53686170652062706D6E456C656D656E743D22476174657761795F31633066687A66222069643D2242504D4E53686170655F476174657761795F31633066687A66223E0A20202020202020203C6F6D6764633A426F756E6473206865696768743D2235302E30222077696474683D2235302E302220783D223535352E302220793D223437352E30223E3C2F6F6D6764633A426F756E64733E0A2020202020203C2F62706D6E64693A42504D4E53686170653E0A2020202020203C62706D6E64693A42504D4E53686170652062706D6E456C656D656E743D2241637469766974795F31656E68356B65222069643D2242504D4E53686170655F41637469766974795F31656E68356B65223E0A20202020202020203C6F6D6764633A426F756E6473206865696768743D2238302E30222077696474683D223130302E302220783D223133302E302220793D223436302E30223E3C2F6F6D6764633A426F756E64733E0A2020202020203C2F62706D6E64693A42504D4E53686170653E0A2020202020203C62706D6E64693A42504D4E53686170652062706D6E456C656D656E743D224576656E745F30383570366479222069643D2242504D4E53686170655F4576656E745F30383570366479223E0A20202020202020203C6F6D6764633A426F756E6473206865696768743D2233362E30222077696474683D2233362E302220783D2234322E302220793D223438322E30223E3C2F6F6D6764633A426F756E64733E0A2020202020203C2F62706D6E64693A42504D4E53686170653E0A2020202020203C62706D6E64693A42504D4E456467652062706D6E456C656D656E743D22466C6F775F30633264753670222069643D2242504D4E456467655F466C6F775F30633264753670223E0A20202020202020203C6F6D6764693A776179706F696E7420783D223135302E302220793D223436302E30223E3C2F6F6D6764693A776179706F696E743E0A20202020202020203C6F6D6764693A776179706F696E7420783D223135302E302220793D223336302E30223E3C2F6F6D6764693A776179706F696E743E0A20202020202020203C62706D6E64693A42504D4E4C6162656C3E0A202020202020202020203C6F6D6764633A426F756E6473206865696768743D2231342E30222077696474683D2232322E302220783D223135342E302220793D223430372E30223E3C2F6F6D6764633A426F756E64733E0A20202020202020203C2F62706D6E64693A42504D4E4C6162656C3E0A2020202020203C2F62706D6E64693A42504D4E456467653E0A2020202020203C62706D6E64693A42504D4E456467652062706D6E456C656D656E743D22466C6F775F3165696C647A70222069643D2242504D4E456467655F466C6F775F3165696C647A70223E0A20202020202020203C6F6D6764693A776179706F696E7420783D223538302E302220793D223437352E30223E3C2F6F6D6764693A776179706F696E743E0A20202020202020203C6F6D6764693A776179706F696E7420783D223538302E302220793D223433302E30223E3C2F6F6D6764693A776179706F696E743E0A20202020202020203C6F6D6764693A776179706F696E7420783D223138302E302220793D223433302E30223E3C2F6F6D6764693A776179706F696E743E0A20202020202020203C6F6D6764693A776179706F696E7420783D223138302E302220793D223336302E30223E3C2F6F6D6764693A776179706F696E743E0A20202020202020203C62706D6E64693A42504D4E4C6162656C3E0A202020202020202020203C6F6D6764633A426F756E6473206865696768743D2231342E30222077696474683D2238392E302220783D223333362E302220793D223431322E30223E3C2F6F6D6764633A426F756E64733E0A20202020202020203C2F62706D6E64693A42504D4E4C6162656C3E0A2020202020203C2F62706D6E64693A42504D4E456467653E0A2020202020203C62706D6E64693A42504D4E456467652062706D6E456C656D656E743D22466C6F775F306A3067793274222069643D2242504D4E456467655F466C6F775F306A3067793274223E0A20202020202020203C6F6D6764693A776179706F696E7420783D223839302E302220793D223336302E30223E3C2F6F6D6764693A776179706F696E743E0A20202020202020203C6F6D6764693A776179706F696E7420783D223839302E302220793D223339302E30223E3C2F6F6D6764693A776179706F696E743E0A20202020202020203C6F6D6764693A776179706F696E7420783D223231302E302220793D223339302E30223E3C2F6F6D6764693A776179706F696E743E0A20202020202020203C6F6D6764693A776179706F696E7420783D223231302E302220793D223336302E30223E3C2F6F6D6764693A776179706F696E743E0A20202020202020203C62706D6E64693A42504D4E4C6162656C3E0A202020202020202020203C6F6D6764633A426F756E6473206865696768743D2231342E30222077696474683D2232322E302220783D223533392E302220793D223337322E30223E3C2F6F6D6764633A426F756E64733E0A20202020202020203C2F62706D6E64693A42504D4E4C6162656C3E0A2020202020203C2F62706D6E64693A42504D4E456467653E0A2020202020203C62706D6E64693A42504D4E456467652062706D6E456C656D656E743D22466C6F775F31696E77686465222069643D2242504D4E456467655F466C6F775F31696E77686465223E0A20202020202020203C6F6D6764693A776179706F696E7420783D223133302E302220793D223530302E30223E3C2F6F6D6764693A776179706F696E743E0A20202020202020203C6F6D6764693A776179706F696E7420783D2237382E302220793D223530302E30223E3C2F6F6D6764693A776179706F696E743E0A20202020202020203C62706D6E64693A42504D4E4C6162656C3E0A202020202020202020203C6F6D6764633A426F756E6473206865696768743D2231342E30222077696474683D2232332E302220783D2239332E302220793D223438322E30223E3C2F6F6D6764633A426F756E64733E0A20202020202020203C2F62706D6E64693A42504D4E4C6162656C3E0A2020202020203C2F62706D6E64693A42504D4E456467653E0A2020202020203C62706D6E64693A42504D4E456467652062706D6E456C656D656E743D22466C6F775F3038653538356A222069643D2242504D4E456467655F466C6F775F3038653538356A223E0A20202020202020203C6F6D6764693A776179706F696E7420783D223535352E302220793D223530302E30223E3C2F6F6D6764693A776179706F696E743E0A20202020202020203C6F6D6764693A776179706F696E7420783D223233302E302220793D223530302E30223E3C2F6F6D6764693A776179706F696E743E0A20202020202020203C62706D6E64693A42504D4E4C6162656C3E0A202020202020202020203C6F6D6764633A426F756E6473206865696768743D2231342E30222077696474683D2238392E302220783D223334382E302220793D223438322E30223E3C2F6F6D6764633A426F756E64733E0A20202020202020203C2F62706D6E64693A42504D4E4C6162656C3E0A2020202020203C2F62706D6E64693A42504D4E456467653E0A2020202020203C62706D6E64693A42504D4E456467652062706D6E456C656D656E743D22466C6F775F30696979646970222069643D2242504D4E456467655F466C6F775F30696979646970223E0A20202020202020203C6F6D6764693A776179706F696E7420783D223731302E302220793D223530302E30223E3C2F6F6D6764693A776179706F696E743E0A20202020202020203C6F6D6764693A776179706F696E7420783D223630352E302220793D223530302E30223E3C2F6F6D6764693A776179706F696E743E0A2020202020203C2F62706D6E64693A42504D4E456467653E0A2020202020203C62706D6E64693A42504D4E456467652062706D6E456C656D656E743D22466C6F775F30797634756270222069643D2242504D4E456467655F466C6F775F30797634756270223E0A20202020202020203C6F6D6764693A776179706F696E7420783D223837302E302220793D223530302E30223E3C2F6F6D6764693A776179706F696E743E0A20202020202020203C6F6D6764693A776179706F696E7420783D223831302E302220793D223530302E30223E3C2F6F6D6764693A776179706F696E743E0A2020202020203C2F62706D6E64693A42504D4E456467653E0A2020202020203C62706D6E64693A42504D4E456467652062706D6E456C656D656E743D22466C6F775F30697466646235222069643D2242504D4E456467655F466C6F775F30697466646235223E0A20202020202020203C6F6D6764693A776179706F696E7420783D223934302E302220793D223336302E30223E3C2F6F6D6764693A776179706F696E743E0A20202020202020203C6F6D6764693A776179706F696E7420783D223934302E302220793D223436302E30223E3C2F6F6D6764693A776179706F696E743E0A20202020202020203C62706D6E64693A42504D4E4C6162656C3E0A202020202020202020203C6F6D6764633A426F756E6473206865696768743D2231342E30222077696474683D2232332E302220783D223934342E302220793D223430372E30223E3C2F6F6D6764633A426F756E64733E0A20202020202020203C2F62706D6E64693A42504D4E4C6162656C3E0A2020202020203C2F62706D6E64693A42504D4E456467653E0A2020202020203C62706D6E64693A42504D4E456467652062706D6E456C656D656E743D22466C6F775F30767435676F72222069643D2242504D4E456467655F466C6F775F30767435676F72223E0A20202020202020203C6F6D6764693A776179706F696E7420783D223738352E302220793D223332302E30223E3C2F6F6D6764693A776179706F696E743E0A20202020202020203C6F6D6764693A776179706F696E7420783D223837302E302220793D223332302E30223E3C2F6F6D6764693A776179706F696E743E0A2020202020203C2F62706D6E64693A42504D4E456467653E0A2020202020203C62706D6E64693A42504D4E456467652062706D6E456C656D656E743D22466C6F775F31306866397935222069643D2242504D4E456467655F466C6F775F31306866397935223E0A20202020202020203C6F6D6764693A776179706F696E7420783D223637302E302220793D223231302E30223E3C2F6F6D6764693A776179706F696E743E0A20202020202020203C6F6D6764693A776179706F696E7420783D223736302E302220793D223231302E30223E3C2F6F6D6764693A776179706F696E743E0A20202020202020203C6F6D6764693A776179706F696E7420783D223736302E302220793D223239352E30223E3C2F6F6D6764693A776179706F696E743E0A2020202020203C2F62706D6E64693A42504D4E456467653E0A2020202020203C62706D6E64693A42504D4E456467652062706D6E456C656D656E743D22466C6F775F316E3563786667222069643D2242504D4E456467655F466C6F775F316E3563786667223E0A20202020202020203C6F6D6764693A776179706F696E7420783D223637302E302220793D223332302E30223E3C2F6F6D6764693A776179706F696E743E0A20202020202020203C6F6D6764693A776179706F696E7420783D223733352E302220793D223332302E30223E3C2F6F6D6764693A776179706F696E743E0A2020202020203C2F62706D6E64693A42504D4E456467653E0A2020202020203C62706D6E64693A42504D4E456467652062706D6E456C656D656E743D22466C6F775F31716839637030222069643D2242504D4E456467655F466C6F775F31716839637030223E0A20202020202020203C6F6D6764693A776179706F696E7420783D223530352E302220793D223332302E30223E3C2F6F6D6764693A776179706F696E743E0A20202020202020203C6F6D6764693A776179706F696E7420783D223537302E302220793D223332302E30223E3C2F6F6D6764693A776179706F696E743E0A2020202020203C2F62706D6E64693A42504D4E456467653E0A2020202020203C62706D6E64693A42504D4E456467652062706D6E456C656D656E743D22466C6F775F3164357568636F222069643D2242504D4E456467655F466C6F775F3164357568636F223E0A20202020202020203C6F6D6764693A776179706F696E7420783D223438302E302220793D223239352E30223E3C2F6F6D6764693A776179706F696E743E0A20202020202020203C6F6D6764693A776179706F696E7420783D223438302E302220793D223231302E30223E3C2F6F6D6764693A776179706F696E743E0A20202020202020203C6F6D6764693A776179706F696E7420783D223537302E302220793D223231302E30223E3C2F6F6D6764693A776179706F696E743E0A2020202020203C2F62706D6E64693A42504D4E456467653E0A2020202020203C62706D6E64693A42504D4E456467652062706D6E456C656D656E743D22466C6F775F3076357A6A336B222069643D2242504D4E456467655F466C6F775F3076357A6A336B223E0A20202020202020203C6F6D6764693A776179706F696E7420783D223339302E302220793D223332302E30223E3C2F6F6D6764693A776179706F696E743E0A20202020202020203C6F6D6764693A776179706F696E7420783D223435352E302220793D223332302E30223E3C2F6F6D6764693A776179706F696E743E0A2020202020203C2F62706D6E64693A42504D4E456467653E0A2020202020203C62706D6E64693A42504D4E456467652062706D6E456C656D656E743D22466C6F775F30647766397974222069643D2242504D4E456467655F466C6F775F30647766397974223E0A20202020202020203C6F6D6764693A776179706F696E7420783D223233302E302220793D223332302E30223E3C2F6F6D6764693A776179706F696E743E0A20202020202020203C6F6D6764693A776179706F696E7420783D223239302E302220793D223332302E30223E3C2F6F6D6764693A776179706F696E743E0A2020202020203C2F62706D6E64693A42504D4E456467653E0A2020202020203C62706D6E64693A42504D4E456467652062706D6E456C656D656E743D22466C6F775F30656D7834307A222069643D2242504D4E456467655F466C6F775F30656D7834307A223E0A20202020202020203C6F6D6764693A776179706F696E7420783D2237382E302220793D223332302E30223E3C2F6F6D6764693A776179706F696E743E0A20202020202020203C6F6D6764693A776179706F696E7420783D223133302E302220793D223332302E30223E3C2F6F6D6764693A776179706F696E743E0A2020202020203C2F62706D6E64693A42504D4E456467653E0A202020203C2F62706D6E64693A42504D4E506C616E653E0A20203C2F62706D6E64693A42504D4E4469616772616D3E0A3C2F62706D6E323A646566696E6974696F6E733E, 0);
INSERT INTO `ACT_GE_BYTEARRAY` VALUES ('778892c3-5e70-11ec-9355-5e4c369e54c1', 1, 'flowConsign.bpmn', '778892c2-5e70-11ec-9355-5e4c369e54c1', 0x3C3F786D6C2076657273696F6E3D22312E302220656E636F64696E673D225554462D38223F3E0A3C62706D6E323A646566696E6974696F6E7320786D6C6E733D22687474703A2F2F7777772E6F6D672E6F72672F737065632F42504D4E2F32303130303532342F4D4F44454C2220786D6C6E733A62706D6E323D22687474703A2F2F7777772E6F6D672E6F72672F737065632F42504D4E2F32303130303532342F4D4F44454C2220786D6C6E733A7873693D22687474703A2F2F7777772E77332E6F72672F323030312F584D4C536368656D612D696E7374616E63652220786D6C6E733A7873643D22687474703A2F2F7777772E77332E6F72672F323030312F584D4C536368656D612220786D6C6E733A61637469766974693D22687474703A2F2F61637469766974692E6F72672F62706D6E2220786D6C6E733A62706D6E64693D22687474703A2F2F7777772E6F6D672E6F72672F737065632F42504D4E2F32303130303532342F44492220786D6C6E733A6F6D6764633D22687474703A2F2F7777772E6F6D672E6F72672F737065632F44442F32303130303532342F44432220786D6C6E733A6F6D6764693D22687474703A2F2F7777772E6F6D672E6F72672F737065632F44442F32303130303532342F44492220786D6C6E733A64633D22687474703A2F2F7777772E6F6D672E6F72672F737065632F44442F32303130303532342F44432220786D6C6E733A64693D22687474703A2F2F7777772E6F6D672E6F72672F737065632F44442F32303130303532342F44492220747970654C616E67756167653D22687474703A2F2F7777772E77332E6F72672F323030312F584D4C536368656D61222065787072657373696F6E4C616E67756167653D22687474703A2F2F7777772E77332E6F72672F313939392F585061746822207461726765744E616D6573706163653D22687474703A2F2F61637469766974692E6F72672F62706D6E222069643D226469616772616D5F666C6F77436F6E7369676E22207873693A736368656D614C6F636174696F6E3D22687474703A2F2F7777772E6F6D672E6F72672F737065632F42504D4E2F32303130303532342F4D4F44454C2042504D4E32302E787364223E0A20203C62706D6E323A70726F636573732069643D22666C6F77436F6E7369676E22206E616D653D22E5A49AE5AE9EE4BE8BE58AA0E7ADBE2220697345786563757461626C653D2274727565223E0A202020203C657874656E73696F6E456C656D656E74733E0A2020202020203C61637469766974693A657865637574696F6E4C697374656E6572206576656E743D22656E642220636C6173733D22636F6D2E6F72616E6765666F726D732E636F6D6D6F6E2E666C6F772E6C697374656E65722E466C6F7746696E69736865644C697374656E6572223E3C2F61637469766974693A657865637574696F6E4C697374656E65723E0A202020203C2F657874656E73696F6E456C656D656E74733E0A202020203C62706D6E323A73746172744576656E742069643D224576656E745F30696A78367971223E0A2020202020203C62706D6E323A6F7574676F696E673E466C6F775F303569676E6E613C2F62706D6E323A6F7574676F696E673E0A202020203C2F62706D6E323A73746172744576656E743E0A202020203C62706D6E323A757365725461736B2069643D2241637469766974795F313032326E747922206E616D653D22E5BD95E585A5222061637469766974693A61737369676E65653D22247B7374617274557365724E616D657D222061637469766974693A666F726D4B65793D227B2671756F743B666F726D49642671756F743B3A2671756F743B313434303934353431313335343236373634382671756F743B2C2671756F743B726561644F6E6C792671756F743B3A66616C73652C2671756F743B67726F7570547970652671756F743B3A2671756F743B41535349474E45452671756F743B7D223E0A2020202020203C657874656E73696F6E456C656D656E74733E0A20202020202020203C61637469766974693A6F7065726174696F6E4C6973743E0A202020202020202020203C61637469766974693A666F726D4F7065726174696F6E2069643D223136333437313334383132303222206C6162656C3D22E4BC9AE7ADBE2220747970653D226D756C74695F7369676E222073686F774F726465723D223022206D756C74695369676E41737369676E65653D227B2671756F743B61737369676E6565547970652671756F743B3A2671756F743B555345525F47524F55502671756F743B2C2671756F743B61737369676E65654C6973742671756F743B3A2671756F743B61646D696E2C75736572412C75736572422671756F743B7D223E3C2F61637469766974693A666F726D4F7065726174696F6E3E0A202020202020202020203C61637469766974693A666F726D4F7065726174696F6E2069643D223136333437313335353833333422206C6162656C3D22E58AA0E7ADBE2220747970653D226D756C74695F636F6E7369676E222073686F774F726465723D2231223E3C2F61637469766974693A666F726D4F7065726174696F6E3E0A20202020202020203C2F61637469766974693A6F7065726174696F6E4C6973743E0A20202020202020203C61637469766974693A7661726961626C654C6973743E3C2F61637469766974693A7661726961626C654C6973743E0A2020202020203C2F657874656E73696F6E456C656D656E74733E0A202020203C2F62706D6E323A757365725461736B3E0A202020203C62706D6E323A73657175656E6365466C6F772069643D22466C6F775F303569676E6E612220736F757263655265663D224576656E745F30696A7836797122207461726765745265663D2241637469766974795F313032326E7479223E3C2F62706D6E323A73657175656E6365466C6F773E0A202020203C62706D6E323A757365725461736B2069643D2241637469766974795F30756D79706F6722206E616D653D22E4BC9AE7ADBE222061637469766974693A61737369676E65653D22247B61737369676E65657D222061637469766974693A666F726D4B65793D227B2671756F743B666F726D49642671756F743B3A2671756F743B313434303934353431313335343236373634382671756F743B2C2671756F743B726561644F6E6C792671756F743B3A747275652C2671756F743B67726F7570547970652671756F743B3A2671756F743B41535349474E45452671756F743B7D223E0A2020202020203C657874656E73696F6E456C656D656E74733E0A20202020202020203C61637469766974693A6F7065726174696F6E4C6973743E0A202020202020202020203C61637469766974693A666F726D4F7065726174696F6E2069643D223136333936353937313830383122206C6162656C3D22E5908CE6848FEFBC88E4BC9AE7ADBEEFBC892220747970653D226D756C74695F6167726565222073686F774F726465723D2230223E3C2F61637469766974693A666F726D4F7065726174696F6E3E0A202020202020202020203C61637469766974693A666F726D4F7065726174696F6E2069643D223136333936353937323431313922206C6162656C3D22E68B92E7BB9DEFBC88E4BC9AE7ADBEEFBC892220747970653D226D756C74695F726566757365222073686F774F726465723D2231223E3C2F61637469766974693A666F726D4F7065726174696F6E3E0A20202020202020203C2F61637469766974693A6F7065726174696F6E4C6973743E0A20202020202020203C61637469766974693A7661726961626C654C6973743E3C2F61637469766974693A7661726961626C654C6973743E0A2020202020203C2F657874656E73696F6E456C656D656E74733E0A2020202020203C6D756C7469496E7374616E63654C6F6F7043686172616374657269737469637320697353657175656E7469616C3D2266616C7365222061637469766974693A636F6C6C656374696F6E3D2261737369676E65654C697374222061637469766974693A656C656D656E745661726961626C653D2261737369676E6565223E0A20202020202020203C636F6D706C6574696F6E436F6E646974696F6E3E247B6E724F66496E7374616E636573203D3D206E724F66436F6D706C65746564496E7374616E6365737D3C2F636F6D706C6574696F6E436F6E646974696F6E3E0A2020202020203C2F6D756C7469496E7374616E63654C6F6F704368617261637465726973746963733E0A202020203C2F62706D6E323A757365725461736B3E0A202020203C62706D6E323A73657175656E6365466C6F772069643D22466C6F775F31387A6C3769392220736F757263655265663D2241637469766974795F313032326E747922207461726765745265663D2241637469766974795F30756D79706F67223E3C2F62706D6E323A73657175656E6365466C6F773E0A202020203C62706D6E323A757365725461736B2069643D2241637469766974795F3168396464387422206E616D653D22E5AEA1E689B9222061637469766974693A61737369676E65653D2261646D696E222061637469766974693A666F726D4B65793D227B2671756F743B666F726D49642671756F743B3A2671756F743B313434303934353431313335343236373634382671756F743B2C2671756F743B726561644F6E6C792671756F743B3A747275652C2671756F743B67726F7570547970652671756F743B3A2671756F743B41535349474E45452671756F743B7D223E0A2020202020203C657874656E73696F6E456C656D656E74733E0A20202020202020203C61637469766974693A6F7065726174696F6E4C6973743E0A202020202020202020203C61637469766974693A666F726D4F7065726174696F6E2069643D223136333437313339363938343222206C6162656C3D22E5908CE6848F2220747970653D226167726565222073686F774F726465723D2230223E3C2F61637469766974693A666F726D4F7065726174696F6E3E0A202020202020202020203C61637469766974693A666F726D4F7065726174696F6E2069643D223136333437313339373531323022206C6162656C3D22E68B92E7BB9D2220747970653D22726566757365222073686F774F726465723D2231223E3C2F61637469766974693A666F726D4F7065726174696F6E3E0A20202020202020203C2F61637469766974693A6F7065726174696F6E4C6973743E0A20202020202020203C61637469766974693A7661726961626C654C6973743E3C2F61637469766974693A7661726961626C654C6973743E0A2020202020203C2F657874656E73696F6E456C656D656E74733E0A202020203C2F62706D6E323A757365725461736B3E0A202020203C62706D6E323A73657175656E6365466C6F772069643D22466C6F775F313332613177652220736F757263655265663D2241637469766974795F30756D79706F6722207461726765745265663D2241637469766974795F31683964643874223E3C2F62706D6E323A73657175656E6365466C6F773E0A202020203C62706D6E323A656E644576656E742069643D224576656E745F30626E356E6C31223E0A2020202020203C62706D6E323A696E636F6D696E673E466C6F775F317734386D65313C2F62706D6E323A696E636F6D696E673E0A202020203C2F62706D6E323A656E644576656E743E0A202020203C62706D6E323A73657175656E6365466C6F772069643D22466C6F775F317734386D653122206E616D653D22E5908CE6848F2220736F757263655265663D2241637469766974795F3168396464387422207461726765745265663D224576656E745F30626E356E6C31223E0A2020202020203C657874656E73696F6E456C656D656E74733E0A20202020202020203C61637469766974693A637573746F6D436F6E646974696F6E20747970653D226F7065726174696F6E22206F7065726174696F6E547970653D226167726565223E3C2F61637469766974693A637573746F6D436F6E646974696F6E3E0A2020202020203C2F657874656E73696F6E456C656D656E74733E0A2020202020203C636F6E646974696F6E45787072657373696F6E207873693A747970653D2274466F726D616C45787072657373696F6E223E3C215B43444154415B247B6F7065726174696F6E54797065203D3D20276167726565277D5D5D3E3C2F636F6E646974696F6E45787072657373696F6E3E0A202020203C2F62706D6E323A73657175656E6365466C6F773E0A202020203C62706D6E323A73657175656E6365466C6F772069643D22466C6F775F31707632617A7422206E616D653D22E68B92E7BB9D2220736F757263655265663D2241637469766974795F3168396464387422207461726765745265663D2241637469766974795F313032326E7479223E0A2020202020203C657874656E73696F6E456C656D656E74733E0A20202020202020203C61637469766974693A637573746F6D436F6E646974696F6E20747970653D226F7065726174696F6E22206F7065726174696F6E547970653D22726566757365223E3C2F61637469766974693A637573746F6D436F6E646974696F6E3E0A2020202020203C2F657874656E73696F6E456C656D656E74733E0A2020202020203C636F6E646974696F6E45787072657373696F6E207873693A747970653D2274466F726D616C45787072657373696F6E223E3C215B43444154415B247B6F7065726174696F6E54797065203D3D2027726566757365277D5D5D3E3C2F636F6E646974696F6E45787072657373696F6E3E0A202020203C2F62706D6E323A73657175656E6365466C6F773E0A20203C2F62706D6E323A70726F636573733E0A20203C62706D6E64693A42504D4E4469616772616D2069643D2242504D4E4469616772616D5F666C6F77436F6E7369676E223E0A202020203C62706D6E64693A42504D4E506C616E652062706D6E456C656D656E743D22666C6F77436F6E7369676E222069643D2242504D4E506C616E655F666C6F77436F6E7369676E223E0A2020202020203C62706D6E64693A42504D4E53686170652062706D6E456C656D656E743D224576656E745F30696A78367971222069643D2242504D4E53686170655F4576656E745F30696A78367971223E0A20202020202020203C6F6D6764633A426F756E6473206865696768743D2233362E30222077696474683D2233362E302220783D223135322E302220793D223237322E30223E3C2F6F6D6764633A426F756E64733E0A2020202020203C2F62706D6E64693A42504D4E53686170653E0A2020202020203C62706D6E64693A42504D4E53686170652062706D6E456C656D656E743D2241637469766974795F313032326E7479222069643D2242504D4E53686170655F41637469766974795F313032326E7479223E0A20202020202020203C6F6D6764633A426F756E6473206865696768743D2238302E30222077696474683D223130302E302220783D223234302E302220793D223235302E30223E3C2F6F6D6764633A426F756E64733E0A2020202020203C2F62706D6E64693A42504D4E53686170653E0A2020202020203C62706D6E64693A42504D4E53686170652062706D6E456C656D656E743D2241637469766974795F30756D79706F67222069643D2242504D4E53686170655F41637469766974795F30756D79706F67223E0A20202020202020203C6F6D6764633A426F756E6473206865696768743D2238302E30222077696474683D223130302E302220783D223430302E302220793D223235302E30223E3C2F6F6D6764633A426F756E64733E0A2020202020203C2F62706D6E64693A42504D4E53686170653E0A2020202020203C62706D6E64693A42504D4E53686170652062706D6E456C656D656E743D2241637469766974795F31683964643874222069643D2242504D4E53686170655F41637469766974795F31683964643874223E0A20202020202020203C6F6D6764633A426F756E6473206865696768743D2238302E30222077696474683D223130302E302220783D223536302E302220793D223235302E30223E3C2F6F6D6764633A426F756E64733E0A2020202020203C2F62706D6E64693A42504D4E53686170653E0A2020202020203C62706D6E64693A42504D4E53686170652062706D6E456C656D656E743D224576656E745F30626E356E6C31222069643D2242504D4E53686170655F4576656E745F30626E356E6C31223E0A20202020202020203C6F6D6764633A426F756E6473206865696768743D2233362E30222077696474683D2233362E302220783D223732322E302220793D223237322E30223E3C2F6F6D6764633A426F756E64733E0A2020202020203C2F62706D6E64693A42504D4E53686170653E0A2020202020203C62706D6E64693A42504D4E456467652062706D6E456C656D656E743D22466C6F775F31707632617A74222069643D2242504D4E456467655F466C6F775F31707632617A74223E0A20202020202020203C6F6D6764693A776179706F696E7420783D223631302E302220793D223235302E30223E3C2F6F6D6764693A776179706F696E743E0A20202020202020203C6F6D6764693A776179706F696E7420783D223631302E302220793D223232302E30223E3C2F6F6D6764693A776179706F696E743E0A20202020202020203C6F6D6764693A776179706F696E7420783D223239302E302220793D223232302E30223E3C2F6F6D6764693A776179706F696E743E0A20202020202020203C6F6D6764693A776179706F696E7420783D223239302E302220793D223235302E30223E3C2F6F6D6764693A776179706F696E743E0A20202020202020203C62706D6E64693A42504D4E4C6162656C3E0A202020202020202020203C6F6D6764633A426F756E6473206865696768743D2231342E30222077696474683D2232322E302220783D223433392E302220793D223230322E30223E3C2F6F6D6764633A426F756E64733E0A20202020202020203C2F62706D6E64693A42504D4E4C6162656C3E0A2020202020203C2F62706D6E64693A42504D4E456467653E0A2020202020203C62706D6E64693A42504D4E456467652062706D6E456C656D656E743D22466C6F775F317734386D6531222069643D2242504D4E456467655F466C6F775F317734386D6531223E0A20202020202020203C6F6D6764693A776179706F696E7420783D223636302E302220793D223239302E30223E3C2F6F6D6764693A776179706F696E743E0A20202020202020203C6F6D6764693A776179706F696E7420783D223732322E302220793D223239302E30223E3C2F6F6D6764693A776179706F696E743E0A20202020202020203C62706D6E64693A42504D4E4C6162656C3E0A202020202020202020203C6F6D6764633A426F756E6473206865696768743D2231342E30222077696474683D2232332E302220783D223638302E302220793D223237322E30223E3C2F6F6D6764633A426F756E64733E0A20202020202020203C2F62706D6E64693A42504D4E4C6162656C3E0A2020202020203C2F62706D6E64693A42504D4E456467653E0A2020202020203C62706D6E64693A42504D4E456467652062706D6E456C656D656E743D22466C6F775F31333261317765222069643D2242504D4E456467655F466C6F775F31333261317765223E0A20202020202020203C6F6D6764693A776179706F696E7420783D223530302E302220793D223239302E30223E3C2F6F6D6764693A776179706F696E743E0A20202020202020203C6F6D6764693A776179706F696E7420783D223536302E302220793D223239302E30223E3C2F6F6D6764693A776179706F696E743E0A2020202020203C2F62706D6E64693A42504D4E456467653E0A2020202020203C62706D6E64693A42504D4E456467652062706D6E456C656D656E743D22466C6F775F31387A6C376939222069643D2242504D4E456467655F466C6F775F31387A6C376939223E0A20202020202020203C6F6D6764693A776179706F696E7420783D223334302E302220793D223239302E30223E3C2F6F6D6764693A776179706F696E743E0A20202020202020203C6F6D6764693A776179706F696E7420783D223430302E302220793D223239302E30223E3C2F6F6D6764693A776179706F696E743E0A2020202020203C2F62706D6E64693A42504D4E456467653E0A2020202020203C62706D6E64693A42504D4E456467652062706D6E456C656D656E743D22466C6F775F303569676E6E61222069643D2242504D4E456467655F466C6F775F303569676E6E61223E0A20202020202020203C6F6D6764693A776179706F696E7420783D223138382E302220793D223239302E30223E3C2F6F6D6764693A776179706F696E743E0A20202020202020203C6F6D6764693A776179706F696E7420783D223234302E302220793D223239302E30223E3C2F6F6D6764693A776179706F696E743E0A2020202020203C2F62706D6E64693A42504D4E456467653E0A202020203C2F62706D6E64693A42504D4E506C616E653E0A20203C2F62706D6E64693A42504D4E4469616772616D3E0A3C2F62706D6E323A646566696E6974696F6E733E, 0);
INSERT INTO `ACT_GE_BYTEARRAY` VALUES ('79a037d0-3184-11ec-9f40-f20b812c0662', 1, 'flowLeave.bpmn', '79a037cf-3184-11ec-9f40-f20b812c0662', 0x3C3F786D6C2076657273696F6E3D22312E302220656E636F64696E673D225554462D38223F3E0A3C62706D6E323A646566696E6974696F6E7320786D6C6E733D22687474703A2F2F7777772E6F6D672E6F72672F737065632F42504D4E2F32303130303532342F4D4F44454C2220786D6C6E733A62706D6E323D22687474703A2F2F7777772E6F6D672E6F72672F737065632F42504D4E2F32303130303532342F4D4F44454C2220786D6C6E733A7873693D22687474703A2F2F7777772E77332E6F72672F323030312F584D4C536368656D612D696E7374616E63652220786D6C6E733A7873643D22687474703A2F2F7777772E77332E6F72672F323030312F584D4C536368656D612220786D6C6E733A61637469766974693D22687474703A2F2F61637469766974692E6F72672F62706D6E2220786D6C6E733A62706D6E64693D22687474703A2F2F7777772E6F6D672E6F72672F737065632F42504D4E2F32303130303532342F44492220786D6C6E733A6F6D6764633D22687474703A2F2F7777772E6F6D672E6F72672F737065632F44442F32303130303532342F44432220786D6C6E733A6F6D6764693D22687474703A2F2F7777772E6F6D672E6F72672F737065632F44442F32303130303532342F44492220786D6C6E733A64633D22687474703A2F2F7777772E6F6D672E6F72672F737065632F44442F32303130303532342F44432220786D6C6E733A64693D22687474703A2F2F7777772E6F6D672E6F72672F737065632F44442F32303130303532342F44492220747970654C616E67756167653D22687474703A2F2F7777772E77332E6F72672F323030312F584D4C536368656D61222065787072657373696F6E4C616E67756167653D22687474703A2F2F7777772E77332E6F72672F313939392F585061746822207461726765744E616D6573706163653D22687474703A2F2F61637469766974692E6F72672F62706D6E222069643D226469616772616D5F666C6F774C6561766522207873693A736368656D614C6F636174696F6E3D22687474703A2F2F7777772E6F6D672E6F72672F737065632F42504D4E2F32303130303532342F4D4F44454C2042504D4E32302E787364223E0A20203C62706D6E323A70726F636573732069643D22666C6F774C6561766522206E616D653D22E8AFB7E58187E794B3E8AFB72220697345786563757461626C653D2274727565223E0A202020203C657874656E73696F6E456C656D656E74733E0A2020202020203C61637469766974693A657865637574696F6E4C697374656E6572206576656E743D22656E642220636C6173733D22636F6D2E666C6F772E64656D6F2E636F6D6D6F6E2E666C6F772E6C697374656E65722E557064617465466C6F775374617475734C697374656E6572223E3C2F61637469766974693A657865637574696F6E4C697374656E65723E0A202020203C2F657874656E73696F6E456C656D656E74733E0A202020203C62706D6E323A73746172744576656E742069643D224576656E745F316D6D72747477223E0A2020202020203C62706D6E323A6F7574676F696E673E466C6F775F3079346D336B763C2F62706D6E323A6F7574676F696E673E0A202020203C2F62706D6E323A73746172744576656E743E0A202020203C62706D6E323A757365725461736B2069643D2241637469766974795F317462386A6B6122206E616D653D22E8AFB7E58187E794B3E8AFB7222061637469766974693A61737369676E65653D22247B7374617274557365724E616D657D222061637469766974693A666F726D4B65793D227B2671756F743B666F726D49642671756F743B3A2671756F743B313434303934353431313335343236373634382671756F743B2C2671756F743B726561644F6E6C792671756F743B3A66616C73652C2671756F743B67726F7570547970652671756F743B3A2671756F743B444550542671756F743B7D223E0A2020202020203C657874656E73696F6E456C656D656E74733E0A20202020202020203C61637469766974693A6F7065726174696F6E4C6973743E0A202020202020202020203C61637469766974693A666F726D4F7065726174696F6E2069643D223136333437313131323239323522206C6162656C3D22E68F90E4BAA42220747970653D226167726565222073686F774F726465723D2230223E3C2F61637469766974693A666F726D4F7065726174696F6E3E0A20202020202020203C2F61637469766974693A6F7065726174696F6E4C6973743E0A20202020202020203C61637469766974693A7661726961626C654C6973743E3C2F61637469766974693A7661726961626C654C6973743E0A2020202020203C2F657874656E73696F6E456C656D656E74733E0A202020203C2F62706D6E323A757365725461736B3E0A202020203C62706D6E323A73657175656E6365466C6F772069643D22466C6F775F3079346D336B762220736F757263655265663D224576656E745F316D6D7274747722207461726765745265663D2241637469766974795F317462386A6B61223E3C2F62706D6E323A73657175656E6365466C6F773E0A202020203C62706D6E323A757365725461736B2069643D2241637469766974795F31316A7230707822206E616D653D22E983A8E997A8E9A286E5AFBCE5AEA1E689B9222061637469766974693A63616E64696461746547726F7570733D22247B64657074506F73744C65616465727D222061637469766974693A666F726D4B65793D227B2671756F743B666F726D49642671756F743B3A2671756F743B313434303934353431313335343236373634382671756F743B2C2671756F743B726561644F6E6C792671756F743B3A747275652C2671756F743B67726F7570547970652671756F743B3A2671756F743B444550545F504F53545F4C45414445522671756F743B7D223E0A2020202020203C657874656E73696F6E456C656D656E74733E0A20202020202020203C61637469766974693A7461736B4C697374656E6572206576656E743D226372656174652220636C6173733D22636F6D2E666C6F772E64656D6F2E636F6D6D6F6E2E666C6F772E6C697374656E65722E44657074506F73744C65616465724C697374656E6572223E3C2F61637469766974693A7461736B4C697374656E65723E0A20202020202020203C61637469766974693A6F7065726174696F6E4C6973743E0A202020202020202020203C61637469766974693A666F726D4F7065726174696F6E2069643D223136333437313131343739343122206C6162656C3D22E5908CE6848F2220747970653D226167726565222073686F774F726465723D2230223E3C2F61637469766974693A666F726D4F7065726174696F6E3E0A202020202020202020203C61637469766974693A666F726D4F7065726174696F6E2069643D223136333437313131353133343922206C6162656C3D22E68B92E7BB9D2220747970653D22726566757365222073686F774F726465723D2231223E3C2F61637469766974693A666F726D4F7065726174696F6E3E0A20202020202020203C2F61637469766974693A6F7065726174696F6E4C6973743E0A20202020202020203C61637469766974693A7661726961626C654C6973743E3C2F61637469766974693A7661726961626C654C6973743E0A2020202020203C2F657874656E73696F6E456C656D656E74733E0A202020203C2F62706D6E323A757365725461736B3E0A202020203C62706D6E323A73657175656E6365466C6F772069643D22466C6F775F30376F703230392220736F757263655265663D2241637469766974795F317462386A6B6122207461726765745265663D2241637469766974795F31316A72307078223E3C2F62706D6E323A73657175656E6365466C6F773E0A202020203C62706D6E323A757365725461736B2069643D2241637469766974795F3030696270307522206E616D653D224852E5AEA1E689B9222061637469766974693A63616E64696461746547726F7570733D2231343430393634323231383535363030363430222061637469766974693A666F726D4B65793D227B2671756F743B666F726D49642671756F743B3A2671756F743B313434303934353431313335343236373634382671756F743B2C2671756F743B726561644F6E6C792671756F743B3A747275652C2671756F743B67726F7570547970652671756F743B3A2671756F743B504F53542671756F743B7D223E0A2020202020203C657874656E73696F6E456C656D656E74733E0A20202020202020203C61637469766974693A6F7065726174696F6E4C6973743E0A202020202020202020203C61637469766974693A666F726D4F7065726174696F6E2069643D223136333437313133303636303122206C6162656C3D22E5908CE6848F2220747970653D226167726565222073686F774F726465723D2230223E3C2F61637469766974693A666F726D4F7065726174696F6E3E0A202020202020202020203C61637469766974693A666F726D4F7065726174696F6E2069643D223136333437313133313033393122206C6162656C3D22E68B92E7BB9D2220747970653D22726566757365222073686F774F726465723D2231223E3C2F61637469766974693A666F726D4F7065726174696F6E3E0A20202020202020203C2F61637469766974693A6F7065726174696F6E4C6973743E0A20202020202020203C61637469766974693A7661726961626C654C6973743E3C2F61637469766974693A7661726961626C654C6973743E0A2020202020203C2F657874656E73696F6E456C656D656E74733E0A202020203C2F62706D6E323A757365725461736B3E0A202020203C62706D6E323A656E644576656E742069643D224576656E745F3163303839756F223E0A2020202020203C62706D6E323A696E636F6D696E673E466C6F775F306D32376664653C2F62706D6E323A696E636F6D696E673E0A202020203C2F62706D6E323A656E644576656E743E0A202020203C62706D6E323A73657175656E6365466C6F772069643D22466C6F775F306D323766646522206E616D653D22E5908CE6848F2220736F757263655265663D2241637469766974795F3030696270307522207461726765745265663D224576656E745F3163303839756F223E0A2020202020203C657874656E73696F6E456C656D656E74733E0A20202020202020203C61637469766974693A637573746F6D436F6E646974696F6E20747970653D226F7065726174696F6E22206F7065726174696F6E547970653D226167726565223E3C2F61637469766974693A637573746F6D436F6E646974696F6E3E0A2020202020203C2F657874656E73696F6E456C656D656E74733E0A2020202020203C636F6E646974696F6E45787072657373696F6E207873693A747970653D2274466F726D616C45787072657373696F6E223E3C215B43444154415B247B6F7065726174696F6E54797065203D3D20276167726565277D5D5D3E3C2F636F6E646974696F6E45787072657373696F6E3E0A202020203C2F62706D6E323A73657175656E6365466C6F773E0A202020203C62706D6E323A73657175656E6365466C6F772069643D22466C6F775F31367A796F613522206E616D653D22E68B92E7BB9D2220736F757263655265663D2241637469766974795F31316A7230707822207461726765745265663D2241637469766974795F317462386A6B61223E0A2020202020203C657874656E73696F6E456C656D656E74733E0A20202020202020203C61637469766974693A637573746F6D436F6E646974696F6E20747970653D226F7065726174696F6E22206F7065726174696F6E547970653D22726566757365223E3C2F61637469766974693A637573746F6D436F6E646974696F6E3E0A2020202020203C2F657874656E73696F6E456C656D656E74733E0A2020202020203C636F6E646974696F6E45787072657373696F6E207873693A747970653D2274466F726D616C45787072657373696F6E223E3C215B43444154415B247B6F7065726174696F6E54797065203D3D2027726566757365277D5D5D3E3C2F636F6E646974696F6E45787072657373696F6E3E0A202020203C2F62706D6E323A73657175656E6365466C6F773E0A202020203C62706D6E323A73657175656E6365466C6F772069643D22466C6F775F306C6C3734616E22206E616D653D22E5908CE6848F2220736F757263655265663D2241637469766974795F31316A7230707822207461726765745265663D2241637469766974795F30306962703075223E0A2020202020203C657874656E73696F6E456C656D656E74733E0A20202020202020203C61637469766974693A637573746F6D436F6E646974696F6E20747970653D226F7065726174696F6E22206F7065726174696F6E547970653D226167726565223E3C2F61637469766974693A637573746F6D436F6E646974696F6E3E0A2020202020203C2F657874656E73696F6E456C656D656E74733E0A2020202020203C636F6E646974696F6E45787072657373696F6E207873693A747970653D2274466F726D616C45787072657373696F6E223E3C215B43444154415B247B6F7065726174696F6E54797065203D3D20276167726565277D5D5D3E3C2F636F6E646974696F6E45787072657373696F6E3E0A202020203C2F62706D6E323A73657175656E6365466C6F773E0A202020203C62706D6E323A73657175656E6365466C6F772069643D22466C6F775F3161656B6D733822206E616D653D22E68B92E7BB9D2220736F757263655265663D2241637469766974795F3030696270307522207461726765745265663D2241637469766974795F317462386A6B61223E0A2020202020203C657874656E73696F6E456C656D656E74733E0A20202020202020203C61637469766974693A637573746F6D436F6E646974696F6E20747970653D226F7065726174696F6E22206F7065726174696F6E547970653D22726566757365223E3C2F61637469766974693A637573746F6D436F6E646974696F6E3E0A2020202020203C2F657874656E73696F6E456C656D656E74733E0A2020202020203C636F6E646974696F6E45787072657373696F6E207873693A747970653D2274466F726D616C45787072657373696F6E223E3C215B43444154415B247B6F7065726174696F6E54797065203D3D2027726566757365277D5D5D3E3C2F636F6E646974696F6E45787072657373696F6E3E0A202020203C2F62706D6E323A73657175656E6365466C6F773E0A20203C2F62706D6E323A70726F636573733E0A20203C62706D6E64693A42504D4E4469616772616D2069643D2242504D4E4469616772616D5F666C6F774C65617665223E0A202020203C62706D6E64693A42504D4E506C616E652062706D6E456C656D656E743D22666C6F774C65617665222069643D2242504D4E506C616E655F666C6F774C65617665223E0A2020202020203C62706D6E64693A42504D4E53686170652062706D6E456C656D656E743D224576656E745F316D6D72747477222069643D2242504D4E53686170655F4576656E745F316D6D72747477223E0A20202020202020203C6F6D6764633A426F756E6473206865696768743D2233362E30222077696474683D2233362E302220783D223133322E302220793D223237322E30223E3C2F6F6D6764633A426F756E64733E0A2020202020203C2F62706D6E64693A42504D4E53686170653E0A2020202020203C62706D6E64693A42504D4E53686170652062706D6E456C656D656E743D2241637469766974795F317462386A6B61222069643D2242504D4E53686170655F41637469766974795F317462386A6B61223E0A20202020202020203C6F6D6764633A426F756E6473206865696768743D2238302E30222077696474683D223130302E302220783D223232302E302220793D223235302E30223E3C2F6F6D6764633A426F756E64733E0A2020202020203C2F62706D6E64693A42504D4E53686170653E0A2020202020203C62706D6E64693A42504D4E53686170652062706D6E456C656D656E743D2241637469766974795F31316A72307078222069643D2242504D4E53686170655F41637469766974795F31316A72307078223E0A20202020202020203C6F6D6764633A426F756E6473206865696768743D2238302E30222077696474683D223130302E302220783D223338302E302220793D223235302E30223E3C2F6F6D6764633A426F756E64733E0A2020202020203C2F62706D6E64693A42504D4E53686170653E0A2020202020203C62706D6E64693A42504D4E53686170652062706D6E456C656D656E743D2241637469766974795F30306962703075222069643D2242504D4E53686170655F41637469766974795F30306962703075223E0A20202020202020203C6F6D6764633A426F756E6473206865696768743D2238302E30222077696474683D223130302E302220783D223534302E302220793D223235302E30223E3C2F6F6D6764633A426F756E64733E0A2020202020203C2F62706D6E64693A42504D4E53686170653E0A2020202020203C62706D6E64693A42504D4E53686170652062706D6E456C656D656E743D224576656E745F3163303839756F222069643D2242504D4E53686170655F4576656E745F3163303839756F223E0A20202020202020203C6F6D6764633A426F756E6473206865696768743D2233362E30222077696474683D2233362E302220783D223730322E302220793D223237322E30223E3C2F6F6D6764633A426F756E64733E0A2020202020203C2F62706D6E64693A42504D4E53686170653E0A2020202020203C62706D6E64693A42504D4E456467652062706D6E456C656D656E743D22466C6F775F3079346D336B76222069643D2242504D4E456467655F466C6F775F3079346D336B76223E0A20202020202020203C6F6D6764693A776179706F696E7420783D223136382E302220793D223239302E30223E3C2F6F6D6764693A776179706F696E743E0A20202020202020203C6F6D6764693A776179706F696E7420783D223232302E302220793D223239302E30223E3C2F6F6D6764693A776179706F696E743E0A2020202020203C2F62706D6E64693A42504D4E456467653E0A2020202020203C62706D6E64693A42504D4E456467652062706D6E456C656D656E743D22466C6F775F30376F70323039222069643D2242504D4E456467655F466C6F775F30376F70323039223E0A20202020202020203C6F6D6764693A776179706F696E7420783D223332302E302220793D223239302E30223E3C2F6F6D6764693A776179706F696E743E0A20202020202020203C6F6D6764693A776179706F696E7420783D223338302E302220793D223239302E30223E3C2F6F6D6764693A776179706F696E743E0A2020202020203C2F62706D6E64693A42504D4E456467653E0A2020202020203C62706D6E64693A42504D4E456467652062706D6E456C656D656E743D22466C6F775F306C6C3734616E222069643D2242504D4E456467655F466C6F775F306C6C3734616E223E0A20202020202020203C6F6D6764693A776179706F696E7420783D223438302E302220793D223239302E30223E3C2F6F6D6764693A776179706F696E743E0A20202020202020203C6F6D6764693A776179706F696E7420783D223534302E302220793D223239302E30223E3C2F6F6D6764693A776179706F696E743E0A20202020202020203C62706D6E64693A42504D4E4C6162656C3E0A202020202020202020203C6F6D6764633A426F756E6473206865696768743D2231342E30222077696474683D2232332E302220783D223439392E302220793D223237322E30223E3C2F6F6D6764633A426F756E64733E0A20202020202020203C2F62706D6E64693A42504D4E4C6162656C3E0A2020202020203C2F62706D6E64693A42504D4E456467653E0A2020202020203C62706D6E64693A42504D4E456467652062706D6E456C656D656E743D22466C6F775F306D3237666465222069643D2242504D4E456467655F466C6F775F306D3237666465223E0A20202020202020203C6F6D6764693A776179706F696E7420783D223634302E302220793D223239302E30223E3C2F6F6D6764693A776179706F696E743E0A20202020202020203C6F6D6764693A776179706F696E7420783D223730322E302220793D223239302E30223E3C2F6F6D6764693A776179706F696E743E0A20202020202020203C62706D6E64693A42504D4E4C6162656C3E0A202020202020202020203C6F6D6764633A426F756E6473206865696768743D2231342E30222077696474683D2232332E302220783D223636302E302220793D223237322E30223E3C2F6F6D6764633A426F756E64733E0A20202020202020203C2F62706D6E64693A42504D4E4C6162656C3E0A2020202020203C2F62706D6E64693A42504D4E456467653E0A2020202020203C62706D6E64693A42504D4E456467652062706D6E456C656D656E743D22466C6F775F31367A796F6135222069643D2242504D4E456467655F466C6F775F31367A796F6135223E0A20202020202020203C6F6D6764693A776179706F696E7420783D223433302E302220793D223235302E30223E3C2F6F6D6764693A776179706F696E743E0A20202020202020203C6F6D6764693A776179706F696E7420783D223433302E302220793D223231302E30223E3C2F6F6D6764693A776179706F696E743E0A20202020202020203C6F6D6764693A776179706F696E7420783D223237302E302220793D223231302E30223E3C2F6F6D6764693A776179706F696E743E0A20202020202020203C6F6D6764693A776179706F696E7420783D223237302E302220793D223235302E30223E3C2F6F6D6764693A776179706F696E743E0A20202020202020203C62706D6E64693A42504D4E4C6162656C3E0A202020202020202020203C6F6D6764633A426F756E6473206865696768743D2231342E30222077696474683D2232322E302220783D223333392E302220793D223139322E30223E3C2F6F6D6764633A426F756E64733E0A20202020202020203C2F62706D6E64693A42504D4E4C6162656C3E0A2020202020203C2F62706D6E64693A42504D4E456467653E0A2020202020203C62706D6E64693A42504D4E456467652062706D6E456C656D656E743D22466C6F775F3161656B6D7338222069643D2242504D4E456467655F466C6F775F3161656B6D7338223E0A20202020202020203C6F6D6764693A776179706F696E7420783D223539302E302220793D223333302E30223E3C2F6F6D6764693A776179706F696E743E0A20202020202020203C6F6D6764693A776179706F696E7420783D223539302E302220793D223337302E30223E3C2F6F6D6764693A776179706F696E743E0A20202020202020203C6F6D6764693A776179706F696E7420783D223237302E302220793D223337302E30223E3C2F6F6D6764693A776179706F696E743E0A20202020202020203C6F6D6764693A776179706F696E7420783D223237302E302220793D223333302E30223E3C2F6F6D6764693A776179706F696E743E0A20202020202020203C62706D6E64693A42504D4E4C6162656C3E0A202020202020202020203C6F6D6764633A426F756E6473206865696768743D2231342E30222077696474683D2232322E302220783D223431392E302220793D223335322E30223E3C2F6F6D6764633A426F756E64733E0A20202020202020203C2F62706D6E64693A42504D4E4C6162656C3E0A2020202020203C2F62706D6E64693A42504D4E456467653E0A202020203C2F62706D6E64693A42504D4E506C616E653E0A20203C2F62706D6E64693A42504D4E4469616772616D3E0A3C2F62706D6E323A646566696E6974696F6E733E, 0);
INSERT INTO `ACT_GE_BYTEARRAY` VALUES ('7b628143-3184-11ec-9f40-f20b812c0662', 1, 'flowSubmit.bpmn', '7b628142-3184-11ec-9f40-f20b812c0662', 0x3C3F786D6C2076657273696F6E3D22312E302220656E636F64696E673D225554462D38223F3E0A3C62706D6E323A646566696E6974696F6E7320786D6C6E733D22687474703A2F2F7777772E6F6D672E6F72672F737065632F42504D4E2F32303130303532342F4D4F44454C2220786D6C6E733A62706D6E323D22687474703A2F2F7777772E6F6D672E6F72672F737065632F42504D4E2F32303130303532342F4D4F44454C2220786D6C6E733A7873693D22687474703A2F2F7777772E77332E6F72672F323030312F584D4C536368656D612D696E7374616E63652220786D6C6E733A7873643D22687474703A2F2F7777772E77332E6F72672F323030312F584D4C536368656D612220786D6C6E733A61637469766974693D22687474703A2F2F61637469766974692E6F72672F62706D6E2220786D6C6E733A62706D6E64693D22687474703A2F2F7777772E6F6D672E6F72672F737065632F42504D4E2F32303130303532342F44492220786D6C6E733A6F6D6764633D22687474703A2F2F7777772E6F6D672E6F72672F737065632F44442F32303130303532342F44432220786D6C6E733A6F6D6764693D22687474703A2F2F7777772E6F6D672E6F72672F737065632F44442F32303130303532342F44492220786D6C6E733A64633D22687474703A2F2F7777772E6F6D672E6F72672F737065632F44442F32303130303532342F44432220786D6C6E733A64693D22687474703A2F2F7777772E6F6D672E6F72672F737065632F44442F32303130303532342F44492220747970654C616E67756167653D22687474703A2F2F7777772E77332E6F72672F323030312F584D4C536368656D61222065787072657373696F6E4C616E67756167653D22687474703A2F2F7777772E77332E6F72672F313939392F585061746822207461726765744E616D6573706163653D22687474703A2F2F61637469766974692E6F72672F62706D6E222069643D226469616772616D5F666C6F775375626D697422207873693A736368656D614C6F636174696F6E3D22687474703A2F2F7777772E6F6D672E6F72672F737065632F42504D4E2F32303130303532342F4D4F44454C2042504D4E32302E787364223E0A20203C62706D6E323A70726F636573732069643D22666C6F775375626D697422206E616D653D22E68AA5E99480E794B3E8AFB72220697345786563757461626C653D2274727565223E0A202020203C657874656E73696F6E456C656D656E74733E0A2020202020203C61637469766974693A657865637574696F6E4C697374656E6572206576656E743D22656E642220636C6173733D22636F6D2E666C6F772E64656D6F2E636F6D6D6F6E2E666C6F772E6C697374656E65722E557064617465466C6F775374617475734C697374656E6572223E3C2F61637469766974693A657865637574696F6E4C697374656E65723E0A202020203C2F657874656E73696F6E456C656D656E74733E0A202020203C62706D6E323A73746172744576656E742069643D224576656E745F31753464783362223E0A2020202020203C62706D6E323A6F7574676F696E673E466C6F775F306D726D71626B3C2F62706D6E323A6F7574676F696E673E0A202020203C2F62706D6E323A73746172744576656E743E0A202020203C62706D6E323A757365725461736B2069643D2241637469766974795F3163733462693522206E616D653D22E68AA5E99480E794B3E8AFB7222061637469766974693A61737369676E65653D22247B7374617274557365724E616D657D222061637469766974693A666F726D4B65793D227B2671756F743B666F726D49642671756F743B3A2671756F743B313434303934373637353034313130373936382671756F743B2C2671756F743B726561644F6E6C792671756F743B3A66616C73652C2671756F743B67726F7570547970652671756F743B3A2671756F743B444550542671756F743B7D223E0A2020202020203C657874656E73696F6E456C656D656E74733E0A20202020202020203C61637469766974693A6F7065726174696F6E4C6973743E0A202020202020202020203C61637469766974693A666F726D4F7065726174696F6E2069643D223136333437313138303337393622206C6162656C3D22E68F90E4BAA42220747970653D226167726565222073686F774F726465723D2230223E3C2F61637469766974693A666F726D4F7065726174696F6E3E0A20202020202020203C2F61637469766974693A6F7065726174696F6E4C6973743E0A20202020202020203C61637469766974693A7661726961626C654C6973743E3C2F61637469766974693A7661726961626C654C6973743E0A2020202020203C2F657874656E73696F6E456C656D656E74733E0A202020203C2F62706D6E323A757365725461736B3E0A202020203C62706D6E323A73657175656E6365466C6F772069643D22466C6F775F306D726D71626B2220736F757263655265663D224576656E745F3175346478336222207461726765745265663D2241637469766974795F31637334626935223E3C2F62706D6E323A73657175656E6365466C6F773E0A202020203C62706D6E323A757365725461736B2069643D2241637469766974795F303473636E326F22206E616D653D22E983A8E997A8E9A286E5AFBCE5AEA1E689B9222061637469766974693A63616E64696461746547726F7570733D22247B64657074506F73744C65616465727D222061637469766974693A666F726D4B65793D227B2671756F743B666F726D49642671756F743B3A2671756F743B313434303934373637353034313130373936382671756F743B2C2671756F743B726561644F6E6C792671756F743B3A747275652C2671756F743B67726F7570547970652671756F743B3A2671756F743B444550545F504F53545F4C45414445522671756F743B7D223E0A2020202020203C657874656E73696F6E456C656D656E74733E0A20202020202020203C61637469766974693A7461736B4C697374656E6572206576656E743D226372656174652220636C6173733D22636F6D2E666C6F772E64656D6F2E636F6D6D6F6E2E666C6F772E6C697374656E65722E44657074506F73744C65616465724C697374656E6572223E3C2F61637469766974693A7461736B4C697374656E65723E0A20202020202020203C61637469766974693A6F7065726174696F6E4C6973743E0A202020202020202020203C61637469766974693A666F726D4F7065726174696F6E2069643D223136333437313138313236343622206C6162656C3D22E5908CE6848F2220747970653D226167726565222073686F774F726465723D2230223E3C2F61637469766974693A666F726D4F7065726174696F6E3E0A202020202020202020203C61637469766974693A666F726D4F7065726174696F6E2069643D223136333437313138313539383422206C6162656C3D22E68B92E7BB9D2220747970653D22726566757365222073686F774F726465723D2231223E3C2F61637469766974693A666F726D4F7065726174696F6E3E0A20202020202020203C2F61637469766974693A6F7065726174696F6E4C6973743E0A20202020202020203C61637469766974693A7661726961626C654C6973743E0A202020202020202020203C61637469766974693A666F726D5661726961626C652069643D2231343530373130383030383534343231353034223E3C2F61637469766974693A666F726D5661726961626C653E0A20202020202020203C2F61637469766974693A7661726961626C654C6973743E0A2020202020203C2F657874656E73696F6E456C656D656E74733E0A202020203C2F62706D6E323A757365725461736B3E0A202020203C62706D6E323A73657175656E6365466C6F772069643D22466C6F775F307039673732692220736F757263655265663D2241637469766974795F3163733462693522207461726765745265663D2241637469766974795F303473636E326F223E3C2F62706D6E323A73657175656E6365466C6F773E0A202020203C62706D6E323A6578636C7573697665476174657761792069643D22476174657761795F30707572396365223E0A2020202020203C62706D6E323A696E636F6D696E673E466C6F775F306979756B77723C2F62706D6E323A696E636F6D696E673E0A2020202020203C62706D6E323A6F7574676F696E673E466C6F775F306A667265316B3C2F62706D6E323A6F7574676F696E673E0A2020202020203C62706D6E323A6F7574676F696E673E466C6F775F313365646537623C2F62706D6E323A6F7574676F696E673E0A202020203C2F62706D6E323A6578636C7573697665476174657761793E0A202020203C62706D6E323A73657175656E6365466C6F772069643D22466C6F775F306979756B777222206E616D653D22E5908CE6848F2220736F757263655265663D2241637469766974795F303473636E326F22207461726765745265663D22476174657761795F30707572396365223E0A2020202020203C657874656E73696F6E456C656D656E74733E0A20202020202020203C61637469766974693A637573746F6D436F6E646974696F6E20747970653D226F7065726174696F6E22206F7065726174696F6E547970653D226167726565223E3C2F61637469766974693A637573746F6D436F6E646974696F6E3E0A2020202020203C2F657874656E73696F6E456C656D656E74733E0A2020202020203C636F6E646974696F6E45787072657373696F6E207873693A747970653D2274466F726D616C45787072657373696F6E223E3C215B43444154415B247B6F7065726174696F6E54797065203D3D20276167726565277D5D5D3E3C2F636F6E646974696F6E45787072657373696F6E3E0A202020203C2F62706D6E323A73657175656E6365466C6F773E0A202020203C62706D6E323A656E644576656E742069643D224576656E745F30346E71666E79223E0A2020202020203C62706D6E323A696E636F6D696E673E466C6F775F306A667265316B3C2F62706D6E323A696E636F6D696E673E0A2020202020203C62706D6E323A696E636F6D696E673E466C6F775F313576336A6B6A3C2F62706D6E323A696E636F6D696E673E0A202020203C2F62706D6E323A656E644576656E743E0A202020203C62706D6E323A73657175656E6365466C6F772069643D22466C6F775F306A667265316B22206E616D653D22E68AA5E99480E98791E9A29DE5B08FE4BA8E313030302220736F757263655265663D22476174657761795F3070757239636522207461726765745265663D224576656E745F30346E71666E79223E0A2020202020203C636F6E646974696F6E45787072657373696F6E207873693A747970653D2274466F726D616C45787072657373696F6E223E3C215B43444154415B247B746F74616C416D6F756E74203C3D20313030307D5D5D3E3C2F636F6E646974696F6E45787072657373696F6E3E0A202020203C2F62706D6E323A73657175656E6365466C6F773E0A202020203C62706D6E323A757365725461736B2069643D2241637469766974795F3177323378666522206E616D653D22E680BBE7BB8FE79086E5AEA1E689B9222061637469766974693A63616E64696461746547726F7570733D2231343430393131343130353831323133343136222061637469766974693A666F726D4B65793D227B2671756F743B666F726D49642671756F743B3A2671756F743B313434303934373637353034313130373936382671756F743B2C2671756F743B726561644F6E6C792671756F743B3A747275652C2671756F743B67726F7570547970652671756F743B3A2671756F743B444550542671756F743B7D223E0A2020202020203C657874656E73696F6E456C656D656E74733E0A20202020202020203C61637469766974693A6F7065726174696F6E4C6973743E0A202020202020202020203C61637469766974693A666F726D4F7065726174696F6E2069643D223136333437313138383339303122206C6162656C3D22E5908CE6848F2220747970653D226167726565222073686F774F726465723D2230223E3C2F61637469766974693A666F726D4F7065726174696F6E3E0A202020202020202020203C61637469766974693A666F726D4F7065726174696F6E2069643D223136333437313138383733323222206C6162656C3D22E68B92E7BB9D2220747970653D22726566757365222073686F774F726465723D2231223E3C2F61637469766974693A666F726D4F7065726174696F6E3E0A20202020202020203C2F61637469766974693A6F7065726174696F6E4C6973743E0A20202020202020203C61637469766974693A7661726961626C654C6973743E3C2F61637469766974693A7661726961626C654C6973743E0A2020202020203C2F657874656E73696F6E456C656D656E74733E0A202020203C2F62706D6E323A757365725461736B3E0A202020203C62706D6E323A73657175656E6365466C6F772069643D22466C6F775F3133656465376222206E616D653D22E68AA5E99480E98791E9A29DE5A4A7E4BA8E313030302220736F757263655265663D22476174657761795F3070757239636522207461726765745265663D2241637469766974795F31773233786665223E0A2020202020203C636F6E646974696F6E45787072657373696F6E207873693A747970653D2274466F726D616C45787072657373696F6E223E3C215B43444154415B247B746F74616C416D6F756E74203E20313030307D5D5D3E3C2F636F6E646974696F6E45787072657373696F6E3E0A202020203C2F62706D6E323A73657175656E6365466C6F773E0A202020203C62706D6E323A73657175656E6365466C6F772069643D22466C6F775F313576336A6B6A22206E616D653D22E5908CE6848F2220736F757263655265663D2241637469766974795F3177323378666522207461726765745265663D224576656E745F30346E71666E79223E0A2020202020203C657874656E73696F6E456C656D656E74733E0A20202020202020203C61637469766974693A637573746F6D436F6E646974696F6E20747970653D226F7065726174696F6E22206F7065726174696F6E547970653D226167726565223E3C2F61637469766974693A637573746F6D436F6E646974696F6E3E0A2020202020203C2F657874656E73696F6E456C656D656E74733E0A2020202020203C636F6E646974696F6E45787072657373696F6E207873693A747970653D2274466F726D616C45787072657373696F6E223E3C215B43444154415B247B6F7065726174696F6E54797065203D3D20276167726565277D5D5D3E3C2F636F6E646974696F6E45787072657373696F6E3E0A202020203C2F62706D6E323A73657175656E6365466C6F773E0A202020203C62706D6E323A73657175656E6365466C6F772069643D22466C6F775F316F697135387222206E616D653D22E68B92E7BB9D2220736F757263655265663D2241637469766974795F3177323378666522207461726765745265663D2241637469766974795F31637334626935223E0A2020202020203C657874656E73696F6E456C656D656E74733E0A20202020202020203C61637469766974693A637573746F6D436F6E646974696F6E20747970653D226F7065726174696F6E22206F7065726174696F6E547970653D22726566757365223E3C2F61637469766974693A637573746F6D436F6E646974696F6E3E0A2020202020203C2F657874656E73696F6E456C656D656E74733E0A2020202020203C636F6E646974696F6E45787072657373696F6E207873693A747970653D2274466F726D616C45787072657373696F6E223E3C215B43444154415B247B6F7065726174696F6E54797065203D3D2027726566757365277D5D5D3E3C2F636F6E646974696F6E45787072657373696F6E3E0A202020203C2F62706D6E323A73657175656E6365466C6F773E0A202020203C62706D6E323A73657175656E6365466C6F772069643D22466C6F775F3039387338693022206E616D653D22E68B92E7BB9D2220736F757263655265663D2241637469766974795F303473636E326F22207461726765745265663D2241637469766974795F31637334626935223E0A2020202020203C657874656E73696F6E456C656D656E74733E0A20202020202020203C61637469766974693A637573746F6D436F6E646974696F6E20747970653D226F7065726174696F6E22206F7065726174696F6E547970653D22726566757365223E3C2F61637469766974693A637573746F6D436F6E646974696F6E3E0A2020202020203C2F657874656E73696F6E456C656D656E74733E0A2020202020203C636F6E646974696F6E45787072657373696F6E207873693A747970653D2274466F726D616C45787072657373696F6E223E3C215B43444154415B247B6F7065726174696F6E54797065203D3D2027726566757365277D5D5D3E3C2F636F6E646974696F6E45787072657373696F6E3E0A202020203C2F62706D6E323A73657175656E6365466C6F773E0A20203C2F62706D6E323A70726F636573733E0A20203C62706D6E64693A42504D4E4469616772616D2069643D2242504D4E4469616772616D5F666C6F775375626D6974223E0A202020203C62706D6E64693A42504D4E506C616E652062706D6E456C656D656E743D22666C6F775375626D6974222069643D2242504D4E506C616E655F666C6F775375626D6974223E0A2020202020203C62706D6E64693A42504D4E53686170652062706D6E456C656D656E743D224576656E745F31753464783362222069643D2242504D4E53686170655F4576656E745F31753464783362223E0A20202020202020203C6F6D6764633A426F756E6473206865696768743D2233362E30222077696474683D2233362E302220783D223132322E302220793D223330322E30223E3C2F6F6D6764633A426F756E64733E0A2020202020203C2F62706D6E64693A42504D4E53686170653E0A2020202020203C62706D6E64693A42504D4E53686170652062706D6E456C656D656E743D2241637469766974795F31637334626935222069643D2242504D4E53686170655F41637469766974795F31637334626935223E0A20202020202020203C6F6D6764633A426F756E6473206865696768743D2238302E30222077696474683D223130302E302220783D223231302E302220793D223238302E30223E3C2F6F6D6764633A426F756E64733E0A2020202020203C2F62706D6E64693A42504D4E53686170653E0A2020202020203C62706D6E64693A42504D4E53686170652062706D6E456C656D656E743D2241637469766974795F303473636E326F222069643D2242504D4E53686170655F41637469766974795F303473636E326F223E0A20202020202020203C6F6D6764633A426F756E6473206865696768743D2238302E30222077696474683D223130302E302220783D223337302E302220793D223238302E30223E3C2F6F6D6764633A426F756E64733E0A2020202020203C2F62706D6E64693A42504D4E53686170653E0A2020202020203C62706D6E64693A42504D4E53686170652062706D6E456C656D656E743D224576656E745F30346E71666E79222069643D2242504D4E53686170655F4576656E745F30346E71666E79223E0A20202020202020203C6F6D6764633A426F756E6473206865696768743D2233362E30222077696474683D2233362E302220783D223834322E302220793D223330322E30223E3C2F6F6D6764633A426F756E64733E0A2020202020203C2F62706D6E64693A42504D4E53686170653E0A2020202020203C62706D6E64693A42504D4E53686170652062706D6E456C656D656E743D22476174657761795F30707572396365222069643D2242504D4E53686170655F476174657761795F30707572396365223E0A20202020202020203C6F6D6764633A426F756E6473206865696768743D2235302E30222077696474683D2235302E302220783D223538352E302220793D223239352E30223E3C2F6F6D6764633A426F756E64733E0A2020202020203C2F62706D6E64693A42504D4E53686170653E0A2020202020203C62706D6E64693A42504D4E53686170652062706D6E456C656D656E743D2241637469766974795F31773233786665222069643D2242504D4E53686170655F41637469766974795F31773233786665223E0A20202020202020203C6F6D6764633A426F756E6473206865696768743D2238302E30222077696474683D223130302E302220783D223536302E302220793D223339302E30223E3C2F6F6D6764633A426F756E64733E0A2020202020203C2F62706D6E64693A42504D4E53686170653E0A2020202020203C62706D6E64693A42504D4E456467652062706D6E456C656D656E743D22466C6F775F306D726D71626B222069643D2242504D4E456467655F466C6F775F306D726D71626B223E0A20202020202020203C6F6D6764693A776179706F696E7420783D223135382E302220793D223332302E30223E3C2F6F6D6764693A776179706F696E743E0A20202020202020203C6F6D6764693A776179706F696E7420783D223231302E302220793D223332302E30223E3C2F6F6D6764693A776179706F696E743E0A2020202020203C2F62706D6E64693A42504D4E456467653E0A2020202020203C62706D6E64693A42504D4E456467652062706D6E456C656D656E743D22466C6F775F30703967373269222069643D2242504D4E456467655F466C6F775F30703967373269223E0A20202020202020203C6F6D6764693A776179706F696E7420783D223331302E302220793D223332302E30223E3C2F6F6D6764693A776179706F696E743E0A20202020202020203C6F6D6764693A776179706F696E7420783D223337302E302220793D223332302E30223E3C2F6F6D6764693A776179706F696E743E0A2020202020203C2F62706D6E64693A42504D4E456467653E0A2020202020203C62706D6E64693A42504D4E456467652062706D6E456C656D656E743D22466C6F775F306979756B7772222069643D2242504D4E456467655F466C6F775F306979756B7772223E0A20202020202020203C6F6D6764693A776179706F696E7420783D223437302E302220793D223332302E30223E3C2F6F6D6764693A776179706F696E743E0A20202020202020203C6F6D6764693A776179706F696E7420783D223538352E302220793D223332302E30223E3C2F6F6D6764693A776179706F696E743E0A20202020202020203C62706D6E64693A42504D4E4C6162656C3E0A202020202020202020203C6F6D6764633A426F756E6473206865696768743D2231342E30222077696474683D2232332E302220783D223531362E302220793D223330322E30223E3C2F6F6D6764633A426F756E64733E0A20202020202020203C2F62706D6E64693A42504D4E4C6162656C3E0A2020202020203C2F62706D6E64693A42504D4E456467653E0A2020202020203C62706D6E64693A42504D4E456467652062706D6E456C656D656E743D22466C6F775F306A667265316B222069643D2242504D4E456467655F466C6F775F306A667265316B223E0A20202020202020203C6F6D6764693A776179706F696E7420783D223633352E302220793D223332302E30223E3C2F6F6D6764693A776179706F696E743E0A20202020202020203C6F6D6764693A776179706F696E7420783D223834322E302220793D223332302E30223E3C2F6F6D6764693A776179706F696E743E0A20202020202020203C62706D6E64693A42504D4E4C6162656C3E0A202020202020202020203C6F6D6764633A426F756E6473206865696768743D2231342E30222077696474683D2239302E302220783D223639342E302220793D223330322E30223E3C2F6F6D6764633A426F756E64733E0A20202020202020203C2F62706D6E64693A42504D4E4C6162656C3E0A2020202020203C2F62706D6E64693A42504D4E456467653E0A2020202020203C62706D6E64693A42504D4E456467652062706D6E456C656D656E743D22466C6F775F31336564653762222069643D2242504D4E456467655F466C6F775F31336564653762223E0A20202020202020203C6F6D6764693A776179706F696E7420783D223631302E302220793D223334352E30223E3C2F6F6D6764693A776179706F696E743E0A20202020202020203C6F6D6764693A776179706F696E7420783D223631302E302220793D223339302E30223E3C2F6F6D6764693A776179706F696E743E0A20202020202020203C62706D6E64693A42504D4E4C6162656C3E0A202020202020202020203C6F6D6764633A426F756E6473206865696768743D2231342E30222077696474683D2239302E302220783D223631352E302220793D223335332E30223E3C2F6F6D6764633A426F756E64733E0A20202020202020203C2F62706D6E64693A42504D4E4C6162656C3E0A2020202020203C2F62706D6E64693A42504D4E456467653E0A2020202020203C62706D6E64693A42504D4E456467652062706D6E456C656D656E743D22466C6F775F313576336A6B6A222069643D2242504D4E456467655F466C6F775F313576336A6B6A223E0A20202020202020203C6F6D6764693A776179706F696E7420783D223636302E302220793D223433302E30223E3C2F6F6D6764693A776179706F696E743E0A20202020202020203C6F6D6764693A776179706F696E7420783D223836302E302220793D223433302E30223E3C2F6F6D6764693A776179706F696E743E0A20202020202020203C6F6D6764693A776179706F696E7420783D223836302E302220793D223333382E30223E3C2F6F6D6764693A776179706F696E743E0A20202020202020203C62706D6E64693A42504D4E4C6162656C3E0A202020202020202020203C6F6D6764633A426F756E6473206865696768743D2231342E30222077696474683D2232332E302220783D223734392E302220793D223431322E30223E3C2F6F6D6764633A426F756E64733E0A20202020202020203C2F62706D6E64693A42504D4E4C6162656C3E0A2020202020203C2F62706D6E64693A42504D4E456467653E0A2020202020203C62706D6E64693A42504D4E456467652062706D6E456C656D656E743D22466C6F775F316F6971353872222069643D2242504D4E456467655F466C6F775F316F6971353872223E0A20202020202020203C6F6D6764693A776179706F696E7420783D223536302E302220793D223433302E30223E3C2F6F6D6764693A776179706F696E743E0A20202020202020203C6F6D6764693A776179706F696E7420783D223236302E302220793D223433302E30223E3C2F6F6D6764693A776179706F696E743E0A20202020202020203C6F6D6764693A776179706F696E7420783D223236302E302220793D223336302E30223E3C2F6F6D6764693A776179706F696E743E0A20202020202020203C62706D6E64693A42504D4E4C6162656C3E0A202020202020202020203C6F6D6764633A426F756E6473206865696768743D2231342E30222077696474683D2232322E302220783D223339392E302220793D223431322E30223E3C2F6F6D6764633A426F756E64733E0A20202020202020203C2F62706D6E64693A42504D4E4C6162656C3E0A2020202020203C2F62706D6E64693A42504D4E456467653E0A2020202020203C62706D6E64693A42504D4E456467652062706D6E456C656D656E743D22466C6F775F30393873386930222069643D2242504D4E456467655F466C6F775F30393873386930223E0A20202020202020203C6F6D6764693A776179706F696E7420783D223432302E302220793D223238302E30223E3C2F6F6D6764693A776179706F696E743E0A20202020202020203C6F6D6764693A776179706F696E7420783D223432302E302220793D223234302E30223E3C2F6F6D6764693A776179706F696E743E0A20202020202020203C6F6D6764693A776179706F696E7420783D223236302E302220793D223234302E30223E3C2F6F6D6764693A776179706F696E743E0A20202020202020203C6F6D6764693A776179706F696E7420783D223236302E302220793D223238302E30223E3C2F6F6D6764693A776179706F696E743E0A20202020202020203C62706D6E64693A42504D4E4C6162656C3E0A202020202020202020203C6F6D6764633A426F756E6473206865696768743D2231342E30222077696474683D2232322E302220783D223332392E302220793D223232322E30223E3C2F6F6D6764633A426F756E64733E0A20202020202020203C2F62706D6E64693A42504D4E4C6162656C3E0A2020202020203C2F62706D6E64693A42504D4E456467653E0A202020203C2F62706D6E64693A42504D4E506C616E653E0A20203C2F62706D6E64693A42504D4E4469616772616D3E0A3C2F62706D6E323A646566696E6974696F6E733E, 0);
INSERT INTO `ACT_GE_BYTEARRAY` VALUES ('7cdc7716-3184-11ec-9f40-f20b812c0662', 1, 'flowContract.bpmn', '7cdc7715-3184-11ec-9f40-f20b812c0662', 0x3C3F786D6C2076657273696F6E3D22312E302220656E636F64696E673D225554462D38223F3E0A3C62706D6E323A646566696E6974696F6E7320786D6C6E733D22687474703A2F2F7777772E6F6D672E6F72672F737065632F42504D4E2F32303130303532342F4D4F44454C2220786D6C6E733A62706D6E323D22687474703A2F2F7777772E6F6D672E6F72672F737065632F42504D4E2F32303130303532342F4D4F44454C2220786D6C6E733A7873693D22687474703A2F2F7777772E77332E6F72672F323030312F584D4C536368656D612D696E7374616E63652220786D6C6E733A7873643D22687474703A2F2F7777772E77332E6F72672F323030312F584D4C536368656D612220786D6C6E733A61637469766974693D22687474703A2F2F61637469766974692E6F72672F62706D6E2220786D6C6E733A62706D6E64693D22687474703A2F2F7777772E6F6D672E6F72672F737065632F42504D4E2F32303130303532342F44492220786D6C6E733A6F6D6764633D22687474703A2F2F7777772E6F6D672E6F72672F737065632F44442F32303130303532342F44432220786D6C6E733A6F6D6764693D22687474703A2F2F7777772E6F6D672E6F72672F737065632F44442F32303130303532342F44492220786D6C6E733A64633D22687474703A2F2F7777772E6F6D672E6F72672F737065632F44442F32303130303532342F44432220786D6C6E733A64693D22687474703A2F2F7777772E6F6D672E6F72672F737065632F44442F32303130303532342F44492220747970654C616E67756167653D22687474703A2F2F7777772E77332E6F72672F323030312F584D4C536368656D61222065787072657373696F6E4C616E67756167653D22687474703A2F2F7777772E77332E6F72672F313939392F585061746822207461726765744E616D6573706163653D22687474703A2F2F61637469766974692E6F72672F62706D6E222069643D226469616772616D5F666C6F77436F6E747261637422207873693A736368656D614C6F636174696F6E3D22687474703A2F2F7777772E6F6D672E6F72672F737065632F42504D4E2F32303130303532342F4D4F44454C2042504D4E32302E787364223E0A20203C62706D6E323A70726F636573732069643D22666C6F77436F6E747261637422206E616D653D22E59088E5908CE5AEA1E689B92220697345786563757461626C653D2274727565223E0A202020203C657874656E73696F6E456C656D656E74733E0A2020202020203C61637469766974693A657865637574696F6E4C697374656E6572206576656E743D22656E642220636C6173733D22636F6D2E666C6F772E64656D6F2E636F6D6D6F6E2E666C6F772E6C697374656E65722E557064617465466C6F775374617475734C697374656E6572223E3C2F61637469766974693A657865637574696F6E4C697374656E65723E0A202020203C2F657874656E73696F6E456C656D656E74733E0A202020203C62706D6E323A73746172744576656E742069643D224576656E745F306B6A70396369223E0A2020202020203C62706D6E323A6F7574676F696E673E466C6F775F30656D7834307A3C2F62706D6E323A6F7574676F696E673E0A202020203C2F62706D6E323A73746172744576656E743E0A202020203C62706D6E323A757365725461736B2069643D2241637469766974795F306263696F686622206E616D653D22E59088E5908CE5BD95E585A5222061637469766974693A61737369676E65653D22247B7374617274557365724E616D657D222061637469766974693A666F726D4B65793D227B2671756F743B666F726D49642671756F743B3A2671756F743B313434303935343932303334383934363433322671756F743B2C2671756F743B726561644F6E6C792671756F743B3A66616C73652C2671756F743B67726F7570547970652671756F743B3A2671756F743B444550542671756F743B7D223E0A2020202020203C657874656E73696F6E456C656D656E74733E0A20202020202020203C61637469766974693A6F7065726174696F6E4C6973743E0A202020202020202020203C61637469766974693A666F726D4F7065726174696F6E2069643D223136333437313235353334393822206C6162656C3D22E68F90E4BAA42220747970653D226167726565222073686F774F726465723D2230223E3C2F61637469766974693A666F726D4F7065726174696F6E3E0A20202020202020203C2F61637469766974693A6F7065726174696F6E4C6973743E0A20202020202020203C61637469766974693A7661726961626C654C6973743E3C2F61637469766974693A7661726961626C654C6973743E0A2020202020203C2F657874656E73696F6E456C656D656E74733E0A202020203C2F62706D6E323A757365725461736B3E0A202020203C62706D6E323A73657175656E6365466C6F772069643D22466C6F775F30656D7834307A2220736F757263655265663D224576656E745F306B6A7039636922207461726765745265663D2241637469766974795F306263696F6866223E3C2F62706D6E323A73657175656E6365466C6F773E0A202020203C62706D6E323A757365725461736B2069643D2241637469766974795F3035336F6D393922206E616D653D22E4B89AE58AA1E983A8E9A286E5AFBCE5AEA1E689B9222061637469766974693A63616E64696461746547726F7570733D22247B64657074506F73744C65616465727D222061637469766974693A666F726D4B65793D227B2671756F743B666F726D49642671756F743B3A2671756F743B313434303935343932303334383934363433322671756F743B2C2671756F743B726561644F6E6C792671756F743B3A747275652C2671756F743B67726F7570547970652671756F743B3A2671756F743B444550545F504F53545F4C45414445522671756F743B7D223E0A2020202020203C657874656E73696F6E456C656D656E74733E0A20202020202020203C61637469766974693A7461736B4C697374656E6572206576656E743D226372656174652220636C6173733D22636F6D2E666C6F772E64656D6F2E636F6D6D6F6E2E666C6F772E6C697374656E65722E44657074506F73744C65616465724C697374656E6572223E3C2F61637469766974693A7461736B4C697374656E65723E0A20202020202020203C61637469766974693A6F7065726174696F6E4C6973743E0A202020202020202020203C61637469766974693A666F726D4F7065726174696F6E2069643D223136333437313235363433353322206C6162656C3D22E5908CE6848F2220747970653D226167726565222073686F774F726465723D2230223E3C2F61637469766974693A666F726D4F7065726174696F6E3E0A20202020202020203C2F61637469766974693A6F7065726174696F6E4C6973743E0A20202020202020203C61637469766974693A7661726961626C654C6973743E3C2F61637469766974693A7661726961626C654C6973743E0A2020202020203C2F657874656E73696F6E456C656D656E74733E0A202020203C2F62706D6E323A757365725461736B3E0A202020203C62706D6E323A73657175656E6365466C6F772069643D22466C6F775F306477663979742220736F757263655265663D2241637469766974795F306263696F686622207461726765745265663D2241637469766974795F3035336F6D3939223E3C2F62706D6E323A73657175656E6365466C6F773E0A202020203C62706D6E323A73657175656E6365466C6F772069643D22466C6F775F3076357A6A336B2220736F757263655265663D2241637469766974795F3035336F6D393922207461726765745265663D22476174657761795F3038353538696A223E3C2F62706D6E323A73657175656E6365466C6F773E0A202020203C62706D6E323A706172616C6C656C476174657761792069643D22476174657761795F3038353538696A223E0A2020202020203C62706D6E323A696E636F6D696E673E466C6F775F3076357A6A336B3C2F62706D6E323A696E636F6D696E673E0A2020202020203C62706D6E323A6F7574676F696E673E466C6F775F3164357568636F3C2F62706D6E323A6F7574676F696E673E0A2020202020203C62706D6E323A6F7574676F696E673E466C6F775F317168396370303C2F62706D6E323A6F7574676F696E673E0A202020203C2F62706D6E323A706172616C6C656C476174657761793E0A202020203C62706D6E323A757365725461736B2069643D2241637469766974795F307A3930616C6922206E616D653D22E5B7A5E7A88BE983A8E5AEA1E689B9222061637469766974693A61737369676E65653D2261646D696E222061637469766974693A666F726D4B65793D227B2671756F743B666F726D49642671756F743B3A2671756F743B313434303935353139343939313937323335322671756F743B2C2671756F743B726561644F6E6C792671756F743B3A747275652C2671756F743B67726F7570547970652671756F743B3A2671756F743B444550542671756F743B7D223E0A2020202020203C657874656E73696F6E456C656D656E74733E0A20202020202020203C61637469766974693A6F7065726174696F6E4C6973743E0A202020202020202020203C61637469766974693A666F726D4F7065726174696F6E2069643D223136333437313236303635323922206C6162656C3D22E5908CE6848F2220747970653D226167726565222073686F774F726465723D2230223E3C2F61637469766974693A666F726D4F7065726174696F6E3E0A20202020202020203C2F61637469766974693A6F7065726174696F6E4C6973743E0A20202020202020203C61637469766974693A7661726961626C654C6973743E3C2F61637469766974693A7661726961626C654C6973743E0A2020202020203C2F657874656E73696F6E456C656D656E74733E0A202020203C2F62706D6E323A757365725461736B3E0A202020203C62706D6E323A73657175656E6365466C6F772069643D22466C6F775F3164357568636F2220736F757263655265663D22476174657761795F3038353538696A22207461726765745265663D2241637469766974795F307A3930616C69223E3C2F62706D6E323A73657175656E6365466C6F773E0A202020203C62706D6E323A757365725461736B2069643D2241637469766974795F3137393330616A22206E616D653D22E980A0E4BBB7E983A8E5AEA1E689B9222061637469766974693A63616E64696461746555736572733D2261646D696E222061637469766974693A666F726D4B65793D227B2671756F743B666F726D49642671756F743B3A2671756F743B313434303935353139343939313937323335322671756F743B2C2671756F743B726561644F6E6C792671756F743B3A747275652C2671756F743B67726F7570547970652671756F743B3A2671756F743B444550542671756F743B7D223E0A2020202020203C657874656E73696F6E456C656D656E74733E0A20202020202020203C61637469766974693A6F7065726174696F6E4C6973743E0A202020202020202020203C61637469766974693A666F726D4F7065726174696F6E2069643D223136333437313236333131313322206C6162656C3D22E5908CE6848F2220747970653D226167726565222073686F774F726465723D2230223E3C2F61637469766974693A666F726D4F7065726174696F6E3E0A20202020202020203C2F61637469766974693A6F7065726174696F6E4C6973743E0A20202020202020203C61637469766974693A7661726961626C654C6973743E3C2F61637469766974693A7661726961626C654C6973743E0A2020202020203C2F657874656E73696F6E456C656D656E74733E0A202020203C2F62706D6E323A757365725461736B3E0A202020203C62706D6E323A73657175656E6365466C6F772069643D22466C6F775F317168396370302220736F757263655265663D22476174657761795F3038353538696A22207461726765745265663D2241637469766974795F3137393330616A223E3C2F62706D6E323A73657175656E6365466C6F773E0A202020203C62706D6E323A73657175656E6365466C6F772069643D22466C6F775F316E35637866672220736F757263655265663D2241637469766974795F3137393330616A22207461726765745265663D22476174657761795F30796A79713068223E3C2F62706D6E323A73657175656E6365466C6F773E0A202020203C62706D6E323A706172616C6C656C476174657761792069643D22476174657761795F30796A79713068223E0A2020202020203C62706D6E323A696E636F6D696E673E466C6F775F316E35637866673C2F62706D6E323A696E636F6D696E673E0A2020202020203C62706D6E323A696E636F6D696E673E466C6F775F313068663979353C2F62706D6E323A696E636F6D696E673E0A2020202020203C62706D6E323A6F7574676F696E673E466C6F775F30767435676F723C2F62706D6E323A6F7574676F696E673E0A202020203C2F62706D6E323A706172616C6C656C476174657761793E0A202020203C62706D6E323A73657175656E6365466C6F772069643D22466C6F775F313068663979352220736F757263655265663D2241637469766974795F307A3930616C6922207461726765745265663D22476174657761795F30796A79713068223E3C2F62706D6E323A73657175656E6365466C6F773E0A202020203C62706D6E323A757365725461736B2069643D2241637469766974795F3078657463387522206E616D653D22E8B4A2E58AA1E983A8E5AEA1E689B9222061637469766974693A63616E64696461746547726F7570733D22313434303936343531393339313133373739322C31343430393634353139333935333332303936222061637469766974693A666F726D4B65793D227B2671756F743B666F726D49642671756F743B3A2671756F743B313434303935353132373739303833333636342671756F743B2C2671756F743B726561644F6E6C792671756F743B3A747275652C2671756F743B67726F7570547970652671756F743B3A2671756F743B504F53542671756F743B7D223E0A2020202020203C657874656E73696F6E456C656D656E74733E0A20202020202020203C61637469766974693A6F7065726174696F6E4C6973743E0A202020202020202020203C61637469766974693A666F726D4F7065726174696F6E2069643D223136333437313236363839383222206C6162656C3D22E5908CE6848F2220747970653D226167726565222073686F774F726465723D2230223E3C2F61637469766974693A666F726D4F7065726174696F6E3E0A202020202020202020203C61637469766974693A666F726D4F7065726174696F6E2069643D223136333437313236373231393522206C6162656C3D22E68B92E7BB9D2220747970653D22726566757365222073686F774F726465723D2231223E3C2F61637469766974693A666F726D4F7065726174696F6E3E0A20202020202020203C2F61637469766974693A6F7065726174696F6E4C6973743E0A20202020202020203C61637469766974693A7661726961626C654C6973743E3C2F61637469766974693A7661726961626C654C6973743E0A2020202020203C2F657874656E73696F6E456C656D656E74733E0A202020203C2F62706D6E323A757365725461736B3E0A202020203C62706D6E323A73657175656E6365466C6F772069643D22466C6F775F30767435676F722220736F757263655265663D22476174657761795F30796A7971306822207461726765745265663D2241637469766974795F30786574633875223E3C2F62706D6E323A73657175656E6365466C6F773E0A202020203C62706D6E323A757365725461736B2069643D2241637469766974795F3064766734686922206E616D653D22E6B395E58AA1E983A8E5AEA1E689B9222061637469766974693A63616E64696461746547726F7570733D2231343430393634333837393739333939313638222061637469766974693A666F726D4B65793D227B2671756F743B666F726D49642671756F743B3A2671756F743B313434303935353030313039333439323733362671756F743B2C2671756F743B726561644F6E6C792671756F743B3A747275652C2671756F743B67726F7570547970652671756F743B3A2671756F743B504F53542671756F743B7D223E0A2020202020203C657874656E73696F6E456C656D656E74733E0A20202020202020203C61637469766974693A6F7065726174696F6E4C6973743E0A202020202020202020203C61637469766974693A666F726D4F7065726174696F6E2069643D223136333437313238323034313422206C6162656C3D22E4BC9AE7ADBE2220747970653D226D756C74695F7369676E222073686F774F726465723D2230223E3C2F61637469766974693A666F726D4F7065726174696F6E3E0A202020202020202020203C61637469766974693A666F726D4F7065726174696F6E2069643D223136333437313238323839303922206C6162656C3D22E58AA0E7ADBE2220747970653D226D756C74695F636F6E7369676E222073686F774F726465723D2231223E3C2F61637469766974693A666F726D4F7065726174696F6E3E0A20202020202020203C2F61637469766974693A6F7065726174696F6E4C6973743E0A20202020202020203C61637469766974693A7661726961626C654C6973743E3C2F61637469766974693A7661726961626C654C6973743E0A2020202020203C2F657874656E73696F6E456C656D656E74733E0A202020203C2F62706D6E323A757365725461736B3E0A202020203C62706D6E323A73657175656E6365466C6F772069643D22466C6F775F3069746664623522206E616D653D22E5908CE6848F2220736F757263655265663D2241637469766974795F3078657463387522207461726765745265663D2241637469766974795F30647667346869223E0A2020202020203C657874656E73696F6E456C656D656E74733E0A20202020202020203C61637469766974693A637573746F6D436F6E646974696F6E20747970653D226F7065726174696F6E22206F7065726174696F6E547970653D226167726565223E3C2F61637469766974693A637573746F6D436F6E646974696F6E3E0A2020202020203C2F657874656E73696F6E456C656D656E74733E0A2020202020203C636F6E646974696F6E45787072657373696F6E207873693A747970653D2274466F726D616C45787072657373696F6E223E3C215B43444154415B247B6F7065726174696F6E54797065203D3D20276167726565277D5D5D3E3C2F636F6E646974696F6E45787072657373696F6E3E0A202020203C2F62706D6E323A73657175656E6365466C6F773E0A202020203C62706D6E323A757365725461736B2069643D2241637469766974795F30786F31346E7322206E616D653D22E6B395E58AA1E983A8E4BC9AE7ADBE222061637469766974693A61737369676E65653D22247B61737369676E65657D222061637469766974693A666F726D4B65793D227B2671756F743B666F726D49642671756F743B3A2671756F743B313434303935353030313039333439323733362671756F743B2C2671756F743B726561644F6E6C792671756F743B3A747275652C2671756F743B67726F7570547970652671756F743B3A2671756F743B444550542671756F743B7D223E0A2020202020203C657874656E73696F6E456C656D656E74733E0A20202020202020203C61637469766974693A6F7065726174696F6E4C6973743E0A202020202020202020203C61637469766974693A666F726D4F7065726174696F6E2069643D223136333437313239343530353322206C6162656C3D22E5908CE6848F2220747970653D226D756C74695F6167726565222073686F774F726465723D2230223E3C2F61637469766974693A666F726D4F7065726174696F6E3E0A202020202020202020203C61637469766974693A666F726D4F7065726174696F6E2069643D223136333437313239353131363022206C6162656C3D22E68B92E7BB9D2220747970653D226D756C74695F726566757365222073686F774F726465723D2231223E3C2F61637469766974693A666F726D4F7065726174696F6E3E0A20202020202020203C2F61637469766974693A6F7065726174696F6E4C6973743E0A20202020202020203C61637469766974693A7661726961626C654C6973743E3C2F61637469766974693A7661726961626C654C6973743E0A2020202020203C2F657874656E73696F6E456C656D656E74733E0A2020202020203C6D756C7469496E7374616E63654C6F6F7043686172616374657269737469637320697353657175656E7469616C3D2266616C7365222061637469766974693A636F6C6C656374696F6E3D2261737369676E65654C697374222061637469766974693A656C656D656E745661726961626C653D2261737369676E6565223E0A20202020202020203C636F6D706C6574696F6E436F6E646974696F6E3E247B6E724F66496E7374616E636573203D3D206E724F66436F6D706C65746564496E7374616E6365737D3C2F636F6D706C6574696F6E436F6E646974696F6E3E0A2020202020203C2F6D756C7469496E7374616E63654C6F6F704368617261637465726973746963733E0A202020203C2F62706D6E323A757365725461736B3E0A202020203C62706D6E323A73657175656E6365466C6F772069643D22466C6F775F307976347562702220736F757263655265663D2241637469766974795F3064766734686922207461726765745265663D2241637469766974795F30786F31346E73223E3C2F62706D6E323A73657175656E6365466C6F773E0A202020203C62706D6E323A6578636C7573697665476174657761792069643D22476174657761795F31633066687A66223E0A2020202020203C62706D6E323A696E636F6D696E673E466C6F775F306969796469703C2F62706D6E323A696E636F6D696E673E0A2020202020203C62706D6E323A6F7574676F696E673E466C6F775F3038653538356A3C2F62706D6E323A6F7574676F696E673E0A2020202020203C62706D6E323A6F7574676F696E673E466C6F775F3165696C647A703C2F62706D6E323A6F7574676F696E673E0A202020203C2F62706D6E323A6578636C7573697665476174657761793E0A202020203C62706D6E323A73657175656E6365466C6F772069643D22466C6F775F306969796469702220736F757263655265663D2241637469766974795F30786F31346E7322207461726765745265663D22476174657761795F31633066687A66223E3C2F62706D6E323A73657175656E6365466C6F773E0A202020203C62706D6E323A757365725461736B2069643D2241637469766974795F31656E68356B6522206E616D653D22E680BBE7BB8FE79086E5AEA1E689B9222061637469766974693A63616E64696461746547726F7570733D2231343430393131343130353831323133343136222061637469766974693A666F726D4B65793D227B2671756F743B666F726D49642671756F743B3A2671756F743B313434303935343932303334383934363433322671756F743B2C2671756F743B726561644F6E6C792671756F743B3A747275652C2671756F743B67726F7570547970652671756F743B3A2671756F743B444550542671756F743B7D223E0A2020202020203C657874656E73696F6E456C656D656E74733E0A20202020202020203C61637469766974693A6F7065726174696F6E4C6973743E0A202020202020202020203C61637469766974693A666F726D4F7065726174696F6E2069643D223136333437313331353630393122206C6162656C3D22E5908CE6848F2220747970653D226167726565222073686F774F726465723D2230223E3C2F61637469766974693A666F726D4F7065726174696F6E3E0A202020202020202020203C61637469766974693A666F726D4F7065726174696F6E2069643D223136333437313331353939353622206C6162656C3D22E68B92E7BB9D2220747970653D22726566757365222073686F774F726465723D2231223E3C2F61637469766974693A666F726D4F7065726174696F6E3E0A20202020202020203C2F61637469766974693A6F7065726174696F6E4C6973743E0A20202020202020203C61637469766974693A7661726961626C654C6973743E3C2F61637469766974693A7661726961626C654C6973743E0A2020202020203C2F657874656E73696F6E456C656D656E74733E0A202020203C2F62706D6E323A757365725461736B3E0A202020203C62706D6E323A73657175656E6365466C6F772069643D22466C6F775F3038653538356A22206E616D653D22E5908CE6848FE4BABAE695B0E5A4A7E4BA8E3430252220736F757263655265663D22476174657761795F31633066687A6622207461726765745265663D2241637469766974795F31656E68356B65223E0A2020202020203C636F6E646974696F6E45787072657373696F6E207873693A747970653D2274466F726D616C45787072657373696F6E223E3C215B43444154415B247B6D756C74694167726565436F756E74202F206D756C74694E756D4F66496E7374616E636573203E20302E347D5D5D3E3C2F636F6E646974696F6E45787072657373696F6E3E0A202020203C2F62706D6E323A73657175656E6365466C6F773E0A202020203C62706D6E323A656E644576656E742069643D224576656E745F30383570366479223E0A2020202020203C62706D6E323A696E636F6D696E673E466C6F775F31696E776864653C2F62706D6E323A696E636F6D696E673E0A202020203C2F62706D6E323A656E644576656E743E0A202020203C62706D6E323A73657175656E6365466C6F772069643D22466C6F775F31696E7768646522206E616D653D22E5908CE6848F2220736F757263655265663D2241637469766974795F31656E68356B6522207461726765745265663D224576656E745F30383570366479223E0A2020202020203C657874656E73696F6E456C656D656E74733E0A20202020202020203C61637469766974693A637573746F6D436F6E646974696F6E20747970653D226F7065726174696F6E22206F7065726174696F6E547970653D226167726565223E3C2F61637469766974693A637573746F6D436F6E646974696F6E3E0A2020202020203C2F657874656E73696F6E456C656D656E74733E0A2020202020203C636F6E646974696F6E45787072657373696F6E207873693A747970653D2274466F726D616C45787072657373696F6E223E3C215B43444154415B247B6F7065726174696F6E54797065203D3D20276167726565277D5D5D3E3C2F636F6E646974696F6E45787072657373696F6E3E0A202020203C2F62706D6E323A73657175656E6365466C6F773E0A202020203C62706D6E323A73657175656E6365466C6F772069643D22466C6F775F306A306779327422206E616D653D22E68B92E7BB9D2220736F757263655265663D2241637469766974795F3078657463387522207461726765745265663D2241637469766974795F306263696F6866223E0A2020202020203C657874656E73696F6E456C656D656E74733E0A20202020202020203C61637469766974693A637573746F6D436F6E646974696F6E20747970653D226F7065726174696F6E22206F7065726174696F6E547970653D22726566757365223E3C2F61637469766974693A637573746F6D436F6E646974696F6E3E0A2020202020203C2F657874656E73696F6E456C656D656E74733E0A2020202020203C636F6E646974696F6E45787072657373696F6E207873693A747970653D2274466F726D616C45787072657373696F6E223E3C215B43444154415B247B6F7065726174696F6E54797065203D3D2027726566757365277D5D5D3E3C2F636F6E646974696F6E45787072657373696F6E3E0A202020203C2F62706D6E323A73657175656E6365466C6F773E0A202020203C62706D6E323A73657175656E6365466C6F772069643D22466C6F775F3165696C647A7022206E616D653D22E5908CE6848FE4BABAE695B0E5B08FE4BA8E3430252220736F757263655265663D22476174657761795F31633066687A6622207461726765745265663D2241637469766974795F306263696F6866223E0A2020202020203C636F6E646974696F6E45787072657373696F6E207873693A747970653D2274466F726D616C45787072657373696F6E223E3C215B43444154415B247B6D756C74694167726565436F756E74202F206D756C74694E756D4F66496E7374616E636573203C3D20302E347D5D5D3E3C2F636F6E646974696F6E45787072657373696F6E3E0A202020203C2F62706D6E323A73657175656E6365466C6F773E0A202020203C62706D6E323A73657175656E6365466C6F772069643D22466C6F775F3063326475367022206E616D653D22E68B92E7BB9D2220736F757263655265663D2241637469766974795F31656E68356B6522207461726765745265663D2241637469766974795F306263696F6866223E0A2020202020203C657874656E73696F6E456C656D656E74733E0A20202020202020203C61637469766974693A637573746F6D436F6E646974696F6E20747970653D226F7065726174696F6E22206F7065726174696F6E547970653D22726566757365223E3C2F61637469766974693A637573746F6D436F6E646974696F6E3E0A2020202020203C2F657874656E73696F6E456C656D656E74733E0A2020202020203C636F6E646974696F6E45787072657373696F6E207873693A747970653D2274466F726D616C45787072657373696F6E223E3C215B43444154415B247B6F7065726174696F6E54797065203D3D2027726566757365277D5D5D3E3C2F636F6E646974696F6E45787072657373696F6E3E0A202020203C2F62706D6E323A73657175656E6365466C6F773E0A20203C2F62706D6E323A70726F636573733E0A20203C62706D6E64693A42504D4E4469616772616D2069643D2242504D4E4469616772616D5F666C6F77436F6E7472616374223E0A202020203C62706D6E64693A42504D4E506C616E652062706D6E456C656D656E743D22666C6F77436F6E7472616374222069643D2242504D4E506C616E655F666C6F77436F6E7472616374223E0A2020202020203C62706D6E64693A42504D4E53686170652062706D6E456C656D656E743D224576656E745F306B6A70396369222069643D2242504D4E53686170655F4576656E745F306B6A70396369223E0A20202020202020203C6F6D6764633A426F756E6473206865696768743D2233362E30222077696474683D2233362E302220783D2234322E302220793D223330322E30223E3C2F6F6D6764633A426F756E64733E0A2020202020203C2F62706D6E64693A42504D4E53686170653E0A2020202020203C62706D6E64693A42504D4E53686170652062706D6E456C656D656E743D2241637469766974795F306263696F6866222069643D2242504D4E53686170655F41637469766974795F306263696F6866223E0A20202020202020203C6F6D6764633A426F756E6473206865696768743D2238302E30222077696474683D223130302E302220783D223133302E302220793D223238302E30223E3C2F6F6D6764633A426F756E64733E0A2020202020203C2F62706D6E64693A42504D4E53686170653E0A2020202020203C62706D6E64693A42504D4E53686170652062706D6E456C656D656E743D2241637469766974795F3035336F6D3939222069643D2242504D4E53686170655F41637469766974795F3035336F6D3939223E0A20202020202020203C6F6D6764633A426F756E6473206865696768743D2238302E30222077696474683D223130302E302220783D223239302E302220793D223238302E30223E3C2F6F6D6764633A426F756E64733E0A2020202020203C2F62706D6E64693A42504D4E53686170653E0A2020202020203C62706D6E64693A42504D4E53686170652062706D6E456C656D656E743D22476174657761795F3038353538696A222069643D2242504D4E53686170655F476174657761795F3038353538696A223E0A20202020202020203C6F6D6764633A426F756E6473206865696768743D2235302E30222077696474683D2235302E302220783D223435352E302220793D223239352E30223E3C2F6F6D6764633A426F756E64733E0A2020202020203C2F62706D6E64693A42504D4E53686170653E0A2020202020203C62706D6E64693A42504D4E53686170652062706D6E456C656D656E743D2241637469766974795F307A3930616C69222069643D2242504D4E53686170655F41637469766974795F307A3930616C69223E0A20202020202020203C6F6D6764633A426F756E6473206865696768743D2238302E30222077696474683D223130302E302220783D223537302E302220793D223137302E30223E3C2F6F6D6764633A426F756E64733E0A2020202020203C2F62706D6E64693A42504D4E53686170653E0A2020202020203C62706D6E64693A42504D4E53686170652062706D6E456C656D656E743D2241637469766974795F3137393330616A222069643D2242504D4E53686170655F41637469766974795F3137393330616A223E0A20202020202020203C6F6D6764633A426F756E6473206865696768743D2238302E30222077696474683D223130302E302220783D223537302E302220793D223238302E30223E3C2F6F6D6764633A426F756E64733E0A2020202020203C2F62706D6E64693A42504D4E53686170653E0A2020202020203C62706D6E64693A42504D4E53686170652062706D6E456C656D656E743D22476174657761795F30796A79713068222069643D2242504D4E53686170655F476174657761795F30796A79713068223E0A20202020202020203C6F6D6764633A426F756E6473206865696768743D2235302E30222077696474683D2235302E302220783D223733352E302220793D223239352E30223E3C2F6F6D6764633A426F756E64733E0A2020202020203C2F62706D6E64693A42504D4E53686170653E0A2020202020203C62706D6E64693A42504D4E53686170652062706D6E456C656D656E743D2241637469766974795F30786574633875222069643D2242504D4E53686170655F41637469766974795F30786574633875223E0A20202020202020203C6F6D6764633A426F756E6473206865696768743D2238302E30222077696474683D223130302E302220783D223837302E302220793D223238302E30223E3C2F6F6D6764633A426F756E64733E0A2020202020203C2F62706D6E64693A42504D4E53686170653E0A2020202020203C62706D6E64693A42504D4E53686170652062706D6E456C656D656E743D2241637469766974795F30647667346869222069643D2242504D4E53686170655F41637469766974795F30647667346869223E0A20202020202020203C6F6D6764633A426F756E6473206865696768743D2238302E30222077696474683D223130302E302220783D223837302E302220793D223436302E30223E3C2F6F6D6764633A426F756E64733E0A2020202020203C2F62706D6E64693A42504D4E53686170653E0A2020202020203C62706D6E64693A42504D4E53686170652062706D6E456C656D656E743D2241637469766974795F30786F31346E73222069643D2242504D4E53686170655F41637469766974795F30786F31346E73223E0A20202020202020203C6F6D6764633A426F756E6473206865696768743D2238302E30222077696474683D223130302E302220783D223731302E302220793D223436302E30223E3C2F6F6D6764633A426F756E64733E0A2020202020203C2F62706D6E64693A42504D4E53686170653E0A2020202020203C62706D6E64693A42504D4E53686170652062706D6E456C656D656E743D22476174657761795F31633066687A66222069643D2242504D4E53686170655F476174657761795F31633066687A66223E0A20202020202020203C6F6D6764633A426F756E6473206865696768743D2235302E30222077696474683D2235302E302220783D223535352E302220793D223437352E30223E3C2F6F6D6764633A426F756E64733E0A2020202020203C2F62706D6E64693A42504D4E53686170653E0A2020202020203C62706D6E64693A42504D4E53686170652062706D6E456C656D656E743D2241637469766974795F31656E68356B65222069643D2242504D4E53686170655F41637469766974795F31656E68356B65223E0A20202020202020203C6F6D6764633A426F756E6473206865696768743D2238302E30222077696474683D223130302E302220783D223133302E302220793D223436302E30223E3C2F6F6D6764633A426F756E64733E0A2020202020203C2F62706D6E64693A42504D4E53686170653E0A2020202020203C62706D6E64693A42504D4E53686170652062706D6E456C656D656E743D224576656E745F30383570366479222069643D2242504D4E53686170655F4576656E745F30383570366479223E0A20202020202020203C6F6D6764633A426F756E6473206865696768743D2233362E30222077696474683D2233362E302220783D2234322E302220793D223438322E30223E3C2F6F6D6764633A426F756E64733E0A2020202020203C2F62706D6E64693A42504D4E53686170653E0A2020202020203C62706D6E64693A42504D4E456467652062706D6E456C656D656E743D22466C6F775F30656D7834307A222069643D2242504D4E456467655F466C6F775F30656D7834307A223E0A20202020202020203C6F6D6764693A776179706F696E7420783D2237382E302220793D223332302E30223E3C2F6F6D6764693A776179706F696E743E0A20202020202020203C6F6D6764693A776179706F696E7420783D223133302E302220793D223332302E30223E3C2F6F6D6764693A776179706F696E743E0A2020202020203C2F62706D6E64693A42504D4E456467653E0A2020202020203C62706D6E64693A42504D4E456467652062706D6E456C656D656E743D22466C6F775F30647766397974222069643D2242504D4E456467655F466C6F775F30647766397974223E0A20202020202020203C6F6D6764693A776179706F696E7420783D223233302E302220793D223332302E30223E3C2F6F6D6764693A776179706F696E743E0A20202020202020203C6F6D6764693A776179706F696E7420783D223239302E302220793D223332302E30223E3C2F6F6D6764693A776179706F696E743E0A2020202020203C2F62706D6E64693A42504D4E456467653E0A2020202020203C62706D6E64693A42504D4E456467652062706D6E456C656D656E743D22466C6F775F3076357A6A336B222069643D2242504D4E456467655F466C6F775F3076357A6A336B223E0A20202020202020203C6F6D6764693A776179706F696E7420783D223339302E302220793D223332302E30223E3C2F6F6D6764693A776179706F696E743E0A20202020202020203C6F6D6764693A776179706F696E7420783D223435352E302220793D223332302E30223E3C2F6F6D6764693A776179706F696E743E0A2020202020203C2F62706D6E64693A42504D4E456467653E0A2020202020203C62706D6E64693A42504D4E456467652062706D6E456C656D656E743D22466C6F775F3164357568636F222069643D2242504D4E456467655F466C6F775F3164357568636F223E0A20202020202020203C6F6D6764693A776179706F696E7420783D223438302E302220793D223239352E30223E3C2F6F6D6764693A776179706F696E743E0A20202020202020203C6F6D6764693A776179706F696E7420783D223438302E302220793D223231302E30223E3C2F6F6D6764693A776179706F696E743E0A20202020202020203C6F6D6764693A776179706F696E7420783D223537302E302220793D223231302E30223E3C2F6F6D6764693A776179706F696E743E0A2020202020203C2F62706D6E64693A42504D4E456467653E0A2020202020203C62706D6E64693A42504D4E456467652062706D6E456C656D656E743D22466C6F775F31716839637030222069643D2242504D4E456467655F466C6F775F31716839637030223E0A20202020202020203C6F6D6764693A776179706F696E7420783D223530352E302220793D223332302E30223E3C2F6F6D6764693A776179706F696E743E0A20202020202020203C6F6D6764693A776179706F696E7420783D223537302E302220793D223332302E30223E3C2F6F6D6764693A776179706F696E743E0A2020202020203C2F62706D6E64693A42504D4E456467653E0A2020202020203C62706D6E64693A42504D4E456467652062706D6E456C656D656E743D22466C6F775F316E3563786667222069643D2242504D4E456467655F466C6F775F316E3563786667223E0A20202020202020203C6F6D6764693A776179706F696E7420783D223637302E302220793D223332302E30223E3C2F6F6D6764693A776179706F696E743E0A20202020202020203C6F6D6764693A776179706F696E7420783D223733352E302220793D223332302E30223E3C2F6F6D6764693A776179706F696E743E0A2020202020203C2F62706D6E64693A42504D4E456467653E0A2020202020203C62706D6E64693A42504D4E456467652062706D6E456C656D656E743D22466C6F775F31306866397935222069643D2242504D4E456467655F466C6F775F31306866397935223E0A20202020202020203C6F6D6764693A776179706F696E7420783D223637302E302220793D223231302E30223E3C2F6F6D6764693A776179706F696E743E0A20202020202020203C6F6D6764693A776179706F696E7420783D223736302E302220793D223231302E30223E3C2F6F6D6764693A776179706F696E743E0A20202020202020203C6F6D6764693A776179706F696E7420783D223736302E302220793D223239352E30223E3C2F6F6D6764693A776179706F696E743E0A2020202020203C2F62706D6E64693A42504D4E456467653E0A2020202020203C62706D6E64693A42504D4E456467652062706D6E456C656D656E743D22466C6F775F30767435676F72222069643D2242504D4E456467655F466C6F775F30767435676F72223E0A20202020202020203C6F6D6764693A776179706F696E7420783D223738352E302220793D223332302E30223E3C2F6F6D6764693A776179706F696E743E0A20202020202020203C6F6D6764693A776179706F696E7420783D223837302E302220793D223332302E30223E3C2F6F6D6764693A776179706F696E743E0A2020202020203C2F62706D6E64693A42504D4E456467653E0A2020202020203C62706D6E64693A42504D4E456467652062706D6E456C656D656E743D22466C6F775F30697466646235222069643D2242504D4E456467655F466C6F775F30697466646235223E0A20202020202020203C6F6D6764693A776179706F696E7420783D223934302E302220793D223336302E30223E3C2F6F6D6764693A776179706F696E743E0A20202020202020203C6F6D6764693A776179706F696E7420783D223934302E302220793D223436302E30223E3C2F6F6D6764693A776179706F696E743E0A20202020202020203C62706D6E64693A42504D4E4C6162656C3E0A202020202020202020203C6F6D6764633A426F756E6473206865696768743D2231342E30222077696474683D2232332E302220783D223934342E302220793D223430372E30223E3C2F6F6D6764633A426F756E64733E0A20202020202020203C2F62706D6E64693A42504D4E4C6162656C3E0A2020202020203C2F62706D6E64693A42504D4E456467653E0A2020202020203C62706D6E64693A42504D4E456467652062706D6E456C656D656E743D22466C6F775F30797634756270222069643D2242504D4E456467655F466C6F775F30797634756270223E0A20202020202020203C6F6D6764693A776179706F696E7420783D223837302E302220793D223530302E30223E3C2F6F6D6764693A776179706F696E743E0A20202020202020203C6F6D6764693A776179706F696E7420783D223831302E302220793D223530302E30223E3C2F6F6D6764693A776179706F696E743E0A2020202020203C2F62706D6E64693A42504D4E456467653E0A2020202020203C62706D6E64693A42504D4E456467652062706D6E456C656D656E743D22466C6F775F30696979646970222069643D2242504D4E456467655F466C6F775F30696979646970223E0A20202020202020203C6F6D6764693A776179706F696E7420783D223731302E302220793D223530302E30223E3C2F6F6D6764693A776179706F696E743E0A20202020202020203C6F6D6764693A776179706F696E7420783D223630352E302220793D223530302E30223E3C2F6F6D6764693A776179706F696E743E0A2020202020203C2F62706D6E64693A42504D4E456467653E0A2020202020203C62706D6E64693A42504D4E456467652062706D6E456C656D656E743D22466C6F775F3038653538356A222069643D2242504D4E456467655F466C6F775F3038653538356A223E0A20202020202020203C6F6D6764693A776179706F696E7420783D223535352E302220793D223530302E30223E3C2F6F6D6764693A776179706F696E743E0A20202020202020203C6F6D6764693A776179706F696E7420783D223233302E302220793D223530302E30223E3C2F6F6D6764693A776179706F696E743E0A20202020202020203C62706D6E64693A42504D4E4C6162656C3E0A202020202020202020203C6F6D6764633A426F756E6473206865696768743D2231342E30222077696474683D2238392E302220783D223334382E302220793D223438322E30223E3C2F6F6D6764633A426F756E64733E0A20202020202020203C2F62706D6E64693A42504D4E4C6162656C3E0A2020202020203C2F62706D6E64693A42504D4E456467653E0A2020202020203C62706D6E64693A42504D4E456467652062706D6E456C656D656E743D22466C6F775F31696E77686465222069643D2242504D4E456467655F466C6F775F31696E77686465223E0A20202020202020203C6F6D6764693A776179706F696E7420783D223133302E302220793D223530302E30223E3C2F6F6D6764693A776179706F696E743E0A20202020202020203C6F6D6764693A776179706F696E7420783D2237382E302220793D223530302E30223E3C2F6F6D6764693A776179706F696E743E0A20202020202020203C62706D6E64693A42504D4E4C6162656C3E0A202020202020202020203C6F6D6764633A426F756E6473206865696768743D2231342E30222077696474683D2232332E302220783D2239332E302220793D223438322E30223E3C2F6F6D6764633A426F756E64733E0A20202020202020203C2F62706D6E64693A42504D4E4C6162656C3E0A2020202020203C2F62706D6E64693A42504D4E456467653E0A2020202020203C62706D6E64693A42504D4E456467652062706D6E456C656D656E743D22466C6F775F306A3067793274222069643D2242504D4E456467655F466C6F775F306A3067793274223E0A20202020202020203C6F6D6764693A776179706F696E7420783D223839302E302220793D223336302E30223E3C2F6F6D6764693A776179706F696E743E0A20202020202020203C6F6D6764693A776179706F696E7420783D223839302E302220793D223339302E30223E3C2F6F6D6764693A776179706F696E743E0A20202020202020203C6F6D6764693A776179706F696E7420783D223231302E302220793D223339302E30223E3C2F6F6D6764693A776179706F696E743E0A20202020202020203C6F6D6764693A776179706F696E7420783D223231302E302220793D223336302E30223E3C2F6F6D6764693A776179706F696E743E0A20202020202020203C62706D6E64693A42504D4E4C6162656C3E0A202020202020202020203C6F6D6764633A426F756E6473206865696768743D2231342E30222077696474683D2232322E302220783D223533392E302220793D223337322E30223E3C2F6F6D6764633A426F756E64733E0A20202020202020203C2F62706D6E64693A42504D4E4C6162656C3E0A2020202020203C2F62706D6E64693A42504D4E456467653E0A2020202020203C62706D6E64693A42504D4E456467652062706D6E456C656D656E743D22466C6F775F3165696C647A70222069643D2242504D4E456467655F466C6F775F3165696C647A70223E0A20202020202020203C6F6D6764693A776179706F696E7420783D223538302E302220793D223437352E30223E3C2F6F6D6764693A776179706F696E743E0A20202020202020203C6F6D6764693A776179706F696E7420783D223538302E302220793D223433302E30223E3C2F6F6D6764693A776179706F696E743E0A20202020202020203C6F6D6764693A776179706F696E7420783D223138302E302220793D223433302E30223E3C2F6F6D6764693A776179706F696E743E0A20202020202020203C6F6D6764693A776179706F696E7420783D223138302E302220793D223336302E30223E3C2F6F6D6764693A776179706F696E743E0A20202020202020203C62706D6E64693A42504D4E4C6162656C3E0A202020202020202020203C6F6D6764633A426F756E6473206865696768743D2231342E30222077696474683D2238392E302220783D223333362E302220793D223431322E30223E3C2F6F6D6764633A426F756E64733E0A20202020202020203C2F62706D6E64693A42504D4E4C6162656C3E0A2020202020203C2F62706D6E64693A42504D4E456467653E0A2020202020203C62706D6E64693A42504D4E456467652062706D6E456C656D656E743D22466C6F775F30633264753670222069643D2242504D4E456467655F466C6F775F30633264753670223E0A20202020202020203C6F6D6764693A776179706F696E7420783D223135302E302220793D223436302E30223E3C2F6F6D6764693A776179706F696E743E0A20202020202020203C6F6D6764693A776179706F696E7420783D223135302E302220793D223336302E30223E3C2F6F6D6764693A776179706F696E743E0A20202020202020203C62706D6E64693A42504D4E4C6162656C3E0A202020202020202020203C6F6D6764633A426F756E6473206865696768743D2231342E30222077696474683D2232322E302220783D223135342E302220793D223430372E30223E3C2F6F6D6764633A426F756E64733E0A20202020202020203C2F62706D6E64693A42504D4E4C6162656C3E0A2020202020203C2F62706D6E64693A42504D4E456467653E0A202020203C2F62706D6E64693A42504D4E506C616E653E0A20203C2F62706D6E64693A42504D4E4469616772616D3E0A3C2F62706D6E323A646566696E6974696F6E733E, 0);
INSERT INTO `ACT_GE_BYTEARRAY` VALUES ('7ce6126b-69e6-11ec-bb85-0235bf949cb9', 1, 'flowLeave.bpmn', '7ce6126a-69e6-11ec-bb85-0235bf949cb9', 0x3C3F786D6C2076657273696F6E3D22312E302220656E636F64696E673D225554462D38223F3E0A3C62706D6E323A646566696E6974696F6E7320786D6C6E733D22687474703A2F2F7777772E6F6D672E6F72672F737065632F42504D4E2F32303130303532342F4D4F44454C2220786D6C6E733A62706D6E323D22687474703A2F2F7777772E6F6D672E6F72672F737065632F42504D4E2F32303130303532342F4D4F44454C2220786D6C6E733A7873693D22687474703A2F2F7777772E77332E6F72672F323030312F584D4C536368656D612D696E7374616E63652220786D6C6E733A7873643D22687474703A2F2F7777772E77332E6F72672F323030312F584D4C536368656D612220786D6C6E733A61637469766974693D22687474703A2F2F61637469766974692E6F72672F62706D6E2220786D6C6E733A62706D6E64693D22687474703A2F2F7777772E6F6D672E6F72672F737065632F42504D4E2F32303130303532342F44492220786D6C6E733A6F6D6764633D22687474703A2F2F7777772E6F6D672E6F72672F737065632F44442F32303130303532342F44432220786D6C6E733A6F6D6764693D22687474703A2F2F7777772E6F6D672E6F72672F737065632F44442F32303130303532342F44492220786D6C6E733A64633D22687474703A2F2F7777772E6F6D672E6F72672F737065632F44442F32303130303532342F44432220786D6C6E733A64693D22687474703A2F2F7777772E6F6D672E6F72672F737065632F44442F32303130303532342F44492220747970654C616E67756167653D22687474703A2F2F7777772E77332E6F72672F323030312F584D4C536368656D61222065787072657373696F6E4C616E67756167653D22687474703A2F2F7777772E77332E6F72672F313939392F585061746822207461726765744E616D6573706163653D22687474703A2F2F61637469766974692E6F72672F62706D6E222069643D226469616772616D5F666C6F774C6561766522207873693A736368656D614C6F636174696F6E3D22687474703A2F2F7777772E6F6D672E6F72672F737065632F42504D4E2F32303130303532342F4D4F44454C2042504D4E32302E787364223E0A20203C62706D6E323A70726F636573732069643D22666C6F774C6561766522206E616D653D22E8AFB7E58187E794B3E8AFB72220697345786563757461626C653D2274727565223E0A202020203C657874656E73696F6E456C656D656E74733E0A2020202020203C61637469766974693A657865637574696F6E4C697374656E6572206576656E743D22656E642220636C6173733D22636F6D2E6F72616E6765666F726D732E636F6D6D6F6E2E666C6F772E6C697374656E65722E466C6F7746696E69736865644C697374656E6572223E3C2F61637469766974693A657865637574696F6E4C697374656E65723E0A202020203C2F657874656E73696F6E456C656D656E74733E0A202020203C62706D6E323A73746172744576656E742069643D224576656E745F316D6D72747477223E0A2020202020203C62706D6E323A6F7574676F696E673E466C6F775F3079346D336B763C2F62706D6E323A6F7574676F696E673E0A202020203C2F62706D6E323A73746172744576656E743E0A202020203C62706D6E323A757365725461736B2069643D2241637469766974795F317462386A6B6122206E616D653D22E8AFB7E58187E794B3E8AFB7222061637469766974693A61737369676E65653D22247B7374617274557365724E616D657D222061637469766974693A666F726D4B65793D227B2671756F743B666F726D49642671756F743B3A2671756F743B313434303934353431313335343236373634382671756F743B2C2671756F743B726561644F6E6C792671756F743B3A66616C73652C2671756F743B67726F7570547970652671756F743B3A2671756F743B41535349474E45452671756F743B7D223E0A2020202020203C657874656E73696F6E456C656D656E74733E0A20202020202020203C61637469766974693A6F7065726174696F6E4C6973743E0A202020202020202020203C61637469766974693A666F726D4F7065726174696F6E2069643D223136333437313131323239323522206C6162656C3D22E68F90E4BAA42220747970653D226167726565222073686F774F726465723D2230223E3C2F61637469766974693A666F726D4F7065726174696F6E3E0A20202020202020203C2F61637469766974693A6F7065726174696F6E4C6973743E0A20202020202020203C61637469766974693A7661726961626C654C6973743E3C2F61637469766974693A7661726961626C654C6973743E0A2020202020203C2F657874656E73696F6E456C656D656E74733E0A202020203C2F62706D6E323A757365725461736B3E0A202020203C62706D6E323A73657175656E6365466C6F772069643D22466C6F775F3079346D336B762220736F757263655265663D224576656E745F316D6D7274747722207461726765745265663D2241637469766974795F317462386A6B61223E3C2F62706D6E323A73657175656E6365466C6F773E0A202020203C62706D6E323A757365725461736B2069643D2241637469766974795F31316A7230707822206E616D653D22E983A8E997A8E9A286E5AFBCE5AEA1E689B9222061637469766974693A63616E64696461746547726F7570733D22247B64657074506F73744C65616465727D222061637469766974693A666F726D4B65793D227B2671756F743B666F726D49642671756F743B3A2671756F743B313434303934353431313335343236373634382671756F743B2C2671756F743B726561644F6E6C792671756F743B3A747275652C2671756F743B67726F7570547970652671756F743B3A2671756F743B444550545F504F53545F4C45414445522671756F743B7D223E0A2020202020203C657874656E73696F6E456C656D656E74733E0A20202020202020203C61637469766974693A7461736B4C697374656E6572206576656E743D226372656174652220636C6173733D22636F6D2E6F72616E6765666F726D732E636F6D6D6F6E2E666C6F772E6C697374656E65722E44657074506F73744C65616465724C697374656E6572223E3C2F61637469766974693A7461736B4C697374656E65723E0A20202020202020203C61637469766974693A6F7065726174696F6E4C6973743E0A202020202020202020203C61637469766974693A666F726D4F7065726174696F6E2069643D223136333437313131343739343122206C6162656C3D22E5908CE6848F2220747970653D226167726565222073686F774F726465723D2230223E3C2F61637469766974693A666F726D4F7065726174696F6E3E0A202020202020202020203C61637469766974693A666F726D4F7065726174696F6E2069643D223136333437313131353133343922206C6162656C3D22E68B92E7BB9D2220747970653D22726566757365222073686F774F726465723D2231223E3C2F61637469766974693A666F726D4F7065726174696F6E3E0A20202020202020203C2F61637469766974693A6F7065726174696F6E4C6973743E0A20202020202020203C61637469766974693A7661726961626C654C6973743E3C2F61637469766974693A7661726961626C654C6973743E0A2020202020203C2F657874656E73696F6E456C656D656E74733E0A202020203C2F62706D6E323A757365725461736B3E0A202020203C62706D6E323A73657175656E6365466C6F772069643D22466C6F775F30376F703230392220736F757263655265663D2241637469766974795F317462386A6B6122207461726765745265663D2241637469766974795F31316A72307078223E3C2F62706D6E323A73657175656E6365466C6F773E0A202020203C62706D6E323A757365725461736B2069643D2241637469766974795F3030696270307522206E616D653D224852E5AEA1E689B9222061637469766974693A63616E64696461746547726F7570733D2231343430393634323231373830313033313638222061637469766974693A666F726D4B65793D227B2671756F743B666F726D49642671756F743B3A2671756F743B313434303934353431313335343236373634382671756F743B2C2671756F743B726561644F6E6C792671756F743B3A747275652C2671756F743B67726F7570547970652671756F743B3A2671756F743B504F53542671756F743B7D223E0A2020202020203C657874656E73696F6E456C656D656E74733E0A20202020202020203C61637469766974693A6F7065726174696F6E4C6973743E0A202020202020202020203C61637469766974693A666F726D4F7065726174696F6E2069643D223136333437313133303636303122206C6162656C3D22E5908CE6848F2220747970653D226167726565222073686F774F726465723D2230223E3C2F61637469766974693A666F726D4F7065726174696F6E3E0A202020202020202020203C61637469766974693A666F726D4F7065726174696F6E2069643D223136333437313133313033393122206C6162656C3D22E68B92E7BB9D2220747970653D22726566757365222073686F774F726465723D2231223E3C2F61637469766974693A666F726D4F7065726174696F6E3E0A20202020202020203C2F61637469766974693A6F7065726174696F6E4C6973743E0A20202020202020203C61637469766974693A7661726961626C654C6973743E3C2F61637469766974693A7661726961626C654C6973743E0A20202020202020203C61637469766974693A64657074506F73744C6973743E0A202020202020202020203C61637469766974693A64657074506F73742069643D2264657074506F73745F5F313434303936343232313738303130333136382220747970653D2264657074506F7374222064657074506F737449643D2231343430393634323231373830313033313638223E3C2F61637469766974693A64657074506F73743E0A20202020202020203C2F61637469766974693A64657074506F73744C6973743E0A2020202020203C2F657874656E73696F6E456C656D656E74733E0A202020203C2F62706D6E323A757365725461736B3E0A202020203C62706D6E323A656E644576656E742069643D224576656E745F3163303839756F223E0A2020202020203C62706D6E323A696E636F6D696E673E466C6F775F306D32376664653C2F62706D6E323A696E636F6D696E673E0A202020203C2F62706D6E323A656E644576656E743E0A202020203C62706D6E323A73657175656E6365466C6F772069643D22466C6F775F306D323766646522206E616D653D22E5908CE6848F2220736F757263655265663D2241637469766974795F3030696270307522207461726765745265663D224576656E745F3163303839756F223E0A2020202020203C657874656E73696F6E456C656D656E74733E0A20202020202020203C61637469766974693A637573746F6D436F6E646974696F6E20747970653D226F7065726174696F6E22206F7065726174696F6E547970653D226167726565223E3C2F61637469766974693A637573746F6D436F6E646974696F6E3E0A2020202020203C2F657874656E73696F6E456C656D656E74733E0A2020202020203C636F6E646974696F6E45787072657373696F6E207873693A747970653D2274466F726D616C45787072657373696F6E223E3C215B43444154415B247B6F7065726174696F6E54797065203D3D20276167726565277D5D5D3E3C2F636F6E646974696F6E45787072657373696F6E3E0A202020203C2F62706D6E323A73657175656E6365466C6F773E0A202020203C62706D6E323A73657175656E6365466C6F772069643D22466C6F775F31367A796F613522206E616D653D22E68B92E7BB9D2220736F757263655265663D2241637469766974795F31316A7230707822207461726765745265663D2241637469766974795F317462386A6B61223E0A2020202020203C657874656E73696F6E456C656D656E74733E0A20202020202020203C61637469766974693A637573746F6D436F6E646974696F6E20747970653D226F7065726174696F6E22206F7065726174696F6E547970653D22726566757365223E3C2F61637469766974693A637573746F6D436F6E646974696F6E3E0A2020202020203C2F657874656E73696F6E456C656D656E74733E0A2020202020203C636F6E646974696F6E45787072657373696F6E207873693A747970653D2274466F726D616C45787072657373696F6E223E3C215B43444154415B247B6F7065726174696F6E54797065203D3D2027726566757365277D5D5D3E3C2F636F6E646974696F6E45787072657373696F6E3E0A202020203C2F62706D6E323A73657175656E6365466C6F773E0A202020203C62706D6E323A73657175656E6365466C6F772069643D22466C6F775F306C6C3734616E22206E616D653D22E5908CE6848F2220736F757263655265663D2241637469766974795F31316A7230707822207461726765745265663D2241637469766974795F30306962703075223E0A2020202020203C657874656E73696F6E456C656D656E74733E0A20202020202020203C61637469766974693A637573746F6D436F6E646974696F6E20747970653D226F7065726174696F6E22206F7065726174696F6E547970653D226167726565223E3C2F61637469766974693A637573746F6D436F6E646974696F6E3E0A2020202020203C2F657874656E73696F6E456C656D656E74733E0A2020202020203C636F6E646974696F6E45787072657373696F6E207873693A747970653D2274466F726D616C45787072657373696F6E223E3C215B43444154415B247B6F7065726174696F6E54797065203D3D20276167726565277D5D5D3E3C2F636F6E646974696F6E45787072657373696F6E3E0A202020203C2F62706D6E323A73657175656E6365466C6F773E0A202020203C62706D6E323A73657175656E6365466C6F772069643D22466C6F775F3161656B6D733822206E616D653D22E68B92E7BB9D2220736F757263655265663D2241637469766974795F3030696270307522207461726765745265663D2241637469766974795F317462386A6B61223E0A2020202020203C657874656E73696F6E456C656D656E74733E0A20202020202020203C61637469766974693A637573746F6D436F6E646974696F6E20747970653D226F7065726174696F6E22206F7065726174696F6E547970653D22726566757365223E3C2F61637469766974693A637573746F6D436F6E646974696F6E3E0A2020202020203C2F657874656E73696F6E456C656D656E74733E0A2020202020203C636F6E646974696F6E45787072657373696F6E207873693A747970653D2274466F726D616C45787072657373696F6E223E3C215B43444154415B247B6F7065726174696F6E54797065203D3D2027726566757365277D5D5D3E3C2F636F6E646974696F6E45787072657373696F6E3E0A202020203C2F62706D6E323A73657175656E6365466C6F773E0A20203C2F62706D6E323A70726F636573733E0A20203C62706D6E64693A42504D4E4469616772616D2069643D2242504D4E4469616772616D5F666C6F774C65617665223E0A202020203C62706D6E64693A42504D4E506C616E652062706D6E456C656D656E743D22666C6F774C65617665222069643D2242504D4E506C616E655F666C6F774C65617665223E0A2020202020203C62706D6E64693A42504D4E53686170652062706D6E456C656D656E743D224576656E745F316D6D72747477222069643D2242504D4E53686170655F4576656E745F316D6D72747477223E0A20202020202020203C6F6D6764633A426F756E6473206865696768743D2233362E30222077696474683D2233362E302220783D223133322E302220793D223237322E30223E3C2F6F6D6764633A426F756E64733E0A2020202020203C2F62706D6E64693A42504D4E53686170653E0A2020202020203C62706D6E64693A42504D4E53686170652062706D6E456C656D656E743D2241637469766974795F317462386A6B61222069643D2242504D4E53686170655F41637469766974795F317462386A6B61223E0A20202020202020203C6F6D6764633A426F756E6473206865696768743D2238302E30222077696474683D223130302E302220783D223232302E302220793D223235302E30223E3C2F6F6D6764633A426F756E64733E0A2020202020203C2F62706D6E64693A42504D4E53686170653E0A2020202020203C62706D6E64693A42504D4E53686170652062706D6E456C656D656E743D2241637469766974795F31316A72307078222069643D2242504D4E53686170655F41637469766974795F31316A72307078223E0A20202020202020203C6F6D6764633A426F756E6473206865696768743D2238302E30222077696474683D223130302E302220783D223338302E302220793D223235302E30223E3C2F6F6D6764633A426F756E64733E0A2020202020203C2F62706D6E64693A42504D4E53686170653E0A2020202020203C62706D6E64693A42504D4E53686170652062706D6E456C656D656E743D2241637469766974795F30306962703075222069643D2242504D4E53686170655F41637469766974795F30306962703075223E0A20202020202020203C6F6D6764633A426F756E6473206865696768743D2238302E30222077696474683D223130302E302220783D223534302E302220793D223235302E30223E3C2F6F6D6764633A426F756E64733E0A2020202020203C2F62706D6E64693A42504D4E53686170653E0A2020202020203C62706D6E64693A42504D4E53686170652062706D6E456C656D656E743D224576656E745F3163303839756F222069643D2242504D4E53686170655F4576656E745F3163303839756F223E0A20202020202020203C6F6D6764633A426F756E6473206865696768743D2233362E30222077696474683D2233362E302220783D223730322E302220793D223237322E30223E3C2F6F6D6764633A426F756E64733E0A2020202020203C2F62706D6E64693A42504D4E53686170653E0A2020202020203C62706D6E64693A42504D4E456467652062706D6E456C656D656E743D22466C6F775F3161656B6D7338222069643D2242504D4E456467655F466C6F775F3161656B6D7338223E0A20202020202020203C6F6D6764693A776179706F696E7420783D223539302E302220793D223333302E30223E3C2F6F6D6764693A776179706F696E743E0A20202020202020203C6F6D6764693A776179706F696E7420783D223539302E302220793D223337302E30223E3C2F6F6D6764693A776179706F696E743E0A20202020202020203C6F6D6764693A776179706F696E7420783D223237302E302220793D223337302E30223E3C2F6F6D6764693A776179706F696E743E0A20202020202020203C6F6D6764693A776179706F696E7420783D223237302E302220793D223333302E30223E3C2F6F6D6764693A776179706F696E743E0A20202020202020203C62706D6E64693A42504D4E4C6162656C3E0A202020202020202020203C6F6D6764633A426F756E6473206865696768743D2231342E30222077696474683D2232322E302220783D223431392E302220793D223335322E30223E3C2F6F6D6764633A426F756E64733E0A20202020202020203C2F62706D6E64693A42504D4E4C6162656C3E0A2020202020203C2F62706D6E64693A42504D4E456467653E0A2020202020203C62706D6E64693A42504D4E456467652062706D6E456C656D656E743D22466C6F775F306C6C3734616E222069643D2242504D4E456467655F466C6F775F306C6C3734616E223E0A20202020202020203C6F6D6764693A776179706F696E7420783D223438302E302220793D223239302E30223E3C2F6F6D6764693A776179706F696E743E0A20202020202020203C6F6D6764693A776179706F696E7420783D223534302E302220793D223239302E30223E3C2F6F6D6764693A776179706F696E743E0A20202020202020203C62706D6E64693A42504D4E4C6162656C3E0A202020202020202020203C6F6D6764633A426F756E6473206865696768743D2231342E30222077696474683D2232332E302220783D223439392E302220793D223237322E30223E3C2F6F6D6764633A426F756E64733E0A20202020202020203C2F62706D6E64693A42504D4E4C6162656C3E0A2020202020203C2F62706D6E64693A42504D4E456467653E0A2020202020203C62706D6E64693A42504D4E456467652062706D6E456C656D656E743D22466C6F775F31367A796F6135222069643D2242504D4E456467655F466C6F775F31367A796F6135223E0A20202020202020203C6F6D6764693A776179706F696E7420783D223433302E302220793D223235302E30223E3C2F6F6D6764693A776179706F696E743E0A20202020202020203C6F6D6764693A776179706F696E7420783D223433302E302220793D223231302E30223E3C2F6F6D6764693A776179706F696E743E0A20202020202020203C6F6D6764693A776179706F696E7420783D223237302E302220793D223231302E30223E3C2F6F6D6764693A776179706F696E743E0A20202020202020203C6F6D6764693A776179706F696E7420783D223237302E302220793D223235302E30223E3C2F6F6D6764693A776179706F696E743E0A20202020202020203C62706D6E64693A42504D4E4C6162656C3E0A202020202020202020203C6F6D6764633A426F756E6473206865696768743D2231342E30222077696474683D2232322E302220783D223333392E302220793D223139322E30223E3C2F6F6D6764633A426F756E64733E0A20202020202020203C2F62706D6E64693A42504D4E4C6162656C3E0A2020202020203C2F62706D6E64693A42504D4E456467653E0A2020202020203C62706D6E64693A42504D4E456467652062706D6E456C656D656E743D22466C6F775F306D3237666465222069643D2242504D4E456467655F466C6F775F306D3237666465223E0A20202020202020203C6F6D6764693A776179706F696E7420783D223634302E302220793D223239302E30223E3C2F6F6D6764693A776179706F696E743E0A20202020202020203C6F6D6764693A776179706F696E7420783D223730322E302220793D223239302E30223E3C2F6F6D6764693A776179706F696E743E0A20202020202020203C62706D6E64693A42504D4E4C6162656C3E0A202020202020202020203C6F6D6764633A426F756E6473206865696768743D2231342E30222077696474683D2232332E302220783D223636302E302220793D223237322E30223E3C2F6F6D6764633A426F756E64733E0A20202020202020203C2F62706D6E64693A42504D4E4C6162656C3E0A2020202020203C2F62706D6E64693A42504D4E456467653E0A2020202020203C62706D6E64693A42504D4E456467652062706D6E456C656D656E743D22466C6F775F30376F70323039222069643D2242504D4E456467655F466C6F775F30376F70323039223E0A20202020202020203C6F6D6764693A776179706F696E7420783D223332302E302220793D223239302E30223E3C2F6F6D6764693A776179706F696E743E0A20202020202020203C6F6D6764693A776179706F696E7420783D223338302E302220793D223239302E30223E3C2F6F6D6764693A776179706F696E743E0A2020202020203C2F62706D6E64693A42504D4E456467653E0A2020202020203C62706D6E64693A42504D4E456467652062706D6E456C656D656E743D22466C6F775F3079346D336B76222069643D2242504D4E456467655F466C6F775F3079346D336B76223E0A20202020202020203C6F6D6764693A776179706F696E7420783D223136382E302220793D223239302E30223E3C2F6F6D6764693A776179706F696E743E0A20202020202020203C6F6D6764693A776179706F696E7420783D223232302E302220793D223239302E30223E3C2F6F6D6764693A776179706F696E743E0A2020202020203C2F62706D6E64693A42504D4E456467653E0A202020203C2F62706D6E64693A42504D4E506C616E653E0A20203C2F62706D6E64693A42504D4E4469616772616D3E0A3C2F62706D6E323A646566696E6974696F6E733E, 0);
INSERT INTO `ACT_GE_BYTEARRAY` VALUES ('87e159ee-69e6-11ec-bb85-0235bf949cb9', 1, 'flowSubmit.bpmn', '87e159ed-69e6-11ec-bb85-0235bf949cb9', 0x3C3F786D6C2076657273696F6E3D22312E302220656E636F64696E673D225554462D38223F3E0A3C62706D6E323A646566696E6974696F6E7320786D6C6E733D22687474703A2F2F7777772E6F6D672E6F72672F737065632F42504D4E2F32303130303532342F4D4F44454C2220786D6C6E733A62706D6E323D22687474703A2F2F7777772E6F6D672E6F72672F737065632F42504D4E2F32303130303532342F4D4F44454C2220786D6C6E733A7873693D22687474703A2F2F7777772E77332E6F72672F323030312F584D4C536368656D612D696E7374616E63652220786D6C6E733A7873643D22687474703A2F2F7777772E77332E6F72672F323030312F584D4C536368656D612220786D6C6E733A61637469766974693D22687474703A2F2F61637469766974692E6F72672F62706D6E2220786D6C6E733A62706D6E64693D22687474703A2F2F7777772E6F6D672E6F72672F737065632F42504D4E2F32303130303532342F44492220786D6C6E733A6F6D6764633D22687474703A2F2F7777772E6F6D672E6F72672F737065632F44442F32303130303532342F44432220786D6C6E733A6F6D6764693D22687474703A2F2F7777772E6F6D672E6F72672F737065632F44442F32303130303532342F44492220786D6C6E733A64633D22687474703A2F2F7777772E6F6D672E6F72672F737065632F44442F32303130303532342F44432220786D6C6E733A64693D22687474703A2F2F7777772E6F6D672E6F72672F737065632F44442F32303130303532342F44492220747970654C616E67756167653D22687474703A2F2F7777772E77332E6F72672F323030312F584D4C536368656D61222065787072657373696F6E4C616E67756167653D22687474703A2F2F7777772E77332E6F72672F313939392F585061746822207461726765744E616D6573706163653D22687474703A2F2F61637469766974692E6F72672F62706D6E222069643D226469616772616D5F666C6F775375626D697422207873693A736368656D614C6F636174696F6E3D22687474703A2F2F7777772E6F6D672E6F72672F737065632F42504D4E2F32303130303532342F4D4F44454C2042504D4E32302E787364223E0A20203C62706D6E323A70726F636573732069643D22666C6F775375626D697422206E616D653D22E68AA5E99480E794B3E8AFB72220697345786563757461626C653D2274727565223E0A202020203C657874656E73696F6E456C656D656E74733E0A2020202020203C61637469766974693A657865637574696F6E4C697374656E6572206576656E743D22656E642220636C6173733D22636F6D2E6F72616E6765666F726D732E636F6D6D6F6E2E666C6F772E6C697374656E65722E466C6F7746696E69736865644C697374656E6572223E3C2F61637469766974693A657865637574696F6E4C697374656E65723E0A202020203C2F657874656E73696F6E456C656D656E74733E0A202020203C62706D6E323A73746172744576656E742069643D224576656E745F31753464783362223E0A2020202020203C62706D6E323A6F7574676F696E673E466C6F775F306D726D71626B3C2F62706D6E323A6F7574676F696E673E0A202020203C2F62706D6E323A73746172744576656E743E0A202020203C62706D6E323A757365725461736B2069643D2241637469766974795F3163733462693522206E616D653D22E68AA5E99480E794B3E8AFB7222061637469766974693A61737369676E65653D22247B7374617274557365724E616D657D222061637469766974693A666F726D4B65793D227B2671756F743B666F726D49642671756F743B3A2671756F743B313434303934373637353034313130373936382671756F743B2C2671756F743B726561644F6E6C792671756F743B3A66616C73652C2671756F743B67726F7570547970652671756F743B3A2671756F743B41535349474E45452671756F743B7D223E0A2020202020203C657874656E73696F6E456C656D656E74733E0A20202020202020203C61637469766974693A6F7065726174696F6E4C6973743E0A202020202020202020203C61637469766974693A666F726D4F7065726174696F6E2069643D223136333437313138303337393622206C6162656C3D22E68F90E4BAA42220747970653D226167726565222073686F774F726465723D2230223E3C2F61637469766974693A666F726D4F7065726174696F6E3E0A20202020202020203C2F61637469766974693A6F7065726174696F6E4C6973743E0A20202020202020203C61637469766974693A7661726961626C654C6973743E3C2F61637469766974693A7661726961626C654C6973743E0A2020202020203C2F657874656E73696F6E456C656D656E74733E0A202020203C2F62706D6E323A757365725461736B3E0A202020203C62706D6E323A73657175656E6365466C6F772069643D22466C6F775F306D726D71626B2220736F757263655265663D224576656E745F3175346478336222207461726765745265663D2241637469766974795F31637334626935223E3C2F62706D6E323A73657175656E6365466C6F773E0A202020203C62706D6E323A757365725461736B2069643D2241637469766974795F303473636E326F22206E616D653D22E983A8E997A8E9A286E5AFBCE5AEA1E689B9222061637469766974693A63616E64696461746547726F7570733D22247B64657074506F73744C65616465727D222061637469766974693A666F726D4B65793D227B2671756F743B666F726D49642671756F743B3A2671756F743B313434303934373637353034313130373936382671756F743B2C2671756F743B726561644F6E6C792671756F743B3A747275652C2671756F743B67726F7570547970652671756F743B3A2671756F743B444550545F504F53545F4C45414445522671756F743B7D223E0A2020202020203C657874656E73696F6E456C656D656E74733E0A20202020202020203C61637469766974693A7461736B4C697374656E6572206576656E743D226372656174652220636C6173733D22636F6D2E6F72616E6765666F726D732E636F6D6D6F6E2E666C6F772E6C697374656E65722E44657074506F73744C65616465724C697374656E6572223E3C2F61637469766974693A7461736B4C697374656E65723E0A20202020202020203C61637469766974693A6F7065726174696F6E4C6973743E0A202020202020202020203C61637469766974693A666F726D4F7065726174696F6E2069643D223136333437313138313236343622206C6162656C3D22E5908CE6848F2220747970653D226167726565222073686F774F726465723D2230223E3C2F61637469766974693A666F726D4F7065726174696F6E3E0A202020202020202020203C61637469766974693A666F726D4F7065726174696F6E2069643D223136333437313138313539383422206C6162656C3D22E68B92E7BB9D2220747970653D22726566757365222073686F774F726465723D2231223E3C2F61637469766974693A666F726D4F7065726174696F6E3E0A20202020202020203C2F61637469766974693A6F7065726174696F6E4C6973743E0A20202020202020203C61637469766974693A7661726961626C654C6973743E0A202020202020202020203C61637469766974693A666F726D5661726961626C652069643D2231343530373130383030383534343231353034223E3C2F61637469766974693A666F726D5661726961626C653E0A20202020202020203C2F61637469766974693A7661726961626C654C6973743E0A2020202020203C2F657874656E73696F6E456C656D656E74733E0A202020203C2F62706D6E323A757365725461736B3E0A202020203C62706D6E323A73657175656E6365466C6F772069643D22466C6F775F307039673732692220736F757263655265663D2241637469766974795F3163733462693522207461726765745265663D2241637469766974795F303473636E326F223E3C2F62706D6E323A73657175656E6365466C6F773E0A202020203C62706D6E323A6578636C7573697665476174657761792069643D22476174657761795F30707572396365223E0A2020202020203C62706D6E323A696E636F6D696E673E466C6F775F306979756B77723C2F62706D6E323A696E636F6D696E673E0A2020202020203C62706D6E323A6F7574676F696E673E466C6F775F306A667265316B3C2F62706D6E323A6F7574676F696E673E0A2020202020203C62706D6E323A6F7574676F696E673E466C6F775F313365646537623C2F62706D6E323A6F7574676F696E673E0A202020203C2F62706D6E323A6578636C7573697665476174657761793E0A202020203C62706D6E323A73657175656E6365466C6F772069643D22466C6F775F306979756B777222206E616D653D22E5908CE6848F2220736F757263655265663D2241637469766974795F303473636E326F22207461726765745265663D22476174657761795F30707572396365223E0A2020202020203C657874656E73696F6E456C656D656E74733E0A20202020202020203C61637469766974693A637573746F6D436F6E646974696F6E20747970653D226F7065726174696F6E22206F7065726174696F6E547970653D226167726565223E3C2F61637469766974693A637573746F6D436F6E646974696F6E3E0A2020202020203C2F657874656E73696F6E456C656D656E74733E0A2020202020203C636F6E646974696F6E45787072657373696F6E207873693A747970653D2274466F726D616C45787072657373696F6E223E3C215B43444154415B247B6F7065726174696F6E54797065203D3D20276167726565277D5D5D3E3C2F636F6E646974696F6E45787072657373696F6E3E0A202020203C2F62706D6E323A73657175656E6365466C6F773E0A202020203C62706D6E323A656E644576656E742069643D224576656E745F30346E71666E79223E0A2020202020203C62706D6E323A696E636F6D696E673E466C6F775F306A667265316B3C2F62706D6E323A696E636F6D696E673E0A2020202020203C62706D6E323A696E636F6D696E673E466C6F775F313576336A6B6A3C2F62706D6E323A696E636F6D696E673E0A202020203C2F62706D6E323A656E644576656E743E0A202020203C62706D6E323A73657175656E6365466C6F772069643D22466C6F775F306A667265316B22206E616D653D22E68AA5E99480E98791E9A29DE5B08FE4BA8E313030302220736F757263655265663D22476174657761795F3070757239636522207461726765745265663D224576656E745F30346E71666E79223E0A2020202020203C636F6E646974696F6E45787072657373696F6E207873693A747970653D2274466F726D616C45787072657373696F6E223E3C215B43444154415B247B746F74616C416D6F756E74203C3D20313030307D5D5D3E3C2F636F6E646974696F6E45787072657373696F6E3E0A202020203C2F62706D6E323A73657175656E6365466C6F773E0A202020203C62706D6E323A757365725461736B2069643D2241637469766974795F3177323378666522206E616D653D22E680BBE7BB8FE79086E5AEA1E689B9222061637469766974693A63616E64696461746547726F7570733D2231343430393131343130353831323133343136222061637469766974693A666F726D4B65793D227B2671756F743B666F726D49642671756F743B3A2671756F743B313434303934373637353034313130373936382671756F743B2C2671756F743B726561644F6E6C792671756F743B3A747275652C2671756F743B67726F7570547970652671756F743B3A2671756F743B444550542671756F743B7D223E0A2020202020203C657874656E73696F6E456C656D656E74733E0A20202020202020203C61637469766974693A6F7065726174696F6E4C6973743E0A202020202020202020203C61637469766974693A666F726D4F7065726174696F6E2069643D223136333437313138383339303122206C6162656C3D22E5908CE6848F2220747970653D226167726565222073686F774F726465723D2230223E3C2F61637469766974693A666F726D4F7065726174696F6E3E0A202020202020202020203C61637469766974693A666F726D4F7065726174696F6E2069643D223136333437313138383733323222206C6162656C3D22E68B92E7BB9D2220747970653D22726566757365222073686F774F726465723D2231223E3C2F61637469766974693A666F726D4F7065726174696F6E3E0A20202020202020203C2F61637469766974693A6F7065726174696F6E4C6973743E0A20202020202020203C61637469766974693A7661726961626C654C6973743E3C2F61637469766974693A7661726961626C654C6973743E0A20202020202020203C61637469766974693A7573657243616E64696461746547726F75707320747970653D2244455054222076616C75653D2231343430393131343130353831323133343136223E3C2F61637469766974693A7573657243616E64696461746547726F7570733E0A2020202020203C2F657874656E73696F6E456C656D656E74733E0A202020203C2F62706D6E323A757365725461736B3E0A202020203C62706D6E323A73657175656E6365466C6F772069643D22466C6F775F3133656465376222206E616D653D22E68AA5E99480E98791E9A29DE5A4A7E4BA8E313030302220736F757263655265663D22476174657761795F3070757239636522207461726765745265663D2241637469766974795F31773233786665223E0A2020202020203C636F6E646974696F6E45787072657373696F6E207873693A747970653D2274466F726D616C45787072657373696F6E223E3C215B43444154415B247B746F74616C416D6F756E74203E20313030307D5D5D3E3C2F636F6E646974696F6E45787072657373696F6E3E0A202020203C2F62706D6E323A73657175656E6365466C6F773E0A202020203C62706D6E323A73657175656E6365466C6F772069643D22466C6F775F313576336A6B6A22206E616D653D22E5908CE6848F2220736F757263655265663D2241637469766974795F3177323378666522207461726765745265663D224576656E745F30346E71666E79223E0A2020202020203C657874656E73696F6E456C656D656E74733E0A20202020202020203C61637469766974693A637573746F6D436F6E646974696F6E20747970653D226F7065726174696F6E22206F7065726174696F6E547970653D226167726565223E3C2F61637469766974693A637573746F6D436F6E646974696F6E3E0A2020202020203C2F657874656E73696F6E456C656D656E74733E0A2020202020203C636F6E646974696F6E45787072657373696F6E207873693A747970653D2274466F726D616C45787072657373696F6E223E3C215B43444154415B247B6F7065726174696F6E54797065203D3D20276167726565277D5D5D3E3C2F636F6E646974696F6E45787072657373696F6E3E0A202020203C2F62706D6E323A73657175656E6365466C6F773E0A202020203C62706D6E323A73657175656E6365466C6F772069643D22466C6F775F316F697135387222206E616D653D22E68B92E7BB9D2220736F757263655265663D2241637469766974795F3177323378666522207461726765745265663D2241637469766974795F31637334626935223E0A2020202020203C657874656E73696F6E456C656D656E74733E0A20202020202020203C61637469766974693A637573746F6D436F6E646974696F6E20747970653D226F7065726174696F6E22206F7065726174696F6E547970653D22726566757365223E3C2F61637469766974693A637573746F6D436F6E646974696F6E3E0A2020202020203C2F657874656E73696F6E456C656D656E74733E0A2020202020203C636F6E646974696F6E45787072657373696F6E207873693A747970653D2274466F726D616C45787072657373696F6E223E3C215B43444154415B247B6F7065726174696F6E54797065203D3D2027726566757365277D5D5D3E3C2F636F6E646974696F6E45787072657373696F6E3E0A202020203C2F62706D6E323A73657175656E6365466C6F773E0A202020203C62706D6E323A73657175656E6365466C6F772069643D22466C6F775F3039387338693022206E616D653D22E68B92E7BB9D2220736F757263655265663D2241637469766974795F303473636E326F22207461726765745265663D2241637469766974795F31637334626935223E0A2020202020203C657874656E73696F6E456C656D656E74733E0A20202020202020203C61637469766974693A637573746F6D436F6E646974696F6E20747970653D226F7065726174696F6E22206F7065726174696F6E547970653D22726566757365223E3C2F61637469766974693A637573746F6D436F6E646974696F6E3E0A2020202020203C2F657874656E73696F6E456C656D656E74733E0A2020202020203C636F6E646974696F6E45787072657373696F6E207873693A747970653D2274466F726D616C45787072657373696F6E223E3C215B43444154415B247B6F7065726174696F6E54797065203D3D2027726566757365277D5D5D3E3C2F636F6E646974696F6E45787072657373696F6E3E0A202020203C2F62706D6E323A73657175656E6365466C6F773E0A20203C2F62706D6E323A70726F636573733E0A20203C62706D6E64693A42504D4E4469616772616D2069643D2242504D4E4469616772616D5F666C6F775375626D6974223E0A202020203C62706D6E64693A42504D4E506C616E652062706D6E456C656D656E743D22666C6F775375626D6974222069643D2242504D4E506C616E655F666C6F775375626D6974223E0A2020202020203C62706D6E64693A42504D4E53686170652062706D6E456C656D656E743D224576656E745F31753464783362222069643D2242504D4E53686170655F4576656E745F31753464783362223E0A20202020202020203C6F6D6764633A426F756E6473206865696768743D2233362E30222077696474683D2233362E302220783D223132322E302220793D223330322E30223E3C2F6F6D6764633A426F756E64733E0A2020202020203C2F62706D6E64693A42504D4E53686170653E0A2020202020203C62706D6E64693A42504D4E53686170652062706D6E456C656D656E743D2241637469766974795F31637334626935222069643D2242504D4E53686170655F41637469766974795F31637334626935223E0A20202020202020203C6F6D6764633A426F756E6473206865696768743D2238302E30222077696474683D223130302E302220783D223231302E302220793D223238302E30223E3C2F6F6D6764633A426F756E64733E0A2020202020203C2F62706D6E64693A42504D4E53686170653E0A2020202020203C62706D6E64693A42504D4E53686170652062706D6E456C656D656E743D2241637469766974795F303473636E326F222069643D2242504D4E53686170655F41637469766974795F303473636E326F223E0A20202020202020203C6F6D6764633A426F756E6473206865696768743D2238302E30222077696474683D223130302E302220783D223337302E302220793D223238302E30223E3C2F6F6D6764633A426F756E64733E0A2020202020203C2F62706D6E64693A42504D4E53686170653E0A2020202020203C62706D6E64693A42504D4E53686170652062706D6E456C656D656E743D22476174657761795F30707572396365222069643D2242504D4E53686170655F476174657761795F30707572396365223E0A20202020202020203C6F6D6764633A426F756E6473206865696768743D2235302E30222077696474683D2235302E302220783D223538352E302220793D223239352E30223E3C2F6F6D6764633A426F756E64733E0A2020202020203C2F62706D6E64693A42504D4E53686170653E0A2020202020203C62706D6E64693A42504D4E53686170652062706D6E456C656D656E743D224576656E745F30346E71666E79222069643D2242504D4E53686170655F4576656E745F30346E71666E79223E0A20202020202020203C6F6D6764633A426F756E6473206865696768743D2233362E30222077696474683D2233362E302220783D223834322E302220793D223330322E30223E3C2F6F6D6764633A426F756E64733E0A2020202020203C2F62706D6E64693A42504D4E53686170653E0A2020202020203C62706D6E64693A42504D4E53686170652062706D6E456C656D656E743D2241637469766974795F31773233786665222069643D2242504D4E53686170655F41637469766974795F31773233786665223E0A20202020202020203C6F6D6764633A426F756E6473206865696768743D2238302E30222077696474683D223130302E302220783D223536302E302220793D223339302E30223E3C2F6F6D6764633A426F756E64733E0A2020202020203C2F62706D6E64693A42504D4E53686170653E0A2020202020203C62706D6E64693A42504D4E456467652062706D6E456C656D656E743D22466C6F775F30393873386930222069643D2242504D4E456467655F466C6F775F30393873386930223E0A20202020202020203C6F6D6764693A776179706F696E7420783D223432302E302220793D223238302E30223E3C2F6F6D6764693A776179706F696E743E0A20202020202020203C6F6D6764693A776179706F696E7420783D223432302E302220793D223234302E30223E3C2F6F6D6764693A776179706F696E743E0A20202020202020203C6F6D6764693A776179706F696E7420783D223236302E302220793D223234302E30223E3C2F6F6D6764693A776179706F696E743E0A20202020202020203C6F6D6764693A776179706F696E7420783D223236302E302220793D223238302E30223E3C2F6F6D6764693A776179706F696E743E0A20202020202020203C62706D6E64693A42504D4E4C6162656C3E0A202020202020202020203C6F6D6764633A426F756E6473206865696768743D2231342E30222077696474683D2232322E302220783D223332392E302220793D223232322E30223E3C2F6F6D6764633A426F756E64733E0A20202020202020203C2F62706D6E64693A42504D4E4C6162656C3E0A2020202020203C2F62706D6E64693A42504D4E456467653E0A2020202020203C62706D6E64693A42504D4E456467652062706D6E456C656D656E743D22466C6F775F316F6971353872222069643D2242504D4E456467655F466C6F775F316F6971353872223E0A20202020202020203C6F6D6764693A776179706F696E7420783D223536302E302220793D223433302E30223E3C2F6F6D6764693A776179706F696E743E0A20202020202020203C6F6D6764693A776179706F696E7420783D223236302E302220793D223433302E30223E3C2F6F6D6764693A776179706F696E743E0A20202020202020203C6F6D6764693A776179706F696E7420783D223236302E302220793D223336302E30223E3C2F6F6D6764693A776179706F696E743E0A20202020202020203C62706D6E64693A42504D4E4C6162656C3E0A202020202020202020203C6F6D6764633A426F756E6473206865696768743D2231342E30222077696474683D2232322E302220783D223339392E302220793D223431322E30223E3C2F6F6D6764633A426F756E64733E0A20202020202020203C2F62706D6E64693A42504D4E4C6162656C3E0A2020202020203C2F62706D6E64693A42504D4E456467653E0A2020202020203C62706D6E64693A42504D4E456467652062706D6E456C656D656E743D22466C6F775F313576336A6B6A222069643D2242504D4E456467655F466C6F775F313576336A6B6A223E0A20202020202020203C6F6D6764693A776179706F696E7420783D223636302E302220793D223433302E30223E3C2F6F6D6764693A776179706F696E743E0A20202020202020203C6F6D6764693A776179706F696E7420783D223836302E302220793D223433302E30223E3C2F6F6D6764693A776179706F696E743E0A20202020202020203C6F6D6764693A776179706F696E7420783D223836302E302220793D223333382E30223E3C2F6F6D6764693A776179706F696E743E0A20202020202020203C62706D6E64693A42504D4E4C6162656C3E0A202020202020202020203C6F6D6764633A426F756E6473206865696768743D2231342E30222077696474683D2232332E302220783D223734392E302220793D223431322E30223E3C2F6F6D6764633A426F756E64733E0A20202020202020203C2F62706D6E64693A42504D4E4C6162656C3E0A2020202020203C2F62706D6E64693A42504D4E456467653E0A2020202020203C62706D6E64693A42504D4E456467652062706D6E456C656D656E743D22466C6F775F31336564653762222069643D2242504D4E456467655F466C6F775F31336564653762223E0A20202020202020203C6F6D6764693A776179706F696E7420783D223631302E302220793D223334352E30223E3C2F6F6D6764693A776179706F696E743E0A20202020202020203C6F6D6764693A776179706F696E7420783D223631302E302220793D223339302E30223E3C2F6F6D6764693A776179706F696E743E0A20202020202020203C62706D6E64693A42504D4E4C6162656C3E0A202020202020202020203C6F6D6764633A426F756E6473206865696768743D2231342E30222077696474683D2239302E302220783D223631352E302220793D223335332E30223E3C2F6F6D6764633A426F756E64733E0A20202020202020203C2F62706D6E64693A42504D4E4C6162656C3E0A2020202020203C2F62706D6E64693A42504D4E456467653E0A2020202020203C62706D6E64693A42504D4E456467652062706D6E456C656D656E743D22466C6F775F306A667265316B222069643D2242504D4E456467655F466C6F775F306A667265316B223E0A20202020202020203C6F6D6764693A776179706F696E7420783D223633352E302220793D223332302E30223E3C2F6F6D6764693A776179706F696E743E0A20202020202020203C6F6D6764693A776179706F696E7420783D223834322E302220793D223332302E30223E3C2F6F6D6764693A776179706F696E743E0A20202020202020203C62706D6E64693A42504D4E4C6162656C3E0A202020202020202020203C6F6D6764633A426F756E6473206865696768743D2231342E30222077696474683D2239302E302220783D223639342E302220793D223330322E30223E3C2F6F6D6764633A426F756E64733E0A20202020202020203C2F62706D6E64693A42504D4E4C6162656C3E0A2020202020203C2F62706D6E64693A42504D4E456467653E0A2020202020203C62706D6E64693A42504D4E456467652062706D6E456C656D656E743D22466C6F775F306979756B7772222069643D2242504D4E456467655F466C6F775F306979756B7772223E0A20202020202020203C6F6D6764693A776179706F696E7420783D223437302E302220793D223332302E30223E3C2F6F6D6764693A776179706F696E743E0A20202020202020203C6F6D6764693A776179706F696E7420783D223538352E302220793D223332302E30223E3C2F6F6D6764693A776179706F696E743E0A20202020202020203C62706D6E64693A42504D4E4C6162656C3E0A202020202020202020203C6F6D6764633A426F756E6473206865696768743D2231342E30222077696474683D2232332E302220783D223531362E302220793D223330322E30223E3C2F6F6D6764633A426F756E64733E0A20202020202020203C2F62706D6E64693A42504D4E4C6162656C3E0A2020202020203C2F62706D6E64693A42504D4E456467653E0A2020202020203C62706D6E64693A42504D4E456467652062706D6E456C656D656E743D22466C6F775F30703967373269222069643D2242504D4E456467655F466C6F775F30703967373269223E0A20202020202020203C6F6D6764693A776179706F696E7420783D223331302E302220793D223332302E30223E3C2F6F6D6764693A776179706F696E743E0A20202020202020203C6F6D6764693A776179706F696E7420783D223337302E302220793D223332302E30223E3C2F6F6D6764693A776179706F696E743E0A2020202020203C2F62706D6E64693A42504D4E456467653E0A2020202020203C62706D6E64693A42504D4E456467652062706D6E456C656D656E743D22466C6F775F306D726D71626B222069643D2242504D4E456467655F466C6F775F306D726D71626B223E0A20202020202020203C6F6D6764693A776179706F696E7420783D223135382E302220793D223332302E30223E3C2F6F6D6764693A776179706F696E743E0A20202020202020203C6F6D6764693A776179706F696E7420783D223231302E302220793D223332302E30223E3C2F6F6D6764693A776179706F696E743E0A2020202020203C2F62706D6E64693A42504D4E456467653E0A202020203C2F62706D6E64693A42504D4E506C616E653E0A20203C2F62706D6E64693A42504D4E4469616772616D3E0A3C2F62706D6E323A646566696E6974696F6E733E, 0);
INSERT INTO `ACT_GE_BYTEARRAY` VALUES ('8ab49016-5e70-11ec-9355-5e4c369e54c1', 1, 'flowTranslate.bpmn', '8ab49015-5e70-11ec-9355-5e4c369e54c1', 0x3C3F786D6C2076657273696F6E3D22312E302220656E636F64696E673D225554462D38223F3E0A3C62706D6E323A646566696E6974696F6E7320786D6C6E733D22687474703A2F2F7777772E6F6D672E6F72672F737065632F42504D4E2F32303130303532342F4D4F44454C2220786D6C6E733A62706D6E323D22687474703A2F2F7777772E6F6D672E6F72672F737065632F42504D4E2F32303130303532342F4D4F44454C2220786D6C6E733A7873693D22687474703A2F2F7777772E77332E6F72672F323030312F584D4C536368656D612D696E7374616E63652220786D6C6E733A7873643D22687474703A2F2F7777772E77332E6F72672F323030312F584D4C536368656D612220786D6C6E733A61637469766974693D22687474703A2F2F61637469766974692E6F72672F62706D6E2220786D6C6E733A62706D6E64693D22687474703A2F2F7777772E6F6D672E6F72672F737065632F42504D4E2F32303130303532342F44492220786D6C6E733A6F6D6764633D22687474703A2F2F7777772E6F6D672E6F72672F737065632F44442F32303130303532342F44432220786D6C6E733A6F6D6764693D22687474703A2F2F7777772E6F6D672E6F72672F737065632F44442F32303130303532342F44492220786D6C6E733A64633D22687474703A2F2F7777772E6F6D672E6F72672F737065632F44442F32303130303532342F44432220786D6C6E733A64693D22687474703A2F2F7777772E6F6D672E6F72672F737065632F44442F32303130303532342F44492220747970654C616E67756167653D22687474703A2F2F7777772E77332E6F72672F323030312F584D4C536368656D61222065787072657373696F6E4C616E67756167653D22687474703A2F2F7777772E77332E6F72672F313939392F585061746822207461726765744E616D6573706163653D22687474703A2F2F61637469766974692E6F72672F62706D6E222069643D226469616772616D5F666C6F775472616E736C61746522207873693A736368656D614C6F636174696F6E3D22687474703A2F2F7777772E6F6D672E6F72672F737065632F42504D4E2F32303130303532342F4D4F44454C2042504D4E32302E787364223E0A20203C62706D6E323A70726F636573732069643D22666C6F775472616E736C61746522206E616D653D22E8BDACE58A9EE6B581E7A88B2220697345786563757461626C653D2274727565223E0A202020203C657874656E73696F6E456C656D656E74733E0A2020202020203C61637469766974693A657865637574696F6E4C697374656E6572206576656E743D22656E642220636C6173733D22636F6D2E6F72616E6765666F726D732E636F6D6D6F6E2E666C6F772E6C697374656E65722E466C6F7746696E69736865644C697374656E6572223E3C2F61637469766974693A657865637574696F6E4C697374656E65723E0A202020203C2F657874656E73696F6E456C656D656E74733E0A202020203C62706D6E323A73746172744576656E742069643D224576656E745F31357A6F6D7466223E0A2020202020203C62706D6E323A6F7574676F696E673E466C6F775F31756E7635326A3C2F62706D6E323A6F7574676F696E673E0A202020203C2F62706D6E323A73746172744576656E743E0A202020203C62706D6E323A757365725461736B2069643D2241637469766974795F3063366E78646D22206E616D653D22E5BD95E585A5222061637469766974693A61737369676E65653D22247B7374617274557365724E616D657D222061637469766974693A666F726D4B65793D227B2671756F743B666F726D49642671756F743B3A2671756F743B313434303934353431313335343236373634382671756F743B2C2671756F743B726561644F6E6C792671756F743B3A66616C73652C2671756F743B67726F7570547970652671756F743B3A2671756F743B41535349474E45452671756F743B7D223E0A2020202020203C657874656E73696F6E456C656D656E74733E0A20202020202020203C61637469766974693A6F7065726174696F6E4C6973743E0A202020202020202020203C61637469766974693A666F726D4F7065726174696F6E2069643D223136333437313431323835353222206C6162656C3D22E68F90E4BAA42220747970653D226167726565222073686F774F726465723D2230223E3C2F61637469766974693A666F726D4F7065726174696F6E3E0A20202020202020203C2F61637469766974693A6F7065726174696F6E4C6973743E0A20202020202020203C61637469766974693A7661726961626C654C6973743E3C2F61637469766974693A7661726961626C654C6973743E0A2020202020203C2F657874656E73696F6E456C656D656E74733E0A202020203C2F62706D6E323A757365725461736B3E0A202020203C62706D6E323A73657175656E6365466C6F772069643D22466C6F775F31756E7635326A2220736F757263655265663D224576656E745F31357A6F6D746622207461726765745265663D2241637469766974795F3063366E78646D223E3C2F62706D6E323A73657175656E6365466C6F773E0A202020203C62706D6E323A757365725461736B2069643D2241637469766974795F3077777369397722206E616D653D22E8BDACE58A9E222061637469766974693A61737369676E65653D2261646D696E222061637469766974693A666F726D4B65793D227B2671756F743B666F726D49642671756F743B3A2671756F743B313434303934353431313335343236373634382671756F743B2C2671756F743B726561644F6E6C792671756F743B3A747275652C2671756F743B67726F7570547970652671756F743B3A2671756F743B41535349474E45452671756F743B7D223E0A2020202020203C657874656E73696F6E456C656D656E74733E0A20202020202020203C61637469766974693A6F7065726174696F6E4C6973743E0A202020202020202020203C61637469766974693A666F726D4F7065726174696F6E2069643D223136333437313431343033303022206C6162656C3D22E5908CE6848F2220747970653D226167726565222073686F774F726465723D2230223E3C2F61637469766974693A666F726D4F7065726174696F6E3E0A202020202020202020203C61637469766974693A666F726D4F7065726174696F6E2069643D223136333437313431343434343922206C6162656C3D22E8BDACE58A9E2220747970653D227472616E73666572222073686F774F726465723D2231223E3C2F61637469766974693A666F726D4F7065726174696F6E3E0A20202020202020203C2F61637469766974693A6F7065726174696F6E4C6973743E0A20202020202020203C61637469766974693A7661726961626C654C6973743E3C2F61637469766974693A7661726961626C654C6973743E0A2020202020203C2F657874656E73696F6E456C656D656E74733E0A202020203C2F62706D6E323A757365725461736B3E0A202020203C62706D6E323A73657175656E6365466C6F772069643D22466C6F775F317932696835682220736F757263655265663D2241637469766974795F3063366E78646D22207461726765745265663D2241637469766974795F30777773693977223E3C2F62706D6E323A73657175656E6365466C6F773E0A202020203C62706D6E323A656E644576656E742069643D224576656E745F31616D31747561223E0A2020202020203C62706D6E323A696E636F6D696E673E466C6F775F30306F617A366A3C2F62706D6E323A696E636F6D696E673E0A202020203C2F62706D6E323A656E644576656E743E0A202020203C62706D6E323A73657175656E6365466C6F772069643D22466C6F775F30306F617A366A2220736F757263655265663D2241637469766974795F3077777369397722207461726765745265663D224576656E745F31616D31747561223E3C2F62706D6E323A73657175656E6365466C6F773E0A20203C2F62706D6E323A70726F636573733E0A20203C62706D6E64693A42504D4E4469616772616D2069643D2242504D4E4469616772616D5F666C6F775472616E736C617465223E0A202020203C62706D6E64693A42504D4E506C616E652062706D6E456C656D656E743D22666C6F775472616E736C617465222069643D2242504D4E506C616E655F666C6F775472616E736C617465223E0A2020202020203C62706D6E64693A42504D4E53686170652062706D6E456C656D656E743D224576656E745F31357A6F6D7466222069643D2242504D4E53686170655F4576656E745F31357A6F6D7466223E0A20202020202020203C6F6D6764633A426F756E6473206865696768743D2233362E30222077696474683D2233362E302220783D223136322E302220793D223237322E30223E3C2F6F6D6764633A426F756E64733E0A2020202020203C2F62706D6E64693A42504D4E53686170653E0A2020202020203C62706D6E64693A42504D4E53686170652062706D6E456C656D656E743D2241637469766974795F3063366E78646D222069643D2242504D4E53686170655F41637469766974795F3063366E78646D223E0A20202020202020203C6F6D6764633A426F756E6473206865696768743D2238302E30222077696474683D223130302E302220783D223235302E302220793D223235302E30223E3C2F6F6D6764633A426F756E64733E0A2020202020203C2F62706D6E64693A42504D4E53686170653E0A2020202020203C62706D6E64693A42504D4E53686170652062706D6E456C656D656E743D2241637469766974795F30777773693977222069643D2242504D4E53686170655F41637469766974795F30777773693977223E0A20202020202020203C6F6D6764633A426F756E6473206865696768743D2238302E30222077696474683D223130302E302220783D223431302E302220793D223235302E30223E3C2F6F6D6764633A426F756E64733E0A2020202020203C2F62706D6E64693A42504D4E53686170653E0A2020202020203C62706D6E64693A42504D4E53686170652062706D6E456C656D656E743D224576656E745F31616D31747561222069643D2242504D4E53686170655F4576656E745F31616D31747561223E0A20202020202020203C6F6D6764633A426F756E6473206865696768743D2233362E30222077696474683D2233362E302220783D223537322E302220793D223237322E30223E3C2F6F6D6764633A426F756E64733E0A2020202020203C2F62706D6E64693A42504D4E53686170653E0A2020202020203C62706D6E64693A42504D4E456467652062706D6E456C656D656E743D22466C6F775F30306F617A366A222069643D2242504D4E456467655F466C6F775F30306F617A366A223E0A20202020202020203C6F6D6764693A776179706F696E7420783D223531302E302220793D223239302E30223E3C2F6F6D6764693A776179706F696E743E0A20202020202020203C6F6D6764693A776179706F696E7420783D223537322E302220793D223239302E30223E3C2F6F6D6764693A776179706F696E743E0A2020202020203C2F62706D6E64693A42504D4E456467653E0A2020202020203C62706D6E64693A42504D4E456467652062706D6E456C656D656E743D22466C6F775F31793269683568222069643D2242504D4E456467655F466C6F775F31793269683568223E0A20202020202020203C6F6D6764693A776179706F696E7420783D223335302E302220793D223239302E30223E3C2F6F6D6764693A776179706F696E743E0A20202020202020203C6F6D6764693A776179706F696E7420783D223431302E302220793D223239302E30223E3C2F6F6D6764693A776179706F696E743E0A2020202020203C2F62706D6E64693A42504D4E456467653E0A2020202020203C62706D6E64693A42504D4E456467652062706D6E456C656D656E743D22466C6F775F31756E7635326A222069643D2242504D4E456467655F466C6F775F31756E7635326A223E0A20202020202020203C6F6D6764693A776179706F696E7420783D223139382E302220793D223239302E30223E3C2F6F6D6764693A776179706F696E743E0A20202020202020203C6F6D6764693A776179706F696E7420783D223235302E302220793D223239302E30223E3C2F6F6D6764693A776179706F696E743E0A2020202020203C2F62706D6E64693A42504D4E456467653E0A202020203C2F62706D6E64693A42504D4E506C616E653E0A20203C2F62706D6E64693A42504D4E4469616772616D3E0A3C2F62706D6E323A646566696E6974696F6E733E, 0);
INSERT INTO `ACT_GE_BYTEARRAY` VALUES ('8e3e3cea-3179-11ec-9438-f20b812c0662', 1, 'flowLeave.bpmn', '8e3e3ce9-3179-11ec-9438-f20b812c0662', 0x3C3F786D6C2076657273696F6E3D22312E302220656E636F64696E673D225554462D38223F3E0A3C62706D6E323A646566696E6974696F6E7320786D6C6E733D22687474703A2F2F7777772E6F6D672E6F72672F737065632F42504D4E2F32303130303532342F4D4F44454C2220786D6C6E733A62706D6E323D22687474703A2F2F7777772E6F6D672E6F72672F737065632F42504D4E2F32303130303532342F4D4F44454C2220786D6C6E733A7873693D22687474703A2F2F7777772E77332E6F72672F323030312F584D4C536368656D612D696E7374616E63652220786D6C6E733A7873643D22687474703A2F2F7777772E77332E6F72672F323030312F584D4C536368656D612220786D6C6E733A61637469766974693D22687474703A2F2F61637469766974692E6F72672F62706D6E2220786D6C6E733A62706D6E64693D22687474703A2F2F7777772E6F6D672E6F72672F737065632F42504D4E2F32303130303532342F44492220786D6C6E733A6F6D6764633D22687474703A2F2F7777772E6F6D672E6F72672F737065632F44442F32303130303532342F44432220786D6C6E733A6F6D6764693D22687474703A2F2F7777772E6F6D672E6F72672F737065632F44442F32303130303532342F44492220786D6C6E733A64633D22687474703A2F2F7777772E6F6D672E6F72672F737065632F44442F32303130303532342F44432220786D6C6E733A64693D22687474703A2F2F7777772E6F6D672E6F72672F737065632F44442F32303130303532342F44492220747970654C616E67756167653D22687474703A2F2F7777772E77332E6F72672F323030312F584D4C536368656D61222065787072657373696F6E4C616E67756167653D22687474703A2F2F7777772E77332E6F72672F313939392F585061746822207461726765744E616D6573706163653D22687474703A2F2F61637469766974692E6F72672F62706D6E222069643D226469616772616D5F666C6F774C6561766522207873693A736368656D614C6F636174696F6E3D22687474703A2F2F7777772E6F6D672E6F72672F737065632F42504D4E2F32303130303532342F4D4F44454C2042504D4E32302E787364223E0A20203C62706D6E323A70726F636573732069643D22666C6F774C6561766522206E616D653D22E8AFB7E58187E794B3E8AFB72220697345786563757461626C653D2274727565223E0A202020203C657874656E73696F6E456C656D656E74733E0A2020202020203C61637469766974693A657865637574696F6E4C697374656E6572206576656E743D22656E642220636C6173733D22636F6D2E666C6F772E64656D6F2E636F6D6D6F6E2E666C6F772E6C697374656E65722E557064617465466C6F775374617475734C697374656E6572223E3C2F61637469766974693A657865637574696F6E4C697374656E65723E0A202020203C2F657874656E73696F6E456C656D656E74733E0A202020203C62706D6E323A73746172744576656E742069643D224576656E745F316D6D72747477223E0A2020202020203C62706D6E323A6F7574676F696E673E466C6F775F3079346D336B763C2F62706D6E323A6F7574676F696E673E0A202020203C2F62706D6E323A73746172744576656E743E0A202020203C62706D6E323A757365725461736B2069643D2241637469766974795F317462386A6B6122206E616D653D22E8AFB7E58187E794B3E8AFB7222061637469766974693A61737369676E65653D22247B7374617274557365724E616D657D222061637469766974693A666F726D4B65793D227B2671756F743B666F726D49642671756F743B3A2671756F743B313434303934353431313335343236373634382671756F743B2C2671756F743B726561644F6E6C792671756F743B3A66616C73652C2671756F743B67726F7570547970652671756F743B3A2671756F743B444550542671756F743B7D223E0A2020202020203C657874656E73696F6E456C656D656E74733E0A20202020202020203C61637469766974693A6F7065726174696F6E4C6973743E0A202020202020202020203C61637469766974693A666F726D4F7065726174696F6E2069643D223136333437313131323239323522206C6162656C3D22E68F90E4BAA42220747970653D226167726565222073686F774F726465723D2230223E3C2F61637469766974693A666F726D4F7065726174696F6E3E0A20202020202020203C2F61637469766974693A6F7065726174696F6E4C6973743E0A20202020202020203C61637469766974693A7661726961626C654C6973743E3C2F61637469766974693A7661726961626C654C6973743E0A2020202020203C2F657874656E73696F6E456C656D656E74733E0A202020203C2F62706D6E323A757365725461736B3E0A202020203C62706D6E323A73657175656E6365466C6F772069643D22466C6F775F3079346D336B762220736F757263655265663D224576656E745F316D6D7274747722207461726765745265663D2241637469766974795F317462386A6B61223E3C2F62706D6E323A73657175656E6365466C6F773E0A202020203C62706D6E323A757365725461736B2069643D2241637469766974795F31316A7230707822206E616D653D22E983A8E997A8E9A286E5AFBCE5AEA1E689B9222061637469766974693A63616E64696461746547726F7570733D22247B64657074506F73744C65616465727D222061637469766974693A666F726D4B65793D227B2671756F743B666F726D49642671756F743B3A2671756F743B313434303934353431313335343236373634382671756F743B2C2671756F743B726561644F6E6C792671756F743B3A747275652C2671756F743B67726F7570547970652671756F743B3A2671756F743B444550545F504F53545F4C45414445522671756F743B7D223E0A2020202020203C657874656E73696F6E456C656D656E74733E0A20202020202020203C61637469766974693A7461736B4C697374656E6572206576656E743D226372656174652220636C6173733D22636F6D2E666C6F772E64656D6F2E636F6D6D6F6E2E666C6F772E6C697374656E65722E44657074506F73744C65616465724C697374656E6572223E3C2F61637469766974693A7461736B4C697374656E65723E0A20202020202020203C61637469766974693A6F7065726174696F6E4C6973743E0A202020202020202020203C61637469766974693A666F726D4F7065726174696F6E2069643D223136333437313131343739343122206C6162656C3D22E5908CE6848F2220747970653D226167726565222073686F774F726465723D2230223E3C2F61637469766974693A666F726D4F7065726174696F6E3E0A202020202020202020203C61637469766974693A666F726D4F7065726174696F6E2069643D223136333437313131353133343922206C6162656C3D22E68B92E7BB9D2220747970653D22726566757365222073686F774F726465723D2231223E3C2F61637469766974693A666F726D4F7065726174696F6E3E0A20202020202020203C2F61637469766974693A6F7065726174696F6E4C6973743E0A20202020202020203C61637469766974693A7661726961626C654C6973743E3C2F61637469766974693A7661726961626C654C6973743E0A2020202020203C2F657874656E73696F6E456C656D656E74733E0A202020203C2F62706D6E323A757365725461736B3E0A202020203C62706D6E323A73657175656E6365466C6F772069643D22466C6F775F30376F703230392220736F757263655265663D2241637469766974795F317462386A6B6122207461726765745265663D2241637469766974795F31316A72307078223E3C2F62706D6E323A73657175656E6365466C6F773E0A202020203C62706D6E323A757365725461736B2069643D2241637469766974795F3030696270307522206E616D653D224852E5AEA1E689B9222061637469766974693A63616E64696461746547726F7570733D2231343430393634323231383535363030363430222061637469766974693A666F726D4B65793D227B2671756F743B666F726D49642671756F743B3A2671756F743B313434303934353431313335343236373634382671756F743B2C2671756F743B726561644F6E6C792671756F743B3A747275652C2671756F743B67726F7570547970652671756F743B3A2671756F743B504F53542671756F743B7D223E0A2020202020203C657874656E73696F6E456C656D656E74733E0A20202020202020203C61637469766974693A6F7065726174696F6E4C6973743E0A202020202020202020203C61637469766974693A666F726D4F7065726174696F6E2069643D223136333437313133303636303122206C6162656C3D22E5908CE6848F2220747970653D226167726565222073686F774F726465723D2230223E3C2F61637469766974693A666F726D4F7065726174696F6E3E0A202020202020202020203C61637469766974693A666F726D4F7065726174696F6E2069643D223136333437313133313033393122206C6162656C3D22E68B92E7BB9D2220747970653D22726566757365222073686F774F726465723D2231223E3C2F61637469766974693A666F726D4F7065726174696F6E3E0A20202020202020203C2F61637469766974693A6F7065726174696F6E4C6973743E0A20202020202020203C61637469766974693A7661726961626C654C6973743E3C2F61637469766974693A7661726961626C654C6973743E0A2020202020203C2F657874656E73696F6E456C656D656E74733E0A202020203C2F62706D6E323A757365725461736B3E0A202020203C62706D6E323A656E644576656E742069643D224576656E745F3163303839756F223E0A2020202020203C62706D6E323A696E636F6D696E673E466C6F775F306D32376664653C2F62706D6E323A696E636F6D696E673E0A202020203C2F62706D6E323A656E644576656E743E0A202020203C62706D6E323A73657175656E6365466C6F772069643D22466C6F775F306D323766646522206E616D653D22E5908CE6848F2220736F757263655265663D2241637469766974795F3030696270307522207461726765745265663D224576656E745F3163303839756F223E0A2020202020203C657874656E73696F6E456C656D656E74733E0A20202020202020203C61637469766974693A637573746F6D436F6E646974696F6E20747970653D226F7065726174696F6E22206F7065726174696F6E547970653D226167726565223E3C2F61637469766974693A637573746F6D436F6E646974696F6E3E0A2020202020203C2F657874656E73696F6E456C656D656E74733E0A2020202020203C636F6E646974696F6E45787072657373696F6E207873693A747970653D2274466F726D616C45787072657373696F6E223E3C215B43444154415B247B6F7065726174696F6E54797065203D3D20276167726565277D5D5D3E3C2F636F6E646974696F6E45787072657373696F6E3E0A202020203C2F62706D6E323A73657175656E6365466C6F773E0A202020203C62706D6E323A73657175656E6365466C6F772069643D22466C6F775F31367A796F613522206E616D653D22E68B92E7BB9D2220736F757263655265663D2241637469766974795F31316A7230707822207461726765745265663D2241637469766974795F317462386A6B61223E0A2020202020203C657874656E73696F6E456C656D656E74733E0A20202020202020203C61637469766974693A637573746F6D436F6E646974696F6E20747970653D226F7065726174696F6E22206F7065726174696F6E547970653D22726566757365223E3C2F61637469766974693A637573746F6D436F6E646974696F6E3E0A2020202020203C2F657874656E73696F6E456C656D656E74733E0A2020202020203C636F6E646974696F6E45787072657373696F6E207873693A747970653D2274466F726D616C45787072657373696F6E223E3C215B43444154415B247B6F7065726174696F6E54797065203D3D2027726566757365277D5D5D3E3C2F636F6E646974696F6E45787072657373696F6E3E0A202020203C2F62706D6E323A73657175656E6365466C6F773E0A202020203C62706D6E323A73657175656E6365466C6F772069643D22466C6F775F306C6C3734616E22206E616D653D22E5908CE6848F2220736F757263655265663D2241637469766974795F31316A7230707822207461726765745265663D2241637469766974795F30306962703075223E0A2020202020203C657874656E73696F6E456C656D656E74733E0A20202020202020203C61637469766974693A637573746F6D436F6E646974696F6E20747970653D226F7065726174696F6E22206F7065726174696F6E547970653D226167726565223E3C2F61637469766974693A637573746F6D436F6E646974696F6E3E0A2020202020203C2F657874656E73696F6E456C656D656E74733E0A2020202020203C636F6E646974696F6E45787072657373696F6E207873693A747970653D2274466F726D616C45787072657373696F6E223E3C215B43444154415B247B6F7065726174696F6E54797065203D3D20276167726565277D5D5D3E3C2F636F6E646974696F6E45787072657373696F6E3E0A202020203C2F62706D6E323A73657175656E6365466C6F773E0A202020203C62706D6E323A73657175656E6365466C6F772069643D22466C6F775F3161656B6D733822206E616D653D22E68B92E7BB9D2220736F757263655265663D2241637469766974795F3030696270307522207461726765745265663D2241637469766974795F317462386A6B61223E0A2020202020203C657874656E73696F6E456C656D656E74733E0A20202020202020203C61637469766974693A637573746F6D436F6E646974696F6E20747970653D226F7065726174696F6E22206F7065726174696F6E547970653D22726566757365223E3C2F61637469766974693A637573746F6D436F6E646974696F6E3E0A2020202020203C2F657874656E73696F6E456C656D656E74733E0A2020202020203C636F6E646974696F6E45787072657373696F6E207873693A747970653D2274466F726D616C45787072657373696F6E223E3C215B43444154415B247B6F7065726174696F6E54797065203D3D2027726566757365277D5D5D3E3C2F636F6E646974696F6E45787072657373696F6E3E0A202020203C2F62706D6E323A73657175656E6365466C6F773E0A20203C2F62706D6E323A70726F636573733E0A20203C62706D6E64693A42504D4E4469616772616D2069643D2242504D4E4469616772616D5F666C6F774C65617665223E0A202020203C62706D6E64693A42504D4E506C616E652062706D6E456C656D656E743D22666C6F774C65617665222069643D2242504D4E506C616E655F666C6F774C65617665223E0A2020202020203C62706D6E64693A42504D4E53686170652062706D6E456C656D656E743D224576656E745F316D6D72747477222069643D2242504D4E53686170655F4576656E745F316D6D72747477223E0A20202020202020203C6F6D6764633A426F756E6473206865696768743D2233362E30222077696474683D2233362E302220783D223133322E302220793D223237322E30223E3C2F6F6D6764633A426F756E64733E0A2020202020203C2F62706D6E64693A42504D4E53686170653E0A2020202020203C62706D6E64693A42504D4E53686170652062706D6E456C656D656E743D2241637469766974795F317462386A6B61222069643D2242504D4E53686170655F41637469766974795F317462386A6B61223E0A20202020202020203C6F6D6764633A426F756E6473206865696768743D2238302E30222077696474683D223130302E302220783D223232302E302220793D223235302E30223E3C2F6F6D6764633A426F756E64733E0A2020202020203C2F62706D6E64693A42504D4E53686170653E0A2020202020203C62706D6E64693A42504D4E53686170652062706D6E456C656D656E743D2241637469766974795F31316A72307078222069643D2242504D4E53686170655F41637469766974795F31316A72307078223E0A20202020202020203C6F6D6764633A426F756E6473206865696768743D2238302E30222077696474683D223130302E302220783D223338302E302220793D223235302E30223E3C2F6F6D6764633A426F756E64733E0A2020202020203C2F62706D6E64693A42504D4E53686170653E0A2020202020203C62706D6E64693A42504D4E53686170652062706D6E456C656D656E743D2241637469766974795F30306962703075222069643D2242504D4E53686170655F41637469766974795F30306962703075223E0A20202020202020203C6F6D6764633A426F756E6473206865696768743D2238302E30222077696474683D223130302E302220783D223534302E302220793D223235302E30223E3C2F6F6D6764633A426F756E64733E0A2020202020203C2F62706D6E64693A42504D4E53686170653E0A2020202020203C62706D6E64693A42504D4E53686170652062706D6E456C656D656E743D224576656E745F3163303839756F222069643D2242504D4E53686170655F4576656E745F3163303839756F223E0A20202020202020203C6F6D6764633A426F756E6473206865696768743D2233362E30222077696474683D2233362E302220783D223730322E302220793D223237322E30223E3C2F6F6D6764633A426F756E64733E0A2020202020203C2F62706D6E64693A42504D4E53686170653E0A2020202020203C62706D6E64693A42504D4E456467652062706D6E456C656D656E743D22466C6F775F3079346D336B76222069643D2242504D4E456467655F466C6F775F3079346D336B76223E0A20202020202020203C6F6D6764693A776179706F696E7420783D223136382E302220793D223239302E30223E3C2F6F6D6764693A776179706F696E743E0A20202020202020203C6F6D6764693A776179706F696E7420783D223232302E302220793D223239302E30223E3C2F6F6D6764693A776179706F696E743E0A2020202020203C2F62706D6E64693A42504D4E456467653E0A2020202020203C62706D6E64693A42504D4E456467652062706D6E456C656D656E743D22466C6F775F30376F70323039222069643D2242504D4E456467655F466C6F775F30376F70323039223E0A20202020202020203C6F6D6764693A776179706F696E7420783D223332302E302220793D223239302E30223E3C2F6F6D6764693A776179706F696E743E0A20202020202020203C6F6D6764693A776179706F696E7420783D223338302E302220793D223239302E30223E3C2F6F6D6764693A776179706F696E743E0A2020202020203C2F62706D6E64693A42504D4E456467653E0A2020202020203C62706D6E64693A42504D4E456467652062706D6E456C656D656E743D22466C6F775F306C6C3734616E222069643D2242504D4E456467655F466C6F775F306C6C3734616E223E0A20202020202020203C6F6D6764693A776179706F696E7420783D223438302E302220793D223239302E30223E3C2F6F6D6764693A776179706F696E743E0A20202020202020203C6F6D6764693A776179706F696E7420783D223534302E302220793D223239302E30223E3C2F6F6D6764693A776179706F696E743E0A20202020202020203C62706D6E64693A42504D4E4C6162656C3E0A202020202020202020203C6F6D6764633A426F756E6473206865696768743D2231342E30222077696474683D2232332E302220783D223439392E302220793D223237322E30223E3C2F6F6D6764633A426F756E64733E0A20202020202020203C2F62706D6E64693A42504D4E4C6162656C3E0A2020202020203C2F62706D6E64693A42504D4E456467653E0A2020202020203C62706D6E64693A42504D4E456467652062706D6E456C656D656E743D22466C6F775F306D3237666465222069643D2242504D4E456467655F466C6F775F306D3237666465223E0A20202020202020203C6F6D6764693A776179706F696E7420783D223634302E302220793D223239302E30223E3C2F6F6D6764693A776179706F696E743E0A20202020202020203C6F6D6764693A776179706F696E7420783D223730322E302220793D223239302E30223E3C2F6F6D6764693A776179706F696E743E0A20202020202020203C62706D6E64693A42504D4E4C6162656C3E0A202020202020202020203C6F6D6764633A426F756E6473206865696768743D2231342E30222077696474683D2232332E302220783D223636302E302220793D223237322E30223E3C2F6F6D6764633A426F756E64733E0A20202020202020203C2F62706D6E64693A42504D4E4C6162656C3E0A2020202020203C2F62706D6E64693A42504D4E456467653E0A2020202020203C62706D6E64693A42504D4E456467652062706D6E456C656D656E743D22466C6F775F31367A796F6135222069643D2242504D4E456467655F466C6F775F31367A796F6135223E0A20202020202020203C6F6D6764693A776179706F696E7420783D223433302E302220793D223235302E30223E3C2F6F6D6764693A776179706F696E743E0A20202020202020203C6F6D6764693A776179706F696E7420783D223433302E302220793D223231302E30223E3C2F6F6D6764693A776179706F696E743E0A20202020202020203C6F6D6764693A776179706F696E7420783D223237302E302220793D223231302E30223E3C2F6F6D6764693A776179706F696E743E0A20202020202020203C6F6D6764693A776179706F696E7420783D223237302E302220793D223235302E30223E3C2F6F6D6764693A776179706F696E743E0A20202020202020203C62706D6E64693A42504D4E4C6162656C3E0A202020202020202020203C6F6D6764633A426F756E6473206865696768743D2231342E30222077696474683D2232322E302220783D223333392E302220793D223139322E30223E3C2F6F6D6764633A426F756E64733E0A20202020202020203C2F62706D6E64693A42504D4E4C6162656C3E0A2020202020203C2F62706D6E64693A42504D4E456467653E0A2020202020203C62706D6E64693A42504D4E456467652062706D6E456C656D656E743D22466C6F775F3161656B6D7338222069643D2242504D4E456467655F466C6F775F3161656B6D7338223E0A20202020202020203C6F6D6764693A776179706F696E7420783D223539302E302220793D223333302E30223E3C2F6F6D6764693A776179706F696E743E0A20202020202020203C6F6D6764693A776179706F696E7420783D223539302E302220793D223337302E30223E3C2F6F6D6764693A776179706F696E743E0A20202020202020203C6F6D6764693A776179706F696E7420783D223237302E302220793D223337302E30223E3C2F6F6D6764693A776179706F696E743E0A20202020202020203C6F6D6764693A776179706F696E7420783D223237302E302220793D223333302E30223E3C2F6F6D6764693A776179706F696E743E0A20202020202020203C62706D6E64693A42504D4E4C6162656C3E0A202020202020202020203C6F6D6764633A426F756E6473206865696768743D2231342E30222077696474683D2232322E302220783D223431392E302220793D223335322E30223E3C2F6F6D6764633A426F756E64733E0A20202020202020203C2F62706D6E64693A42504D4E4C6162656C3E0A2020202020203C2F62706D6E64693A42504D4E456467653E0A202020203C2F62706D6E64693A42504D4E506C616E653E0A20203C2F62706D6E64693A42504D4E4469616772616D3E0A3C2F62706D6E323A646566696E6974696F6E733E, 0);
INSERT INTO `ACT_GE_BYTEARRAY` VALUES ('916d0be1-69e6-11ec-bb85-0235bf949cb9', 1, 'flowContract.bpmn', '916d0be0-69e6-11ec-bb85-0235bf949cb9', 0x3C3F786D6C2076657273696F6E3D22312E302220656E636F64696E673D225554462D38223F3E0A3C62706D6E323A646566696E6974696F6E7320786D6C6E733D22687474703A2F2F7777772E6F6D672E6F72672F737065632F42504D4E2F32303130303532342F4D4F44454C2220786D6C6E733A62706D6E323D22687474703A2F2F7777772E6F6D672E6F72672F737065632F42504D4E2F32303130303532342F4D4F44454C2220786D6C6E733A7873693D22687474703A2F2F7777772E77332E6F72672F323030312F584D4C536368656D612D696E7374616E63652220786D6C6E733A7873643D22687474703A2F2F7777772E77332E6F72672F323030312F584D4C536368656D612220786D6C6E733A61637469766974693D22687474703A2F2F61637469766974692E6F72672F62706D6E2220786D6C6E733A62706D6E64693D22687474703A2F2F7777772E6F6D672E6F72672F737065632F42504D4E2F32303130303532342F44492220786D6C6E733A6F6D6764633D22687474703A2F2F7777772E6F6D672E6F72672F737065632F44442F32303130303532342F44432220786D6C6E733A6F6D6764693D22687474703A2F2F7777772E6F6D672E6F72672F737065632F44442F32303130303532342F44492220786D6C6E733A64633D22687474703A2F2F7777772E6F6D672E6F72672F737065632F44442F32303130303532342F44432220786D6C6E733A64693D22687474703A2F2F7777772E6F6D672E6F72672F737065632F44442F32303130303532342F44492220747970654C616E67756167653D22687474703A2F2F7777772E77332E6F72672F323030312F584D4C536368656D61222065787072657373696F6E4C616E67756167653D22687474703A2F2F7777772E77332E6F72672F313939392F585061746822207461726765744E616D6573706163653D22687474703A2F2F61637469766974692E6F72672F62706D6E222069643D226469616772616D5F666C6F77436F6E747261637422207873693A736368656D614C6F636174696F6E3D22687474703A2F2F7777772E6F6D672E6F72672F737065632F42504D4E2F32303130303532342F4D4F44454C2042504D4E32302E787364223E0A20203C62706D6E323A70726F636573732069643D22666C6F77436F6E747261637422206E616D653D22E59088E5908CE5AEA1E689B92220697345786563757461626C653D2274727565223E0A202020203C657874656E73696F6E456C656D656E74733E0A2020202020203C61637469766974693A657865637574696F6E4C697374656E6572206576656E743D22656E642220636C6173733D22636F6D2E6F72616E6765666F726D732E636F6D6D6F6E2E666C6F772E6C697374656E65722E466C6F7746696E69736865644C697374656E6572223E3C2F61637469766974693A657865637574696F6E4C697374656E65723E0A202020203C2F657874656E73696F6E456C656D656E74733E0A202020203C62706D6E323A73746172744576656E742069643D224576656E745F306B6A70396369223E0A2020202020203C62706D6E323A6F7574676F696E673E466C6F775F30656D7834307A3C2F62706D6E323A6F7574676F696E673E0A202020203C2F62706D6E323A73746172744576656E743E0A202020203C62706D6E323A757365725461736B2069643D2241637469766974795F306263696F686622206E616D653D22E59088E5908CE5BD95E585A5222061637469766974693A61737369676E65653D22247B7374617274557365724E616D657D222061637469766974693A666F726D4B65793D227B2671756F743B666F726D49642671756F743B3A2671756F743B313434303935343932303334383934363433322671756F743B2C2671756F743B726561644F6E6C792671756F743B3A66616C73652C2671756F743B67726F7570547970652671756F743B3A2671756F743B41535349474E45452671756F743B7D223E0A2020202020203C657874656E73696F6E456C656D656E74733E0A20202020202020203C61637469766974693A6F7065726174696F6E4C6973743E0A202020202020202020203C61637469766974693A666F726D4F7065726174696F6E2069643D223136333437313235353334393822206C6162656C3D22E68F90E4BAA42220747970653D226167726565222073686F774F726465723D2230223E3C2F61637469766974693A666F726D4F7065726174696F6E3E0A20202020202020203C2F61637469766974693A6F7065726174696F6E4C6973743E0A20202020202020203C61637469766974693A7661726961626C654C6973743E3C2F61637469766974693A7661726961626C654C6973743E0A2020202020203C2F657874656E73696F6E456C656D656E74733E0A202020203C2F62706D6E323A757365725461736B3E0A202020203C62706D6E323A73657175656E6365466C6F772069643D22466C6F775F30656D7834307A2220736F757263655265663D224576656E745F306B6A7039636922207461726765745265663D2241637469766974795F306263696F6866223E3C2F62706D6E323A73657175656E6365466C6F773E0A202020203C62706D6E323A757365725461736B2069643D2241637469766974795F3035336F6D393922206E616D653D22E4B89AE58AA1E983A8E9A286E5AFBCE5AEA1E689B9222061637469766974693A63616E64696461746547726F7570733D22247B64657074506F73744C65616465727D222061637469766974693A666F726D4B65793D227B2671756F743B666F726D49642671756F743B3A2671756F743B313434303935343932303334383934363433322671756F743B2C2671756F743B726561644F6E6C792671756F743B3A747275652C2671756F743B67726F7570547970652671756F743B3A2671756F743B444550545F504F53545F4C45414445522671756F743B7D223E0A2020202020203C657874656E73696F6E456C656D656E74733E0A20202020202020203C61637469766974693A7461736B4C697374656E6572206576656E743D226372656174652220636C6173733D22636F6D2E6F72616E6765666F726D732E636F6D6D6F6E2E666C6F772E6C697374656E65722E44657074506F73744C65616465724C697374656E6572223E3C2F61637469766974693A7461736B4C697374656E65723E0A20202020202020203C61637469766974693A6F7065726174696F6E4C6973743E0A202020202020202020203C61637469766974693A666F726D4F7065726174696F6E2069643D223136333437313235363433353322206C6162656C3D22E5908CE6848F2220747970653D226167726565222073686F774F726465723D2230223E3C2F61637469766974693A666F726D4F7065726174696F6E3E0A20202020202020203C2F61637469766974693A6F7065726174696F6E4C6973743E0A20202020202020203C61637469766974693A7661726961626C654C6973743E3C2F61637469766974693A7661726961626C654C6973743E0A20202020202020203C61637469766974693A64657074506F73744C6973743E3C2F61637469766974693A64657074506F73744C6973743E0A2020202020203C2F657874656E73696F6E456C656D656E74733E0A202020203C2F62706D6E323A757365725461736B3E0A202020203C62706D6E323A73657175656E6365466C6F772069643D22466C6F775F306477663979742220736F757263655265663D2241637469766974795F306263696F686622207461726765745265663D2241637469766974795F3035336F6D3939223E3C2F62706D6E323A73657175656E6365466C6F773E0A202020203C62706D6E323A73657175656E6365466C6F772069643D22466C6F775F3076357A6A336B2220736F757263655265663D2241637469766974795F3035336F6D393922207461726765745265663D22476174657761795F3038353538696A223E3C2F62706D6E323A73657175656E6365466C6F773E0A202020203C62706D6E323A706172616C6C656C476174657761792069643D22476174657761795F3038353538696A223E0A2020202020203C62706D6E323A696E636F6D696E673E466C6F775F3076357A6A336B3C2F62706D6E323A696E636F6D696E673E0A2020202020203C62706D6E323A6F7574676F696E673E466C6F775F3164357568636F3C2F62706D6E323A6F7574676F696E673E0A2020202020203C62706D6E323A6F7574676F696E673E466C6F775F317168396370303C2F62706D6E323A6F7574676F696E673E0A202020203C2F62706D6E323A706172616C6C656C476174657761793E0A202020203C62706D6E323A757365725461736B2069643D2241637469766974795F307A3930616C6922206E616D653D22E5B7A5E7A88BE983A8E5AEA1E689B9222061637469766974693A61737369676E65653D2261646D696E222061637469766974693A666F726D4B65793D227B2671756F743B666F726D49642671756F743B3A2671756F743B313434303935353139343939313937323335322671756F743B2C2671756F743B726561644F6E6C792671756F743B3A747275652C2671756F743B67726F7570547970652671756F743B3A2671756F743B41535349474E45452671756F743B7D223E0A2020202020203C657874656E73696F6E456C656D656E74733E0A20202020202020203C61637469766974693A6F7065726174696F6E4C6973743E0A202020202020202020203C61637469766974693A666F726D4F7065726174696F6E2069643D223136333437313236303635323922206C6162656C3D22E5908CE6848F2220747970653D226167726565222073686F774F726465723D2230223E3C2F61637469766974693A666F726D4F7065726174696F6E3E0A20202020202020203C2F61637469766974693A6F7065726174696F6E4C6973743E0A20202020202020203C61637469766974693A7661726961626C654C6973743E3C2F61637469766974693A7661726961626C654C6973743E0A2020202020203C2F657874656E73696F6E456C656D656E74733E0A202020203C2F62706D6E323A757365725461736B3E0A202020203C62706D6E323A73657175656E6365466C6F772069643D22466C6F775F3164357568636F2220736F757263655265663D22476174657761795F3038353538696A22207461726765745265663D2241637469766974795F307A3930616C69223E3C2F62706D6E323A73657175656E6365466C6F773E0A202020203C62706D6E323A757365725461736B2069643D2241637469766974795F3137393330616A22206E616D653D22E980A0E4BBB7E983A8E5AEA1E689B9222061637469766974693A63616E64696461746555736572733D2261646D696E222061637469766974693A666F726D4B65793D227B2671756F743B666F726D49642671756F743B3A2671756F743B313434303935353139343939313937323335322671756F743B2C2671756F743B726561644F6E6C792671756F743B3A747275652C2671756F743B67726F7570547970652671756F743B3A2671756F743B55534552532671756F743B7D223E0A2020202020203C657874656E73696F6E456C656D656E74733E0A20202020202020203C61637469766974693A6F7065726174696F6E4C6973743E0A202020202020202020203C61637469766974693A666F726D4F7065726174696F6E2069643D223136333437313236333131313322206C6162656C3D22E5908CE6848F2220747970653D226167726565222073686F774F726465723D2230223E3C2F61637469766974693A666F726D4F7065726174696F6E3E0A20202020202020203C2F61637469766974693A6F7065726174696F6E4C6973743E0A20202020202020203C61637469766974693A7661726961626C654C6973743E3C2F61637469766974693A7661726961626C654C6973743E0A20202020202020203C61637469766974693A7573657243616E64696461746547726F75707320747970653D225553455253222076616C75653D2261646D696E223E3C2F61637469766974693A7573657243616E64696461746547726F7570733E0A2020202020203C2F657874656E73696F6E456C656D656E74733E0A202020203C2F62706D6E323A757365725461736B3E0A202020203C62706D6E323A73657175656E6365466C6F772069643D22466C6F775F317168396370302220736F757263655265663D22476174657761795F3038353538696A22207461726765745265663D2241637469766974795F3137393330616A223E3C2F62706D6E323A73657175656E6365466C6F773E0A202020203C62706D6E323A73657175656E6365466C6F772069643D22466C6F775F316E35637866672220736F757263655265663D2241637469766974795F3137393330616A22207461726765745265663D22476174657761795F30796A79713068223E3C2F62706D6E323A73657175656E6365466C6F773E0A202020203C62706D6E323A706172616C6C656C476174657761792069643D22476174657761795F30796A79713068223E0A2020202020203C62706D6E323A696E636F6D696E673E466C6F775F316E35637866673C2F62706D6E323A696E636F6D696E673E0A2020202020203C62706D6E323A696E636F6D696E673E466C6F775F313068663979353C2F62706D6E323A696E636F6D696E673E0A2020202020203C62706D6E323A6F7574676F696E673E466C6F775F30767435676F723C2F62706D6E323A6F7574676F696E673E0A202020203C2F62706D6E323A706172616C6C656C476174657761793E0A202020203C62706D6E323A73657175656E6365466C6F772069643D22466C6F775F313068663979352220736F757263655265663D2241637469766974795F307A3930616C6922207461726765745265663D22476174657761795F30796A79713068223E3C2F62706D6E323A73657175656E6365466C6F773E0A202020203C62706D6E323A757365725461736B2069643D2241637469766974795F3078657463387522206E616D653D22E8B4A2E58AA1E983A8E5AEA1E689B9222061637469766974693A63616E64696461746547726F7570733D22313434303936343531393339313133373739322C31343430393634353139333935333332303936222061637469766974693A666F726D4B65793D227B2671756F743B666F726D49642671756F743B3A2671756F743B313434303935353132373739303833333636342671756F743B2C2671756F743B726561644F6E6C792671756F743B3A747275652C2671756F743B67726F7570547970652671756F743B3A2671756F743B504F53542671756F743B7D223E0A2020202020203C657874656E73696F6E456C656D656E74733E0A20202020202020203C61637469766974693A6F7065726174696F6E4C6973743E0A202020202020202020203C61637469766974693A666F726D4F7065726174696F6E2069643D223136333437313236363839383222206C6162656C3D22E5908CE6848F2220747970653D226167726565222073686F774F726465723D2230223E3C2F61637469766974693A666F726D4F7065726174696F6E3E0A202020202020202020203C61637469766974693A666F726D4F7065726174696F6E2069643D223136333437313236373231393522206C6162656C3D22E68B92E7BB9D2220747970653D22726566757365222073686F774F726465723D2231223E3C2F61637469766974693A666F726D4F7065726174696F6E3E0A20202020202020203C2F61637469766974693A6F7065726174696F6E4C6973743E0A20202020202020203C61637469766974693A7661726961626C654C6973743E3C2F61637469766974693A7661726961626C654C6973743E0A20202020202020203C61637469766974693A64657074506F73744C6973743E0A202020202020202020203C61637469766974693A64657074506F73742069643D2264657074506F73745F5F313434303936343531393339313133373739322220747970653D2264657074506F7374222064657074506F737449643D2231343430393634353139333931313337373932223E3C2F61637469766974693A64657074506F73743E0A202020202020202020203C61637469766974693A64657074506F73742069643D2264657074506F73745F5F313434303936343531393339353333323039362220747970653D2264657074506F7374222064657074506F737449643D2231343430393634353139333935333332303936223E3C2F61637469766974693A64657074506F73743E0A20202020202020203C2F61637469766974693A64657074506F73744C6973743E0A2020202020203C2F657874656E73696F6E456C656D656E74733E0A202020203C2F62706D6E323A757365725461736B3E0A202020203C62706D6E323A73657175656E6365466C6F772069643D22466C6F775F30767435676F722220736F757263655265663D22476174657761795F30796A7971306822207461726765745265663D2241637469766974795F30786574633875223E3C2F62706D6E323A73657175656E6365466C6F773E0A202020203C62706D6E323A757365725461736B2069643D2241637469766974795F3064766734686922206E616D653D22E6B395E58AA1E983A8E5AEA1E689B9222061637469766974693A63616E64696461746547726F7570733D2231343430393634333837393739333939313638222061637469766974693A666F726D4B65793D227B2671756F743B666F726D49642671756F743B3A2671756F743B313434303935353030313039333439323733362671756F743B2C2671756F743B726561644F6E6C792671756F743B3A747275652C2671756F743B67726F7570547970652671756F743B3A2671756F743B504F53542671756F743B7D223E0A2020202020203C657874656E73696F6E456C656D656E74733E0A20202020202020203C61637469766974693A6F7065726174696F6E4C6973743E0A202020202020202020203C61637469766974693A666F726D4F7065726174696F6E2069643D223136333437313238323034313422206C6162656C3D22E4BC9AE7ADBE2220747970653D226D756C74695F7369676E222073686F774F726465723D2230223E3C2F61637469766974693A666F726D4F7065726174696F6E3E0A202020202020202020203C61637469766974693A666F726D4F7065726174696F6E2069643D223136333437313238323839303922206C6162656C3D22E58AA0E7ADBE2220747970653D226D756C74695F636F6E7369676E222073686F774F726465723D2231223E3C2F61637469766974693A666F726D4F7065726174696F6E3E0A20202020202020203C2F61637469766974693A6F7065726174696F6E4C6973743E0A20202020202020203C61637469766974693A7661726961626C654C6973743E3C2F61637469766974693A7661726961626C654C6973743E0A20202020202020203C61637469766974693A64657074506F73744C6973743E0A202020202020202020203C61637469766974693A64657074506F73742069643D2264657074506F73745F5F313434303936343338373937393339393136382220747970653D2264657074506F7374222064657074506F737449643D2231343430393634333837393739333939313638223E3C2F61637469766974693A64657074506F73743E0A20202020202020203C2F61637469766974693A64657074506F73744C6973743E0A2020202020203C2F657874656E73696F6E456C656D656E74733E0A202020203C2F62706D6E323A757365725461736B3E0A202020203C62706D6E323A73657175656E6365466C6F772069643D22466C6F775F3069746664623522206E616D653D22E5908CE6848F2220736F757263655265663D2241637469766974795F3078657463387522207461726765745265663D2241637469766974795F30647667346869223E0A2020202020203C657874656E73696F6E456C656D656E74733E0A20202020202020203C61637469766974693A637573746F6D436F6E646974696F6E20747970653D226F7065726174696F6E22206F7065726174696F6E547970653D226167726565223E3C2F61637469766974693A637573746F6D436F6E646974696F6E3E0A2020202020203C2F657874656E73696F6E456C656D656E74733E0A2020202020203C636F6E646974696F6E45787072657373696F6E207873693A747970653D2274466F726D616C45787072657373696F6E223E3C215B43444154415B247B6F7065726174696F6E54797065203D3D20276167726565277D5D5D3E3C2F636F6E646974696F6E45787072657373696F6E3E0A202020203C2F62706D6E323A73657175656E6365466C6F773E0A202020203C62706D6E323A757365725461736B2069643D2241637469766974795F30786F31346E7322206E616D653D22E6B395E58AA1E983A8E4BC9AE7ADBE222061637469766974693A61737369676E65653D22247B61737369676E65657D222061637469766974693A666F726D4B65793D227B2671756F743B666F726D49642671756F743B3A2671756F743B313434303935353030313039333439323733362671756F743B2C2671756F743B726561644F6E6C792671756F743B3A747275652C2671756F743B67726F7570547970652671756F743B3A2671756F743B41535349474E45452671756F743B7D223E0A2020202020203C657874656E73696F6E456C656D656E74733E0A20202020202020203C61637469766974693A6F7065726174696F6E4C6973743E0A202020202020202020203C61637469766974693A666F726D4F7065726174696F6E2069643D223136333437313239343530353322206C6162656C3D22E5908CE6848F2220747970653D226D756C74695F6167726565222073686F774F726465723D2230223E3C2F61637469766974693A666F726D4F7065726174696F6E3E0A202020202020202020203C61637469766974693A666F726D4F7065726174696F6E2069643D223136333437313239353131363022206C6162656C3D22E68B92E7BB9D2220747970653D226D756C74695F726566757365222073686F774F726465723D2231223E3C2F61637469766974693A666F726D4F7065726174696F6E3E0A20202020202020203C2F61637469766974693A6F7065726174696F6E4C6973743E0A20202020202020203C61637469766974693A7661726961626C654C6973743E3C2F61637469766974693A7661726961626C654C6973743E0A2020202020203C2F657874656E73696F6E456C656D656E74733E0A2020202020203C6D756C7469496E7374616E63654C6F6F7043686172616374657269737469637320697353657175656E7469616C3D2266616C7365222061637469766974693A636F6C6C656374696F6E3D2261737369676E65654C697374222061637469766974693A656C656D656E745661726961626C653D2261737369676E6565223E0A20202020202020203C636F6D706C6574696F6E436F6E646974696F6E3E247B6E724F66496E7374616E636573203D3D206E724F66436F6D706C65746564496E7374616E6365737D3C2F636F6D706C6574696F6E436F6E646974696F6E3E0A2020202020203C2F6D756C7469496E7374616E63654C6F6F704368617261637465726973746963733E0A202020203C2F62706D6E323A757365725461736B3E0A202020203C62706D6E323A73657175656E6365466C6F772069643D22466C6F775F307976347562702220736F757263655265663D2241637469766974795F3064766734686922207461726765745265663D2241637469766974795F30786F31346E73223E3C2F62706D6E323A73657175656E6365466C6F773E0A202020203C62706D6E323A6578636C7573697665476174657761792069643D22476174657761795F31633066687A66223E0A2020202020203C62706D6E323A696E636F6D696E673E466C6F775F306969796469703C2F62706D6E323A696E636F6D696E673E0A2020202020203C62706D6E323A6F7574676F696E673E466C6F775F3038653538356A3C2F62706D6E323A6F7574676F696E673E0A2020202020203C62706D6E323A6F7574676F696E673E466C6F775F3165696C647A703C2F62706D6E323A6F7574676F696E673E0A202020203C2F62706D6E323A6578636C7573697665476174657761793E0A202020203C62706D6E323A73657175656E6365466C6F772069643D22466C6F775F306969796469702220736F757263655265663D2241637469766974795F30786F31346E7322207461726765745265663D22476174657761795F31633066687A66223E3C2F62706D6E323A73657175656E6365466C6F773E0A202020203C62706D6E323A757365725461736B2069643D2241637469766974795F31656E68356B6522206E616D653D22E680BBE7BB8FE79086E5AEA1E689B9222061637469766974693A63616E64696461746547726F7570733D2231343430393131343130353831323133343136222061637469766974693A666F726D4B65793D227B2671756F743B666F726D49642671756F743B3A2671756F743B313434303935343932303334383934363433322671756F743B2C2671756F743B726561644F6E6C792671756F743B3A747275652C2671756F743B67726F7570547970652671756F743B3A2671756F743B444550542671756F743B7D223E0A2020202020203C657874656E73696F6E456C656D656E74733E0A20202020202020203C61637469766974693A6F7065726174696F6E4C6973743E0A202020202020202020203C61637469766974693A666F726D4F7065726174696F6E2069643D223136333437313331353630393122206C6162656C3D22E5908CE6848F2220747970653D226167726565222073686F774F726465723D2230223E3C2F61637469766974693A666F726D4F7065726174696F6E3E0A202020202020202020203C61637469766974693A666F726D4F7065726174696F6E2069643D223136333437313331353939353622206C6162656C3D22E68B92E7BB9D2220747970653D22726566757365222073686F774F726465723D2231223E3C2F61637469766974693A666F726D4F7065726174696F6E3E0A20202020202020203C2F61637469766974693A6F7065726174696F6E4C6973743E0A20202020202020203C61637469766974693A7661726961626C654C6973743E3C2F61637469766974693A7661726961626C654C6973743E0A20202020202020203C61637469766974693A7573657243616E64696461746547726F75707320747970653D2244455054222076616C75653D2231343430393131343130353831323133343136223E3C2F61637469766974693A7573657243616E64696461746547726F7570733E0A2020202020203C2F657874656E73696F6E456C656D656E74733E0A202020203C2F62706D6E323A757365725461736B3E0A202020203C62706D6E323A73657175656E6365466C6F772069643D22466C6F775F3038653538356A22206E616D653D22E5908CE6848FE4BABAE695B0E5A4A7E4BA8E3430252220736F757263655265663D22476174657761795F31633066687A6622207461726765745265663D2241637469766974795F31656E68356B65223E0A2020202020203C636F6E646974696F6E45787072657373696F6E207873693A747970653D2274466F726D616C45787072657373696F6E223E3C215B43444154415B247B6D756C74694167726565436F756E74202F206D756C74694E756D4F66496E7374616E636573203E20302E347D5D5D3E3C2F636F6E646974696F6E45787072657373696F6E3E0A202020203C2F62706D6E323A73657175656E6365466C6F773E0A202020203C62706D6E323A656E644576656E742069643D224576656E745F30383570366479223E0A2020202020203C62706D6E323A696E636F6D696E673E466C6F775F31696E776864653C2F62706D6E323A696E636F6D696E673E0A202020203C2F62706D6E323A656E644576656E743E0A202020203C62706D6E323A73657175656E6365466C6F772069643D22466C6F775F31696E7768646522206E616D653D22E5908CE6848F2220736F757263655265663D2241637469766974795F31656E68356B6522207461726765745265663D224576656E745F30383570366479223E0A2020202020203C657874656E73696F6E456C656D656E74733E0A20202020202020203C61637469766974693A637573746F6D436F6E646974696F6E20747970653D226F7065726174696F6E22206F7065726174696F6E547970653D226167726565223E3C2F61637469766974693A637573746F6D436F6E646974696F6E3E0A2020202020203C2F657874656E73696F6E456C656D656E74733E0A2020202020203C636F6E646974696F6E45787072657373696F6E207873693A747970653D2274466F726D616C45787072657373696F6E223E3C215B43444154415B247B6F7065726174696F6E54797065203D3D20276167726565277D5D5D3E3C2F636F6E646974696F6E45787072657373696F6E3E0A202020203C2F62706D6E323A73657175656E6365466C6F773E0A202020203C62706D6E323A73657175656E6365466C6F772069643D22466C6F775F306A306779327422206E616D653D22E68B92E7BB9D2220736F757263655265663D2241637469766974795F3078657463387522207461726765745265663D2241637469766974795F306263696F6866223E0A2020202020203C657874656E73696F6E456C656D656E74733E0A20202020202020203C61637469766974693A637573746F6D436F6E646974696F6E20747970653D226F7065726174696F6E22206F7065726174696F6E547970653D22726566757365223E3C2F61637469766974693A637573746F6D436F6E646974696F6E3E0A2020202020203C2F657874656E73696F6E456C656D656E74733E0A2020202020203C636F6E646974696F6E45787072657373696F6E207873693A747970653D2274466F726D616C45787072657373696F6E223E3C215B43444154415B247B6F7065726174696F6E54797065203D3D2027726566757365277D5D5D3E3C2F636F6E646974696F6E45787072657373696F6E3E0A202020203C2F62706D6E323A73657175656E6365466C6F773E0A202020203C62706D6E323A73657175656E6365466C6F772069643D22466C6F775F3165696C647A7022206E616D653D22E5908CE6848FE4BABAE695B0E5B08FE4BA8E3430252220736F757263655265663D22476174657761795F31633066687A6622207461726765745265663D2241637469766974795F306263696F6866223E0A2020202020203C636F6E646974696F6E45787072657373696F6E207873693A747970653D2274466F726D616C45787072657373696F6E223E3C215B43444154415B247B6D756C74694167726565436F756E74202F206D756C74694E756D4F66496E7374616E636573203C3D20302E347D5D5D3E3C2F636F6E646974696F6E45787072657373696F6E3E0A202020203C2F62706D6E323A73657175656E6365466C6F773E0A202020203C62706D6E323A73657175656E6365466C6F772069643D22466C6F775F3063326475367022206E616D653D22E68B92E7BB9D2220736F757263655265663D2241637469766974795F31656E68356B6522207461726765745265663D2241637469766974795F306263696F6866223E0A2020202020203C657874656E73696F6E456C656D656E74733E0A20202020202020203C61637469766974693A637573746F6D436F6E646974696F6E20747970653D226F7065726174696F6E22206F7065726174696F6E547970653D22726566757365223E3C2F61637469766974693A637573746F6D436F6E646974696F6E3E0A2020202020203C2F657874656E73696F6E456C656D656E74733E0A2020202020203C636F6E646974696F6E45787072657373696F6E207873693A747970653D2274466F726D616C45787072657373696F6E223E3C215B43444154415B247B6F7065726174696F6E54797065203D3D2027726566757365277D5D5D3E3C2F636F6E646974696F6E45787072657373696F6E3E0A202020203C2F62706D6E323A73657175656E6365466C6F773E0A20203C2F62706D6E323A70726F636573733E0A20203C62706D6E64693A42504D4E4469616772616D2069643D2242504D4E4469616772616D5F666C6F77436F6E7472616374223E0A202020203C62706D6E64693A42504D4E506C616E652062706D6E456C656D656E743D22666C6F77436F6E7472616374222069643D2242504D4E506C616E655F666C6F77436F6E7472616374223E0A2020202020203C62706D6E64693A42504D4E53686170652062706D6E456C656D656E743D224576656E745F306B6A70396369222069643D2242504D4E53686170655F4576656E745F306B6A70396369223E0A20202020202020203C6F6D6764633A426F756E6473206865696768743D2233362E30222077696474683D2233362E302220783D2234322E302220793D223330322E30223E3C2F6F6D6764633A426F756E64733E0A2020202020203C2F62706D6E64693A42504D4E53686170653E0A2020202020203C62706D6E64693A42504D4E53686170652062706D6E456C656D656E743D2241637469766974795F306263696F6866222069643D2242504D4E53686170655F41637469766974795F306263696F6866223E0A20202020202020203C6F6D6764633A426F756E6473206865696768743D2238302E30222077696474683D223130302E302220783D223133302E302220793D223238302E30223E3C2F6F6D6764633A426F756E64733E0A2020202020203C2F62706D6E64693A42504D4E53686170653E0A2020202020203C62706D6E64693A42504D4E53686170652062706D6E456C656D656E743D2241637469766974795F3035336F6D3939222069643D2242504D4E53686170655F41637469766974795F3035336F6D3939223E0A20202020202020203C6F6D6764633A426F756E6473206865696768743D2238302E30222077696474683D223130302E302220783D223239302E302220793D223238302E30223E3C2F6F6D6764633A426F756E64733E0A2020202020203C2F62706D6E64693A42504D4E53686170653E0A2020202020203C62706D6E64693A42504D4E53686170652062706D6E456C656D656E743D22476174657761795F3038353538696A222069643D2242504D4E53686170655F476174657761795F3038353538696A223E0A20202020202020203C6F6D6764633A426F756E6473206865696768743D2235302E30222077696474683D2235302E302220783D223435352E302220793D223239352E30223E3C2F6F6D6764633A426F756E64733E0A2020202020203C2F62706D6E64693A42504D4E53686170653E0A2020202020203C62706D6E64693A42504D4E53686170652062706D6E456C656D656E743D2241637469766974795F307A3930616C69222069643D2242504D4E53686170655F41637469766974795F307A3930616C69223E0A20202020202020203C6F6D6764633A426F756E6473206865696768743D2238302E30222077696474683D223130302E302220783D223537302E302220793D223137302E30223E3C2F6F6D6764633A426F756E64733E0A2020202020203C2F62706D6E64693A42504D4E53686170653E0A2020202020203C62706D6E64693A42504D4E53686170652062706D6E456C656D656E743D2241637469766974795F3137393330616A222069643D2242504D4E53686170655F41637469766974795F3137393330616A223E0A20202020202020203C6F6D6764633A426F756E6473206865696768743D2238302E30222077696474683D223130302E302220783D223537302E302220793D223238302E30223E3C2F6F6D6764633A426F756E64733E0A2020202020203C2F62706D6E64693A42504D4E53686170653E0A2020202020203C62706D6E64693A42504D4E53686170652062706D6E456C656D656E743D22476174657761795F30796A79713068222069643D2242504D4E53686170655F476174657761795F30796A79713068223E0A20202020202020203C6F6D6764633A426F756E6473206865696768743D2235302E30222077696474683D2235302E302220783D223733352E302220793D223239352E30223E3C2F6F6D6764633A426F756E64733E0A2020202020203C2F62706D6E64693A42504D4E53686170653E0A2020202020203C62706D6E64693A42504D4E53686170652062706D6E456C656D656E743D2241637469766974795F30786574633875222069643D2242504D4E53686170655F41637469766974795F30786574633875223E0A20202020202020203C6F6D6764633A426F756E6473206865696768743D2238302E30222077696474683D223130302E302220783D223837302E302220793D223238302E30223E3C2F6F6D6764633A426F756E64733E0A2020202020203C2F62706D6E64693A42504D4E53686170653E0A2020202020203C62706D6E64693A42504D4E53686170652062706D6E456C656D656E743D2241637469766974795F30647667346869222069643D2242504D4E53686170655F41637469766974795F30647667346869223E0A20202020202020203C6F6D6764633A426F756E6473206865696768743D2238302E30222077696474683D223130302E302220783D223837302E302220793D223436302E30223E3C2F6F6D6764633A426F756E64733E0A2020202020203C2F62706D6E64693A42504D4E53686170653E0A2020202020203C62706D6E64693A42504D4E53686170652062706D6E456C656D656E743D2241637469766974795F30786F31346E73222069643D2242504D4E53686170655F41637469766974795F30786F31346E73223E0A20202020202020203C6F6D6764633A426F756E6473206865696768743D2238302E30222077696474683D223130302E302220783D223731302E302220793D223436302E30223E3C2F6F6D6764633A426F756E64733E0A2020202020203C2F62706D6E64693A42504D4E53686170653E0A2020202020203C62706D6E64693A42504D4E53686170652062706D6E456C656D656E743D22476174657761795F31633066687A66222069643D2242504D4E53686170655F476174657761795F31633066687A66223E0A20202020202020203C6F6D6764633A426F756E6473206865696768743D2235302E30222077696474683D2235302E302220783D223535352E302220793D223437352E30223E3C2F6F6D6764633A426F756E64733E0A2020202020203C2F62706D6E64693A42504D4E53686170653E0A2020202020203C62706D6E64693A42504D4E53686170652062706D6E456C656D656E743D2241637469766974795F31656E68356B65222069643D2242504D4E53686170655F41637469766974795F31656E68356B65223E0A20202020202020203C6F6D6764633A426F756E6473206865696768743D2238302E30222077696474683D223130302E302220783D223133302E302220793D223436302E30223E3C2F6F6D6764633A426F756E64733E0A2020202020203C2F62706D6E64693A42504D4E53686170653E0A2020202020203C62706D6E64693A42504D4E53686170652062706D6E456C656D656E743D224576656E745F30383570366479222069643D2242504D4E53686170655F4576656E745F30383570366479223E0A20202020202020203C6F6D6764633A426F756E6473206865696768743D2233362E30222077696474683D2233362E302220783D2234322E302220793D223438322E30223E3C2F6F6D6764633A426F756E64733E0A2020202020203C2F62706D6E64693A42504D4E53686170653E0A2020202020203C62706D6E64693A42504D4E456467652062706D6E456C656D656E743D22466C6F775F30633264753670222069643D2242504D4E456467655F466C6F775F30633264753670223E0A20202020202020203C6F6D6764693A776179706F696E7420783D223135302E302220793D223436302E30223E3C2F6F6D6764693A776179706F696E743E0A20202020202020203C6F6D6764693A776179706F696E7420783D223135302E302220793D223336302E30223E3C2F6F6D6764693A776179706F696E743E0A20202020202020203C62706D6E64693A42504D4E4C6162656C3E0A202020202020202020203C6F6D6764633A426F756E6473206865696768743D2231342E30222077696474683D2232322E302220783D223135342E302220793D223430372E30223E3C2F6F6D6764633A426F756E64733E0A20202020202020203C2F62706D6E64693A42504D4E4C6162656C3E0A2020202020203C2F62706D6E64693A42504D4E456467653E0A2020202020203C62706D6E64693A42504D4E456467652062706D6E456C656D656E743D22466C6F775F3165696C647A70222069643D2242504D4E456467655F466C6F775F3165696C647A70223E0A20202020202020203C6F6D6764693A776179706F696E7420783D223538302E302220793D223437352E30223E3C2F6F6D6764693A776179706F696E743E0A20202020202020203C6F6D6764693A776179706F696E7420783D223538302E302220793D223433302E30223E3C2F6F6D6764693A776179706F696E743E0A20202020202020203C6F6D6764693A776179706F696E7420783D223138302E302220793D223433302E30223E3C2F6F6D6764693A776179706F696E743E0A20202020202020203C6F6D6764693A776179706F696E7420783D223138302E302220793D223336302E30223E3C2F6F6D6764693A776179706F696E743E0A20202020202020203C62706D6E64693A42504D4E4C6162656C3E0A202020202020202020203C6F6D6764633A426F756E6473206865696768743D2231342E30222077696474683D2238392E302220783D223333362E302220793D223431322E30223E3C2F6F6D6764633A426F756E64733E0A20202020202020203C2F62706D6E64693A42504D4E4C6162656C3E0A2020202020203C2F62706D6E64693A42504D4E456467653E0A2020202020203C62706D6E64693A42504D4E456467652062706D6E456C656D656E743D22466C6F775F306A3067793274222069643D2242504D4E456467655F466C6F775F306A3067793274223E0A20202020202020203C6F6D6764693A776179706F696E7420783D223839302E302220793D223336302E30223E3C2F6F6D6764693A776179706F696E743E0A20202020202020203C6F6D6764693A776179706F696E7420783D223839302E302220793D223339302E30223E3C2F6F6D6764693A776179706F696E743E0A20202020202020203C6F6D6764693A776179706F696E7420783D223231302E302220793D223339302E30223E3C2F6F6D6764693A776179706F696E743E0A20202020202020203C6F6D6764693A776179706F696E7420783D223231302E302220793D223336302E30223E3C2F6F6D6764693A776179706F696E743E0A20202020202020203C62706D6E64693A42504D4E4C6162656C3E0A202020202020202020203C6F6D6764633A426F756E6473206865696768743D2231342E30222077696474683D2232322E302220783D223533392E302220793D223337322E30223E3C2F6F6D6764633A426F756E64733E0A20202020202020203C2F62706D6E64693A42504D4E4C6162656C3E0A2020202020203C2F62706D6E64693A42504D4E456467653E0A2020202020203C62706D6E64693A42504D4E456467652062706D6E456C656D656E743D22466C6F775F31696E77686465222069643D2242504D4E456467655F466C6F775F31696E77686465223E0A20202020202020203C6F6D6764693A776179706F696E7420783D223133302E302220793D223530302E30223E3C2F6F6D6764693A776179706F696E743E0A20202020202020203C6F6D6764693A776179706F696E7420783D2237382E302220793D223530302E30223E3C2F6F6D6764693A776179706F696E743E0A20202020202020203C62706D6E64693A42504D4E4C6162656C3E0A202020202020202020203C6F6D6764633A426F756E6473206865696768743D2231342E30222077696474683D2232332E302220783D2239332E302220793D223438322E30223E3C2F6F6D6764633A426F756E64733E0A20202020202020203C2F62706D6E64693A42504D4E4C6162656C3E0A2020202020203C2F62706D6E64693A42504D4E456467653E0A2020202020203C62706D6E64693A42504D4E456467652062706D6E456C656D656E743D22466C6F775F3038653538356A222069643D2242504D4E456467655F466C6F775F3038653538356A223E0A20202020202020203C6F6D6764693A776179706F696E7420783D223535352E302220793D223530302E30223E3C2F6F6D6764693A776179706F696E743E0A20202020202020203C6F6D6764693A776179706F696E7420783D223233302E302220793D223530302E30223E3C2F6F6D6764693A776179706F696E743E0A20202020202020203C62706D6E64693A42504D4E4C6162656C3E0A202020202020202020203C6F6D6764633A426F756E6473206865696768743D2231342E30222077696474683D2238392E302220783D223334382E302220793D223438322E30223E3C2F6F6D6764633A426F756E64733E0A20202020202020203C2F62706D6E64693A42504D4E4C6162656C3E0A2020202020203C2F62706D6E64693A42504D4E456467653E0A2020202020203C62706D6E64693A42504D4E456467652062706D6E456C656D656E743D22466C6F775F30696979646970222069643D2242504D4E456467655F466C6F775F30696979646970223E0A20202020202020203C6F6D6764693A776179706F696E7420783D223731302E302220793D223530302E30223E3C2F6F6D6764693A776179706F696E743E0A20202020202020203C6F6D6764693A776179706F696E7420783D223630352E302220793D223530302E30223E3C2F6F6D6764693A776179706F696E743E0A2020202020203C2F62706D6E64693A42504D4E456467653E0A2020202020203C62706D6E64693A42504D4E456467652062706D6E456C656D656E743D22466C6F775F30797634756270222069643D2242504D4E456467655F466C6F775F30797634756270223E0A20202020202020203C6F6D6764693A776179706F696E7420783D223837302E302220793D223530302E30223E3C2F6F6D6764693A776179706F696E743E0A20202020202020203C6F6D6764693A776179706F696E7420783D223831302E302220793D223530302E30223E3C2F6F6D6764693A776179706F696E743E0A2020202020203C2F62706D6E64693A42504D4E456467653E0A2020202020203C62706D6E64693A42504D4E456467652062706D6E456C656D656E743D22466C6F775F30697466646235222069643D2242504D4E456467655F466C6F775F30697466646235223E0A20202020202020203C6F6D6764693A776179706F696E7420783D223934302E302220793D223336302E30223E3C2F6F6D6764693A776179706F696E743E0A20202020202020203C6F6D6764693A776179706F696E7420783D223934302E302220793D223436302E30223E3C2F6F6D6764693A776179706F696E743E0A20202020202020203C62706D6E64693A42504D4E4C6162656C3E0A202020202020202020203C6F6D6764633A426F756E6473206865696768743D2231342E30222077696474683D2232332E302220783D223934342E302220793D223430372E30223E3C2F6F6D6764633A426F756E64733E0A20202020202020203C2F62706D6E64693A42504D4E4C6162656C3E0A2020202020203C2F62706D6E64693A42504D4E456467653E0A2020202020203C62706D6E64693A42504D4E456467652062706D6E456C656D656E743D22466C6F775F30767435676F72222069643D2242504D4E456467655F466C6F775F30767435676F72223E0A20202020202020203C6F6D6764693A776179706F696E7420783D223738352E302220793D223332302E30223E3C2F6F6D6764693A776179706F696E743E0A20202020202020203C6F6D6764693A776179706F696E7420783D223837302E302220793D223332302E30223E3C2F6F6D6764693A776179706F696E743E0A2020202020203C2F62706D6E64693A42504D4E456467653E0A2020202020203C62706D6E64693A42504D4E456467652062706D6E456C656D656E743D22466C6F775F31306866397935222069643D2242504D4E456467655F466C6F775F31306866397935223E0A20202020202020203C6F6D6764693A776179706F696E7420783D223637302E302220793D223231302E30223E3C2F6F6D6764693A776179706F696E743E0A20202020202020203C6F6D6764693A776179706F696E7420783D223736302E302220793D223231302E30223E3C2F6F6D6764693A776179706F696E743E0A20202020202020203C6F6D6764693A776179706F696E7420783D223736302E302220793D223239352E30223E3C2F6F6D6764693A776179706F696E743E0A2020202020203C2F62706D6E64693A42504D4E456467653E0A2020202020203C62706D6E64693A42504D4E456467652062706D6E456C656D656E743D22466C6F775F316E3563786667222069643D2242504D4E456467655F466C6F775F316E3563786667223E0A20202020202020203C6F6D6764693A776179706F696E7420783D223637302E302220793D223332302E30223E3C2F6F6D6764693A776179706F696E743E0A20202020202020203C6F6D6764693A776179706F696E7420783D223733352E302220793D223332302E30223E3C2F6F6D6764693A776179706F696E743E0A2020202020203C2F62706D6E64693A42504D4E456467653E0A2020202020203C62706D6E64693A42504D4E456467652062706D6E456C656D656E743D22466C6F775F31716839637030222069643D2242504D4E456467655F466C6F775F31716839637030223E0A20202020202020203C6F6D6764693A776179706F696E7420783D223530352E302220793D223332302E30223E3C2F6F6D6764693A776179706F696E743E0A20202020202020203C6F6D6764693A776179706F696E7420783D223537302E302220793D223332302E30223E3C2F6F6D6764693A776179706F696E743E0A2020202020203C2F62706D6E64693A42504D4E456467653E0A2020202020203C62706D6E64693A42504D4E456467652062706D6E456C656D656E743D22466C6F775F3164357568636F222069643D2242504D4E456467655F466C6F775F3164357568636F223E0A20202020202020203C6F6D6764693A776179706F696E7420783D223438302E302220793D223239352E30223E3C2F6F6D6764693A776179706F696E743E0A20202020202020203C6F6D6764693A776179706F696E7420783D223438302E302220793D223231302E30223E3C2F6F6D6764693A776179706F696E743E0A20202020202020203C6F6D6764693A776179706F696E7420783D223537302E302220793D223231302E30223E3C2F6F6D6764693A776179706F696E743E0A2020202020203C2F62706D6E64693A42504D4E456467653E0A2020202020203C62706D6E64693A42504D4E456467652062706D6E456C656D656E743D22466C6F775F3076357A6A336B222069643D2242504D4E456467655F466C6F775F3076357A6A336B223E0A20202020202020203C6F6D6764693A776179706F696E7420783D223339302E302220793D223332302E30223E3C2F6F6D6764693A776179706F696E743E0A20202020202020203C6F6D6764693A776179706F696E7420783D223435352E302220793D223332302E30223E3C2F6F6D6764693A776179706F696E743E0A2020202020203C2F62706D6E64693A42504D4E456467653E0A2020202020203C62706D6E64693A42504D4E456467652062706D6E456C656D656E743D22466C6F775F30647766397974222069643D2242504D4E456467655F466C6F775F30647766397974223E0A20202020202020203C6F6D6764693A776179706F696E7420783D223233302E302220793D223332302E30223E3C2F6F6D6764693A776179706F696E743E0A20202020202020203C6F6D6764693A776179706F696E7420783D223239302E302220793D223332302E30223E3C2F6F6D6764693A776179706F696E743E0A2020202020203C2F62706D6E64693A42504D4E456467653E0A2020202020203C62706D6E64693A42504D4E456467652062706D6E456C656D656E743D22466C6F775F30656D7834307A222069643D2242504D4E456467655F466C6F775F30656D7834307A223E0A20202020202020203C6F6D6764693A776179706F696E7420783D2237382E302220793D223332302E30223E3C2F6F6D6764693A776179706F696E743E0A20202020202020203C6F6D6764693A776179706F696E7420783D223133302E302220793D223332302E30223E3C2F6F6D6764693A776179706F696E743E0A2020202020203C2F62706D6E64693A42504D4E456467653E0A202020203C2F62706D6E64693A42504D4E506C616E653E0A20203C2F62706D6E64693A42504D4E4469616772616D3E0A3C2F62706D6E323A646566696E6974696F6E733E, 0);
INSERT INTO `ACT_GE_BYTEARRAY` VALUES ('97e6169f-3186-11ec-bf2d-f20b812c0662', 1, 'flowLeave.bpmn', '97e6169e-3186-11ec-bf2d-f20b812c0662', 0x3C3F786D6C2076657273696F6E3D22312E302220656E636F64696E673D225554462D38223F3E0A3C62706D6E323A646566696E6974696F6E7320786D6C6E733D22687474703A2F2F7777772E6F6D672E6F72672F737065632F42504D4E2F32303130303532342F4D4F44454C2220786D6C6E733A62706D6E323D22687474703A2F2F7777772E6F6D672E6F72672F737065632F42504D4E2F32303130303532342F4D4F44454C2220786D6C6E733A7873693D22687474703A2F2F7777772E77332E6F72672F323030312F584D4C536368656D612D696E7374616E63652220786D6C6E733A7873643D22687474703A2F2F7777772E77332E6F72672F323030312F584D4C536368656D612220786D6C6E733A61637469766974693D22687474703A2F2F61637469766974692E6F72672F62706D6E2220786D6C6E733A62706D6E64693D22687474703A2F2F7777772E6F6D672E6F72672F737065632F42504D4E2F32303130303532342F44492220786D6C6E733A6F6D6764633D22687474703A2F2F7777772E6F6D672E6F72672F737065632F44442F32303130303532342F44432220786D6C6E733A6F6D6764693D22687474703A2F2F7777772E6F6D672E6F72672F737065632F44442F32303130303532342F44492220786D6C6E733A64633D22687474703A2F2F7777772E6F6D672E6F72672F737065632F44442F32303130303532342F44432220786D6C6E733A64693D22687474703A2F2F7777772E6F6D672E6F72672F737065632F44442F32303130303532342F44492220747970654C616E67756167653D22687474703A2F2F7777772E77332E6F72672F323030312F584D4C536368656D61222065787072657373696F6E4C616E67756167653D22687474703A2F2F7777772E77332E6F72672F313939392F585061746822207461726765744E616D6573706163653D22687474703A2F2F61637469766974692E6F72672F62706D6E222069643D226469616772616D5F666C6F774C6561766522207873693A736368656D614C6F636174696F6E3D22687474703A2F2F7777772E6F6D672E6F72672F737065632F42504D4E2F32303130303532342F4D4F44454C2042504D4E32302E787364223E0A20203C62706D6E323A70726F636573732069643D22666C6F774C6561766522206E616D653D22E8AFB7E58187E794B3E8AFB72220697345786563757461626C653D2274727565223E0A202020203C657874656E73696F6E456C656D656E74733E0A2020202020203C61637469766974693A657865637574696F6E4C697374656E6572206576656E743D22656E642220636C6173733D22636F6D2E666C6F772E64656D6F2E636F6D6D6F6E2E666C6F772E6C697374656E65722E557064617465466C6F775374617475734C697374656E6572223E3C2F61637469766974693A657865637574696F6E4C697374656E65723E0A202020203C2F657874656E73696F6E456C656D656E74733E0A202020203C62706D6E323A73746172744576656E742069643D224576656E745F316D6D72747477223E0A2020202020203C62706D6E323A6F7574676F696E673E466C6F775F3079346D336B763C2F62706D6E323A6F7574676F696E673E0A202020203C2F62706D6E323A73746172744576656E743E0A202020203C62706D6E323A757365725461736B2069643D2241637469766974795F317462386A6B6122206E616D653D22E8AFB7E58187E794B3E8AFB7222061637469766974693A61737369676E65653D22247B7374617274557365724E616D657D222061637469766974693A666F726D4B65793D227B2671756F743B666F726D49642671756F743B3A2671756F743B313434303934353431313335343236373634382671756F743B2C2671756F743B726561644F6E6C792671756F743B3A66616C73652C2671756F743B67726F7570547970652671756F743B3A2671756F743B444550542671756F743B7D223E0A2020202020203C657874656E73696F6E456C656D656E74733E0A20202020202020203C61637469766974693A6F7065726174696F6E4C6973743E0A202020202020202020203C61637469766974693A666F726D4F7065726174696F6E2069643D223136333437313131323239323522206C6162656C3D22E68F90E4BAA42220747970653D226167726565222073686F774F726465723D2230223E3C2F61637469766974693A666F726D4F7065726174696F6E3E0A20202020202020203C2F61637469766974693A6F7065726174696F6E4C6973743E0A20202020202020203C61637469766974693A7661726961626C654C6973743E3C2F61637469766974693A7661726961626C654C6973743E0A2020202020203C2F657874656E73696F6E456C656D656E74733E0A202020203C2F62706D6E323A757365725461736B3E0A202020203C62706D6E323A73657175656E6365466C6F772069643D22466C6F775F3079346D336B762220736F757263655265663D224576656E745F316D6D7274747722207461726765745265663D2241637469766974795F317462386A6B61223E3C2F62706D6E323A73657175656E6365466C6F773E0A202020203C62706D6E323A757365725461736B2069643D2241637469766974795F31316A7230707822206E616D653D22E983A8E997A8E9A286E5AFBCE5AEA1E689B9222061637469766974693A63616E64696461746547726F7570733D22247B64657074506F73744C65616465727D222061637469766974693A666F726D4B65793D227B2671756F743B666F726D49642671756F743B3A2671756F743B313434303934353431313335343236373634382671756F743B2C2671756F743B726561644F6E6C792671756F743B3A747275652C2671756F743B67726F7570547970652671756F743B3A2671756F743B444550545F504F53545F4C45414445522671756F743B7D223E0A2020202020203C657874656E73696F6E456C656D656E74733E0A20202020202020203C61637469766974693A7461736B4C697374656E6572206576656E743D226372656174652220636C6173733D22636F6D2E666C6F772E64656D6F2E636F6D6D6F6E2E666C6F772E6C697374656E65722E44657074506F73744C65616465724C697374656E6572223E3C2F61637469766974693A7461736B4C697374656E65723E0A20202020202020203C61637469766974693A6F7065726174696F6E4C6973743E0A202020202020202020203C61637469766974693A666F726D4F7065726174696F6E2069643D223136333437313131343739343122206C6162656C3D22E5908CE6848F2220747970653D226167726565222073686F774F726465723D2230223E3C2F61637469766974693A666F726D4F7065726174696F6E3E0A202020202020202020203C61637469766974693A666F726D4F7065726174696F6E2069643D223136333437313131353133343922206C6162656C3D22E68B92E7BB9D2220747970653D22726566757365222073686F774F726465723D2231223E3C2F61637469766974693A666F726D4F7065726174696F6E3E0A20202020202020203C2F61637469766974693A6F7065726174696F6E4C6973743E0A20202020202020203C61637469766974693A7661726961626C654C6973743E3C2F61637469766974693A7661726961626C654C6973743E0A2020202020203C2F657874656E73696F6E456C656D656E74733E0A202020203C2F62706D6E323A757365725461736B3E0A202020203C62706D6E323A73657175656E6365466C6F772069643D22466C6F775F30376F703230392220736F757263655265663D2241637469766974795F317462386A6B6122207461726765745265663D2241637469766974795F31316A72307078223E3C2F62706D6E323A73657175656E6365466C6F773E0A202020203C62706D6E323A757365725461736B2069643D2241637469766974795F3030696270307522206E616D653D224852E5AEA1E689B9222061637469766974693A63616E64696461746547726F7570733D2231343430393634323231383535363030363430222061637469766974693A666F726D4B65793D227B2671756F743B666F726D49642671756F743B3A2671756F743B313434303934353431313335343236373634382671756F743B2C2671756F743B726561644F6E6C792671756F743B3A747275652C2671756F743B67726F7570547970652671756F743B3A2671756F743B504F53542671756F743B7D223E0A2020202020203C657874656E73696F6E456C656D656E74733E0A20202020202020203C61637469766974693A6F7065726174696F6E4C6973743E0A202020202020202020203C61637469766974693A666F726D4F7065726174696F6E2069643D223136333437313133303636303122206C6162656C3D22E5908CE6848F2220747970653D226167726565222073686F774F726465723D2230223E3C2F61637469766974693A666F726D4F7065726174696F6E3E0A202020202020202020203C61637469766974693A666F726D4F7065726174696F6E2069643D223136333437313133313033393122206C6162656C3D22E68B92E7BB9D2220747970653D22726566757365222073686F774F726465723D2231223E3C2F61637469766974693A666F726D4F7065726174696F6E3E0A20202020202020203C2F61637469766974693A6F7065726174696F6E4C6973743E0A20202020202020203C61637469766974693A7661726961626C654C6973743E3C2F61637469766974693A7661726961626C654C6973743E0A2020202020203C2F657874656E73696F6E456C656D656E74733E0A202020203C2F62706D6E323A757365725461736B3E0A202020203C62706D6E323A656E644576656E742069643D224576656E745F3163303839756F223E0A2020202020203C62706D6E323A696E636F6D696E673E466C6F775F306D32376664653C2F62706D6E323A696E636F6D696E673E0A202020203C2F62706D6E323A656E644576656E743E0A202020203C62706D6E323A73657175656E6365466C6F772069643D22466C6F775F306D323766646522206E616D653D22E5908CE6848F2220736F757263655265663D2241637469766974795F3030696270307522207461726765745265663D224576656E745F3163303839756F223E0A2020202020203C657874656E73696F6E456C656D656E74733E0A20202020202020203C61637469766974693A637573746F6D436F6E646974696F6E20747970653D226F7065726174696F6E22206F7065726174696F6E547970653D226167726565223E3C2F61637469766974693A637573746F6D436F6E646974696F6E3E0A2020202020203C2F657874656E73696F6E456C656D656E74733E0A2020202020203C636F6E646974696F6E45787072657373696F6E207873693A747970653D2274466F726D616C45787072657373696F6E223E3C215B43444154415B247B6F7065726174696F6E54797065203D3D20276167726565277D5D5D3E3C2F636F6E646974696F6E45787072657373696F6E3E0A202020203C2F62706D6E323A73657175656E6365466C6F773E0A202020203C62706D6E323A73657175656E6365466C6F772069643D22466C6F775F31367A796F613522206E616D653D22E68B92E7BB9D2220736F757263655265663D2241637469766974795F31316A7230707822207461726765745265663D2241637469766974795F317462386A6B61223E0A2020202020203C657874656E73696F6E456C656D656E74733E0A20202020202020203C61637469766974693A637573746F6D436F6E646974696F6E20747970653D226F7065726174696F6E22206F7065726174696F6E547970653D22726566757365223E3C2F61637469766974693A637573746F6D436F6E646974696F6E3E0A2020202020203C2F657874656E73696F6E456C656D656E74733E0A2020202020203C636F6E646974696F6E45787072657373696F6E207873693A747970653D2274466F726D616C45787072657373696F6E223E3C215B43444154415B247B6F7065726174696F6E54797065203D3D2027726566757365277D5D5D3E3C2F636F6E646974696F6E45787072657373696F6E3E0A202020203C2F62706D6E323A73657175656E6365466C6F773E0A202020203C62706D6E323A73657175656E6365466C6F772069643D22466C6F775F306C6C3734616E22206E616D653D22E5908CE6848F2220736F757263655265663D2241637469766974795F31316A7230707822207461726765745265663D2241637469766974795F30306962703075223E0A2020202020203C657874656E73696F6E456C656D656E74733E0A20202020202020203C61637469766974693A637573746F6D436F6E646974696F6E20747970653D226F7065726174696F6E22206F7065726174696F6E547970653D226167726565223E3C2F61637469766974693A637573746F6D436F6E646974696F6E3E0A2020202020203C2F657874656E73696F6E456C656D656E74733E0A2020202020203C636F6E646974696F6E45787072657373696F6E207873693A747970653D2274466F726D616C45787072657373696F6E223E3C215B43444154415B247B6F7065726174696F6E54797065203D3D20276167726565277D5D5D3E3C2F636F6E646974696F6E45787072657373696F6E3E0A202020203C2F62706D6E323A73657175656E6365466C6F773E0A202020203C62706D6E323A73657175656E6365466C6F772069643D22466C6F775F3161656B6D733822206E616D653D22E68B92E7BB9D2220736F757263655265663D2241637469766974795F3030696270307522207461726765745265663D2241637469766974795F317462386A6B61223E0A2020202020203C657874656E73696F6E456C656D656E74733E0A20202020202020203C61637469766974693A637573746F6D436F6E646974696F6E20747970653D226F7065726174696F6E22206F7065726174696F6E547970653D22726566757365223E3C2F61637469766974693A637573746F6D436F6E646974696F6E3E0A2020202020203C2F657874656E73696F6E456C656D656E74733E0A2020202020203C636F6E646974696F6E45787072657373696F6E207873693A747970653D2274466F726D616C45787072657373696F6E223E3C215B43444154415B247B6F7065726174696F6E54797065203D3D2027726566757365277D5D5D3E3C2F636F6E646974696F6E45787072657373696F6E3E0A202020203C2F62706D6E323A73657175656E6365466C6F773E0A20203C2F62706D6E323A70726F636573733E0A20203C62706D6E64693A42504D4E4469616772616D2069643D2242504D4E4469616772616D5F666C6F774C65617665223E0A202020203C62706D6E64693A42504D4E506C616E652062706D6E456C656D656E743D22666C6F774C65617665222069643D2242504D4E506C616E655F666C6F774C65617665223E0A2020202020203C62706D6E64693A42504D4E53686170652062706D6E456C656D656E743D224576656E745F316D6D72747477222069643D2242504D4E53686170655F4576656E745F316D6D72747477223E0A20202020202020203C6F6D6764633A426F756E6473206865696768743D2233362E30222077696474683D2233362E302220783D223133322E302220793D223237322E30223E3C2F6F6D6764633A426F756E64733E0A2020202020203C2F62706D6E64693A42504D4E53686170653E0A2020202020203C62706D6E64693A42504D4E53686170652062706D6E456C656D656E743D2241637469766974795F317462386A6B61222069643D2242504D4E53686170655F41637469766974795F317462386A6B61223E0A20202020202020203C6F6D6764633A426F756E6473206865696768743D2238302E30222077696474683D223130302E302220783D223232302E302220793D223235302E30223E3C2F6F6D6764633A426F756E64733E0A2020202020203C2F62706D6E64693A42504D4E53686170653E0A2020202020203C62706D6E64693A42504D4E53686170652062706D6E456C656D656E743D2241637469766974795F31316A72307078222069643D2242504D4E53686170655F41637469766974795F31316A72307078223E0A20202020202020203C6F6D6764633A426F756E6473206865696768743D2238302E30222077696474683D223130302E302220783D223338302E302220793D223235302E30223E3C2F6F6D6764633A426F756E64733E0A2020202020203C2F62706D6E64693A42504D4E53686170653E0A2020202020203C62706D6E64693A42504D4E53686170652062706D6E456C656D656E743D2241637469766974795F30306962703075222069643D2242504D4E53686170655F41637469766974795F30306962703075223E0A20202020202020203C6F6D6764633A426F756E6473206865696768743D2238302E30222077696474683D223130302E302220783D223534302E302220793D223235302E30223E3C2F6F6D6764633A426F756E64733E0A2020202020203C2F62706D6E64693A42504D4E53686170653E0A2020202020203C62706D6E64693A42504D4E53686170652062706D6E456C656D656E743D224576656E745F3163303839756F222069643D2242504D4E53686170655F4576656E745F3163303839756F223E0A20202020202020203C6F6D6764633A426F756E6473206865696768743D2233362E30222077696474683D2233362E302220783D223730322E302220793D223237322E30223E3C2F6F6D6764633A426F756E64733E0A2020202020203C2F62706D6E64693A42504D4E53686170653E0A2020202020203C62706D6E64693A42504D4E456467652062706D6E456C656D656E743D22466C6F775F3079346D336B76222069643D2242504D4E456467655F466C6F775F3079346D336B76223E0A20202020202020203C6F6D6764693A776179706F696E7420783D223136382E302220793D223239302E30223E3C2F6F6D6764693A776179706F696E743E0A20202020202020203C6F6D6764693A776179706F696E7420783D223232302E302220793D223239302E30223E3C2F6F6D6764693A776179706F696E743E0A2020202020203C2F62706D6E64693A42504D4E456467653E0A2020202020203C62706D6E64693A42504D4E456467652062706D6E456C656D656E743D22466C6F775F30376F70323039222069643D2242504D4E456467655F466C6F775F30376F70323039223E0A20202020202020203C6F6D6764693A776179706F696E7420783D223332302E302220793D223239302E30223E3C2F6F6D6764693A776179706F696E743E0A20202020202020203C6F6D6764693A776179706F696E7420783D223338302E302220793D223239302E30223E3C2F6F6D6764693A776179706F696E743E0A2020202020203C2F62706D6E64693A42504D4E456467653E0A2020202020203C62706D6E64693A42504D4E456467652062706D6E456C656D656E743D22466C6F775F306C6C3734616E222069643D2242504D4E456467655F466C6F775F306C6C3734616E223E0A20202020202020203C6F6D6764693A776179706F696E7420783D223438302E302220793D223239302E30223E3C2F6F6D6764693A776179706F696E743E0A20202020202020203C6F6D6764693A776179706F696E7420783D223534302E302220793D223239302E30223E3C2F6F6D6764693A776179706F696E743E0A20202020202020203C62706D6E64693A42504D4E4C6162656C3E0A202020202020202020203C6F6D6764633A426F756E6473206865696768743D2231342E30222077696474683D2232332E302220783D223439392E302220793D223237322E30223E3C2F6F6D6764633A426F756E64733E0A20202020202020203C2F62706D6E64693A42504D4E4C6162656C3E0A2020202020203C2F62706D6E64693A42504D4E456467653E0A2020202020203C62706D6E64693A42504D4E456467652062706D6E456C656D656E743D22466C6F775F306D3237666465222069643D2242504D4E456467655F466C6F775F306D3237666465223E0A20202020202020203C6F6D6764693A776179706F696E7420783D223634302E302220793D223239302E30223E3C2F6F6D6764693A776179706F696E743E0A20202020202020203C6F6D6764693A776179706F696E7420783D223730322E302220793D223239302E30223E3C2F6F6D6764693A776179706F696E743E0A20202020202020203C62706D6E64693A42504D4E4C6162656C3E0A202020202020202020203C6F6D6764633A426F756E6473206865696768743D2231342E30222077696474683D2232332E302220783D223636302E302220793D223237322E30223E3C2F6F6D6764633A426F756E64733E0A20202020202020203C2F62706D6E64693A42504D4E4C6162656C3E0A2020202020203C2F62706D6E64693A42504D4E456467653E0A2020202020203C62706D6E64693A42504D4E456467652062706D6E456C656D656E743D22466C6F775F31367A796F6135222069643D2242504D4E456467655F466C6F775F31367A796F6135223E0A20202020202020203C6F6D6764693A776179706F696E7420783D223433302E302220793D223235302E30223E3C2F6F6D6764693A776179706F696E743E0A20202020202020203C6F6D6764693A776179706F696E7420783D223433302E302220793D223231302E30223E3C2F6F6D6764693A776179706F696E743E0A20202020202020203C6F6D6764693A776179706F696E7420783D223237302E302220793D223231302E30223E3C2F6F6D6764693A776179706F696E743E0A20202020202020203C6F6D6764693A776179706F696E7420783D223237302E302220793D223235302E30223E3C2F6F6D6764693A776179706F696E743E0A20202020202020203C62706D6E64693A42504D4E4C6162656C3E0A202020202020202020203C6F6D6764633A426F756E6473206865696768743D2231342E30222077696474683D2232322E302220783D223333392E302220793D223139322E30223E3C2F6F6D6764633A426F756E64733E0A20202020202020203C2F62706D6E64693A42504D4E4C6162656C3E0A2020202020203C2F62706D6E64693A42504D4E456467653E0A2020202020203C62706D6E64693A42504D4E456467652062706D6E456C656D656E743D22466C6F775F3161656B6D7338222069643D2242504D4E456467655F466C6F775F3161656B6D7338223E0A20202020202020203C6F6D6764693A776179706F696E7420783D223539302E302220793D223333302E30223E3C2F6F6D6764693A776179706F696E743E0A20202020202020203C6F6D6764693A776179706F696E7420783D223539302E302220793D223337302E30223E3C2F6F6D6764693A776179706F696E743E0A20202020202020203C6F6D6764693A776179706F696E7420783D223237302E302220793D223337302E30223E3C2F6F6D6764693A776179706F696E743E0A20202020202020203C6F6D6764693A776179706F696E7420783D223237302E302220793D223333302E30223E3C2F6F6D6764693A776179706F696E743E0A20202020202020203C62706D6E64693A42504D4E4C6162656C3E0A202020202020202020203C6F6D6764633A426F756E6473206865696768743D2231342E30222077696474683D2232322E302220783D223431392E302220793D223335322E30223E3C2F6F6D6764633A426F756E64733E0A20202020202020203C2F62706D6E64693A42504D4E4C6162656C3E0A2020202020203C2F62706D6E64693A42504D4E456467653E0A202020203C2F62706D6E64693A42504D4E506C616E653E0A20203C2F62706D6E64693A42504D4E4469616772616D3E0A3C2F62706D6E323A646566696E6974696F6E733E, 0);
INSERT INTO `ACT_GE_BYTEARRAY` VALUES ('98ea5034-69e6-11ec-bb85-0235bf949cb9', 1, 'flowConsign.bpmn', '98ea5033-69e6-11ec-bb85-0235bf949cb9', 0x3C3F786D6C2076657273696F6E3D22312E302220656E636F64696E673D225554462D38223F3E0A3C62706D6E323A646566696E6974696F6E7320786D6C6E733D22687474703A2F2F7777772E6F6D672E6F72672F737065632F42504D4E2F32303130303532342F4D4F44454C2220786D6C6E733A62706D6E323D22687474703A2F2F7777772E6F6D672E6F72672F737065632F42504D4E2F32303130303532342F4D4F44454C2220786D6C6E733A7873693D22687474703A2F2F7777772E77332E6F72672F323030312F584D4C536368656D612D696E7374616E63652220786D6C6E733A7873643D22687474703A2F2F7777772E77332E6F72672F323030312F584D4C536368656D612220786D6C6E733A61637469766974693D22687474703A2F2F61637469766974692E6F72672F62706D6E2220786D6C6E733A62706D6E64693D22687474703A2F2F7777772E6F6D672E6F72672F737065632F42504D4E2F32303130303532342F44492220786D6C6E733A6F6D6764633D22687474703A2F2F7777772E6F6D672E6F72672F737065632F44442F32303130303532342F44432220786D6C6E733A6F6D6764693D22687474703A2F2F7777772E6F6D672E6F72672F737065632F44442F32303130303532342F44492220786D6C6E733A64633D22687474703A2F2F7777772E6F6D672E6F72672F737065632F44442F32303130303532342F44432220786D6C6E733A64693D22687474703A2F2F7777772E6F6D672E6F72672F737065632F44442F32303130303532342F44492220747970654C616E67756167653D22687474703A2F2F7777772E77332E6F72672F323030312F584D4C536368656D61222065787072657373696F6E4C616E67756167653D22687474703A2F2F7777772E77332E6F72672F313939392F585061746822207461726765744E616D6573706163653D22687474703A2F2F61637469766974692E6F72672F62706D6E222069643D226469616772616D5F666C6F77436F6E7369676E22207873693A736368656D614C6F636174696F6E3D22687474703A2F2F7777772E6F6D672E6F72672F737065632F42504D4E2F32303130303532342F4D4F44454C2042504D4E32302E787364223E0A20203C62706D6E323A70726F636573732069643D22666C6F77436F6E7369676E22206E616D653D22E5A49AE5AE9EE4BE8BE58AA0E7ADBE2220697345786563757461626C653D2274727565223E0A202020203C657874656E73696F6E456C656D656E74733E0A2020202020203C61637469766974693A657865637574696F6E4C697374656E6572206576656E743D22656E642220636C6173733D22636F6D2E6F72616E6765666F726D732E636F6D6D6F6E2E666C6F772E6C697374656E65722E466C6F7746696E69736865644C697374656E6572223E3C2F61637469766974693A657865637574696F6E4C697374656E65723E0A202020203C2F657874656E73696F6E456C656D656E74733E0A202020203C62706D6E323A73746172744576656E742069643D224576656E745F30696A78367971223E0A2020202020203C62706D6E323A6F7574676F696E673E466C6F775F303569676E6E613C2F62706D6E323A6F7574676F696E673E0A202020203C2F62706D6E323A73746172744576656E743E0A202020203C62706D6E323A757365725461736B2069643D2241637469766974795F313032326E747922206E616D653D22E5BD95E585A5222061637469766974693A61737369676E65653D22247B7374617274557365724E616D657D222061637469766974693A666F726D4B65793D227B2671756F743B666F726D49642671756F743B3A2671756F743B313434303934353431313335343236373634382671756F743B2C2671756F743B726561644F6E6C792671756F743B3A66616C73652C2671756F743B67726F7570547970652671756F743B3A2671756F743B41535349474E45452671756F743B7D223E0A2020202020203C657874656E73696F6E456C656D656E74733E0A20202020202020203C61637469766974693A6F7065726174696F6E4C6973743E0A202020202020202020203C61637469766974693A666F726D4F7065726174696F6E2069643D223136333437313334383132303222206C6162656C3D22E4BC9AE7ADBE2220747970653D226D756C74695F7369676E222073686F774F726465723D223022206D756C74695369676E41737369676E65653D227B2671756F743B61737369676E6565547970652671756F743B3A2671756F743B555345525F47524F55502671756F743B2C2671756F743B61737369676E65654C6973742671756F743B3A2671756F743B61646D696E2C75736572412C75736572422671756F743B7D223E3C2F61637469766974693A666F726D4F7065726174696F6E3E0A202020202020202020203C61637469766974693A666F726D4F7065726174696F6E2069643D223136333437313335353833333422206C6162656C3D22E58AA0E7ADBE2220747970653D226D756C74695F636F6E7369676E222073686F774F726465723D2231223E3C2F61637469766974693A666F726D4F7065726174696F6E3E0A20202020202020203C2F61637469766974693A6F7065726174696F6E4C6973743E0A20202020202020203C61637469766974693A7661726961626C654C6973743E3C2F61637469766974693A7661726961626C654C6973743E0A2020202020203C2F657874656E73696F6E456C656D656E74733E0A202020203C2F62706D6E323A757365725461736B3E0A202020203C62706D6E323A73657175656E6365466C6F772069643D22466C6F775F303569676E6E612220736F757263655265663D224576656E745F30696A7836797122207461726765745265663D2241637469766974795F313032326E7479223E3C2F62706D6E323A73657175656E6365466C6F773E0A202020203C62706D6E323A757365725461736B2069643D2241637469766974795F30756D79706F6722206E616D653D22E4BC9AE7ADBE222061637469766974693A61737369676E65653D22247B61737369676E65657D222061637469766974693A666F726D4B65793D227B2671756F743B666F726D49642671756F743B3A2671756F743B313434303934353431313335343236373634382671756F743B2C2671756F743B726561644F6E6C792671756F743B3A747275652C2671756F743B67726F7570547970652671756F743B3A2671756F743B41535349474E45452671756F743B7D223E0A2020202020203C657874656E73696F6E456C656D656E74733E0A20202020202020203C61637469766974693A6F7065726174696F6E4C6973743E0A202020202020202020203C61637469766974693A666F726D4F7065726174696F6E2069643D223136333936353937313830383122206C6162656C3D22E5908CE6848FEFBC88E4BC9AE7ADBEEFBC892220747970653D226D756C74695F6167726565222073686F774F726465723D2230223E3C2F61637469766974693A666F726D4F7065726174696F6E3E0A202020202020202020203C61637469766974693A666F726D4F7065726174696F6E2069643D223136333936353937323431313922206C6162656C3D22E68B92E7BB9DEFBC88E4BC9AE7ADBEEFBC892220747970653D226D756C74695F726566757365222073686F774F726465723D2231223E3C2F61637469766974693A666F726D4F7065726174696F6E3E0A20202020202020203C2F61637469766974693A6F7065726174696F6E4C6973743E0A20202020202020203C61637469766974693A7661726961626C654C6973743E3C2F61637469766974693A7661726961626C654C6973743E0A2020202020203C2F657874656E73696F6E456C656D656E74733E0A2020202020203C6D756C7469496E7374616E63654C6F6F7043686172616374657269737469637320697353657175656E7469616C3D2266616C7365222061637469766974693A636F6C6C656374696F6E3D2261737369676E65654C697374222061637469766974693A656C656D656E745661726961626C653D2261737369676E6565223E0A20202020202020203C636F6D706C6574696F6E436F6E646974696F6E3E247B6E724F66496E7374616E636573203D3D206E724F66436F6D706C65746564496E7374616E6365737D3C2F636F6D706C6574696F6E436F6E646974696F6E3E0A2020202020203C2F6D756C7469496E7374616E63654C6F6F704368617261637465726973746963733E0A202020203C2F62706D6E323A757365725461736B3E0A202020203C62706D6E323A73657175656E6365466C6F772069643D22466C6F775F31387A6C3769392220736F757263655265663D2241637469766974795F313032326E747922207461726765745265663D2241637469766974795F30756D79706F67223E3C2F62706D6E323A73657175656E6365466C6F773E0A202020203C62706D6E323A757365725461736B2069643D2241637469766974795F3168396464387422206E616D653D22E5AEA1E689B9222061637469766974693A61737369676E65653D2261646D696E222061637469766974693A666F726D4B65793D227B2671756F743B666F726D49642671756F743B3A2671756F743B313434303934353431313335343236373634382671756F743B2C2671756F743B726561644F6E6C792671756F743B3A747275652C2671756F743B67726F7570547970652671756F743B3A2671756F743B41535349474E45452671756F743B7D223E0A2020202020203C657874656E73696F6E456C656D656E74733E0A20202020202020203C61637469766974693A6F7065726174696F6E4C6973743E0A202020202020202020203C61637469766974693A666F726D4F7065726174696F6E2069643D223136333437313339363938343222206C6162656C3D22E5908CE6848F2220747970653D226167726565222073686F774F726465723D2230223E3C2F61637469766974693A666F726D4F7065726174696F6E3E0A202020202020202020203C61637469766974693A666F726D4F7065726174696F6E2069643D223136333437313339373531323022206C6162656C3D22E68B92E7BB9D2220747970653D22726566757365222073686F774F726465723D2231223E3C2F61637469766974693A666F726D4F7065726174696F6E3E0A20202020202020203C2F61637469766974693A6F7065726174696F6E4C6973743E0A20202020202020203C61637469766974693A7661726961626C654C6973743E3C2F61637469766974693A7661726961626C654C6973743E0A2020202020203C2F657874656E73696F6E456C656D656E74733E0A202020203C2F62706D6E323A757365725461736B3E0A202020203C62706D6E323A73657175656E6365466C6F772069643D22466C6F775F313332613177652220736F757263655265663D2241637469766974795F30756D79706F6722207461726765745265663D2241637469766974795F31683964643874223E3C2F62706D6E323A73657175656E6365466C6F773E0A202020203C62706D6E323A656E644576656E742069643D224576656E745F30626E356E6C31223E0A2020202020203C62706D6E323A696E636F6D696E673E466C6F775F317734386D65313C2F62706D6E323A696E636F6D696E673E0A202020203C2F62706D6E323A656E644576656E743E0A202020203C62706D6E323A73657175656E6365466C6F772069643D22466C6F775F317734386D653122206E616D653D22E5908CE6848F2220736F757263655265663D2241637469766974795F3168396464387422207461726765745265663D224576656E745F30626E356E6C31223E0A2020202020203C657874656E73696F6E456C656D656E74733E0A20202020202020203C61637469766974693A637573746F6D436F6E646974696F6E20747970653D226F7065726174696F6E22206F7065726174696F6E547970653D226167726565223E3C2F61637469766974693A637573746F6D436F6E646974696F6E3E0A2020202020203C2F657874656E73696F6E456C656D656E74733E0A2020202020203C636F6E646974696F6E45787072657373696F6E207873693A747970653D2274466F726D616C45787072657373696F6E223E3C215B43444154415B247B6F7065726174696F6E54797065203D3D20276167726565277D5D5D3E3C2F636F6E646974696F6E45787072657373696F6E3E0A202020203C2F62706D6E323A73657175656E6365466C6F773E0A202020203C62706D6E323A73657175656E6365466C6F772069643D22466C6F775F31707632617A7422206E616D653D22E68B92E7BB9D2220736F757263655265663D2241637469766974795F3168396464387422207461726765745265663D2241637469766974795F313032326E7479223E0A2020202020203C657874656E73696F6E456C656D656E74733E0A20202020202020203C61637469766974693A637573746F6D436F6E646974696F6E20747970653D226F7065726174696F6E22206F7065726174696F6E547970653D22726566757365223E3C2F61637469766974693A637573746F6D436F6E646974696F6E3E0A2020202020203C2F657874656E73696F6E456C656D656E74733E0A2020202020203C636F6E646974696F6E45787072657373696F6E207873693A747970653D2274466F726D616C45787072657373696F6E223E3C215B43444154415B247B6F7065726174696F6E54797065203D3D2027726566757365277D5D5D3E3C2F636F6E646974696F6E45787072657373696F6E3E0A202020203C2F62706D6E323A73657175656E6365466C6F773E0A20203C2F62706D6E323A70726F636573733E0A20203C62706D6E64693A42504D4E4469616772616D2069643D2242504D4E4469616772616D5F666C6F77436F6E7369676E223E0A202020203C62706D6E64693A42504D4E506C616E652062706D6E456C656D656E743D22666C6F77436F6E7369676E222069643D2242504D4E506C616E655F666C6F77436F6E7369676E223E0A2020202020203C62706D6E64693A42504D4E53686170652062706D6E456C656D656E743D224576656E745F30696A78367971222069643D2242504D4E53686170655F4576656E745F30696A78367971223E0A20202020202020203C6F6D6764633A426F756E6473206865696768743D2233362E30222077696474683D2233362E302220783D223135322E302220793D223237322E30223E3C2F6F6D6764633A426F756E64733E0A2020202020203C2F62706D6E64693A42504D4E53686170653E0A2020202020203C62706D6E64693A42504D4E53686170652062706D6E456C656D656E743D2241637469766974795F313032326E7479222069643D2242504D4E53686170655F41637469766974795F313032326E7479223E0A20202020202020203C6F6D6764633A426F756E6473206865696768743D2238302E30222077696474683D223130302E302220783D223234302E302220793D223235302E30223E3C2F6F6D6764633A426F756E64733E0A2020202020203C2F62706D6E64693A42504D4E53686170653E0A2020202020203C62706D6E64693A42504D4E53686170652062706D6E456C656D656E743D2241637469766974795F30756D79706F67222069643D2242504D4E53686170655F41637469766974795F30756D79706F67223E0A20202020202020203C6F6D6764633A426F756E6473206865696768743D2238302E30222077696474683D223130302E302220783D223430302E302220793D223235302E30223E3C2F6F6D6764633A426F756E64733E0A2020202020203C2F62706D6E64693A42504D4E53686170653E0A2020202020203C62706D6E64693A42504D4E53686170652062706D6E456C656D656E743D2241637469766974795F31683964643874222069643D2242504D4E53686170655F41637469766974795F31683964643874223E0A20202020202020203C6F6D6764633A426F756E6473206865696768743D2238302E30222077696474683D223130302E302220783D223536302E302220793D223235302E30223E3C2F6F6D6764633A426F756E64733E0A2020202020203C2F62706D6E64693A42504D4E53686170653E0A2020202020203C62706D6E64693A42504D4E53686170652062706D6E456C656D656E743D224576656E745F30626E356E6C31222069643D2242504D4E53686170655F4576656E745F30626E356E6C31223E0A20202020202020203C6F6D6764633A426F756E6473206865696768743D2233362E30222077696474683D2233362E302220783D223732322E302220793D223237322E30223E3C2F6F6D6764633A426F756E64733E0A2020202020203C2F62706D6E64693A42504D4E53686170653E0A2020202020203C62706D6E64693A42504D4E456467652062706D6E456C656D656E743D22466C6F775F31707632617A74222069643D2242504D4E456467655F466C6F775F31707632617A74223E0A20202020202020203C6F6D6764693A776179706F696E7420783D223631302E302220793D223235302E30223E3C2F6F6D6764693A776179706F696E743E0A20202020202020203C6F6D6764693A776179706F696E7420783D223631302E302220793D223232302E30223E3C2F6F6D6764693A776179706F696E743E0A20202020202020203C6F6D6764693A776179706F696E7420783D223239302E302220793D223232302E30223E3C2F6F6D6764693A776179706F696E743E0A20202020202020203C6F6D6764693A776179706F696E7420783D223239302E302220793D223235302E30223E3C2F6F6D6764693A776179706F696E743E0A20202020202020203C62706D6E64693A42504D4E4C6162656C3E0A202020202020202020203C6F6D6764633A426F756E6473206865696768743D2231342E30222077696474683D2232322E302220783D223433392E302220793D223230322E30223E3C2F6F6D6764633A426F756E64733E0A20202020202020203C2F62706D6E64693A42504D4E4C6162656C3E0A2020202020203C2F62706D6E64693A42504D4E456467653E0A2020202020203C62706D6E64693A42504D4E456467652062706D6E456C656D656E743D22466C6F775F317734386D6531222069643D2242504D4E456467655F466C6F775F317734386D6531223E0A20202020202020203C6F6D6764693A776179706F696E7420783D223636302E302220793D223239302E30223E3C2F6F6D6764693A776179706F696E743E0A20202020202020203C6F6D6764693A776179706F696E7420783D223732322E302220793D223239302E30223E3C2F6F6D6764693A776179706F696E743E0A20202020202020203C62706D6E64693A42504D4E4C6162656C3E0A202020202020202020203C6F6D6764633A426F756E6473206865696768743D2231342E30222077696474683D2232332E302220783D223638302E302220793D223237322E30223E3C2F6F6D6764633A426F756E64733E0A20202020202020203C2F62706D6E64693A42504D4E4C6162656C3E0A2020202020203C2F62706D6E64693A42504D4E456467653E0A2020202020203C62706D6E64693A42504D4E456467652062706D6E456C656D656E743D22466C6F775F31333261317765222069643D2242504D4E456467655F466C6F775F31333261317765223E0A20202020202020203C6F6D6764693A776179706F696E7420783D223530302E302220793D223239302E30223E3C2F6F6D6764693A776179706F696E743E0A20202020202020203C6F6D6764693A776179706F696E7420783D223536302E302220793D223239302E30223E3C2F6F6D6764693A776179706F696E743E0A2020202020203C2F62706D6E64693A42504D4E456467653E0A2020202020203C62706D6E64693A42504D4E456467652062706D6E456C656D656E743D22466C6F775F31387A6C376939222069643D2242504D4E456467655F466C6F775F31387A6C376939223E0A20202020202020203C6F6D6764693A776179706F696E7420783D223334302E302220793D223239302E30223E3C2F6F6D6764693A776179706F696E743E0A20202020202020203C6F6D6764693A776179706F696E7420783D223430302E302220793D223239302E30223E3C2F6F6D6764693A776179706F696E743E0A2020202020203C2F62706D6E64693A42504D4E456467653E0A2020202020203C62706D6E64693A42504D4E456467652062706D6E456C656D656E743D22466C6F775F303569676E6E61222069643D2242504D4E456467655F466C6F775F303569676E6E61223E0A20202020202020203C6F6D6764693A776179706F696E7420783D223138382E302220793D223239302E30223E3C2F6F6D6764693A776179706F696E743E0A20202020202020203C6F6D6764693A776179706F696E7420783D223234302E302220793D223239302E30223E3C2F6F6D6764693A776179706F696E743E0A2020202020203C2F62706D6E64693A42504D4E456467653E0A202020203C2F62706D6E64693A42504D4E506C616E653E0A20203C2F62706D6E64693A42504D4E4469616772616D3E0A3C2F62706D6E323A646566696E6974696F6E733E, 0);
INSERT INTO `ACT_GE_BYTEARRAY` VALUES ('a0864017-69e6-11ec-bb85-0235bf949cb9', 1, 'flowTranslate.bpmn', 'a0864016-69e6-11ec-bb85-0235bf949cb9', 0x3C3F786D6C2076657273696F6E3D22312E302220656E636F64696E673D225554462D38223F3E0A3C62706D6E323A646566696E6974696F6E7320786D6C6E733D22687474703A2F2F7777772E6F6D672E6F72672F737065632F42504D4E2F32303130303532342F4D4F44454C2220786D6C6E733A62706D6E323D22687474703A2F2F7777772E6F6D672E6F72672F737065632F42504D4E2F32303130303532342F4D4F44454C2220786D6C6E733A7873693D22687474703A2F2F7777772E77332E6F72672F323030312F584D4C536368656D612D696E7374616E63652220786D6C6E733A7873643D22687474703A2F2F7777772E77332E6F72672F323030312F584D4C536368656D612220786D6C6E733A61637469766974693D22687474703A2F2F61637469766974692E6F72672F62706D6E2220786D6C6E733A62706D6E64693D22687474703A2F2F7777772E6F6D672E6F72672F737065632F42504D4E2F32303130303532342F44492220786D6C6E733A6F6D6764633D22687474703A2F2F7777772E6F6D672E6F72672F737065632F44442F32303130303532342F44432220786D6C6E733A6F6D6764693D22687474703A2F2F7777772E6F6D672E6F72672F737065632F44442F32303130303532342F44492220786D6C6E733A64633D22687474703A2F2F7777772E6F6D672E6F72672F737065632F44442F32303130303532342F44432220786D6C6E733A64693D22687474703A2F2F7777772E6F6D672E6F72672F737065632F44442F32303130303532342F44492220747970654C616E67756167653D22687474703A2F2F7777772E77332E6F72672F323030312F584D4C536368656D61222065787072657373696F6E4C616E67756167653D22687474703A2F2F7777772E77332E6F72672F313939392F585061746822207461726765744E616D6573706163653D22687474703A2F2F61637469766974692E6F72672F62706D6E222069643D226469616772616D5F666C6F775472616E736C61746522207873693A736368656D614C6F636174696F6E3D22687474703A2F2F7777772E6F6D672E6F72672F737065632F42504D4E2F32303130303532342F4D4F44454C2042504D4E32302E787364223E0A20203C62706D6E323A70726F636573732069643D22666C6F775472616E736C61746522206E616D653D22E8BDACE58A9EE6B581E7A88B2220697345786563757461626C653D2274727565223E0A202020203C657874656E73696F6E456C656D656E74733E0A2020202020203C61637469766974693A657865637574696F6E4C697374656E6572206576656E743D22656E642220636C6173733D22636F6D2E6F72616E6765666F726D732E636F6D6D6F6E2E666C6F772E6C697374656E65722E466C6F7746696E69736865644C697374656E6572223E3C2F61637469766974693A657865637574696F6E4C697374656E65723E0A202020203C2F657874656E73696F6E456C656D656E74733E0A202020203C62706D6E323A73746172744576656E742069643D224576656E745F31357A6F6D7466223E0A2020202020203C62706D6E323A6F7574676F696E673E466C6F775F31756E7635326A3C2F62706D6E323A6F7574676F696E673E0A202020203C2F62706D6E323A73746172744576656E743E0A202020203C62706D6E323A757365725461736B2069643D2241637469766974795F3063366E78646D22206E616D653D22E5BD95E585A5222061637469766974693A61737369676E65653D22247B7374617274557365724E616D657D222061637469766974693A666F726D4B65793D227B2671756F743B666F726D49642671756F743B3A2671756F743B313434303934353431313335343236373634382671756F743B2C2671756F743B726561644F6E6C792671756F743B3A66616C73652C2671756F743B67726F7570547970652671756F743B3A2671756F743B41535349474E45452671756F743B7D223E0A2020202020203C657874656E73696F6E456C656D656E74733E0A20202020202020203C61637469766974693A6F7065726174696F6E4C6973743E0A202020202020202020203C61637469766974693A666F726D4F7065726174696F6E2069643D223136333437313431323835353222206C6162656C3D22E68F90E4BAA42220747970653D226167726565222073686F774F726465723D2230223E3C2F61637469766974693A666F726D4F7065726174696F6E3E0A20202020202020203C2F61637469766974693A6F7065726174696F6E4C6973743E0A20202020202020203C61637469766974693A7661726961626C654C6973743E3C2F61637469766974693A7661726961626C654C6973743E0A2020202020203C2F657874656E73696F6E456C656D656E74733E0A202020203C2F62706D6E323A757365725461736B3E0A202020203C62706D6E323A73657175656E6365466C6F772069643D22466C6F775F31756E7635326A2220736F757263655265663D224576656E745F31357A6F6D746622207461726765745265663D2241637469766974795F3063366E78646D223E3C2F62706D6E323A73657175656E6365466C6F773E0A202020203C62706D6E323A757365725461736B2069643D2241637469766974795F3077777369397722206E616D653D22E8BDACE58A9E222061637469766974693A61737369676E65653D2261646D696E222061637469766974693A666F726D4B65793D227B2671756F743B666F726D49642671756F743B3A2671756F743B313434303934353431313335343236373634382671756F743B2C2671756F743B726561644F6E6C792671756F743B3A747275652C2671756F743B67726F7570547970652671756F743B3A2671756F743B41535349474E45452671756F743B7D223E0A2020202020203C657874656E73696F6E456C656D656E74733E0A20202020202020203C61637469766974693A6F7065726174696F6E4C6973743E0A202020202020202020203C61637469766974693A666F726D4F7065726174696F6E2069643D223136333437313431343033303022206C6162656C3D22E5908CE6848F2220747970653D226167726565222073686F774F726465723D2230223E3C2F61637469766974693A666F726D4F7065726174696F6E3E0A202020202020202020203C61637469766974693A666F726D4F7065726174696F6E2069643D223136333437313431343434343922206C6162656C3D22E8BDACE58A9E2220747970653D227472616E73666572222073686F774F726465723D2231223E3C2F61637469766974693A666F726D4F7065726174696F6E3E0A20202020202020203C2F61637469766974693A6F7065726174696F6E4C6973743E0A20202020202020203C61637469766974693A7661726961626C654C6973743E3C2F61637469766974693A7661726961626C654C6973743E0A2020202020203C2F657874656E73696F6E456C656D656E74733E0A202020203C2F62706D6E323A757365725461736B3E0A202020203C62706D6E323A73657175656E6365466C6F772069643D22466C6F775F317932696835682220736F757263655265663D2241637469766974795F3063366E78646D22207461726765745265663D2241637469766974795F30777773693977223E3C2F62706D6E323A73657175656E6365466C6F773E0A202020203C62706D6E323A656E644576656E742069643D224576656E745F31616D31747561223E0A2020202020203C62706D6E323A696E636F6D696E673E466C6F775F30306F617A366A3C2F62706D6E323A696E636F6D696E673E0A202020203C2F62706D6E323A656E644576656E743E0A202020203C62706D6E323A73657175656E6365466C6F772069643D22466C6F775F30306F617A366A2220736F757263655265663D2241637469766974795F3077777369397722207461726765745265663D224576656E745F31616D31747561223E3C2F62706D6E323A73657175656E6365466C6F773E0A20203C2F62706D6E323A70726F636573733E0A20203C62706D6E64693A42504D4E4469616772616D2069643D2242504D4E4469616772616D5F666C6F775472616E736C617465223E0A202020203C62706D6E64693A42504D4E506C616E652062706D6E456C656D656E743D22666C6F775472616E736C617465222069643D2242504D4E506C616E655F666C6F775472616E736C617465223E0A2020202020203C62706D6E64693A42504D4E53686170652062706D6E456C656D656E743D224576656E745F31357A6F6D7466222069643D2242504D4E53686170655F4576656E745F31357A6F6D7466223E0A20202020202020203C6F6D6764633A426F756E6473206865696768743D2233362E30222077696474683D2233362E302220783D223136322E302220793D223237322E30223E3C2F6F6D6764633A426F756E64733E0A2020202020203C2F62706D6E64693A42504D4E53686170653E0A2020202020203C62706D6E64693A42504D4E53686170652062706D6E456C656D656E743D2241637469766974795F3063366E78646D222069643D2242504D4E53686170655F41637469766974795F3063366E78646D223E0A20202020202020203C6F6D6764633A426F756E6473206865696768743D2238302E30222077696474683D223130302E302220783D223235302E302220793D223235302E30223E3C2F6F6D6764633A426F756E64733E0A2020202020203C2F62706D6E64693A42504D4E53686170653E0A2020202020203C62706D6E64693A42504D4E53686170652062706D6E456C656D656E743D2241637469766974795F30777773693977222069643D2242504D4E53686170655F41637469766974795F30777773693977223E0A20202020202020203C6F6D6764633A426F756E6473206865696768743D2238302E30222077696474683D223130302E302220783D223431302E302220793D223235302E30223E3C2F6F6D6764633A426F756E64733E0A2020202020203C2F62706D6E64693A42504D4E53686170653E0A2020202020203C62706D6E64693A42504D4E53686170652062706D6E456C656D656E743D224576656E745F31616D31747561222069643D2242504D4E53686170655F4576656E745F31616D31747561223E0A20202020202020203C6F6D6764633A426F756E6473206865696768743D2233362E30222077696474683D2233362E302220783D223537322E302220793D223237322E30223E3C2F6F6D6764633A426F756E64733E0A2020202020203C2F62706D6E64693A42504D4E53686170653E0A2020202020203C62706D6E64693A42504D4E456467652062706D6E456C656D656E743D22466C6F775F30306F617A366A222069643D2242504D4E456467655F466C6F775F30306F617A366A223E0A20202020202020203C6F6D6764693A776179706F696E7420783D223531302E302220793D223239302E30223E3C2F6F6D6764693A776179706F696E743E0A20202020202020203C6F6D6764693A776179706F696E7420783D223537322E302220793D223239302E30223E3C2F6F6D6764693A776179706F696E743E0A2020202020203C2F62706D6E64693A42504D4E456467653E0A2020202020203C62706D6E64693A42504D4E456467652062706D6E456C656D656E743D22466C6F775F31793269683568222069643D2242504D4E456467655F466C6F775F31793269683568223E0A20202020202020203C6F6D6764693A776179706F696E7420783D223335302E302220793D223239302E30223E3C2F6F6D6764693A776179706F696E743E0A20202020202020203C6F6D6764693A776179706F696E7420783D223431302E302220793D223239302E30223E3C2F6F6D6764693A776179706F696E743E0A2020202020203C2F62706D6E64693A42504D4E456467653E0A2020202020203C62706D6E64693A42504D4E456467652062706D6E456C656D656E743D22466C6F775F31756E7635326A222069643D2242504D4E456467655F466C6F775F31756E7635326A223E0A20202020202020203C6F6D6764693A776179706F696E7420783D223139382E302220793D223239302E30223E3C2F6F6D6764693A776179706F696E743E0A20202020202020203C6F6D6764693A776179706F696E7420783D223235302E302220793D223239302E30223E3C2F6F6D6764693A776179706F696E743E0A2020202020203C2F62706D6E64693A42504D4E456467653E0A202020203C2F62706D6E64693A42504D4E506C616E653E0A20203C2F62706D6E64693A42504D4E4469616772616D3E0A3C2F62706D6E323A646566696E6974696F6E733E, 0);
INSERT INTO `ACT_GE_BYTEARRAY` VALUES ('ad3d6859-3175-11ec-9438-f20b812c0662', 1, 'flowLeave.bpmn', 'ad3d6858-3175-11ec-9438-f20b812c0662', 0x3C3F786D6C2076657273696F6E3D22312E302220656E636F64696E673D225554462D38223F3E0A3C62706D6E323A646566696E6974696F6E7320786D6C6E733D22687474703A2F2F7777772E6F6D672E6F72672F737065632F42504D4E2F32303130303532342F4D4F44454C2220786D6C6E733A62706D6E323D22687474703A2F2F7777772E6F6D672E6F72672F737065632F42504D4E2F32303130303532342F4D4F44454C2220786D6C6E733A7873693D22687474703A2F2F7777772E77332E6F72672F323030312F584D4C536368656D612D696E7374616E63652220786D6C6E733A7873643D22687474703A2F2F7777772E77332E6F72672F323030312F584D4C536368656D612220786D6C6E733A61637469766974693D22687474703A2F2F61637469766974692E6F72672F62706D6E2220786D6C6E733A62706D6E64693D22687474703A2F2F7777772E6F6D672E6F72672F737065632F42504D4E2F32303130303532342F44492220786D6C6E733A6F6D6764633D22687474703A2F2F7777772E6F6D672E6F72672F737065632F44442F32303130303532342F44432220786D6C6E733A6F6D6764693D22687474703A2F2F7777772E6F6D672E6F72672F737065632F44442F32303130303532342F44492220786D6C6E733A64633D22687474703A2F2F7777772E6F6D672E6F72672F737065632F44442F32303130303532342F44432220786D6C6E733A64693D22687474703A2F2F7777772E6F6D672E6F72672F737065632F44442F32303130303532342F44492220747970654C616E67756167653D22687474703A2F2F7777772E77332E6F72672F323030312F584D4C536368656D61222065787072657373696F6E4C616E67756167653D22687474703A2F2F7777772E77332E6F72672F313939392F585061746822207461726765744E616D6573706163653D22687474703A2F2F61637469766974692E6F72672F62706D6E222069643D226469616772616D5F666C6F774C6561766522207873693A736368656D614C6F636174696F6E3D22687474703A2F2F7777772E6F6D672E6F72672F737065632F42504D4E2F32303130303532342F4D4F44454C2042504D4E32302E787364223E0A20203C62706D6E323A70726F636573732069643D22666C6F774C6561766522206E616D653D22E8AFB7E58187E794B3E8AFB72220697345786563757461626C653D2274727565223E0A202020203C657874656E73696F6E456C656D656E74733E0A2020202020203C61637469766974693A657865637574696F6E4C697374656E6572206576656E743D22656E642220636C6173733D22636F6D2E666C6F772E64656D6F2E636F6D6D6F6E2E666C6F772E6C697374656E65722E557064617465466C6F775374617475734C697374656E6572223E3C2F61637469766974693A657865637574696F6E4C697374656E65723E0A202020203C2F657874656E73696F6E456C656D656E74733E0A202020203C62706D6E323A73746172744576656E742069643D224576656E745F316D6D72747477223E0A2020202020203C62706D6E323A6F7574676F696E673E466C6F775F3079346D336B763C2F62706D6E323A6F7574676F696E673E0A202020203C2F62706D6E323A73746172744576656E743E0A202020203C62706D6E323A757365725461736B2069643D2241637469766974795F317462386A6B6122206E616D653D22E8AFB7E58187E794B3E8AFB7222061637469766974693A61737369676E65653D22247B7374617274557365724E616D657D222061637469766974693A666F726D4B65793D227B2671756F743B666F726D49642671756F743B3A2671756F743B313434303934353431313335343236373634382671756F743B2C2671756F743B726561644F6E6C792671756F743B3A66616C73652C2671756F743B67726F7570547970652671756F743B3A2671756F743B444550542671756F743B7D223E0A2020202020203C657874656E73696F6E456C656D656E74733E0A20202020202020203C61637469766974693A6F7065726174696F6E4C6973743E0A202020202020202020203C61637469766974693A666F726D4F7065726174696F6E2069643D223136333437313131323239323522206C6162656C3D22E68F90E4BAA42220747970653D226167726565222073686F774F726465723D2230223E3C2F61637469766974693A666F726D4F7065726174696F6E3E0A20202020202020203C2F61637469766974693A6F7065726174696F6E4C6973743E0A20202020202020203C61637469766974693A7661726961626C654C6973743E3C2F61637469766974693A7661726961626C654C6973743E0A2020202020203C2F657874656E73696F6E456C656D656E74733E0A202020203C2F62706D6E323A757365725461736B3E0A202020203C62706D6E323A73657175656E6365466C6F772069643D22466C6F775F3079346D336B762220736F757263655265663D224576656E745F316D6D7274747722207461726765745265663D2241637469766974795F317462386A6B61223E3C2F62706D6E323A73657175656E6365466C6F773E0A202020203C62706D6E323A757365725461736B2069643D2241637469766974795F31316A7230707822206E616D653D22E983A8E997A8E9A286E5AFBCE5AEA1E689B9222061637469766974693A63616E64696461746547726F7570733D22247B64657074506F73744C65616465727D222061637469766974693A666F726D4B65793D227B2671756F743B666F726D49642671756F743B3A2671756F743B313434303934353431313335343236373634382671756F743B2C2671756F743B726561644F6E6C792671756F743B3A747275652C2671756F743B67726F7570547970652671756F743B3A2671756F743B444550545F504F53545F4C45414445522671756F743B7D223E0A2020202020203C657874656E73696F6E456C656D656E74733E0A20202020202020203C61637469766974693A7461736B4C697374656E6572206576656E743D226372656174652220636C6173733D22636F6D2E666C6F772E64656D6F2E636F6D6D6F6E2E666C6F772E6C697374656E65722E44657074506F73744C65616465724C697374656E6572223E3C2F61637469766974693A7461736B4C697374656E65723E0A20202020202020203C61637469766974693A6F7065726174696F6E4C6973743E0A202020202020202020203C61637469766974693A666F726D4F7065726174696F6E2069643D223136333437313131343739343122206C6162656C3D22E5908CE6848F2220747970653D226167726565222073686F774F726465723D2230223E3C2F61637469766974693A666F726D4F7065726174696F6E3E0A202020202020202020203C61637469766974693A666F726D4F7065726174696F6E2069643D223136333437313131353133343922206C6162656C3D22E68B92E7BB9D2220747970653D22726566757365222073686F774F726465723D2231223E3C2F61637469766974693A666F726D4F7065726174696F6E3E0A20202020202020203C2F61637469766974693A6F7065726174696F6E4C6973743E0A20202020202020203C61637469766974693A7661726961626C654C6973743E3C2F61637469766974693A7661726961626C654C6973743E0A2020202020203C2F657874656E73696F6E456C656D656E74733E0A202020203C2F62706D6E323A757365725461736B3E0A202020203C62706D6E323A73657175656E6365466C6F772069643D22466C6F775F30376F703230392220736F757263655265663D2241637469766974795F317462386A6B6122207461726765745265663D2241637469766974795F31316A72307078223E3C2F62706D6E323A73657175656E6365466C6F773E0A202020203C62706D6E323A757365725461736B2069643D2241637469766974795F3030696270307522206E616D653D224852E5AEA1E689B9222061637469766974693A63616E64696461746547726F7570733D2231343430393634323231383535363030363430222061637469766974693A666F726D4B65793D227B2671756F743B666F726D49642671756F743B3A2671756F743B313434303934353431313335343236373634382671756F743B2C2671756F743B726561644F6E6C792671756F743B3A747275652C2671756F743B67726F7570547970652671756F743B3A2671756F743B504F53542671756F743B7D223E0A2020202020203C657874656E73696F6E456C656D656E74733E0A20202020202020203C61637469766974693A6F7065726174696F6E4C6973743E0A202020202020202020203C61637469766974693A666F726D4F7065726174696F6E2069643D223136333437313133303636303122206C6162656C3D22E5908CE6848F2220747970653D226167726565222073686F774F726465723D2230223E3C2F61637469766974693A666F726D4F7065726174696F6E3E0A202020202020202020203C61637469766974693A666F726D4F7065726174696F6E2069643D223136333437313133313033393122206C6162656C3D22E68B92E7BB9D2220747970653D22726566757365222073686F774F726465723D2231223E3C2F61637469766974693A666F726D4F7065726174696F6E3E0A20202020202020203C2F61637469766974693A6F7065726174696F6E4C6973743E0A20202020202020203C61637469766974693A7661726961626C654C6973743E3C2F61637469766974693A7661726961626C654C6973743E0A2020202020203C2F657874656E73696F6E456C656D656E74733E0A202020203C2F62706D6E323A757365725461736B3E0A202020203C62706D6E323A656E644576656E742069643D224576656E745F3163303839756F223E0A2020202020203C62706D6E323A696E636F6D696E673E466C6F775F306D32376664653C2F62706D6E323A696E636F6D696E673E0A202020203C2F62706D6E323A656E644576656E743E0A202020203C62706D6E323A73657175656E6365466C6F772069643D22466C6F775F306D323766646522206E616D653D22E5908CE6848F2220736F757263655265663D2241637469766974795F3030696270307522207461726765745265663D224576656E745F3163303839756F223E0A2020202020203C657874656E73696F6E456C656D656E74733E0A20202020202020203C61637469766974693A637573746F6D436F6E646974696F6E20747970653D226F7065726174696F6E22206F7065726174696F6E547970653D226167726565223E3C2F61637469766974693A637573746F6D436F6E646974696F6E3E0A2020202020203C2F657874656E73696F6E456C656D656E74733E0A2020202020203C636F6E646974696F6E45787072657373696F6E207873693A747970653D2274466F726D616C45787072657373696F6E223E3C215B43444154415B247B6F7065726174696F6E54797065203D3D20276167726565277D5D5D3E3C2F636F6E646974696F6E45787072657373696F6E3E0A202020203C2F62706D6E323A73657175656E6365466C6F773E0A202020203C62706D6E323A73657175656E6365466C6F772069643D22466C6F775F31367A796F613522206E616D653D22E68B92E7BB9D2220736F757263655265663D2241637469766974795F31316A7230707822207461726765745265663D2241637469766974795F317462386A6B61223E0A2020202020203C657874656E73696F6E456C656D656E74733E0A20202020202020203C61637469766974693A637573746F6D436F6E646974696F6E20747970653D226F7065726174696F6E22206F7065726174696F6E547970653D22726566757365223E3C2F61637469766974693A637573746F6D436F6E646974696F6E3E0A2020202020203C2F657874656E73696F6E456C656D656E74733E0A2020202020203C636F6E646974696F6E45787072657373696F6E207873693A747970653D2274466F726D616C45787072657373696F6E223E3C215B43444154415B247B6F7065726174696F6E54797065203D3D2027726566757365277D5D5D3E3C2F636F6E646974696F6E45787072657373696F6E3E0A202020203C2F62706D6E323A73657175656E6365466C6F773E0A202020203C62706D6E323A73657175656E6365466C6F772069643D22466C6F775F306C6C3734616E22206E616D653D22E5908CE6848F2220736F757263655265663D2241637469766974795F31316A7230707822207461726765745265663D2241637469766974795F30306962703075223E0A2020202020203C657874656E73696F6E456C656D656E74733E0A20202020202020203C61637469766974693A637573746F6D436F6E646974696F6E20747970653D226F7065726174696F6E22206F7065726174696F6E547970653D226167726565223E3C2F61637469766974693A637573746F6D436F6E646974696F6E3E0A2020202020203C2F657874656E73696F6E456C656D656E74733E0A2020202020203C636F6E646974696F6E45787072657373696F6E207873693A747970653D2274466F726D616C45787072657373696F6E223E3C215B43444154415B247B6F7065726174696F6E54797065203D3D20276167726565277D5D5D3E3C2F636F6E646974696F6E45787072657373696F6E3E0A202020203C2F62706D6E323A73657175656E6365466C6F773E0A202020203C62706D6E323A73657175656E6365466C6F772069643D22466C6F775F3161656B6D733822206E616D653D22E68B92E7BB9D2220736F757263655265663D2241637469766974795F3030696270307522207461726765745265663D2241637469766974795F317462386A6B61223E0A2020202020203C657874656E73696F6E456C656D656E74733E0A20202020202020203C61637469766974693A637573746F6D436F6E646974696F6E20747970653D226F7065726174696F6E22206F7065726174696F6E547970653D22726566757365223E3C2F61637469766974693A637573746F6D436F6E646974696F6E3E0A2020202020203C2F657874656E73696F6E456C656D656E74733E0A2020202020203C636F6E646974696F6E45787072657373696F6E207873693A747970653D2274466F726D616C45787072657373696F6E223E3C215B43444154415B247B6F7065726174696F6E54797065203D3D2027726566757365277D5D5D3E3C2F636F6E646974696F6E45787072657373696F6E3E0A202020203C2F62706D6E323A73657175656E6365466C6F773E0A20203C2F62706D6E323A70726F636573733E0A20203C62706D6E64693A42504D4E4469616772616D2069643D2242504D4E4469616772616D5F666C6F774C65617665223E0A202020203C62706D6E64693A42504D4E506C616E652062706D6E456C656D656E743D22666C6F774C65617665222069643D2242504D4E506C616E655F666C6F774C65617665223E0A2020202020203C62706D6E64693A42504D4E53686170652062706D6E456C656D656E743D224576656E745F316D6D72747477222069643D2242504D4E53686170655F4576656E745F316D6D72747477223E0A20202020202020203C6F6D6764633A426F756E6473206865696768743D2233362E30222077696474683D2233362E302220783D223133322E302220793D223237322E30223E3C2F6F6D6764633A426F756E64733E0A2020202020203C2F62706D6E64693A42504D4E53686170653E0A2020202020203C62706D6E64693A42504D4E53686170652062706D6E456C656D656E743D2241637469766974795F317462386A6B61222069643D2242504D4E53686170655F41637469766974795F317462386A6B61223E0A20202020202020203C6F6D6764633A426F756E6473206865696768743D2238302E30222077696474683D223130302E302220783D223232302E302220793D223235302E30223E3C2F6F6D6764633A426F756E64733E0A2020202020203C2F62706D6E64693A42504D4E53686170653E0A2020202020203C62706D6E64693A42504D4E53686170652062706D6E456C656D656E743D2241637469766974795F31316A72307078222069643D2242504D4E53686170655F41637469766974795F31316A72307078223E0A20202020202020203C6F6D6764633A426F756E6473206865696768743D2238302E30222077696474683D223130302E302220783D223338302E302220793D223235302E30223E3C2F6F6D6764633A426F756E64733E0A2020202020203C2F62706D6E64693A42504D4E53686170653E0A2020202020203C62706D6E64693A42504D4E53686170652062706D6E456C656D656E743D2241637469766974795F30306962703075222069643D2242504D4E53686170655F41637469766974795F30306962703075223E0A20202020202020203C6F6D6764633A426F756E6473206865696768743D2238302E30222077696474683D223130302E302220783D223534302E302220793D223235302E30223E3C2F6F6D6764633A426F756E64733E0A2020202020203C2F62706D6E64693A42504D4E53686170653E0A2020202020203C62706D6E64693A42504D4E53686170652062706D6E456C656D656E743D224576656E745F3163303839756F222069643D2242504D4E53686170655F4576656E745F3163303839756F223E0A20202020202020203C6F6D6764633A426F756E6473206865696768743D2233362E30222077696474683D2233362E302220783D223730322E302220793D223237322E30223E3C2F6F6D6764633A426F756E64733E0A2020202020203C2F62706D6E64693A42504D4E53686170653E0A2020202020203C62706D6E64693A42504D4E456467652062706D6E456C656D656E743D22466C6F775F3079346D336B76222069643D2242504D4E456467655F466C6F775F3079346D336B76223E0A20202020202020203C6F6D6764693A776179706F696E7420783D223136382E302220793D223239302E30223E3C2F6F6D6764693A776179706F696E743E0A20202020202020203C6F6D6764693A776179706F696E7420783D223232302E302220793D223239302E30223E3C2F6F6D6764693A776179706F696E743E0A2020202020203C2F62706D6E64693A42504D4E456467653E0A2020202020203C62706D6E64693A42504D4E456467652062706D6E456C656D656E743D22466C6F775F30376F70323039222069643D2242504D4E456467655F466C6F775F30376F70323039223E0A20202020202020203C6F6D6764693A776179706F696E7420783D223332302E302220793D223239302E30223E3C2F6F6D6764693A776179706F696E743E0A20202020202020203C6F6D6764693A776179706F696E7420783D223338302E302220793D223239302E30223E3C2F6F6D6764693A776179706F696E743E0A2020202020203C2F62706D6E64693A42504D4E456467653E0A2020202020203C62706D6E64693A42504D4E456467652062706D6E456C656D656E743D22466C6F775F306C6C3734616E222069643D2242504D4E456467655F466C6F775F306C6C3734616E223E0A20202020202020203C6F6D6764693A776179706F696E7420783D223438302E302220793D223239302E30223E3C2F6F6D6764693A776179706F696E743E0A20202020202020203C6F6D6764693A776179706F696E7420783D223534302E302220793D223239302E30223E3C2F6F6D6764693A776179706F696E743E0A20202020202020203C62706D6E64693A42504D4E4C6162656C3E0A202020202020202020203C6F6D6764633A426F756E6473206865696768743D2231342E30222077696474683D2232332E302220783D223439392E302220793D223237322E30223E3C2F6F6D6764633A426F756E64733E0A20202020202020203C2F62706D6E64693A42504D4E4C6162656C3E0A2020202020203C2F62706D6E64693A42504D4E456467653E0A2020202020203C62706D6E64693A42504D4E456467652062706D6E456C656D656E743D22466C6F775F306D3237666465222069643D2242504D4E456467655F466C6F775F306D3237666465223E0A20202020202020203C6F6D6764693A776179706F696E7420783D223634302E302220793D223239302E30223E3C2F6F6D6764693A776179706F696E743E0A20202020202020203C6F6D6764693A776179706F696E7420783D223730322E302220793D223239302E30223E3C2F6F6D6764693A776179706F696E743E0A20202020202020203C62706D6E64693A42504D4E4C6162656C3E0A202020202020202020203C6F6D6764633A426F756E6473206865696768743D2231342E30222077696474683D2232332E302220783D223636302E302220793D223237322E30223E3C2F6F6D6764633A426F756E64733E0A20202020202020203C2F62706D6E64693A42504D4E4C6162656C3E0A2020202020203C2F62706D6E64693A42504D4E456467653E0A2020202020203C62706D6E64693A42504D4E456467652062706D6E456C656D656E743D22466C6F775F31367A796F6135222069643D2242504D4E456467655F466C6F775F31367A796F6135223E0A20202020202020203C6F6D6764693A776179706F696E7420783D223433302E302220793D223235302E30223E3C2F6F6D6764693A776179706F696E743E0A20202020202020203C6F6D6764693A776179706F696E7420783D223433302E302220793D223231302E30223E3C2F6F6D6764693A776179706F696E743E0A20202020202020203C6F6D6764693A776179706F696E7420783D223237302E302220793D223231302E30223E3C2F6F6D6764693A776179706F696E743E0A20202020202020203C6F6D6764693A776179706F696E7420783D223237302E302220793D223235302E30223E3C2F6F6D6764693A776179706F696E743E0A20202020202020203C62706D6E64693A42504D4E4C6162656C3E0A202020202020202020203C6F6D6764633A426F756E6473206865696768743D2231342E30222077696474683D2232322E302220783D223333392E302220793D223139322E30223E3C2F6F6D6764633A426F756E64733E0A20202020202020203C2F62706D6E64693A42504D4E4C6162656C3E0A2020202020203C2F62706D6E64693A42504D4E456467653E0A2020202020203C62706D6E64693A42504D4E456467652062706D6E456C656D656E743D22466C6F775F3161656B6D7338222069643D2242504D4E456467655F466C6F775F3161656B6D7338223E0A20202020202020203C6F6D6764693A776179706F696E7420783D223539302E302220793D223333302E30223E3C2F6F6D6764693A776179706F696E743E0A20202020202020203C6F6D6764693A776179706F696E7420783D223539302E302220793D223337302E30223E3C2F6F6D6764693A776179706F696E743E0A20202020202020203C6F6D6764693A776179706F696E7420783D223237302E302220793D223337302E30223E3C2F6F6D6764693A776179706F696E743E0A20202020202020203C6F6D6764693A776179706F696E7420783D223237302E302220793D223333302E30223E3C2F6F6D6764693A776179706F696E743E0A20202020202020203C62706D6E64693A42504D4E4C6162656C3E0A202020202020202020203C6F6D6764633A426F756E6473206865696768743D2231342E30222077696474683D2232322E302220783D223431392E302220793D223335322E30223E3C2F6F6D6764633A426F756E64733E0A20202020202020203C2F62706D6E64693A42504D4E4C6162656C3E0A2020202020203C2F62706D6E64693A42504D4E456467653E0A202020203C2F62706D6E64693A42504D4E506C616E653E0A20203C2F62706D6E64693A42504D4E4469616772616D3E0A3C2F62706D6E323A646566696E6974696F6E733E, 0);
INSERT INTO `ACT_GE_BYTEARRAY` VALUES ('ae82b99c-3175-11ec-9438-f20b812c0662', 1, 'flowSubmit.bpmn', 'ae82b99b-3175-11ec-9438-f20b812c0662', 0x3C3F786D6C2076657273696F6E3D22312E302220656E636F64696E673D225554462D38223F3E0A3C62706D6E323A646566696E6974696F6E7320786D6C6E733D22687474703A2F2F7777772E6F6D672E6F72672F737065632F42504D4E2F32303130303532342F4D4F44454C2220786D6C6E733A62706D6E323D22687474703A2F2F7777772E6F6D672E6F72672F737065632F42504D4E2F32303130303532342F4D4F44454C2220786D6C6E733A7873693D22687474703A2F2F7777772E77332E6F72672F323030312F584D4C536368656D612D696E7374616E63652220786D6C6E733A7873643D22687474703A2F2F7777772E77332E6F72672F323030312F584D4C536368656D612220786D6C6E733A61637469766974693D22687474703A2F2F61637469766974692E6F72672F62706D6E2220786D6C6E733A62706D6E64693D22687474703A2F2F7777772E6F6D672E6F72672F737065632F42504D4E2F32303130303532342F44492220786D6C6E733A6F6D6764633D22687474703A2F2F7777772E6F6D672E6F72672F737065632F44442F32303130303532342F44432220786D6C6E733A6F6D6764693D22687474703A2F2F7777772E6F6D672E6F72672F737065632F44442F32303130303532342F44492220786D6C6E733A64633D22687474703A2F2F7777772E6F6D672E6F72672F737065632F44442F32303130303532342F44432220786D6C6E733A64693D22687474703A2F2F7777772E6F6D672E6F72672F737065632F44442F32303130303532342F44492220747970654C616E67756167653D22687474703A2F2F7777772E77332E6F72672F323030312F584D4C536368656D61222065787072657373696F6E4C616E67756167653D22687474703A2F2F7777772E77332E6F72672F313939392F585061746822207461726765744E616D6573706163653D22687474703A2F2F61637469766974692E6F72672F62706D6E222069643D226469616772616D5F666C6F775375626D697422207873693A736368656D614C6F636174696F6E3D22687474703A2F2F7777772E6F6D672E6F72672F737065632F42504D4E2F32303130303532342F4D4F44454C2042504D4E32302E787364223E0A20203C62706D6E323A70726F636573732069643D22666C6F775375626D697422206E616D653D22E68AA5E99480E794B3E8AFB72220697345786563757461626C653D2274727565223E0A202020203C657874656E73696F6E456C656D656E74733E0A2020202020203C61637469766974693A657865637574696F6E4C697374656E6572206576656E743D22656E642220636C6173733D22636F6D2E666C6F772E64656D6F2E636F6D6D6F6E2E666C6F772E6C697374656E65722E557064617465466C6F775374617475734C697374656E6572223E3C2F61637469766974693A657865637574696F6E4C697374656E65723E0A202020203C2F657874656E73696F6E456C656D656E74733E0A202020203C62706D6E323A73746172744576656E742069643D224576656E745F31753464783362223E0A2020202020203C62706D6E323A6F7574676F696E673E466C6F775F306D726D71626B3C2F62706D6E323A6F7574676F696E673E0A202020203C2F62706D6E323A73746172744576656E743E0A202020203C62706D6E323A757365725461736B2069643D2241637469766974795F3163733462693522206E616D653D22E68AA5E99480E794B3E8AFB7222061637469766974693A61737369676E65653D22247B7374617274557365724E616D657D222061637469766974693A666F726D4B65793D227B2671756F743B666F726D49642671756F743B3A2671756F743B313434303934373637353034313130373936382671756F743B2C2671756F743B726561644F6E6C792671756F743B3A66616C73652C2671756F743B67726F7570547970652671756F743B3A2671756F743B444550542671756F743B7D223E0A2020202020203C657874656E73696F6E456C656D656E74733E0A20202020202020203C61637469766974693A6F7065726174696F6E4C6973743E0A202020202020202020203C61637469766974693A666F726D4F7065726174696F6E2069643D223136333437313138303337393622206C6162656C3D22E68F90E4BAA42220747970653D226167726565222073686F774F726465723D2230223E3C2F61637469766974693A666F726D4F7065726174696F6E3E0A20202020202020203C2F61637469766974693A6F7065726174696F6E4C6973743E0A20202020202020203C61637469766974693A7661726961626C654C6973743E3C2F61637469766974693A7661726961626C654C6973743E0A2020202020203C2F657874656E73696F6E456C656D656E74733E0A202020203C2F62706D6E323A757365725461736B3E0A202020203C62706D6E323A73657175656E6365466C6F772069643D22466C6F775F306D726D71626B2220736F757263655265663D224576656E745F3175346478336222207461726765745265663D2241637469766974795F31637334626935223E3C2F62706D6E323A73657175656E6365466C6F773E0A202020203C62706D6E323A757365725461736B2069643D2241637469766974795F303473636E326F22206E616D653D22E983A8E997A8E9A286E5AFBCE5AEA1E689B9222061637469766974693A63616E64696461746547726F7570733D22247B64657074506F73744C65616465727D222061637469766974693A666F726D4B65793D227B2671756F743B666F726D49642671756F743B3A2671756F743B313434303934373637353034313130373936382671756F743B2C2671756F743B726561644F6E6C792671756F743B3A747275652C2671756F743B67726F7570547970652671756F743B3A2671756F743B444550545F504F53545F4C45414445522671756F743B7D223E0A2020202020203C657874656E73696F6E456C656D656E74733E0A20202020202020203C61637469766974693A7461736B4C697374656E6572206576656E743D226372656174652220636C6173733D22636F6D2E666C6F772E64656D6F2E636F6D6D6F6E2E666C6F772E6C697374656E65722E44657074506F73744C65616465724C697374656E6572223E3C2F61637469766974693A7461736B4C697374656E65723E0A20202020202020203C61637469766974693A6F7065726174696F6E4C6973743E0A202020202020202020203C61637469766974693A666F726D4F7065726174696F6E2069643D223136333437313138313236343622206C6162656C3D22E5908CE6848F2220747970653D226167726565222073686F774F726465723D2230223E3C2F61637469766974693A666F726D4F7065726174696F6E3E0A202020202020202020203C61637469766974693A666F726D4F7065726174696F6E2069643D223136333437313138313539383422206C6162656C3D22E68B92E7BB9D2220747970653D22726566757365222073686F774F726465723D2231223E3C2F61637469766974693A666F726D4F7065726174696F6E3E0A20202020202020203C2F61637469766974693A6F7065726174696F6E4C6973743E0A20202020202020203C61637469766974693A7661726961626C654C6973743E0A202020202020202020203C61637469766974693A666F726D5661726961626C652069643D2231343530373130383030383534343231353034223E3C2F61637469766974693A666F726D5661726961626C653E0A20202020202020203C2F61637469766974693A7661726961626C654C6973743E0A2020202020203C2F657874656E73696F6E456C656D656E74733E0A202020203C2F62706D6E323A757365725461736B3E0A202020203C62706D6E323A73657175656E6365466C6F772069643D22466C6F775F307039673732692220736F757263655265663D2241637469766974795F3163733462693522207461726765745265663D2241637469766974795F303473636E326F223E3C2F62706D6E323A73657175656E6365466C6F773E0A202020203C62706D6E323A6578636C7573697665476174657761792069643D22476174657761795F30707572396365223E0A2020202020203C62706D6E323A696E636F6D696E673E466C6F775F306979756B77723C2F62706D6E323A696E636F6D696E673E0A2020202020203C62706D6E323A6F7574676F696E673E466C6F775F306A667265316B3C2F62706D6E323A6F7574676F696E673E0A2020202020203C62706D6E323A6F7574676F696E673E466C6F775F313365646537623C2F62706D6E323A6F7574676F696E673E0A202020203C2F62706D6E323A6578636C7573697665476174657761793E0A202020203C62706D6E323A73657175656E6365466C6F772069643D22466C6F775F306979756B777222206E616D653D22E5908CE6848F2220736F757263655265663D2241637469766974795F303473636E326F22207461726765745265663D22476174657761795F30707572396365223E0A2020202020203C657874656E73696F6E456C656D656E74733E0A20202020202020203C61637469766974693A637573746F6D436F6E646974696F6E20747970653D226F7065726174696F6E22206F7065726174696F6E547970653D226167726565223E3C2F61637469766974693A637573746F6D436F6E646974696F6E3E0A2020202020203C2F657874656E73696F6E456C656D656E74733E0A2020202020203C636F6E646974696F6E45787072657373696F6E207873693A747970653D2274466F726D616C45787072657373696F6E223E3C215B43444154415B247B6F7065726174696F6E54797065203D3D20276167726565277D5D5D3E3C2F636F6E646974696F6E45787072657373696F6E3E0A202020203C2F62706D6E323A73657175656E6365466C6F773E0A202020203C62706D6E323A656E644576656E742069643D224576656E745F30346E71666E79223E0A2020202020203C62706D6E323A696E636F6D696E673E466C6F775F306A667265316B3C2F62706D6E323A696E636F6D696E673E0A2020202020203C62706D6E323A696E636F6D696E673E466C6F775F313576336A6B6A3C2F62706D6E323A696E636F6D696E673E0A202020203C2F62706D6E323A656E644576656E743E0A202020203C62706D6E323A73657175656E6365466C6F772069643D22466C6F775F306A667265316B22206E616D653D22E68AA5E99480E98791E9A29DE5B08FE4BA8E313030302220736F757263655265663D22476174657761795F3070757239636522207461726765745265663D224576656E745F30346E71666E79223E0A2020202020203C636F6E646974696F6E45787072657373696F6E207873693A747970653D2274466F726D616C45787072657373696F6E223E3C215B43444154415B247B746F74616C416D6F756E74203C3D20313030307D5D5D3E3C2F636F6E646974696F6E45787072657373696F6E3E0A202020203C2F62706D6E323A73657175656E6365466C6F773E0A202020203C62706D6E323A757365725461736B2069643D2241637469766974795F3177323378666522206E616D653D22E680BBE7BB8FE79086E5AEA1E689B9222061637469766974693A63616E64696461746547726F7570733D2231343430393131343130353831323133343136222061637469766974693A666F726D4B65793D227B2671756F743B666F726D49642671756F743B3A2671756F743B313434303934373637353034313130373936382671756F743B2C2671756F743B726561644F6E6C792671756F743B3A747275652C2671756F743B67726F7570547970652671756F743B3A2671756F743B444550542671756F743B7D223E0A2020202020203C657874656E73696F6E456C656D656E74733E0A20202020202020203C61637469766974693A6F7065726174696F6E4C6973743E0A202020202020202020203C61637469766974693A666F726D4F7065726174696F6E2069643D223136333437313138383339303122206C6162656C3D22E5908CE6848F2220747970653D226167726565222073686F774F726465723D2230223E3C2F61637469766974693A666F726D4F7065726174696F6E3E0A202020202020202020203C61637469766974693A666F726D4F7065726174696F6E2069643D223136333437313138383733323222206C6162656C3D22E68B92E7BB9D2220747970653D22726566757365222073686F774F726465723D2231223E3C2F61637469766974693A666F726D4F7065726174696F6E3E0A20202020202020203C2F61637469766974693A6F7065726174696F6E4C6973743E0A20202020202020203C61637469766974693A7661726961626C654C6973743E3C2F61637469766974693A7661726961626C654C6973743E0A2020202020203C2F657874656E73696F6E456C656D656E74733E0A202020203C2F62706D6E323A757365725461736B3E0A202020203C62706D6E323A73657175656E6365466C6F772069643D22466C6F775F3133656465376222206E616D653D22E68AA5E99480E98791E9A29DE5A4A7E4BA8E313030302220736F757263655265663D22476174657761795F3070757239636522207461726765745265663D2241637469766974795F31773233786665223E0A2020202020203C636F6E646974696F6E45787072657373696F6E207873693A747970653D2274466F726D616C45787072657373696F6E223E3C215B43444154415B247B746F74616C416D6F756E74203E20313030307D5D5D3E3C2F636F6E646974696F6E45787072657373696F6E3E0A202020203C2F62706D6E323A73657175656E6365466C6F773E0A202020203C62706D6E323A73657175656E6365466C6F772069643D22466C6F775F313576336A6B6A22206E616D653D22E5908CE6848F2220736F757263655265663D2241637469766974795F3177323378666522207461726765745265663D224576656E745F30346E71666E79223E0A2020202020203C657874656E73696F6E456C656D656E74733E0A20202020202020203C61637469766974693A637573746F6D436F6E646974696F6E20747970653D226F7065726174696F6E22206F7065726174696F6E547970653D226167726565223E3C2F61637469766974693A637573746F6D436F6E646974696F6E3E0A2020202020203C2F657874656E73696F6E456C656D656E74733E0A2020202020203C636F6E646974696F6E45787072657373696F6E207873693A747970653D2274466F726D616C45787072657373696F6E223E3C215B43444154415B247B6F7065726174696F6E54797065203D3D20276167726565277D5D5D3E3C2F636F6E646974696F6E45787072657373696F6E3E0A202020203C2F62706D6E323A73657175656E6365466C6F773E0A202020203C62706D6E323A73657175656E6365466C6F772069643D22466C6F775F316F697135387222206E616D653D22E68B92E7BB9D2220736F757263655265663D2241637469766974795F3177323378666522207461726765745265663D2241637469766974795F31637334626935223E0A2020202020203C657874656E73696F6E456C656D656E74733E0A20202020202020203C61637469766974693A637573746F6D436F6E646974696F6E20747970653D226F7065726174696F6E22206F7065726174696F6E547970653D22726566757365223E3C2F61637469766974693A637573746F6D436F6E646974696F6E3E0A2020202020203C2F657874656E73696F6E456C656D656E74733E0A2020202020203C636F6E646974696F6E45787072657373696F6E207873693A747970653D2274466F726D616C45787072657373696F6E223E3C215B43444154415B247B6F7065726174696F6E54797065203D3D2027726566757365277D5D5D3E3C2F636F6E646974696F6E45787072657373696F6E3E0A202020203C2F62706D6E323A73657175656E6365466C6F773E0A202020203C62706D6E323A73657175656E6365466C6F772069643D22466C6F775F3039387338693022206E616D653D22E68B92E7BB9D2220736F757263655265663D2241637469766974795F303473636E326F22207461726765745265663D2241637469766974795F31637334626935223E0A2020202020203C657874656E73696F6E456C656D656E74733E0A20202020202020203C61637469766974693A637573746F6D436F6E646974696F6E20747970653D226F7065726174696F6E22206F7065726174696F6E547970653D22726566757365223E3C2F61637469766974693A637573746F6D436F6E646974696F6E3E0A2020202020203C2F657874656E73696F6E456C656D656E74733E0A2020202020203C636F6E646974696F6E45787072657373696F6E207873693A747970653D2274466F726D616C45787072657373696F6E223E3C215B43444154415B247B6F7065726174696F6E54797065203D3D2027726566757365277D5D5D3E3C2F636F6E646974696F6E45787072657373696F6E3E0A202020203C2F62706D6E323A73657175656E6365466C6F773E0A20203C2F62706D6E323A70726F636573733E0A20203C62706D6E64693A42504D4E4469616772616D2069643D2242504D4E4469616772616D5F666C6F775375626D6974223E0A202020203C62706D6E64693A42504D4E506C616E652062706D6E456C656D656E743D22666C6F775375626D6974222069643D2242504D4E506C616E655F666C6F775375626D6974223E0A2020202020203C62706D6E64693A42504D4E53686170652062706D6E456C656D656E743D224576656E745F31753464783362222069643D2242504D4E53686170655F4576656E745F31753464783362223E0A20202020202020203C6F6D6764633A426F756E6473206865696768743D2233362E30222077696474683D2233362E302220783D223132322E302220793D223330322E30223E3C2F6F6D6764633A426F756E64733E0A2020202020203C2F62706D6E64693A42504D4E53686170653E0A2020202020203C62706D6E64693A42504D4E53686170652062706D6E456C656D656E743D2241637469766974795F31637334626935222069643D2242504D4E53686170655F41637469766974795F31637334626935223E0A20202020202020203C6F6D6764633A426F756E6473206865696768743D2238302E30222077696474683D223130302E302220783D223231302E302220793D223238302E30223E3C2F6F6D6764633A426F756E64733E0A2020202020203C2F62706D6E64693A42504D4E53686170653E0A2020202020203C62706D6E64693A42504D4E53686170652062706D6E456C656D656E743D2241637469766974795F303473636E326F222069643D2242504D4E53686170655F41637469766974795F303473636E326F223E0A20202020202020203C6F6D6764633A426F756E6473206865696768743D2238302E30222077696474683D223130302E302220783D223337302E302220793D223238302E30223E3C2F6F6D6764633A426F756E64733E0A2020202020203C2F62706D6E64693A42504D4E53686170653E0A2020202020203C62706D6E64693A42504D4E53686170652062706D6E456C656D656E743D224576656E745F30346E71666E79222069643D2242504D4E53686170655F4576656E745F30346E71666E79223E0A20202020202020203C6F6D6764633A426F756E6473206865696768743D2233362E30222077696474683D2233362E302220783D223834322E302220793D223330322E30223E3C2F6F6D6764633A426F756E64733E0A2020202020203C2F62706D6E64693A42504D4E53686170653E0A2020202020203C62706D6E64693A42504D4E53686170652062706D6E456C656D656E743D22476174657761795F30707572396365222069643D2242504D4E53686170655F476174657761795F30707572396365223E0A20202020202020203C6F6D6764633A426F756E6473206865696768743D2235302E30222077696474683D2235302E302220783D223538352E302220793D223239352E30223E3C2F6F6D6764633A426F756E64733E0A2020202020203C2F62706D6E64693A42504D4E53686170653E0A2020202020203C62706D6E64693A42504D4E53686170652062706D6E456C656D656E743D2241637469766974795F31773233786665222069643D2242504D4E53686170655F41637469766974795F31773233786665223E0A20202020202020203C6F6D6764633A426F756E6473206865696768743D2238302E30222077696474683D223130302E302220783D223536302E302220793D223339302E30223E3C2F6F6D6764633A426F756E64733E0A2020202020203C2F62706D6E64693A42504D4E53686170653E0A2020202020203C62706D6E64693A42504D4E456467652062706D6E456C656D656E743D22466C6F775F306D726D71626B222069643D2242504D4E456467655F466C6F775F306D726D71626B223E0A20202020202020203C6F6D6764693A776179706F696E7420783D223135382E302220793D223332302E30223E3C2F6F6D6764693A776179706F696E743E0A20202020202020203C6F6D6764693A776179706F696E7420783D223231302E302220793D223332302E30223E3C2F6F6D6764693A776179706F696E743E0A2020202020203C2F62706D6E64693A42504D4E456467653E0A2020202020203C62706D6E64693A42504D4E456467652062706D6E456C656D656E743D22466C6F775F30703967373269222069643D2242504D4E456467655F466C6F775F30703967373269223E0A20202020202020203C6F6D6764693A776179706F696E7420783D223331302E302220793D223332302E30223E3C2F6F6D6764693A776179706F696E743E0A20202020202020203C6F6D6764693A776179706F696E7420783D223337302E302220793D223332302E30223E3C2F6F6D6764693A776179706F696E743E0A2020202020203C2F62706D6E64693A42504D4E456467653E0A2020202020203C62706D6E64693A42504D4E456467652062706D6E456C656D656E743D22466C6F775F306979756B7772222069643D2242504D4E456467655F466C6F775F306979756B7772223E0A20202020202020203C6F6D6764693A776179706F696E7420783D223437302E302220793D223332302E30223E3C2F6F6D6764693A776179706F696E743E0A20202020202020203C6F6D6764693A776179706F696E7420783D223538352E302220793D223332302E30223E3C2F6F6D6764693A776179706F696E743E0A20202020202020203C62706D6E64693A42504D4E4C6162656C3E0A202020202020202020203C6F6D6764633A426F756E6473206865696768743D2231342E30222077696474683D2232332E302220783D223531362E302220793D223330322E30223E3C2F6F6D6764633A426F756E64733E0A20202020202020203C2F62706D6E64693A42504D4E4C6162656C3E0A2020202020203C2F62706D6E64693A42504D4E456467653E0A2020202020203C62706D6E64693A42504D4E456467652062706D6E456C656D656E743D22466C6F775F306A667265316B222069643D2242504D4E456467655F466C6F775F306A667265316B223E0A20202020202020203C6F6D6764693A776179706F696E7420783D223633352E302220793D223332302E30223E3C2F6F6D6764693A776179706F696E743E0A20202020202020203C6F6D6764693A776179706F696E7420783D223834322E302220793D223332302E30223E3C2F6F6D6764693A776179706F696E743E0A20202020202020203C62706D6E64693A42504D4E4C6162656C3E0A202020202020202020203C6F6D6764633A426F756E6473206865696768743D2231342E30222077696474683D2239302E302220783D223639342E302220793D223330322E30223E3C2F6F6D6764633A426F756E64733E0A20202020202020203C2F62706D6E64693A42504D4E4C6162656C3E0A2020202020203C2F62706D6E64693A42504D4E456467653E0A2020202020203C62706D6E64693A42504D4E456467652062706D6E456C656D656E743D22466C6F775F31336564653762222069643D2242504D4E456467655F466C6F775F31336564653762223E0A20202020202020203C6F6D6764693A776179706F696E7420783D223631302E302220793D223334352E30223E3C2F6F6D6764693A776179706F696E743E0A20202020202020203C6F6D6764693A776179706F696E7420783D223631302E302220793D223339302E30223E3C2F6F6D6764693A776179706F696E743E0A20202020202020203C62706D6E64693A42504D4E4C6162656C3E0A202020202020202020203C6F6D6764633A426F756E6473206865696768743D2231342E30222077696474683D2239302E302220783D223631352E302220793D223335332E30223E3C2F6F6D6764633A426F756E64733E0A20202020202020203C2F62706D6E64693A42504D4E4C6162656C3E0A2020202020203C2F62706D6E64693A42504D4E456467653E0A2020202020203C62706D6E64693A42504D4E456467652062706D6E456C656D656E743D22466C6F775F313576336A6B6A222069643D2242504D4E456467655F466C6F775F313576336A6B6A223E0A20202020202020203C6F6D6764693A776179706F696E7420783D223636302E302220793D223433302E30223E3C2F6F6D6764693A776179706F696E743E0A20202020202020203C6F6D6764693A776179706F696E7420783D223836302E302220793D223433302E30223E3C2F6F6D6764693A776179706F696E743E0A20202020202020203C6F6D6764693A776179706F696E7420783D223836302E302220793D223333382E30223E3C2F6F6D6764693A776179706F696E743E0A20202020202020203C62706D6E64693A42504D4E4C6162656C3E0A202020202020202020203C6F6D6764633A426F756E6473206865696768743D2231342E30222077696474683D2232332E302220783D223734392E302220793D223431322E30223E3C2F6F6D6764633A426F756E64733E0A20202020202020203C2F62706D6E64693A42504D4E4C6162656C3E0A2020202020203C2F62706D6E64693A42504D4E456467653E0A2020202020203C62706D6E64693A42504D4E456467652062706D6E456C656D656E743D22466C6F775F316F6971353872222069643D2242504D4E456467655F466C6F775F316F6971353872223E0A20202020202020203C6F6D6764693A776179706F696E7420783D223536302E302220793D223433302E30223E3C2F6F6D6764693A776179706F696E743E0A20202020202020203C6F6D6764693A776179706F696E7420783D223236302E302220793D223433302E30223E3C2F6F6D6764693A776179706F696E743E0A20202020202020203C6F6D6764693A776179706F696E7420783D223236302E302220793D223336302E30223E3C2F6F6D6764693A776179706F696E743E0A20202020202020203C62706D6E64693A42504D4E4C6162656C3E0A202020202020202020203C6F6D6764633A426F756E6473206865696768743D2231342E30222077696474683D2232322E302220783D223339392E302220793D223431322E30223E3C2F6F6D6764633A426F756E64733E0A20202020202020203C2F62706D6E64693A42504D4E4C6162656C3E0A2020202020203C2F62706D6E64693A42504D4E456467653E0A2020202020203C62706D6E64693A42504D4E456467652062706D6E456C656D656E743D22466C6F775F30393873386930222069643D2242504D4E456467655F466C6F775F30393873386930223E0A20202020202020203C6F6D6764693A776179706F696E7420783D223432302E302220793D223238302E30223E3C2F6F6D6764693A776179706F696E743E0A20202020202020203C6F6D6764693A776179706F696E7420783D223432302E302220793D223234302E30223E3C2F6F6D6764693A776179706F696E743E0A20202020202020203C6F6D6764693A776179706F696E7420783D223236302E302220793D223234302E30223E3C2F6F6D6764693A776179706F696E743E0A20202020202020203C6F6D6764693A776179706F696E7420783D223236302E302220793D223238302E30223E3C2F6F6D6764693A776179706F696E743E0A20202020202020203C62706D6E64693A42504D4E4C6162656C3E0A202020202020202020203C6F6D6764633A426F756E6473206865696768743D2231342E30222077696474683D2232322E302220783D223332392E302220793D223232322E30223E3C2F6F6D6764633A426F756E64733E0A20202020202020203C2F62706D6E64693A42504D4E4C6162656C3E0A2020202020203C2F62706D6E64693A42504D4E456467653E0A202020203C2F62706D6E64693A42504D4E506C616E653E0A20203C2F62706D6E64693A42504D4E4469616772616D3E0A3C2F62706D6E323A646566696E6974696F6E733E, 0);
INSERT INTO `ACT_GE_BYTEARRAY` VALUES ('af9bf1cf-3175-11ec-9438-f20b812c0662', 1, 'flowContract.bpmn', 'af9bf1ce-3175-11ec-9438-f20b812c0662', 0x3C3F786D6C2076657273696F6E3D22312E302220656E636F64696E673D225554462D38223F3E0A3C62706D6E323A646566696E6974696F6E7320786D6C6E733D22687474703A2F2F7777772E6F6D672E6F72672F737065632F42504D4E2F32303130303532342F4D4F44454C2220786D6C6E733A62706D6E323D22687474703A2F2F7777772E6F6D672E6F72672F737065632F42504D4E2F32303130303532342F4D4F44454C2220786D6C6E733A7873693D22687474703A2F2F7777772E77332E6F72672F323030312F584D4C536368656D612D696E7374616E63652220786D6C6E733A7873643D22687474703A2F2F7777772E77332E6F72672F323030312F584D4C536368656D612220786D6C6E733A61637469766974693D22687474703A2F2F61637469766974692E6F72672F62706D6E2220786D6C6E733A62706D6E64693D22687474703A2F2F7777772E6F6D672E6F72672F737065632F42504D4E2F32303130303532342F44492220786D6C6E733A6F6D6764633D22687474703A2F2F7777772E6F6D672E6F72672F737065632F44442F32303130303532342F44432220786D6C6E733A6F6D6764693D22687474703A2F2F7777772E6F6D672E6F72672F737065632F44442F32303130303532342F44492220786D6C6E733A64633D22687474703A2F2F7777772E6F6D672E6F72672F737065632F44442F32303130303532342F44432220786D6C6E733A64693D22687474703A2F2F7777772E6F6D672E6F72672F737065632F44442F32303130303532342F44492220747970654C616E67756167653D22687474703A2F2F7777772E77332E6F72672F323030312F584D4C536368656D61222065787072657373696F6E4C616E67756167653D22687474703A2F2F7777772E77332E6F72672F313939392F585061746822207461726765744E616D6573706163653D22687474703A2F2F61637469766974692E6F72672F62706D6E222069643D226469616772616D5F666C6F77436F6E747261637422207873693A736368656D614C6F636174696F6E3D22687474703A2F2F7777772E6F6D672E6F72672F737065632F42504D4E2F32303130303532342F4D4F44454C2042504D4E32302E787364223E0A20203C62706D6E323A70726F636573732069643D22666C6F77436F6E747261637422206E616D653D22E59088E5908CE5AEA1E689B92220697345786563757461626C653D2274727565223E0A202020203C657874656E73696F6E456C656D656E74733E0A2020202020203C61637469766974693A657865637574696F6E4C697374656E6572206576656E743D22656E642220636C6173733D22636F6D2E666C6F772E64656D6F2E636F6D6D6F6E2E666C6F772E6C697374656E65722E557064617465466C6F775374617475734C697374656E6572223E3C2F61637469766974693A657865637574696F6E4C697374656E65723E0A202020203C2F657874656E73696F6E456C656D656E74733E0A202020203C62706D6E323A73746172744576656E742069643D224576656E745F306B6A70396369223E0A2020202020203C62706D6E323A6F7574676F696E673E466C6F775F30656D7834307A3C2F62706D6E323A6F7574676F696E673E0A202020203C2F62706D6E323A73746172744576656E743E0A202020203C62706D6E323A757365725461736B2069643D2241637469766974795F306263696F686622206E616D653D22E59088E5908CE5BD95E585A5222061637469766974693A61737369676E65653D22247B7374617274557365724E616D657D222061637469766974693A666F726D4B65793D227B2671756F743B666F726D49642671756F743B3A2671756F743B313434303935343932303334383934363433322671756F743B2C2671756F743B726561644F6E6C792671756F743B3A66616C73652C2671756F743B67726F7570547970652671756F743B3A2671756F743B444550542671756F743B7D223E0A2020202020203C657874656E73696F6E456C656D656E74733E0A20202020202020203C61637469766974693A6F7065726174696F6E4C6973743E0A202020202020202020203C61637469766974693A666F726D4F7065726174696F6E2069643D223136333437313235353334393822206C6162656C3D22E68F90E4BAA42220747970653D226167726565222073686F774F726465723D2230223E3C2F61637469766974693A666F726D4F7065726174696F6E3E0A20202020202020203C2F61637469766974693A6F7065726174696F6E4C6973743E0A20202020202020203C61637469766974693A7661726961626C654C6973743E3C2F61637469766974693A7661726961626C654C6973743E0A2020202020203C2F657874656E73696F6E456C656D656E74733E0A202020203C2F62706D6E323A757365725461736B3E0A202020203C62706D6E323A73657175656E6365466C6F772069643D22466C6F775F30656D7834307A2220736F757263655265663D224576656E745F306B6A7039636922207461726765745265663D2241637469766974795F306263696F6866223E3C2F62706D6E323A73657175656E6365466C6F773E0A202020203C62706D6E323A757365725461736B2069643D2241637469766974795F3035336F6D393922206E616D653D22E4B89AE58AA1E983A8E9A286E5AFBCE5AEA1E689B9222061637469766974693A63616E64696461746547726F7570733D22247B64657074506F73744C65616465727D222061637469766974693A666F726D4B65793D227B2671756F743B666F726D49642671756F743B3A2671756F743B313434303935343932303334383934363433322671756F743B2C2671756F743B726561644F6E6C792671756F743B3A747275652C2671756F743B67726F7570547970652671756F743B3A2671756F743B444550545F504F53545F4C45414445522671756F743B7D223E0A2020202020203C657874656E73696F6E456C656D656E74733E0A20202020202020203C61637469766974693A7461736B4C697374656E6572206576656E743D226372656174652220636C6173733D22636F6D2E666C6F772E64656D6F2E636F6D6D6F6E2E666C6F772E6C697374656E65722E44657074506F73744C65616465724C697374656E6572223E3C2F61637469766974693A7461736B4C697374656E65723E0A20202020202020203C61637469766974693A6F7065726174696F6E4C6973743E0A202020202020202020203C61637469766974693A666F726D4F7065726174696F6E2069643D223136333437313235363433353322206C6162656C3D22E5908CE6848F2220747970653D226167726565222073686F774F726465723D2230223E3C2F61637469766974693A666F726D4F7065726174696F6E3E0A20202020202020203C2F61637469766974693A6F7065726174696F6E4C6973743E0A20202020202020203C61637469766974693A7661726961626C654C6973743E3C2F61637469766974693A7661726961626C654C6973743E0A2020202020203C2F657874656E73696F6E456C656D656E74733E0A202020203C2F62706D6E323A757365725461736B3E0A202020203C62706D6E323A73657175656E6365466C6F772069643D22466C6F775F306477663979742220736F757263655265663D2241637469766974795F306263696F686622207461726765745265663D2241637469766974795F3035336F6D3939223E3C2F62706D6E323A73657175656E6365466C6F773E0A202020203C62706D6E323A73657175656E6365466C6F772069643D22466C6F775F3076357A6A336B2220736F757263655265663D2241637469766974795F3035336F6D393922207461726765745265663D22476174657761795F3038353538696A223E3C2F62706D6E323A73657175656E6365466C6F773E0A202020203C62706D6E323A706172616C6C656C476174657761792069643D22476174657761795F3038353538696A223E0A2020202020203C62706D6E323A696E636F6D696E673E466C6F775F3076357A6A336B3C2F62706D6E323A696E636F6D696E673E0A2020202020203C62706D6E323A6F7574676F696E673E466C6F775F3164357568636F3C2F62706D6E323A6F7574676F696E673E0A2020202020203C62706D6E323A6F7574676F696E673E466C6F775F317168396370303C2F62706D6E323A6F7574676F696E673E0A202020203C2F62706D6E323A706172616C6C656C476174657761793E0A202020203C62706D6E323A757365725461736B2069643D2241637469766974795F307A3930616C6922206E616D653D22E5B7A5E7A88BE983A8E5AEA1E689B9222061637469766974693A61737369676E65653D2261646D696E222061637469766974693A666F726D4B65793D227B2671756F743B666F726D49642671756F743B3A2671756F743B313434303935353139343939313937323335322671756F743B2C2671756F743B726561644F6E6C792671756F743B3A747275652C2671756F743B67726F7570547970652671756F743B3A2671756F743B444550542671756F743B7D223E0A2020202020203C657874656E73696F6E456C656D656E74733E0A20202020202020203C61637469766974693A6F7065726174696F6E4C6973743E0A202020202020202020203C61637469766974693A666F726D4F7065726174696F6E2069643D223136333437313236303635323922206C6162656C3D22E5908CE6848F2220747970653D226167726565222073686F774F726465723D2230223E3C2F61637469766974693A666F726D4F7065726174696F6E3E0A20202020202020203C2F61637469766974693A6F7065726174696F6E4C6973743E0A20202020202020203C61637469766974693A7661726961626C654C6973743E3C2F61637469766974693A7661726961626C654C6973743E0A2020202020203C2F657874656E73696F6E456C656D656E74733E0A202020203C2F62706D6E323A757365725461736B3E0A202020203C62706D6E323A73657175656E6365466C6F772069643D22466C6F775F3164357568636F2220736F757263655265663D22476174657761795F3038353538696A22207461726765745265663D2241637469766974795F307A3930616C69223E3C2F62706D6E323A73657175656E6365466C6F773E0A202020203C62706D6E323A757365725461736B2069643D2241637469766974795F3137393330616A22206E616D653D22E980A0E4BBB7E983A8E5AEA1E689B9222061637469766974693A63616E64696461746555736572733D2261646D696E222061637469766974693A666F726D4B65793D227B2671756F743B666F726D49642671756F743B3A2671756F743B313434303935353139343939313937323335322671756F743B2C2671756F743B726561644F6E6C792671756F743B3A747275652C2671756F743B67726F7570547970652671756F743B3A2671756F743B444550542671756F743B7D223E0A2020202020203C657874656E73696F6E456C656D656E74733E0A20202020202020203C61637469766974693A6F7065726174696F6E4C6973743E0A202020202020202020203C61637469766974693A666F726D4F7065726174696F6E2069643D223136333437313236333131313322206C6162656C3D22E5908CE6848F2220747970653D226167726565222073686F774F726465723D2230223E3C2F61637469766974693A666F726D4F7065726174696F6E3E0A20202020202020203C2F61637469766974693A6F7065726174696F6E4C6973743E0A20202020202020203C61637469766974693A7661726961626C654C6973743E3C2F61637469766974693A7661726961626C654C6973743E0A2020202020203C2F657874656E73696F6E456C656D656E74733E0A202020203C2F62706D6E323A757365725461736B3E0A202020203C62706D6E323A73657175656E6365466C6F772069643D22466C6F775F317168396370302220736F757263655265663D22476174657761795F3038353538696A22207461726765745265663D2241637469766974795F3137393330616A223E3C2F62706D6E323A73657175656E6365466C6F773E0A202020203C62706D6E323A73657175656E6365466C6F772069643D22466C6F775F316E35637866672220736F757263655265663D2241637469766974795F3137393330616A22207461726765745265663D22476174657761795F30796A79713068223E3C2F62706D6E323A73657175656E6365466C6F773E0A202020203C62706D6E323A706172616C6C656C476174657761792069643D22476174657761795F30796A79713068223E0A2020202020203C62706D6E323A696E636F6D696E673E466C6F775F316E35637866673C2F62706D6E323A696E636F6D696E673E0A2020202020203C62706D6E323A696E636F6D696E673E466C6F775F313068663979353C2F62706D6E323A696E636F6D696E673E0A2020202020203C62706D6E323A6F7574676F696E673E466C6F775F30767435676F723C2F62706D6E323A6F7574676F696E673E0A202020203C2F62706D6E323A706172616C6C656C476174657761793E0A202020203C62706D6E323A73657175656E6365466C6F772069643D22466C6F775F313068663979352220736F757263655265663D2241637469766974795F307A3930616C6922207461726765745265663D22476174657761795F30796A79713068223E3C2F62706D6E323A73657175656E6365466C6F773E0A202020203C62706D6E323A757365725461736B2069643D2241637469766974795F3078657463387522206E616D653D22E8B4A2E58AA1E983A8E5AEA1E689B9222061637469766974693A63616E64696461746547726F7570733D22313434303936343531393339313133373739322C31343430393634353139333935333332303936222061637469766974693A666F726D4B65793D227B2671756F743B666F726D49642671756F743B3A2671756F743B313434303935353132373739303833333636342671756F743B2C2671756F743B726561644F6E6C792671756F743B3A747275652C2671756F743B67726F7570547970652671756F743B3A2671756F743B504F53542671756F743B7D223E0A2020202020203C657874656E73696F6E456C656D656E74733E0A20202020202020203C61637469766974693A6F7065726174696F6E4C6973743E0A202020202020202020203C61637469766974693A666F726D4F7065726174696F6E2069643D223136333437313236363839383222206C6162656C3D22E5908CE6848F2220747970653D226167726565222073686F774F726465723D2230223E3C2F61637469766974693A666F726D4F7065726174696F6E3E0A202020202020202020203C61637469766974693A666F726D4F7065726174696F6E2069643D223136333437313236373231393522206C6162656C3D22E68B92E7BB9D2220747970653D22726566757365222073686F774F726465723D2231223E3C2F61637469766974693A666F726D4F7065726174696F6E3E0A20202020202020203C2F61637469766974693A6F7065726174696F6E4C6973743E0A20202020202020203C61637469766974693A7661726961626C654C6973743E3C2F61637469766974693A7661726961626C654C6973743E0A2020202020203C2F657874656E73696F6E456C656D656E74733E0A202020203C2F62706D6E323A757365725461736B3E0A202020203C62706D6E323A73657175656E6365466C6F772069643D22466C6F775F30767435676F722220736F757263655265663D22476174657761795F30796A7971306822207461726765745265663D2241637469766974795F30786574633875223E3C2F62706D6E323A73657175656E6365466C6F773E0A202020203C62706D6E323A757365725461736B2069643D2241637469766974795F3064766734686922206E616D653D22E6B395E58AA1E983A8E5AEA1E689B9222061637469766974693A63616E64696461746547726F7570733D2231343430393634333837393739333939313638222061637469766974693A666F726D4B65793D227B2671756F743B666F726D49642671756F743B3A2671756F743B313434303935353030313039333439323733362671756F743B2C2671756F743B726561644F6E6C792671756F743B3A747275652C2671756F743B67726F7570547970652671756F743B3A2671756F743B504F53542671756F743B7D223E0A2020202020203C657874656E73696F6E456C656D656E74733E0A20202020202020203C61637469766974693A6F7065726174696F6E4C6973743E0A202020202020202020203C61637469766974693A666F726D4F7065726174696F6E2069643D223136333437313238323034313422206C6162656C3D22E4BC9AE7ADBE2220747970653D226D756C74695F7369676E222073686F774F726465723D2230223E3C2F61637469766974693A666F726D4F7065726174696F6E3E0A202020202020202020203C61637469766974693A666F726D4F7065726174696F6E2069643D223136333437313238323839303922206C6162656C3D22E58AA0E7ADBE2220747970653D226D756C74695F636F6E7369676E222073686F774F726465723D2231223E3C2F61637469766974693A666F726D4F7065726174696F6E3E0A20202020202020203C2F61637469766974693A6F7065726174696F6E4C6973743E0A20202020202020203C61637469766974693A7661726961626C654C6973743E3C2F61637469766974693A7661726961626C654C6973743E0A2020202020203C2F657874656E73696F6E456C656D656E74733E0A202020203C2F62706D6E323A757365725461736B3E0A202020203C62706D6E323A73657175656E6365466C6F772069643D22466C6F775F3069746664623522206E616D653D22E5908CE6848F2220736F757263655265663D2241637469766974795F3078657463387522207461726765745265663D2241637469766974795F30647667346869223E0A2020202020203C657874656E73696F6E456C656D656E74733E0A20202020202020203C61637469766974693A637573746F6D436F6E646974696F6E20747970653D226F7065726174696F6E22206F7065726174696F6E547970653D226167726565223E3C2F61637469766974693A637573746F6D436F6E646974696F6E3E0A2020202020203C2F657874656E73696F6E456C656D656E74733E0A2020202020203C636F6E646974696F6E45787072657373696F6E207873693A747970653D2274466F726D616C45787072657373696F6E223E3C215B43444154415B247B6F7065726174696F6E54797065203D3D20276167726565277D5D5D3E3C2F636F6E646974696F6E45787072657373696F6E3E0A202020203C2F62706D6E323A73657175656E6365466C6F773E0A202020203C62706D6E323A757365725461736B2069643D2241637469766974795F30786F31346E7322206E616D653D22E6B395E58AA1E983A8E4BC9AE7ADBE222061637469766974693A61737369676E65653D22247B61737369676E65657D222061637469766974693A666F726D4B65793D227B2671756F743B666F726D49642671756F743B3A2671756F743B313434303935353030313039333439323733362671756F743B2C2671756F743B726561644F6E6C792671756F743B3A747275652C2671756F743B67726F7570547970652671756F743B3A2671756F743B444550542671756F743B7D223E0A2020202020203C657874656E73696F6E456C656D656E74733E0A20202020202020203C61637469766974693A6F7065726174696F6E4C6973743E0A202020202020202020203C61637469766974693A666F726D4F7065726174696F6E2069643D223136333437313239343530353322206C6162656C3D22E5908CE6848F2220747970653D226D756C74695F6167726565222073686F774F726465723D2230223E3C2F61637469766974693A666F726D4F7065726174696F6E3E0A202020202020202020203C61637469766974693A666F726D4F7065726174696F6E2069643D223136333437313239353131363022206C6162656C3D22E68B92E7BB9D2220747970653D226D756C74695F726566757365222073686F774F726465723D2231223E3C2F61637469766974693A666F726D4F7065726174696F6E3E0A20202020202020203C2F61637469766974693A6F7065726174696F6E4C6973743E0A20202020202020203C61637469766974693A7661726961626C654C6973743E3C2F61637469766974693A7661726961626C654C6973743E0A2020202020203C2F657874656E73696F6E456C656D656E74733E0A2020202020203C6D756C7469496E7374616E63654C6F6F7043686172616374657269737469637320697353657175656E7469616C3D2266616C7365222061637469766974693A636F6C6C656374696F6E3D2261737369676E65654C697374222061637469766974693A656C656D656E745661726961626C653D2261737369676E6565223E0A20202020202020203C636F6D706C6574696F6E436F6E646974696F6E3E247B6E724F66496E7374616E636573203D3D206E724F66436F6D706C65746564496E7374616E6365737D3C2F636F6D706C6574696F6E436F6E646974696F6E3E0A2020202020203C2F6D756C7469496E7374616E63654C6F6F704368617261637465726973746963733E0A202020203C2F62706D6E323A757365725461736B3E0A202020203C62706D6E323A73657175656E6365466C6F772069643D22466C6F775F307976347562702220736F757263655265663D2241637469766974795F3064766734686922207461726765745265663D2241637469766974795F30786F31346E73223E3C2F62706D6E323A73657175656E6365466C6F773E0A202020203C62706D6E323A6578636C7573697665476174657761792069643D22476174657761795F31633066687A66223E0A2020202020203C62706D6E323A696E636F6D696E673E466C6F775F306969796469703C2F62706D6E323A696E636F6D696E673E0A2020202020203C62706D6E323A6F7574676F696E673E466C6F775F3038653538356A3C2F62706D6E323A6F7574676F696E673E0A2020202020203C62706D6E323A6F7574676F696E673E466C6F775F3165696C647A703C2F62706D6E323A6F7574676F696E673E0A202020203C2F62706D6E323A6578636C7573697665476174657761793E0A202020203C62706D6E323A73657175656E6365466C6F772069643D22466C6F775F306969796469702220736F757263655265663D2241637469766974795F30786F31346E7322207461726765745265663D22476174657761795F31633066687A66223E3C2F62706D6E323A73657175656E6365466C6F773E0A202020203C62706D6E323A757365725461736B2069643D2241637469766974795F31656E68356B6522206E616D653D22E680BBE7BB8FE79086E5AEA1E689B9222061637469766974693A63616E64696461746547726F7570733D2231343430393131343130353831323133343136222061637469766974693A666F726D4B65793D227B2671756F743B666F726D49642671756F743B3A2671756F743B313434303935343932303334383934363433322671756F743B2C2671756F743B726561644F6E6C792671756F743B3A747275652C2671756F743B67726F7570547970652671756F743B3A2671756F743B444550542671756F743B7D223E0A2020202020203C657874656E73696F6E456C656D656E74733E0A20202020202020203C61637469766974693A6F7065726174696F6E4C6973743E0A202020202020202020203C61637469766974693A666F726D4F7065726174696F6E2069643D223136333437313331353630393122206C6162656C3D22E5908CE6848F2220747970653D226167726565222073686F774F726465723D2230223E3C2F61637469766974693A666F726D4F7065726174696F6E3E0A202020202020202020203C61637469766974693A666F726D4F7065726174696F6E2069643D223136333437313331353939353622206C6162656C3D22E68B92E7BB9D2220747970653D22726566757365222073686F774F726465723D2231223E3C2F61637469766974693A666F726D4F7065726174696F6E3E0A20202020202020203C2F61637469766974693A6F7065726174696F6E4C6973743E0A20202020202020203C61637469766974693A7661726961626C654C6973743E3C2F61637469766974693A7661726961626C654C6973743E0A2020202020203C2F657874656E73696F6E456C656D656E74733E0A202020203C2F62706D6E323A757365725461736B3E0A202020203C62706D6E323A73657175656E6365466C6F772069643D22466C6F775F3038653538356A22206E616D653D22E5908CE6848FE4BABAE695B0E5A4A7E4BA8E3430252220736F757263655265663D22476174657761795F31633066687A6622207461726765745265663D2241637469766974795F31656E68356B65223E0A2020202020203C636F6E646974696F6E45787072657373696F6E207873693A747970653D2274466F726D616C45787072657373696F6E223E3C215B43444154415B247B6D756C74694167726565436F756E74202F206D756C74694E756D4F66496E7374616E636573203E20302E347D5D5D3E3C2F636F6E646974696F6E45787072657373696F6E3E0A202020203C2F62706D6E323A73657175656E6365466C6F773E0A202020203C62706D6E323A656E644576656E742069643D224576656E745F30383570366479223E0A2020202020203C62706D6E323A696E636F6D696E673E466C6F775F31696E776864653C2F62706D6E323A696E636F6D696E673E0A202020203C2F62706D6E323A656E644576656E743E0A202020203C62706D6E323A73657175656E6365466C6F772069643D22466C6F775F31696E7768646522206E616D653D22E5908CE6848F2220736F757263655265663D2241637469766974795F31656E68356B6522207461726765745265663D224576656E745F30383570366479223E0A2020202020203C657874656E73696F6E456C656D656E74733E0A20202020202020203C61637469766974693A637573746F6D436F6E646974696F6E20747970653D226F7065726174696F6E22206F7065726174696F6E547970653D226167726565223E3C2F61637469766974693A637573746F6D436F6E646974696F6E3E0A2020202020203C2F657874656E73696F6E456C656D656E74733E0A2020202020203C636F6E646974696F6E45787072657373696F6E207873693A747970653D2274466F726D616C45787072657373696F6E223E3C215B43444154415B247B6F7065726174696F6E54797065203D3D20276167726565277D5D5D3E3C2F636F6E646974696F6E45787072657373696F6E3E0A202020203C2F62706D6E323A73657175656E6365466C6F773E0A202020203C62706D6E323A73657175656E6365466C6F772069643D22466C6F775F306A306779327422206E616D653D22E68B92E7BB9D2220736F757263655265663D2241637469766974795F3078657463387522207461726765745265663D2241637469766974795F306263696F6866223E0A2020202020203C657874656E73696F6E456C656D656E74733E0A20202020202020203C61637469766974693A637573746F6D436F6E646974696F6E20747970653D226F7065726174696F6E22206F7065726174696F6E547970653D22726566757365223E3C2F61637469766974693A637573746F6D436F6E646974696F6E3E0A2020202020203C2F657874656E73696F6E456C656D656E74733E0A2020202020203C636F6E646974696F6E45787072657373696F6E207873693A747970653D2274466F726D616C45787072657373696F6E223E3C215B43444154415B247B6F7065726174696F6E54797065203D3D2027726566757365277D5D5D3E3C2F636F6E646974696F6E45787072657373696F6E3E0A202020203C2F62706D6E323A73657175656E6365466C6F773E0A202020203C62706D6E323A73657175656E6365466C6F772069643D22466C6F775F3165696C647A7022206E616D653D22E5908CE6848FE4BABAE695B0E5B08FE4BA8E3430252220736F757263655265663D22476174657761795F31633066687A6622207461726765745265663D2241637469766974795F306263696F6866223E0A2020202020203C636F6E646974696F6E45787072657373696F6E207873693A747970653D2274466F726D616C45787072657373696F6E223E3C215B43444154415B247B6D756C74694167726565436F756E74202F206D756C74694E756D4F66496E7374616E636573203C3D20302E347D5D5D3E3C2F636F6E646974696F6E45787072657373696F6E3E0A202020203C2F62706D6E323A73657175656E6365466C6F773E0A202020203C62706D6E323A73657175656E6365466C6F772069643D22466C6F775F3063326475367022206E616D653D22E68B92E7BB9D2220736F757263655265663D2241637469766974795F31656E68356B6522207461726765745265663D2241637469766974795F306263696F6866223E0A2020202020203C657874656E73696F6E456C656D656E74733E0A20202020202020203C61637469766974693A637573746F6D436F6E646974696F6E20747970653D226F7065726174696F6E22206F7065726174696F6E547970653D22726566757365223E3C2F61637469766974693A637573746F6D436F6E646974696F6E3E0A2020202020203C2F657874656E73696F6E456C656D656E74733E0A2020202020203C636F6E646974696F6E45787072657373696F6E207873693A747970653D2274466F726D616C45787072657373696F6E223E3C215B43444154415B247B6F7065726174696F6E54797065203D3D2027726566757365277D5D5D3E3C2F636F6E646974696F6E45787072657373696F6E3E0A202020203C2F62706D6E323A73657175656E6365466C6F773E0A20203C2F62706D6E323A70726F636573733E0A20203C62706D6E64693A42504D4E4469616772616D2069643D2242504D4E4469616772616D5F666C6F77436F6E7472616374223E0A202020203C62706D6E64693A42504D4E506C616E652062706D6E456C656D656E743D22666C6F77436F6E7472616374222069643D2242504D4E506C616E655F666C6F77436F6E7472616374223E0A2020202020203C62706D6E64693A42504D4E53686170652062706D6E456C656D656E743D224576656E745F306B6A70396369222069643D2242504D4E53686170655F4576656E745F306B6A70396369223E0A20202020202020203C6F6D6764633A426F756E6473206865696768743D2233362E30222077696474683D2233362E302220783D2234322E302220793D223330322E30223E3C2F6F6D6764633A426F756E64733E0A2020202020203C2F62706D6E64693A42504D4E53686170653E0A2020202020203C62706D6E64693A42504D4E53686170652062706D6E456C656D656E743D2241637469766974795F306263696F6866222069643D2242504D4E53686170655F41637469766974795F306263696F6866223E0A20202020202020203C6F6D6764633A426F756E6473206865696768743D2238302E30222077696474683D223130302E302220783D223133302E302220793D223238302E30223E3C2F6F6D6764633A426F756E64733E0A2020202020203C2F62706D6E64693A42504D4E53686170653E0A2020202020203C62706D6E64693A42504D4E53686170652062706D6E456C656D656E743D2241637469766974795F3035336F6D3939222069643D2242504D4E53686170655F41637469766974795F3035336F6D3939223E0A20202020202020203C6F6D6764633A426F756E6473206865696768743D2238302E30222077696474683D223130302E302220783D223239302E302220793D223238302E30223E3C2F6F6D6764633A426F756E64733E0A2020202020203C2F62706D6E64693A42504D4E53686170653E0A2020202020203C62706D6E64693A42504D4E53686170652062706D6E456C656D656E743D22476174657761795F3038353538696A222069643D2242504D4E53686170655F476174657761795F3038353538696A223E0A20202020202020203C6F6D6764633A426F756E6473206865696768743D2235302E30222077696474683D2235302E302220783D223435352E302220793D223239352E30223E3C2F6F6D6764633A426F756E64733E0A2020202020203C2F62706D6E64693A42504D4E53686170653E0A2020202020203C62706D6E64693A42504D4E53686170652062706D6E456C656D656E743D2241637469766974795F307A3930616C69222069643D2242504D4E53686170655F41637469766974795F307A3930616C69223E0A20202020202020203C6F6D6764633A426F756E6473206865696768743D2238302E30222077696474683D223130302E302220783D223537302E302220793D223137302E30223E3C2F6F6D6764633A426F756E64733E0A2020202020203C2F62706D6E64693A42504D4E53686170653E0A2020202020203C62706D6E64693A42504D4E53686170652062706D6E456C656D656E743D2241637469766974795F3137393330616A222069643D2242504D4E53686170655F41637469766974795F3137393330616A223E0A20202020202020203C6F6D6764633A426F756E6473206865696768743D2238302E30222077696474683D223130302E302220783D223537302E302220793D223238302E30223E3C2F6F6D6764633A426F756E64733E0A2020202020203C2F62706D6E64693A42504D4E53686170653E0A2020202020203C62706D6E64693A42504D4E53686170652062706D6E456C656D656E743D22476174657761795F30796A79713068222069643D2242504D4E53686170655F476174657761795F30796A79713068223E0A20202020202020203C6F6D6764633A426F756E6473206865696768743D2235302E30222077696474683D2235302E302220783D223733352E302220793D223239352E30223E3C2F6F6D6764633A426F756E64733E0A2020202020203C2F62706D6E64693A42504D4E53686170653E0A2020202020203C62706D6E64693A42504D4E53686170652062706D6E456C656D656E743D2241637469766974795F30786574633875222069643D2242504D4E53686170655F41637469766974795F30786574633875223E0A20202020202020203C6F6D6764633A426F756E6473206865696768743D2238302E30222077696474683D223130302E302220783D223837302E302220793D223238302E30223E3C2F6F6D6764633A426F756E64733E0A2020202020203C2F62706D6E64693A42504D4E53686170653E0A2020202020203C62706D6E64693A42504D4E53686170652062706D6E456C656D656E743D2241637469766974795F30647667346869222069643D2242504D4E53686170655F41637469766974795F30647667346869223E0A20202020202020203C6F6D6764633A426F756E6473206865696768743D2238302E30222077696474683D223130302E302220783D223837302E302220793D223436302E30223E3C2F6F6D6764633A426F756E64733E0A2020202020203C2F62706D6E64693A42504D4E53686170653E0A2020202020203C62706D6E64693A42504D4E53686170652062706D6E456C656D656E743D2241637469766974795F30786F31346E73222069643D2242504D4E53686170655F41637469766974795F30786F31346E73223E0A20202020202020203C6F6D6764633A426F756E6473206865696768743D2238302E30222077696474683D223130302E302220783D223731302E302220793D223436302E30223E3C2F6F6D6764633A426F756E64733E0A2020202020203C2F62706D6E64693A42504D4E53686170653E0A2020202020203C62706D6E64693A42504D4E53686170652062706D6E456C656D656E743D22476174657761795F31633066687A66222069643D2242504D4E53686170655F476174657761795F31633066687A66223E0A20202020202020203C6F6D6764633A426F756E6473206865696768743D2235302E30222077696474683D2235302E302220783D223535352E302220793D223437352E30223E3C2F6F6D6764633A426F756E64733E0A2020202020203C2F62706D6E64693A42504D4E53686170653E0A2020202020203C62706D6E64693A42504D4E53686170652062706D6E456C656D656E743D2241637469766974795F31656E68356B65222069643D2242504D4E53686170655F41637469766974795F31656E68356B65223E0A20202020202020203C6F6D6764633A426F756E6473206865696768743D2238302E30222077696474683D223130302E302220783D223133302E302220793D223436302E30223E3C2F6F6D6764633A426F756E64733E0A2020202020203C2F62706D6E64693A42504D4E53686170653E0A2020202020203C62706D6E64693A42504D4E53686170652062706D6E456C656D656E743D224576656E745F30383570366479222069643D2242504D4E53686170655F4576656E745F30383570366479223E0A20202020202020203C6F6D6764633A426F756E6473206865696768743D2233362E30222077696474683D2233362E302220783D2234322E302220793D223438322E30223E3C2F6F6D6764633A426F756E64733E0A2020202020203C2F62706D6E64693A42504D4E53686170653E0A2020202020203C62706D6E64693A42504D4E456467652062706D6E456C656D656E743D22466C6F775F30656D7834307A222069643D2242504D4E456467655F466C6F775F30656D7834307A223E0A20202020202020203C6F6D6764693A776179706F696E7420783D2237382E302220793D223332302E30223E3C2F6F6D6764693A776179706F696E743E0A20202020202020203C6F6D6764693A776179706F696E7420783D223133302E302220793D223332302E30223E3C2F6F6D6764693A776179706F696E743E0A2020202020203C2F62706D6E64693A42504D4E456467653E0A2020202020203C62706D6E64693A42504D4E456467652062706D6E456C656D656E743D22466C6F775F30647766397974222069643D2242504D4E456467655F466C6F775F30647766397974223E0A20202020202020203C6F6D6764693A776179706F696E7420783D223233302E302220793D223332302E30223E3C2F6F6D6764693A776179706F696E743E0A20202020202020203C6F6D6764693A776179706F696E7420783D223239302E302220793D223332302E30223E3C2F6F6D6764693A776179706F696E743E0A2020202020203C2F62706D6E64693A42504D4E456467653E0A2020202020203C62706D6E64693A42504D4E456467652062706D6E456C656D656E743D22466C6F775F3076357A6A336B222069643D2242504D4E456467655F466C6F775F3076357A6A336B223E0A20202020202020203C6F6D6764693A776179706F696E7420783D223339302E302220793D223332302E30223E3C2F6F6D6764693A776179706F696E743E0A20202020202020203C6F6D6764693A776179706F696E7420783D223435352E302220793D223332302E30223E3C2F6F6D6764693A776179706F696E743E0A2020202020203C2F62706D6E64693A42504D4E456467653E0A2020202020203C62706D6E64693A42504D4E456467652062706D6E456C656D656E743D22466C6F775F3164357568636F222069643D2242504D4E456467655F466C6F775F3164357568636F223E0A20202020202020203C6F6D6764693A776179706F696E7420783D223438302E302220793D223239352E30223E3C2F6F6D6764693A776179706F696E743E0A20202020202020203C6F6D6764693A776179706F696E7420783D223438302E302220793D223231302E30223E3C2F6F6D6764693A776179706F696E743E0A20202020202020203C6F6D6764693A776179706F696E7420783D223537302E302220793D223231302E30223E3C2F6F6D6764693A776179706F696E743E0A2020202020203C2F62706D6E64693A42504D4E456467653E0A2020202020203C62706D6E64693A42504D4E456467652062706D6E456C656D656E743D22466C6F775F31716839637030222069643D2242504D4E456467655F466C6F775F31716839637030223E0A20202020202020203C6F6D6764693A776179706F696E7420783D223530352E302220793D223332302E30223E3C2F6F6D6764693A776179706F696E743E0A20202020202020203C6F6D6764693A776179706F696E7420783D223537302E302220793D223332302E30223E3C2F6F6D6764693A776179706F696E743E0A2020202020203C2F62706D6E64693A42504D4E456467653E0A2020202020203C62706D6E64693A42504D4E456467652062706D6E456C656D656E743D22466C6F775F316E3563786667222069643D2242504D4E456467655F466C6F775F316E3563786667223E0A20202020202020203C6F6D6764693A776179706F696E7420783D223637302E302220793D223332302E30223E3C2F6F6D6764693A776179706F696E743E0A20202020202020203C6F6D6764693A776179706F696E7420783D223733352E302220793D223332302E30223E3C2F6F6D6764693A776179706F696E743E0A2020202020203C2F62706D6E64693A42504D4E456467653E0A2020202020203C62706D6E64693A42504D4E456467652062706D6E456C656D656E743D22466C6F775F31306866397935222069643D2242504D4E456467655F466C6F775F31306866397935223E0A20202020202020203C6F6D6764693A776179706F696E7420783D223637302E302220793D223231302E30223E3C2F6F6D6764693A776179706F696E743E0A20202020202020203C6F6D6764693A776179706F696E7420783D223736302E302220793D223231302E30223E3C2F6F6D6764693A776179706F696E743E0A20202020202020203C6F6D6764693A776179706F696E7420783D223736302E302220793D223239352E30223E3C2F6F6D6764693A776179706F696E743E0A2020202020203C2F62706D6E64693A42504D4E456467653E0A2020202020203C62706D6E64693A42504D4E456467652062706D6E456C656D656E743D22466C6F775F30767435676F72222069643D2242504D4E456467655F466C6F775F30767435676F72223E0A20202020202020203C6F6D6764693A776179706F696E7420783D223738352E302220793D223332302E30223E3C2F6F6D6764693A776179706F696E743E0A20202020202020203C6F6D6764693A776179706F696E7420783D223837302E302220793D223332302E30223E3C2F6F6D6764693A776179706F696E743E0A2020202020203C2F62706D6E64693A42504D4E456467653E0A2020202020203C62706D6E64693A42504D4E456467652062706D6E456C656D656E743D22466C6F775F30697466646235222069643D2242504D4E456467655F466C6F775F30697466646235223E0A20202020202020203C6F6D6764693A776179706F696E7420783D223934302E302220793D223336302E30223E3C2F6F6D6764693A776179706F696E743E0A20202020202020203C6F6D6764693A776179706F696E7420783D223934302E302220793D223436302E30223E3C2F6F6D6764693A776179706F696E743E0A20202020202020203C62706D6E64693A42504D4E4C6162656C3E0A202020202020202020203C6F6D6764633A426F756E6473206865696768743D2231342E30222077696474683D2232332E302220783D223934342E302220793D223430372E30223E3C2F6F6D6764633A426F756E64733E0A20202020202020203C2F62706D6E64693A42504D4E4C6162656C3E0A2020202020203C2F62706D6E64693A42504D4E456467653E0A2020202020203C62706D6E64693A42504D4E456467652062706D6E456C656D656E743D22466C6F775F30797634756270222069643D2242504D4E456467655F466C6F775F30797634756270223E0A20202020202020203C6F6D6764693A776179706F696E7420783D223837302E302220793D223530302E30223E3C2F6F6D6764693A776179706F696E743E0A20202020202020203C6F6D6764693A776179706F696E7420783D223831302E302220793D223530302E30223E3C2F6F6D6764693A776179706F696E743E0A2020202020203C2F62706D6E64693A42504D4E456467653E0A2020202020203C62706D6E64693A42504D4E456467652062706D6E456C656D656E743D22466C6F775F30696979646970222069643D2242504D4E456467655F466C6F775F30696979646970223E0A20202020202020203C6F6D6764693A776179706F696E7420783D223731302E302220793D223530302E30223E3C2F6F6D6764693A776179706F696E743E0A20202020202020203C6F6D6764693A776179706F696E7420783D223630352E302220793D223530302E30223E3C2F6F6D6764693A776179706F696E743E0A2020202020203C2F62706D6E64693A42504D4E456467653E0A2020202020203C62706D6E64693A42504D4E456467652062706D6E456C656D656E743D22466C6F775F3038653538356A222069643D2242504D4E456467655F466C6F775F3038653538356A223E0A20202020202020203C6F6D6764693A776179706F696E7420783D223535352E302220793D223530302E30223E3C2F6F6D6764693A776179706F696E743E0A20202020202020203C6F6D6764693A776179706F696E7420783D223233302E302220793D223530302E30223E3C2F6F6D6764693A776179706F696E743E0A20202020202020203C62706D6E64693A42504D4E4C6162656C3E0A202020202020202020203C6F6D6764633A426F756E6473206865696768743D2231342E30222077696474683D2238392E302220783D223334382E302220793D223438322E30223E3C2F6F6D6764633A426F756E64733E0A20202020202020203C2F62706D6E64693A42504D4E4C6162656C3E0A2020202020203C2F62706D6E64693A42504D4E456467653E0A2020202020203C62706D6E64693A42504D4E456467652062706D6E456C656D656E743D22466C6F775F31696E77686465222069643D2242504D4E456467655F466C6F775F31696E77686465223E0A20202020202020203C6F6D6764693A776179706F696E7420783D223133302E302220793D223530302E30223E3C2F6F6D6764693A776179706F696E743E0A20202020202020203C6F6D6764693A776179706F696E7420783D2237382E302220793D223530302E30223E3C2F6F6D6764693A776179706F696E743E0A20202020202020203C62706D6E64693A42504D4E4C6162656C3E0A202020202020202020203C6F6D6764633A426F756E6473206865696768743D2231342E30222077696474683D2232332E302220783D2239332E302220793D223438322E30223E3C2F6F6D6764633A426F756E64733E0A20202020202020203C2F62706D6E64693A42504D4E4C6162656C3E0A2020202020203C2F62706D6E64693A42504D4E456467653E0A2020202020203C62706D6E64693A42504D4E456467652062706D6E456C656D656E743D22466C6F775F306A3067793274222069643D2242504D4E456467655F466C6F775F306A3067793274223E0A20202020202020203C6F6D6764693A776179706F696E7420783D223839302E302220793D223336302E30223E3C2F6F6D6764693A776179706F696E743E0A20202020202020203C6F6D6764693A776179706F696E7420783D223839302E302220793D223339302E30223E3C2F6F6D6764693A776179706F696E743E0A20202020202020203C6F6D6764693A776179706F696E7420783D223231302E302220793D223339302E30223E3C2F6F6D6764693A776179706F696E743E0A20202020202020203C6F6D6764693A776179706F696E7420783D223231302E302220793D223336302E30223E3C2F6F6D6764693A776179706F696E743E0A20202020202020203C62706D6E64693A42504D4E4C6162656C3E0A202020202020202020203C6F6D6764633A426F756E6473206865696768743D2231342E30222077696474683D2232322E302220783D223533392E302220793D223337322E30223E3C2F6F6D6764633A426F756E64733E0A20202020202020203C2F62706D6E64693A42504D4E4C6162656C3E0A2020202020203C2F62706D6E64693A42504D4E456467653E0A2020202020203C62706D6E64693A42504D4E456467652062706D6E456C656D656E743D22466C6F775F3165696C647A70222069643D2242504D4E456467655F466C6F775F3165696C647A70223E0A20202020202020203C6F6D6764693A776179706F696E7420783D223538302E302220793D223437352E30223E3C2F6F6D6764693A776179706F696E743E0A20202020202020203C6F6D6764693A776179706F696E7420783D223538302E302220793D223433302E30223E3C2F6F6D6764693A776179706F696E743E0A20202020202020203C6F6D6764693A776179706F696E7420783D223138302E302220793D223433302E30223E3C2F6F6D6764693A776179706F696E743E0A20202020202020203C6F6D6764693A776179706F696E7420783D223138302E302220793D223336302E30223E3C2F6F6D6764693A776179706F696E743E0A20202020202020203C62706D6E64693A42504D4E4C6162656C3E0A202020202020202020203C6F6D6764633A426F756E6473206865696768743D2231342E30222077696474683D2238392E302220783D223333362E302220793D223431322E30223E3C2F6F6D6764633A426F756E64733E0A20202020202020203C2F62706D6E64693A42504D4E4C6162656C3E0A2020202020203C2F62706D6E64693A42504D4E456467653E0A2020202020203C62706D6E64693A42504D4E456467652062706D6E456C656D656E743D22466C6F775F30633264753670222069643D2242504D4E456467655F466C6F775F30633264753670223E0A20202020202020203C6F6D6764693A776179706F696E7420783D223135302E302220793D223436302E30223E3C2F6F6D6764693A776179706F696E743E0A20202020202020203C6F6D6764693A776179706F696E7420783D223135302E302220793D223336302E30223E3C2F6F6D6764693A776179706F696E743E0A20202020202020203C62706D6E64693A42504D4E4C6162656C3E0A202020202020202020203C6F6D6764633A426F756E6473206865696768743D2231342E30222077696474683D2232322E302220783D223135342E302220793D223430372E30223E3C2F6F6D6764633A426F756E64733E0A20202020202020203C2F62706D6E64693A42504D4E4C6162656C3E0A2020202020203C2F62706D6E64693A42504D4E456467653E0A202020203C2F62706D6E64693A42504D4E506C616E653E0A20203C2F62706D6E64693A42504D4E4469616772616D3E0A3C2F62706D6E323A646566696E6974696F6E733E, 0);
INSERT INTO `ACT_GE_BYTEARRAY` VALUES ('b132e582-3175-11ec-9438-f20b812c0662', 1, 'flowConsign.bpmn', 'b132e581-3175-11ec-9438-f20b812c0662', 0x3C3F786D6C2076657273696F6E3D22312E302220656E636F64696E673D225554462D38223F3E0A3C62706D6E323A646566696E6974696F6E7320786D6C6E733D22687474703A2F2F7777772E6F6D672E6F72672F737065632F42504D4E2F32303130303532342F4D4F44454C2220786D6C6E733A62706D6E323D22687474703A2F2F7777772E6F6D672E6F72672F737065632F42504D4E2F32303130303532342F4D4F44454C2220786D6C6E733A7873693D22687474703A2F2F7777772E77332E6F72672F323030312F584D4C536368656D612D696E7374616E63652220786D6C6E733A7873643D22687474703A2F2F7777772E77332E6F72672F323030312F584D4C536368656D612220786D6C6E733A61637469766974693D22687474703A2F2F61637469766974692E6F72672F62706D6E2220786D6C6E733A62706D6E64693D22687474703A2F2F7777772E6F6D672E6F72672F737065632F42504D4E2F32303130303532342F44492220786D6C6E733A6F6D6764633D22687474703A2F2F7777772E6F6D672E6F72672F737065632F44442F32303130303532342F44432220786D6C6E733A6F6D6764693D22687474703A2F2F7777772E6F6D672E6F72672F737065632F44442F32303130303532342F44492220786D6C6E733A64633D22687474703A2F2F7777772E6F6D672E6F72672F737065632F44442F32303130303532342F44432220786D6C6E733A64693D22687474703A2F2F7777772E6F6D672E6F72672F737065632F44442F32303130303532342F44492220747970654C616E67756167653D22687474703A2F2F7777772E77332E6F72672F323030312F584D4C536368656D61222065787072657373696F6E4C616E67756167653D22687474703A2F2F7777772E77332E6F72672F313939392F585061746822207461726765744E616D6573706163653D22687474703A2F2F61637469766974692E6F72672F62706D6E222069643D226469616772616D5F666C6F77436F6E7369676E22207873693A736368656D614C6F636174696F6E3D22687474703A2F2F7777772E6F6D672E6F72672F737065632F42504D4E2F32303130303532342F4D4F44454C2042504D4E32302E787364223E0A20203C62706D6E323A70726F636573732069643D22666C6F77436F6E7369676E22206E616D653D22E5A49AE5AE9EE4BE8BE58AA0E7ADBE2220697345786563757461626C653D2274727565223E0A202020203C657874656E73696F6E456C656D656E74733E0A2020202020203C61637469766974693A657865637574696F6E4C697374656E6572206576656E743D22656E642220636C6173733D22636F6D2E666C6F772E64656D6F2E636F6D6D6F6E2E666C6F772E6C697374656E65722E557064617465466C6F775374617475734C697374656E6572223E3C2F61637469766974693A657865637574696F6E4C697374656E65723E0A202020203C2F657874656E73696F6E456C656D656E74733E0A202020203C62706D6E323A73746172744576656E742069643D224576656E745F30696A78367971223E0A2020202020203C62706D6E323A6F7574676F696E673E466C6F775F303569676E6E613C2F62706D6E323A6F7574676F696E673E0A202020203C2F62706D6E323A73746172744576656E743E0A202020203C62706D6E323A757365725461736B2069643D2241637469766974795F313032326E747922206E616D653D22E5BD95E585A5222061637469766974693A61737369676E65653D22247B7374617274557365724E616D657D222061637469766974693A666F726D4B65793D227B2671756F743B666F726D49642671756F743B3A2671756F743B313434303934353431313335343236373634382671756F743B2C2671756F743B726561644F6E6C792671756F743B3A66616C73652C2671756F743B67726F7570547970652671756F743B3A2671756F743B444550542671756F743B7D223E0A2020202020203C657874656E73696F6E456C656D656E74733E0A20202020202020203C61637469766974693A6F7065726174696F6E4C6973743E0A202020202020202020203C61637469766974693A666F726D4F7065726174696F6E2069643D223136333437313334383132303222206C6162656C3D22E4BC9AE7ADBE2220747970653D226D756C74695F7369676E222073686F774F726465723D2230223E3C2F61637469766974693A666F726D4F7065726174696F6E3E0A202020202020202020203C61637469766974693A666F726D4F7065726174696F6E2069643D223136333437313335353833333422206C6162656C3D22E58AA0E7ADBE2220747970653D226D756C74695F636F6E7369676E222073686F774F726465723D2231223E3C2F61637469766974693A666F726D4F7065726174696F6E3E0A20202020202020203C2F61637469766974693A6F7065726174696F6E4C6973743E0A20202020202020203C61637469766974693A7661726961626C654C6973743E3C2F61637469766974693A7661726961626C654C6973743E0A2020202020203C2F657874656E73696F6E456C656D656E74733E0A202020203C2F62706D6E323A757365725461736B3E0A202020203C62706D6E323A73657175656E6365466C6F772069643D22466C6F775F303569676E6E612220736F757263655265663D224576656E745F30696A7836797122207461726765745265663D2241637469766974795F313032326E7479223E3C2F62706D6E323A73657175656E6365466C6F773E0A202020203C62706D6E323A757365725461736B2069643D2241637469766974795F30756D79706F6722206E616D653D22E4BC9AE7ADBE222061637469766974693A61737369676E65653D22247B61737369676E65657D222061637469766974693A666F726D4B65793D227B2671756F743B666F726D49642671756F743B3A2671756F743B313434303934353431313335343236373634382671756F743B2C2671756F743B726561644F6E6C792671756F743B3A747275652C2671756F743B67726F7570547970652671756F743B3A2671756F743B444550542671756F743B7D223E0A2020202020203C657874656E73696F6E456C656D656E74733E0A20202020202020203C61637469766974693A6F7065726174696F6E4C6973743E3C2F61637469766974693A6F7065726174696F6E4C6973743E0A20202020202020203C61637469766974693A7661726961626C654C6973743E3C2F61637469766974693A7661726961626C654C6973743E0A2020202020203C2F657874656E73696F6E456C656D656E74733E0A2020202020203C6D756C7469496E7374616E63654C6F6F7043686172616374657269737469637320697353657175656E7469616C3D2266616C7365222061637469766974693A636F6C6C656374696F6E3D2261737369676E65654C697374222061637469766974693A656C656D656E745661726961626C653D2261737369676E6565223E0A20202020202020203C636F6D706C6574696F6E436F6E646974696F6E3E247B6E724F66496E7374616E636573203D3D206E724F66436F6D706C65746564496E7374616E6365737D3C2F636F6D706C6574696F6E436F6E646974696F6E3E0A2020202020203C2F6D756C7469496E7374616E63654C6F6F704368617261637465726973746963733E0A202020203C2F62706D6E323A757365725461736B3E0A202020203C62706D6E323A73657175656E6365466C6F772069643D22466C6F775F31387A6C3769392220736F757263655265663D2241637469766974795F313032326E747922207461726765745265663D2241637469766974795F30756D79706F67223E3C2F62706D6E323A73657175656E6365466C6F773E0A202020203C62706D6E323A757365725461736B2069643D2241637469766974795F3168396464387422206E616D653D22E5AEA1E689B9222061637469766974693A61737369676E65653D2261646D696E222061637469766974693A666F726D4B65793D227B2671756F743B666F726D49642671756F743B3A2671756F743B313434303934353431313335343236373634382671756F743B2C2671756F743B726561644F6E6C792671756F743B3A747275652C2671756F743B67726F7570547970652671756F743B3A2671756F743B444550542671756F743B7D223E0A2020202020203C657874656E73696F6E456C656D656E74733E0A20202020202020203C61637469766974693A6F7065726174696F6E4C6973743E0A202020202020202020203C61637469766974693A666F726D4F7065726174696F6E2069643D223136333437313339363938343222206C6162656C3D22E5908CE6848F2220747970653D226167726565222073686F774F726465723D2230223E3C2F61637469766974693A666F726D4F7065726174696F6E3E0A202020202020202020203C61637469766974693A666F726D4F7065726174696F6E2069643D223136333437313339373531323022206C6162656C3D22E68B92E7BB9D2220747970653D22726566757365222073686F774F726465723D2231223E3C2F61637469766974693A666F726D4F7065726174696F6E3E0A20202020202020203C2F61637469766974693A6F7065726174696F6E4C6973743E0A20202020202020203C61637469766974693A7661726961626C654C6973743E3C2F61637469766974693A7661726961626C654C6973743E0A2020202020203C2F657874656E73696F6E456C656D656E74733E0A202020203C2F62706D6E323A757365725461736B3E0A202020203C62706D6E323A73657175656E6365466C6F772069643D22466C6F775F313332613177652220736F757263655265663D2241637469766974795F30756D79706F6722207461726765745265663D2241637469766974795F31683964643874223E3C2F62706D6E323A73657175656E6365466C6F773E0A202020203C62706D6E323A656E644576656E742069643D224576656E745F30626E356E6C31223E0A2020202020203C62706D6E323A696E636F6D696E673E466C6F775F317734386D65313C2F62706D6E323A696E636F6D696E673E0A202020203C2F62706D6E323A656E644576656E743E0A202020203C62706D6E323A73657175656E6365466C6F772069643D22466C6F775F317734386D653122206E616D653D22E5908CE6848F2220736F757263655265663D2241637469766974795F3168396464387422207461726765745265663D224576656E745F30626E356E6C31223E0A2020202020203C657874656E73696F6E456C656D656E74733E0A20202020202020203C61637469766974693A637573746F6D436F6E646974696F6E20747970653D226F7065726174696F6E22206F7065726174696F6E547970653D226167726565223E3C2F61637469766974693A637573746F6D436F6E646974696F6E3E0A2020202020203C2F657874656E73696F6E456C656D656E74733E0A2020202020203C636F6E646974696F6E45787072657373696F6E207873693A747970653D2274466F726D616C45787072657373696F6E223E3C215B43444154415B247B6F7065726174696F6E54797065203D3D20276167726565277D5D5D3E3C2F636F6E646974696F6E45787072657373696F6E3E0A202020203C2F62706D6E323A73657175656E6365466C6F773E0A202020203C62706D6E323A73657175656E6365466C6F772069643D22466C6F775F31707632617A7422206E616D653D22E68B92E7BB9D2220736F757263655265663D2241637469766974795F3168396464387422207461726765745265663D2241637469766974795F313032326E7479223E0A2020202020203C657874656E73696F6E456C656D656E74733E0A20202020202020203C61637469766974693A637573746F6D436F6E646974696F6E20747970653D226F7065726174696F6E22206F7065726174696F6E547970653D22726566757365223E3C2F61637469766974693A637573746F6D436F6E646974696F6E3E0A2020202020203C2F657874656E73696F6E456C656D656E74733E0A2020202020203C636F6E646974696F6E45787072657373696F6E207873693A747970653D2274466F726D616C45787072657373696F6E223E3C215B43444154415B247B6F7065726174696F6E54797065203D3D2027726566757365277D5D5D3E3C2F636F6E646974696F6E45787072657373696F6E3E0A202020203C2F62706D6E323A73657175656E6365466C6F773E0A20203C2F62706D6E323A70726F636573733E0A20203C62706D6E64693A42504D4E4469616772616D2069643D2242504D4E4469616772616D5F666C6F77436F6E7369676E223E0A202020203C62706D6E64693A42504D4E506C616E652062706D6E456C656D656E743D22666C6F77436F6E7369676E222069643D2242504D4E506C616E655F666C6F77436F6E7369676E223E0A2020202020203C62706D6E64693A42504D4E53686170652062706D6E456C656D656E743D224576656E745F30696A78367971222069643D2242504D4E53686170655F4576656E745F30696A78367971223E0A20202020202020203C6F6D6764633A426F756E6473206865696768743D2233362E30222077696474683D2233362E302220783D223135322E302220793D223237322E30223E3C2F6F6D6764633A426F756E64733E0A2020202020203C2F62706D6E64693A42504D4E53686170653E0A2020202020203C62706D6E64693A42504D4E53686170652062706D6E456C656D656E743D2241637469766974795F313032326E7479222069643D2242504D4E53686170655F41637469766974795F313032326E7479223E0A20202020202020203C6F6D6764633A426F756E6473206865696768743D2238302E30222077696474683D223130302E302220783D223234302E302220793D223235302E30223E3C2F6F6D6764633A426F756E64733E0A2020202020203C2F62706D6E64693A42504D4E53686170653E0A2020202020203C62706D6E64693A42504D4E53686170652062706D6E456C656D656E743D2241637469766974795F30756D79706F67222069643D2242504D4E53686170655F41637469766974795F30756D79706F67223E0A20202020202020203C6F6D6764633A426F756E6473206865696768743D2238302E30222077696474683D223130302E302220783D223430302E302220793D223235302E30223E3C2F6F6D6764633A426F756E64733E0A2020202020203C2F62706D6E64693A42504D4E53686170653E0A2020202020203C62706D6E64693A42504D4E53686170652062706D6E456C656D656E743D2241637469766974795F31683964643874222069643D2242504D4E53686170655F41637469766974795F31683964643874223E0A20202020202020203C6F6D6764633A426F756E6473206865696768743D2238302E30222077696474683D223130302E302220783D223536302E302220793D223235302E30223E3C2F6F6D6764633A426F756E64733E0A2020202020203C2F62706D6E64693A42504D4E53686170653E0A2020202020203C62706D6E64693A42504D4E53686170652062706D6E456C656D656E743D224576656E745F30626E356E6C31222069643D2242504D4E53686170655F4576656E745F30626E356E6C31223E0A20202020202020203C6F6D6764633A426F756E6473206865696768743D2233362E30222077696474683D2233362E302220783D223732322E302220793D223237322E30223E3C2F6F6D6764633A426F756E64733E0A2020202020203C2F62706D6E64693A42504D4E53686170653E0A2020202020203C62706D6E64693A42504D4E456467652062706D6E456C656D656E743D22466C6F775F317734386D6531222069643D2242504D4E456467655F466C6F775F317734386D6531223E0A20202020202020203C6F6D6764693A776179706F696E7420783D223636302E302220793D223239302E30223E3C2F6F6D6764693A776179706F696E743E0A20202020202020203C6F6D6764693A776179706F696E7420783D223732322E302220793D223239302E30223E3C2F6F6D6764693A776179706F696E743E0A20202020202020203C62706D6E64693A42504D4E4C6162656C3E0A202020202020202020203C6F6D6764633A426F756E6473206865696768743D2231342E30222077696474683D2232332E302220783D223638302E302220793D223237322E30223E3C2F6F6D6764633A426F756E64733E0A20202020202020203C2F62706D6E64693A42504D4E4C6162656C3E0A2020202020203C2F62706D6E64693A42504D4E456467653E0A2020202020203C62706D6E64693A42504D4E456467652062706D6E456C656D656E743D22466C6F775F31333261317765222069643D2242504D4E456467655F466C6F775F31333261317765223E0A20202020202020203C6F6D6764693A776179706F696E7420783D223530302E302220793D223239302E30223E3C2F6F6D6764693A776179706F696E743E0A20202020202020203C6F6D6764693A776179706F696E7420783D223536302E302220793D223239302E30223E3C2F6F6D6764693A776179706F696E743E0A2020202020203C2F62706D6E64693A42504D4E456467653E0A2020202020203C62706D6E64693A42504D4E456467652062706D6E456C656D656E743D22466C6F775F31387A6C376939222069643D2242504D4E456467655F466C6F775F31387A6C376939223E0A20202020202020203C6F6D6764693A776179706F696E7420783D223334302E302220793D223239302E30223E3C2F6F6D6764693A776179706F696E743E0A20202020202020203C6F6D6764693A776179706F696E7420783D223430302E302220793D223239302E30223E3C2F6F6D6764693A776179706F696E743E0A2020202020203C2F62706D6E64693A42504D4E456467653E0A2020202020203C62706D6E64693A42504D4E456467652062706D6E456C656D656E743D22466C6F775F303569676E6E61222069643D2242504D4E456467655F466C6F775F303569676E6E61223E0A20202020202020203C6F6D6764693A776179706F696E7420783D223138382E302220793D223239302E30223E3C2F6F6D6764693A776179706F696E743E0A20202020202020203C6F6D6764693A776179706F696E7420783D223234302E302220793D223239302E30223E3C2F6F6D6764693A776179706F696E743E0A2020202020203C2F62706D6E64693A42504D4E456467653E0A2020202020203C62706D6E64693A42504D4E456467652062706D6E456C656D656E743D22466C6F775F31707632617A74222069643D2242504D4E456467655F466C6F775F31707632617A74223E0A20202020202020203C6F6D6764693A776179706F696E7420783D223631302E302220793D223235302E30223E3C2F6F6D6764693A776179706F696E743E0A20202020202020203C6F6D6764693A776179706F696E7420783D223631302E302220793D223232302E30223E3C2F6F6D6764693A776179706F696E743E0A20202020202020203C6F6D6764693A776179706F696E7420783D223239302E302220793D223232302E30223E3C2F6F6D6764693A776179706F696E743E0A20202020202020203C6F6D6764693A776179706F696E7420783D223239302E302220793D223235302E30223E3C2F6F6D6764693A776179706F696E743E0A20202020202020203C62706D6E64693A42504D4E4C6162656C3E0A202020202020202020203C6F6D6764633A426F756E6473206865696768743D2231342E30222077696474683D2232322E302220783D223433392E302220793D223230322E30223E3C2F6F6D6764633A426F756E64733E0A20202020202020203C2F62706D6E64693A42504D4E4C6162656C3E0A2020202020203C2F62706D6E64693A42504D4E456467653E0A202020203C2F62706D6E64693A42504D4E506C616E653E0A20203C2F62706D6E64693A42504D4E4469616772616D3E0A3C2F62706D6E323A646566696E6974696F6E733E, 0);
INSERT INTO `ACT_GE_BYTEARRAY` VALUES ('b28a3825-3175-11ec-9438-f20b812c0662', 1, 'flowTranslate.bpmn', 'b28a3824-3175-11ec-9438-f20b812c0662', 0x3C3F786D6C2076657273696F6E3D22312E302220656E636F64696E673D225554462D38223F3E0A3C62706D6E323A646566696E6974696F6E7320786D6C6E733D22687474703A2F2F7777772E6F6D672E6F72672F737065632F42504D4E2F32303130303532342F4D4F44454C2220786D6C6E733A62706D6E323D22687474703A2F2F7777772E6F6D672E6F72672F737065632F42504D4E2F32303130303532342F4D4F44454C2220786D6C6E733A7873693D22687474703A2F2F7777772E77332E6F72672F323030312F584D4C536368656D612D696E7374616E63652220786D6C6E733A7873643D22687474703A2F2F7777772E77332E6F72672F323030312F584D4C536368656D612220786D6C6E733A61637469766974693D22687474703A2F2F61637469766974692E6F72672F62706D6E2220786D6C6E733A62706D6E64693D22687474703A2F2F7777772E6F6D672E6F72672F737065632F42504D4E2F32303130303532342F44492220786D6C6E733A6F6D6764633D22687474703A2F2F7777772E6F6D672E6F72672F737065632F44442F32303130303532342F44432220786D6C6E733A6F6D6764693D22687474703A2F2F7777772E6F6D672E6F72672F737065632F44442F32303130303532342F44492220786D6C6E733A64633D22687474703A2F2F7777772E6F6D672E6F72672F737065632F44442F32303130303532342F44432220786D6C6E733A64693D22687474703A2F2F7777772E6F6D672E6F72672F737065632F44442F32303130303532342F44492220747970654C616E67756167653D22687474703A2F2F7777772E77332E6F72672F323030312F584D4C536368656D61222065787072657373696F6E4C616E67756167653D22687474703A2F2F7777772E77332E6F72672F313939392F585061746822207461726765744E616D6573706163653D22687474703A2F2F61637469766974692E6F72672F62706D6E222069643D226469616772616D5F666C6F775472616E736C61746522207873693A736368656D614C6F636174696F6E3D22687474703A2F2F7777772E6F6D672E6F72672F737065632F42504D4E2F32303130303532342F4D4F44454C2042504D4E32302E787364223E0A20203C62706D6E323A70726F636573732069643D22666C6F775472616E736C61746522206E616D653D22E8BDACE58A9EE6B581E7A88B2220697345786563757461626C653D2274727565223E0A202020203C657874656E73696F6E456C656D656E74733E0A2020202020203C61637469766974693A657865637574696F6E4C697374656E6572206576656E743D22656E642220636C6173733D22636F6D2E666C6F772E64656D6F2E636F6D6D6F6E2E666C6F772E6C697374656E65722E557064617465466C6F775374617475734C697374656E6572223E3C2F61637469766974693A657865637574696F6E4C697374656E65723E0A202020203C2F657874656E73696F6E456C656D656E74733E0A202020203C62706D6E323A73746172744576656E742069643D224576656E745F31357A6F6D7466223E0A2020202020203C62706D6E323A6F7574676F696E673E466C6F775F31756E7635326A3C2F62706D6E323A6F7574676F696E673E0A202020203C2F62706D6E323A73746172744576656E743E0A202020203C62706D6E323A757365725461736B2069643D2241637469766974795F3063366E78646D22206E616D653D22E5BD95E585A5222061637469766974693A61737369676E65653D22247B7374617274557365724E616D657D222061637469766974693A666F726D4B65793D227B2671756F743B666F726D49642671756F743B3A2671756F743B313434303934353431313335343236373634382671756F743B2C2671756F743B726561644F6E6C792671756F743B3A66616C73652C2671756F743B67726F7570547970652671756F743B3A2671756F743B444550542671756F743B7D223E0A2020202020203C657874656E73696F6E456C656D656E74733E0A20202020202020203C61637469766974693A6F7065726174696F6E4C6973743E0A202020202020202020203C61637469766974693A666F726D4F7065726174696F6E2069643D223136333437313431323835353222206C6162656C3D22E68F90E4BAA42220747970653D226167726565222073686F774F726465723D2230223E3C2F61637469766974693A666F726D4F7065726174696F6E3E0A20202020202020203C2F61637469766974693A6F7065726174696F6E4C6973743E0A20202020202020203C61637469766974693A7661726961626C654C6973743E3C2F61637469766974693A7661726961626C654C6973743E0A2020202020203C2F657874656E73696F6E456C656D656E74733E0A202020203C2F62706D6E323A757365725461736B3E0A202020203C62706D6E323A73657175656E6365466C6F772069643D22466C6F775F31756E7635326A2220736F757263655265663D224576656E745F31357A6F6D746622207461726765745265663D2241637469766974795F3063366E78646D223E3C2F62706D6E323A73657175656E6365466C6F773E0A202020203C62706D6E323A757365725461736B2069643D2241637469766974795F3077777369397722206E616D653D22E8BDACE58A9E222061637469766974693A61737369676E65653D2261646D696E222061637469766974693A666F726D4B65793D227B2671756F743B666F726D49642671756F743B3A2671756F743B313434303934353431313335343236373634382671756F743B2C2671756F743B726561644F6E6C792671756F743B3A747275652C2671756F743B67726F7570547970652671756F743B3A2671756F743B444550542671756F743B7D223E0A2020202020203C657874656E73696F6E456C656D656E74733E0A20202020202020203C61637469766974693A6F7065726174696F6E4C6973743E0A202020202020202020203C61637469766974693A666F726D4F7065726174696F6E2069643D223136333437313431343033303022206C6162656C3D22E5908CE6848F2220747970653D226167726565222073686F774F726465723D2230223E3C2F61637469766974693A666F726D4F7065726174696F6E3E0A202020202020202020203C61637469766974693A666F726D4F7065726174696F6E2069643D223136333437313431343434343922206C6162656C3D22E8BDACE58A9E2220747970653D227472616E73666572222073686F774F726465723D2231223E3C2F61637469766974693A666F726D4F7065726174696F6E3E0A20202020202020203C2F61637469766974693A6F7065726174696F6E4C6973743E0A20202020202020203C61637469766974693A7661726961626C654C6973743E3C2F61637469766974693A7661726961626C654C6973743E0A2020202020203C2F657874656E73696F6E456C656D656E74733E0A202020203C2F62706D6E323A757365725461736B3E0A202020203C62706D6E323A73657175656E6365466C6F772069643D22466C6F775F317932696835682220736F757263655265663D2241637469766974795F3063366E78646D22207461726765745265663D2241637469766974795F30777773693977223E3C2F62706D6E323A73657175656E6365466C6F773E0A202020203C62706D6E323A656E644576656E742069643D224576656E745F31616D31747561223E0A2020202020203C62706D6E323A696E636F6D696E673E466C6F775F30306F617A366A3C2F62706D6E323A696E636F6D696E673E0A202020203C2F62706D6E323A656E644576656E743E0A202020203C62706D6E323A73657175656E6365466C6F772069643D22466C6F775F30306F617A366A2220736F757263655265663D2241637469766974795F3077777369397722207461726765745265663D224576656E745F31616D31747561223E3C2F62706D6E323A73657175656E6365466C6F773E0A20203C2F62706D6E323A70726F636573733E0A20203C62706D6E64693A42504D4E4469616772616D2069643D2242504D4E4469616772616D5F666C6F775472616E736C617465223E0A202020203C62706D6E64693A42504D4E506C616E652062706D6E456C656D656E743D22666C6F775472616E736C617465222069643D2242504D4E506C616E655F666C6F775472616E736C617465223E0A2020202020203C62706D6E64693A42504D4E53686170652062706D6E456C656D656E743D224576656E745F31357A6F6D7466222069643D2242504D4E53686170655F4576656E745F31357A6F6D7466223E0A20202020202020203C6F6D6764633A426F756E6473206865696768743D2233362E30222077696474683D2233362E302220783D223136322E302220793D223237322E30223E3C2F6F6D6764633A426F756E64733E0A2020202020203C2F62706D6E64693A42504D4E53686170653E0A2020202020203C62706D6E64693A42504D4E53686170652062706D6E456C656D656E743D2241637469766974795F3063366E78646D222069643D2242504D4E53686170655F41637469766974795F3063366E78646D223E0A20202020202020203C6F6D6764633A426F756E6473206865696768743D2238302E30222077696474683D223130302E302220783D223235302E302220793D223235302E30223E3C2F6F6D6764633A426F756E64733E0A2020202020203C2F62706D6E64693A42504D4E53686170653E0A2020202020203C62706D6E64693A42504D4E53686170652062706D6E456C656D656E743D2241637469766974795F30777773693977222069643D2242504D4E53686170655F41637469766974795F30777773693977223E0A20202020202020203C6F6D6764633A426F756E6473206865696768743D2238302E30222077696474683D223130302E302220783D223431302E302220793D223235302E30223E3C2F6F6D6764633A426F756E64733E0A2020202020203C2F62706D6E64693A42504D4E53686170653E0A2020202020203C62706D6E64693A42504D4E53686170652062706D6E456C656D656E743D224576656E745F31616D31747561222069643D2242504D4E53686170655F4576656E745F31616D31747561223E0A20202020202020203C6F6D6764633A426F756E6473206865696768743D2233362E30222077696474683D2233362E302220783D223537322E302220793D223237322E30223E3C2F6F6D6764633A426F756E64733E0A2020202020203C2F62706D6E64693A42504D4E53686170653E0A2020202020203C62706D6E64693A42504D4E456467652062706D6E456C656D656E743D22466C6F775F31756E7635326A222069643D2242504D4E456467655F466C6F775F31756E7635326A223E0A20202020202020203C6F6D6764693A776179706F696E7420783D223139382E302220793D223239302E30223E3C2F6F6D6764693A776179706F696E743E0A20202020202020203C6F6D6764693A776179706F696E7420783D223235302E302220793D223239302E30223E3C2F6F6D6764693A776179706F696E743E0A2020202020203C2F62706D6E64693A42504D4E456467653E0A2020202020203C62706D6E64693A42504D4E456467652062706D6E456C656D656E743D22466C6F775F31793269683568222069643D2242504D4E456467655F466C6F775F31793269683568223E0A20202020202020203C6F6D6764693A776179706F696E7420783D223335302E302220793D223239302E30223E3C2F6F6D6764693A776179706F696E743E0A20202020202020203C6F6D6764693A776179706F696E7420783D223431302E302220793D223239302E30223E3C2F6F6D6764693A776179706F696E743E0A2020202020203C2F62706D6E64693A42504D4E456467653E0A2020202020203C62706D6E64693A42504D4E456467652062706D6E456C656D656E743D22466C6F775F30306F617A366A222069643D2242504D4E456467655F466C6F775F30306F617A366A223E0A20202020202020203C6F6D6764693A776179706F696E7420783D223531302E302220793D223239302E30223E3C2F6F6D6764693A776179706F696E743E0A20202020202020203C6F6D6764693A776179706F696E7420783D223537322E302220793D223239302E30223E3C2F6F6D6764693A776179706F696E743E0A2020202020203C2F62706D6E64693A42504D4E456467653E0A202020203C2F62706D6E64693A42504D4E506C616E653E0A20203C2F62706D6E64693A42504D4E4469616772616D3E0A3C2F62706D6E323A646566696E6974696F6E733E, 0);
COMMIT;

-- ----------------------------
-- Table structure for ACT_GE_PROPERTY
-- ----------------------------
DROP TABLE IF EXISTS `ACT_GE_PROPERTY`;
CREATE TABLE `ACT_GE_PROPERTY` (
  `NAME_` varchar(64) CHARACTER SET utf8 COLLATE utf8_bin NOT NULL,
  `VALUE_` varchar(300) CHARACTER SET utf8 COLLATE utf8_bin DEFAULT NULL,
  `REV_` int DEFAULT NULL,
  PRIMARY KEY (`NAME_`)
) ENGINE=InnoDB DEFAULT CHARSET=utf8mb3 COLLATE=utf8_bin;

-- ----------------------------
-- Records of ACT_GE_PROPERTY
-- ----------------------------
BEGIN;
INSERT INTO `ACT_GE_PROPERTY` VALUES ('cfg.execution-related-entities-count', 'false', 1);
INSERT INTO `ACT_GE_PROPERTY` VALUES ('next.dbid', '2501', 2);
INSERT INTO `ACT_GE_PROPERTY` VALUES ('schema.history', 'create(7.1.0-M6)', 1);
INSERT INTO `ACT_GE_PROPERTY` VALUES ('schema.version', '7.1.0-M6', 1);
COMMIT;

-- ----------------------------
-- Table structure for ACT_HI_ACTINST
-- ----------------------------
DROP TABLE IF EXISTS `ACT_HI_ACTINST`;
CREATE TABLE `ACT_HI_ACTINST` (
  `ID_` varchar(64) CHARACTER SET utf8 COLLATE utf8_bin NOT NULL,
  `PROC_DEF_ID_` varchar(64) CHARACTER SET utf8 COLLATE utf8_bin NOT NULL,
  `PROC_INST_ID_` varchar(64) CHARACTER SET utf8 COLLATE utf8_bin NOT NULL,
  `EXECUTION_ID_` varchar(64) CHARACTER SET utf8 COLLATE utf8_bin NOT NULL,
  `ACT_ID_` varchar(255) CHARACTER SET utf8 COLLATE utf8_bin NOT NULL,
  `TASK_ID_` varchar(64) CHARACTER SET utf8 COLLATE utf8_bin DEFAULT NULL,
  `CALL_PROC_INST_ID_` varchar(64) CHARACTER SET utf8 COLLATE utf8_bin DEFAULT NULL,
  `ACT_NAME_` varchar(255) CHARACTER SET utf8 COLLATE utf8_bin DEFAULT NULL,
  `ACT_TYPE_` varchar(255) CHARACTER SET utf8 COLLATE utf8_bin NOT NULL,
  `ASSIGNEE_` varchar(255) CHARACTER SET utf8 COLLATE utf8_bin DEFAULT NULL,
  `START_TIME_` datetime(3) NOT NULL,
  `END_TIME_` datetime(3) DEFAULT NULL,
  `DURATION_` bigint DEFAULT NULL,
  `DELETE_REASON_` varchar(4000) CHARACTER SET utf8 COLLATE utf8_bin DEFAULT NULL,
  `TENANT_ID_` varchar(255) CHARACTER SET utf8 COLLATE utf8_bin DEFAULT '',
  PRIMARY KEY (`ID_`),
  KEY `ACT_IDX_HI_ACT_INST_START` (`START_TIME_`),
  KEY `ACT_IDX_HI_ACT_INST_END` (`END_TIME_`),
  KEY `ACT_IDX_HI_ACT_INST_PROCINST` (`PROC_INST_ID_`,`ACT_ID_`),
  KEY `ACT_IDX_HI_ACT_INST_EXEC` (`EXECUTION_ID_`,`ACT_ID_`)
) ENGINE=InnoDB DEFAULT CHARSET=utf8mb3 COLLATE=utf8_bin;

-- ----------------------------
-- Records of ACT_HI_ACTINST
-- ----------------------------
BEGIN;
INSERT INTO `ACT_HI_ACTINST` VALUES ('01c6f4e1-3185-11ec-9f40-f20b812c0662', 'flowContract:2:7ce26a87-3184-11ec-9f40-f20b812c0662', 'ec6ca594-3184-11ec-9f40-f20b812c0662', 'ec6ca59c-3184-11ec-9f40-f20b812c0662', 'Gateway_0yjyq0h', NULL, NULL, NULL, 'parallelGateway', NULL, '2021-10-20 17:06:27.187', '2021-10-20 17:06:27.187', 0, NULL, '');
INSERT INTO `ACT_HI_ACTINST` VALUES ('01c79122-3185-11ec-9f40-f20b812c0662', 'flowContract:2:7ce26a87-3184-11ec-9f40-f20b812c0662', 'ec6ca594-3184-11ec-9f40-f20b812c0662', 'ec6ca59c-3184-11ec-9f40-f20b812c0662', 'Activity_0xetc8u', '01c79123-3185-11ec-9f40-f20b812c0662', NULL, '财务部审批', 'userTask', 'leaderTJ2', '2021-10-20 17:06:27.191', '2021-10-20 17:07:49.551', 82360, NULL, '');
INSERT INTO `ACT_HI_ACTINST` VALUES ('04b2d5dc-317b-11ec-9438-f20b812c0662', 'flowTranslate:1:b28cd036-3175-11ec-9438-f20b812c0662', '04b2aec5-317b-11ec-9438-f20b812c0662', '04b2aecb-317b-11ec-9438-f20b812c0662', 'Event_15zomtf', NULL, NULL, NULL, 'startEvent', NULL, '2021-10-20 15:54:57.121', '2021-10-20 15:54:57.121', 0, NULL, '');
INSERT INTO `ACT_HI_ACTINST` VALUES ('04b2d5dd-317b-11ec-9438-f20b812c0662', 'flowTranslate:1:b28cd036-3175-11ec-9438-f20b812c0662', '04b2aec5-317b-11ec-9438-f20b812c0662', '04b2aecb-317b-11ec-9438-f20b812c0662', 'Activity_0c6nxdm', '04b2d5de-317b-11ec-9438-f20b812c0662', NULL, '录入', 'userTask', 'userD', '2021-10-20 15:54:57.121', '2021-10-20 15:54:57.150', 29, NULL, '');
INSERT INTO `ACT_HI_ACTINST` VALUES ('04b742b9-317b-11ec-9438-f20b812c0662', 'flowTranslate:1:b28cd036-3175-11ec-9438-f20b812c0662', '04b2aec5-317b-11ec-9438-f20b812c0662', '04b2aecb-317b-11ec-9438-f20b812c0662', 'Activity_0wwsi9w', '04b742ba-317b-11ec-9438-f20b812c0662', NULL, '转办', 'userTask', 'userD', '2021-10-20 15:54:57.150', '2021-10-20 15:55:28.470', 31320, NULL, '');
INSERT INTO `ACT_HI_ACTINST` VALUES ('17627757-317b-11ec-9438-f20b812c0662', 'flowTranslate:1:b28cd036-3175-11ec-9438-f20b812c0662', '04b2aec5-317b-11ec-9438-f20b812c0662', '04b2aecb-317b-11ec-9438-f20b812c0662', 'Event_1am1tua', NULL, NULL, NULL, 'endEvent', NULL, '2021-10-20 15:55:28.471', '2021-10-20 15:55:28.471', 0, NULL, '');
INSERT INTO `ACT_HI_ACTINST` VALUES ('190058f3-3184-11ec-ad5a-f20b812c0662', 'flowSubmit:1:ae87c2ad-3175-11ec-9438-f20b812c0662', '190031da-3184-11ec-ad5a-f20b812c0662', '190058f2-3184-11ec-ad5a-f20b812c0662', 'Event_1u4dx3b', NULL, NULL, NULL, 'startEvent', NULL, '2021-10-20 16:59:56.654', '2021-10-20 16:59:56.654', 0, NULL, '');
INSERT INTO `ACT_HI_ACTINST` VALUES ('19008004-3184-11ec-ad5a-f20b812c0662', 'flowSubmit:1:ae87c2ad-3175-11ec-9438-f20b812c0662', '190031da-3184-11ec-ad5a-f20b812c0662', '190058f2-3184-11ec-ad5a-f20b812c0662', 'Activity_1cs4bi5', '19008005-3184-11ec-ad5a-f20b812c0662', NULL, '报销申请', 'userTask', 'userD', '2021-10-20 16:59:56.655', '2021-10-20 16:59:56.682', 27, NULL, '');
INSERT INTO `ACT_HI_ACTINST` VALUES ('1904c5d4-3184-11ec-ad5a-f20b812c0662', 'flowSubmit:1:ae87c2ad-3175-11ec-9438-f20b812c0662', '190031da-3184-11ec-ad5a-f20b812c0662', '190058f2-3184-11ec-ad5a-f20b812c0662', 'Activity_04scn2o', '1904c5d5-3184-11ec-ad5a-f20b812c0662', NULL, '部门领导审批', 'userTask', 'leaderTJ', '2021-10-20 16:59:56.683', '2021-10-20 17:00:17.405', 20722, NULL, '');
INSERT INTO `ACT_HI_ACTINST` VALUES ('255eda1a-3184-11ec-ad5a-f20b812c0662', 'flowSubmit:1:ae87c2ad-3175-11ec-9438-f20b812c0662', '190031da-3184-11ec-ad5a-f20b812c0662', '190058f2-3184-11ec-ad5a-f20b812c0662', 'Gateway_0pur9ce', NULL, NULL, NULL, 'exclusiveGateway', NULL, '2021-10-20 17:00:17.406', '2021-10-20 17:00:17.409', 3, NULL, '');
INSERT INTO `ACT_HI_ACTINST` VALUES ('255f4f4b-3184-11ec-ad5a-f20b812c0662', 'flowSubmit:1:ae87c2ad-3175-11ec-9438-f20b812c0662', '190031da-3184-11ec-ad5a-f20b812c0662', '190058f2-3184-11ec-ad5a-f20b812c0662', 'Activity_1w23xfe', '255f765c-3184-11ec-ad5a-f20b812c0662', NULL, '总经理审批', 'userTask', 'admin', '2021-10-20 17:00:17.409', '2021-10-20 17:00:40.565', 23156, NULL, '');
INSERT INTO `ACT_HI_ACTINST` VALUES ('32dedbc4-3185-11ec-9f40-f20b812c0662', 'flowContract:2:7ce26a87-3184-11ec-9f40-f20b812c0662', 'ec6ca594-3184-11ec-9f40-f20b812c0662', 'ec6ca59c-3184-11ec-9f40-f20b812c0662', 'Activity_0dvg4hi', '32dedbc5-3185-11ec-9f40-f20b812c0662', NULL, '法务部审批', 'userTask', 'leaderLaw', '2021-10-20 17:07:49.552', '2021-10-20 17:08:31.549', 41997, NULL, '');
INSERT INTO `ACT_HI_ACTINST` VALUES ('332cc9b0-3184-11ec-ad5a-f20b812c0662', 'flowSubmit:1:ae87c2ad-3175-11ec-9438-f20b812c0662', '190031da-3184-11ec-ad5a-f20b812c0662', '190058f2-3184-11ec-ad5a-f20b812c0662', 'Event_04nqfny', NULL, NULL, NULL, 'endEvent', NULL, '2021-10-20 17:00:40.566', '2021-10-20 17:00:40.566', 0, NULL, '');
INSERT INTO `ACT_HI_ACTINST` VALUES ('4be78cfd-3185-11ec-9f40-f20b812c0662', 'flowContract:2:7ce26a87-3184-11ec-9f40-f20b812c0662', 'ec6ca594-3184-11ec-9f40-f20b812c0662', '4be765e3-3185-11ec-9f40-f20b812c0662', 'Activity_0xo14ns', '4be78cfe-3185-11ec-9f40-f20b812c0662', NULL, '法务部会签', 'userTask', 'admin', '2021-10-20 17:08:31.552', '2021-10-20 17:09:07.159', 35607, NULL, '');
INSERT INTO `ACT_HI_ACTINST` VALUES ('4be78cff-3185-11ec-9f40-f20b812c0662', 'flowContract:2:7ce26a87-3184-11ec-9f40-f20b812c0662', 'ec6ca594-3184-11ec-9f40-f20b812c0662', '4be765e4-3185-11ec-9f40-f20b812c0662', 'Activity_0xo14ns', '4be78d00-3185-11ec-9f40-f20b812c0662', NULL, '法务部会签', 'userTask', 'userD', '2021-10-20 17:08:31.552', '2021-10-20 17:08:47.915', 16363, NULL, '');
INSERT INTO `ACT_HI_ACTINST` VALUES ('5b6c8cf3-3183-11ec-ad5a-f20b812c0662', 'flowLeave:4:8e42a9bb-3179-11ec-9438-f20b812c0662', '5b6b546a-3183-11ec-ad5a-f20b812c0662', '5b6c3ed2-3183-11ec-ad5a-f20b812c0662', 'Event_1mmrttw', NULL, NULL, NULL, 'startEvent', NULL, '2021-10-20 16:54:38.596', '2021-10-20 16:54:38.599', 3, NULL, '');
INSERT INTO `ACT_HI_ACTINST` VALUES ('5b6d7754-3183-11ec-ad5a-f20b812c0662', 'flowLeave:4:8e42a9bb-3179-11ec-9438-f20b812c0662', '5b6b546a-3183-11ec-ad5a-f20b812c0662', '5b6c3ed2-3183-11ec-ad5a-f20b812c0662', 'Activity_1tb8jka', '5b6e61b5-3183-11ec-ad5a-f20b812c0662', NULL, '请假申请', 'userTask', 'userD', '2021-10-20 16:54:38.602', '2021-10-20 16:54:44.797', 6195, NULL, '');
INSERT INTO `ACT_HI_ACTINST` VALUES ('5f1ebf94-3183-11ec-ad5a-f20b812c0662', 'flowLeave:4:8e42a9bb-3179-11ec-9438-f20b812c0662', '5b6b546a-3183-11ec-ad5a-f20b812c0662', '5b6c3ed2-3183-11ec-ad5a-f20b812c0662', 'Activity_11jr0px', '5f1ee6a5-3183-11ec-ad5a-f20b812c0662', NULL, '部门领导审批', 'userTask', 'leaderTJ', '2021-10-20 16:54:44.797', '2021-10-20 16:55:59.283', 74486, NULL, '');
INSERT INTO `ACT_HI_ACTINST` VALUES ('6121a93e-3185-11ec-9f40-f20b812c0662', 'flowContract:2:7ce26a87-3184-11ec-9f40-f20b812c0662', 'ec6ca594-3184-11ec-9f40-f20b812c0662', 'ec6ca59c-3184-11ec-9f40-f20b812c0662', 'Gateway_1c0fhzf', NULL, NULL, NULL, 'exclusiveGateway', NULL, '2021-10-20 17:09:07.165', '2021-10-20 17:09:07.167', 2, NULL, '');
INSERT INTO `ACT_HI_ACTINST` VALUES ('6121f75f-3185-11ec-9f40-f20b812c0662', 'flowContract:2:7ce26a87-3184-11ec-9f40-f20b812c0662', 'ec6ca594-3184-11ec-9f40-f20b812c0662', 'ec6ca59c-3184-11ec-9f40-f20b812c0662', 'Activity_1enh5ke', '6121f760-3185-11ec-9f40-f20b812c0662', NULL, '总经理审批', 'userTask', 'leader', '2021-10-20 17:09:07.167', '2021-10-20 17:09:53.026', 45859, NULL, '');
INSERT INTO `ACT_HI_ACTINST` VALUES ('7c77a5d1-3185-11ec-9f40-f20b812c0662', 'flowContract:2:7ce26a87-3184-11ec-9f40-f20b812c0662', 'ec6ca594-3184-11ec-9f40-f20b812c0662', 'ec6ca59c-3184-11ec-9f40-f20b812c0662', 'Event_085p6dy', NULL, NULL, NULL, 'endEvent', NULL, '2021-10-20 17:09:53.027', '2021-10-20 17:09:53.027', 0, NULL, '');
INSERT INTO `ACT_HI_ACTINST` VALUES ('8b85a186-3183-11ec-ad5a-f20b812c0662', 'flowLeave:4:8e42a9bb-3179-11ec-9438-f20b812c0662', '5b6b546a-3183-11ec-ad5a-f20b812c0662', '5b6c3ed2-3183-11ec-ad5a-f20b812c0662', 'Activity_1tb8jka', '8b85a187-3183-11ec-ad5a-f20b812c0662', NULL, '请假申请', 'userTask', 'userD', '2021-10-20 16:55:59.291', '2021-10-20 16:56:19.438', 20147, NULL, '');
INSERT INTO `ACT_HI_ACTINST` VALUES ('8de9c4e5-3182-11ec-a0b7-f20b812c0662', 'flowLeave:4:8e42a9bb-3179-11ec-9438-f20b812c0662', '8de8b46c-3182-11ec-a0b7-f20b812c0662', '8de976c4-3182-11ec-a0b7-f20b812c0662', 'Event_1mmrttw', NULL, NULL, NULL, 'startEvent', NULL, '2021-10-20 16:48:53.806', '2021-10-20 16:48:53.809', 3, NULL, '');
INSERT INTO `ACT_HI_ACTINST` VALUES ('8deaaf46-3182-11ec-a0b7-f20b812c0662', 'flowLeave:4:8e42a9bb-3179-11ec-9438-f20b812c0662', '8de8b46c-3182-11ec-a0b7-f20b812c0662', '8de976c4-3182-11ec-a0b7-f20b812c0662', 'Activity_1tb8jka', '8deb99a7-3182-11ec-a0b7-f20b812c0662', NULL, '请假申请', 'userTask', 'userD', '2021-10-20 16:48:53.812', '2021-10-20 16:49:17.586', 23774, NULL, '');
INSERT INTO `ACT_HI_ACTINST` VALUES ('8ee0e461-3184-11ec-9f40-f20b812c0662', 'flowLeave:6:79b100b1-3184-11ec-9f40-f20b812c0662', '8edf84c8-3184-11ec-9f40-f20b812c0662', '8ee06f30-3184-11ec-9f40-f20b812c0662', 'Event_1mmrttw', NULL, NULL, NULL, 'startEvent', NULL, '2021-10-20 17:03:14.419', '2021-10-20 17:03:14.423', 4, NULL, '');
INSERT INTO `ACT_HI_ACTINST` VALUES ('8ee243f2-3184-11ec-9f40-f20b812c0662', 'flowLeave:6:79b100b1-3184-11ec-9f40-f20b812c0662', '8edf84c8-3184-11ec-9f40-f20b812c0662', '8ee06f30-3184-11ec-9f40-f20b812c0662', 'Activity_1tb8jka', '8ee35563-3184-11ec-9f40-f20b812c0662', NULL, '请假申请', 'userTask', 'userD', '2021-10-20 17:03:14.428', '2021-10-20 17:03:14.488', 60, NULL, '');
INSERT INTO `ACT_HI_ACTINST` VALUES ('8eeb6bc1-3184-11ec-9f40-f20b812c0662', 'flowLeave:6:79b100b1-3184-11ec-9f40-f20b812c0662', '8edf84c8-3184-11ec-9f40-f20b812c0662', '8ee06f30-3184-11ec-9f40-f20b812c0662', 'Activity_11jr0px', '8eeb92d2-3184-11ec-9f40-f20b812c0662', NULL, '部门领导审批', 'userTask', 'leaderTJ', '2021-10-20 17:03:14.488', '2021-10-20 17:03:35.209', 20721, NULL, '');
INSERT INTO `ACT_HI_ACTINST` VALUES ('9787d1c6-3183-11ec-ad5a-f20b812c0662', 'flowLeave:4:8e42a9bb-3179-11ec-9438-f20b812c0662', '5b6b546a-3183-11ec-ad5a-f20b812c0662', '5b6c3ed2-3183-11ec-ad5a-f20b812c0662', 'Activity_11jr0px', '9787d1c7-3183-11ec-ad5a-f20b812c0662', NULL, '部门领导审批', 'userTask', 'leaderTJ', '2021-10-20 16:56:19.438', '2021-10-20 16:56:36.170', 16732, NULL, '');
INSERT INTO `ACT_HI_ACTINST` VALUES ('9b45ce22-3184-11ec-9f40-f20b812c0662', 'flowLeave:6:79b100b1-3184-11ec-9f40-f20b812c0662', '8edf84c8-3184-11ec-9f40-f20b812c0662', '8ee06f30-3184-11ec-9f40-f20b812c0662', 'Activity_00ibp0u', '9b45ce23-3184-11ec-9f40-f20b812c0662', NULL, 'HR审批', 'userTask', 'userA', '2021-10-20 17:03:35.213', '2021-10-20 17:03:59.166', 23953, NULL, '');
INSERT INTO `ACT_HI_ACTINST` VALUES ('9c164f36-3182-11ec-a0b7-f20b812c0662', 'flowLeave:4:8e42a9bb-3179-11ec-9438-f20b812c0662', '8de8b46c-3182-11ec-a0b7-f20b812c0662', '8de976c4-3182-11ec-a0b7-f20b812c0662', 'Activity_11jr0px', '9c164f37-3182-11ec-a0b7-f20b812c0662', NULL, '部门领导审批', 'userTask', NULL, '2021-10-20 16:49:17.586', NULL, NULL, NULL, '');
INSERT INTO `ACT_HI_ACTINST` VALUES ('a18112a7-3183-11ec-ad5a-f20b812c0662', 'flowLeave:4:8e42a9bb-3179-11ec-9438-f20b812c0662', '5b6b546a-3183-11ec-ad5a-f20b812c0662', '5b6c3ed2-3183-11ec-ad5a-f20b812c0662', 'Activity_00ibp0u', 'a18112a8-3183-11ec-ad5a-f20b812c0662', NULL, 'HR审批', 'userTask', 'userA', '2021-10-20 16:56:36.171', '2021-10-20 16:57:52.366', 76195, NULL, '');
INSERT INTO `ACT_HI_ACTINST` VALUES ('a397dcea-3186-11ec-bf2d-f20b812c0662', 'flowLeave:7:98337350-3186-11ec-bf2d-f20b812c0662', 'a396f281-3186-11ec-bf2d-f20b812c0662', 'a3978ec9-3186-11ec-bf2d-f20b812c0662', 'Event_1mmrttw', NULL, NULL, NULL, 'startEvent', NULL, '2021-10-20 17:18:08.166', '2021-10-20 17:18:08.169', 3, NULL, '');
INSERT INTO `ACT_HI_ACTINST` VALUES ('a398c74b-3186-11ec-bf2d-f20b812c0662', 'flowLeave:7:98337350-3186-11ec-bf2d-f20b812c0662', 'a396f281-3186-11ec-bf2d-f20b812c0662', 'a3978ec9-3186-11ec-bf2d-f20b812c0662', 'Activity_1tb8jka', 'a399b1ac-3186-11ec-bf2d-f20b812c0662', NULL, '请假申请', 'userTask', 'userD', '2021-10-20 17:18:08.172', '2021-10-20 17:18:08.233', 61, NULL, '');
INSERT INTO `ACT_HI_ACTINST` VALUES ('a3a2162a-3186-11ec-bf2d-f20b812c0662', 'flowLeave:7:98337350-3186-11ec-bf2d-f20b812c0662', 'a396f281-3186-11ec-bf2d-f20b812c0662', 'a3978ec9-3186-11ec-bf2d-f20b812c0662', 'Activity_11jr0px', 'a3a2162b-3186-11ec-bf2d-f20b812c0662', NULL, '部门领导审批', 'userTask', NULL, '2021-10-20 17:18:08.233', NULL, NULL, NULL, '');
INSERT INTO `ACT_HI_ACTINST` VALUES ('a98cbe43-3184-11ec-9f40-f20b812c0662', 'flowLeave:6:79b100b1-3184-11ec-9f40-f20b812c0662', '8edf84c8-3184-11ec-9f40-f20b812c0662', '8ee06f30-3184-11ec-9f40-f20b812c0662', 'Event_1c089uo', NULL, NULL, NULL, 'endEvent', NULL, '2021-10-20 17:03:59.166', '2021-10-20 17:03:59.166', 0, NULL, '');
INSERT INTO `ACT_HI_ACTINST` VALUES ('af5e7e53-69e7-11ec-b9c4-0235bf949cb9', 'flowContract:4:9170b562-69e6-11ec-bb85-0235bf949cb9', 'e214ef91-69e6-11ec-bb85-0235bf949cb9', 'e214ef99-69e6-11ec-bb85-0235bf949cb9', 'Event_085p6dy', NULL, NULL, NULL, 'endEvent', NULL, '2021-12-31 11:13:54.221', '2021-12-31 11:13:54.221', 0, NULL, '');
INSERT INTO `ACT_HI_ACTINST` VALUES ('ceeba7f9-3183-11ec-ad5a-f20b812c0662', 'flowLeave:4:8e42a9bb-3179-11ec-9438-f20b812c0662', '5b6b546a-3183-11ec-ad5a-f20b812c0662', '5b6c3ed2-3183-11ec-ad5a-f20b812c0662', 'Event_1c089uo', NULL, NULL, NULL, 'endEvent', NULL, '2021-10-20 16:57:52.367', '2021-10-20 16:57:52.367', 0, NULL, '');
INSERT INTO `ACT_HI_ACTINST` VALUES ('d6434502-69e6-11ec-bb85-0235bf949cb9', 'flowLeave:9:7d23427c-69e6-11ec-bb85-0235bf949cb9', 'd6423389-69e6-11ec-bb85-0235bf949cb9', 'd642f6e1-69e6-11ec-bb85-0235bf949cb9', 'Event_1mmrttw', NULL, NULL, NULL, 'startEvent', NULL, '2021-12-31 11:07:49.977', '2021-12-31 11:07:49.979', 2, NULL, '');
INSERT INTO `ACT_HI_ACTINST` VALUES ('d6442f63-69e6-11ec-bb85-0235bf949cb9', 'flowLeave:9:7d23427c-69e6-11ec-bb85-0235bf949cb9', 'd6423389-69e6-11ec-bb85-0235bf949cb9', 'd642f6e1-69e6-11ec-bb85-0235bf949cb9', 'Activity_1tb8jka', 'd644f2b4-69e6-11ec-bb85-0235bf949cb9', NULL, '请假申请', 'userTask', 'admin', '2021-12-31 11:07:49.983', '2021-12-31 11:07:50.049', 66, NULL, '');
INSERT INTO `ACT_HI_ACTINST` VALUES ('d64e68a2-69e6-11ec-bb85-0235bf949cb9', 'flowLeave:9:7d23427c-69e6-11ec-bb85-0235bf949cb9', 'd6423389-69e6-11ec-bb85-0235bf949cb9', 'd642f6e1-69e6-11ec-bb85-0235bf949cb9', 'Activity_11jr0px', 'd64e68a3-69e6-11ec-bb85-0235bf949cb9', NULL, '部门领导审批', 'userTask', NULL, '2021-12-31 11:07:50.050', NULL, NULL, NULL, '');
INSERT INTO `ACT_HI_ACTINST` VALUES ('dc101a56-69e6-11ec-bb85-0235bf949cb9', 'flowSubmit:4:87e59faf-69e6-11ec-bb85-0235bf949cb9', 'dc101a4d-69e6-11ec-bb85-0235bf949cb9', 'dc101a55-69e6-11ec-bb85-0235bf949cb9', 'Event_1u4dx3b', NULL, NULL, NULL, 'startEvent', NULL, '2021-12-31 11:07:59.708', '2021-12-31 11:07:59.709', 1, NULL, '');
INSERT INTO `ACT_HI_ACTINST` VALUES ('dc104167-69e6-11ec-bb85-0235bf949cb9', 'flowSubmit:4:87e59faf-69e6-11ec-bb85-0235bf949cb9', 'dc101a4d-69e6-11ec-bb85-0235bf949cb9', 'dc101a55-69e6-11ec-bb85-0235bf949cb9', 'Activity_1cs4bi5', 'dc104168-69e6-11ec-bb85-0235bf949cb9', NULL, '报销申请', 'userTask', 'admin', '2021-12-31 11:07:59.709', '2021-12-31 11:07:59.740', 31, NULL, '');
INSERT INTO `ACT_HI_ACTINST` VALUES ('dc14fc66-69e6-11ec-bb85-0235bf949cb9', 'flowSubmit:4:87e59faf-69e6-11ec-bb85-0235bf949cb9', 'dc101a4d-69e6-11ec-bb85-0235bf949cb9', 'dc101a55-69e6-11ec-bb85-0235bf949cb9', 'Activity_04scn2o', 'dc14fc67-69e6-11ec-bb85-0235bf949cb9', NULL, '部门领导审批', 'userTask', NULL, '2021-12-31 11:07:59.740', NULL, NULL, NULL, '');
INSERT INTO `ACT_HI_ACTINST` VALUES ('e21516aa-69e6-11ec-bb85-0235bf949cb9', 'flowContract:4:9170b562-69e6-11ec-bb85-0235bf949cb9', 'e214ef91-69e6-11ec-bb85-0235bf949cb9', 'e214ef99-69e6-11ec-bb85-0235bf949cb9', 'Event_0kjp9ci', NULL, NULL, NULL, 'startEvent', NULL, '2021-12-31 11:08:09.807', '2021-12-31 11:08:09.807', 0, NULL, '');
INSERT INTO `ACT_HI_ACTINST` VALUES ('e21516ab-69e6-11ec-bb85-0235bf949cb9', 'flowContract:4:9170b562-69e6-11ec-bb85-0235bf949cb9', 'e214ef91-69e6-11ec-bb85-0235bf949cb9', 'e214ef99-69e6-11ec-bb85-0235bf949cb9', 'Activity_0bciohf', 'e21516ac-69e6-11ec-bb85-0235bf949cb9', NULL, '合同录入', 'userTask', 'admin', '2021-12-31 11:08:09.807', '2021-12-31 11:08:09.833', 26, NULL, '');
INSERT INTO `ACT_HI_ACTINST` VALUES ('e2190e5a-69e6-11ec-bb85-0235bf949cb9', 'flowContract:4:9170b562-69e6-11ec-bb85-0235bf949cb9', 'e214ef91-69e6-11ec-bb85-0235bf949cb9', 'e214ef99-69e6-11ec-bb85-0235bf949cb9', 'Activity_053om99', 'e219356b-69e6-11ec-bb85-0235bf949cb9', NULL, '业务部领导审批', 'userTask', NULL, '2021-12-31 11:08:09.833', '2021-12-31 11:13:54.221', 344388, NULL, '');
INSERT INTO `ACT_HI_ACTINST` VALUES ('ec6ca59d-3184-11ec-9f40-f20b812c0662', 'flowContract:2:7ce26a87-3184-11ec-9f40-f20b812c0662', 'ec6ca594-3184-11ec-9f40-f20b812c0662', 'ec6ca59c-3184-11ec-9f40-f20b812c0662', 'Event_0kjp9ci', NULL, NULL, NULL, 'startEvent', NULL, '2021-10-20 17:05:51.363', '2021-10-20 17:05:51.363', 0, NULL, '');
INSERT INTO `ACT_HI_ACTINST` VALUES ('ec6ca59e-3184-11ec-9f40-f20b812c0662', 'flowContract:2:7ce26a87-3184-11ec-9f40-f20b812c0662', 'ec6ca594-3184-11ec-9f40-f20b812c0662', 'ec6ca59c-3184-11ec-9f40-f20b812c0662', 'Activity_0bciohf', 'ec6cccaf-3184-11ec-9f40-f20b812c0662', NULL, '合同录入', 'userTask', 'userD', '2021-10-20 17:05:51.363', '2021-10-20 17:05:51.385', 22, NULL, '');
INSERT INTO `ACT_HI_ACTINST` VALUES ('ec70010d-3184-11ec-9f40-f20b812c0662', 'flowContract:2:7ce26a87-3184-11ec-9f40-f20b812c0662', 'ec6ca594-3184-11ec-9f40-f20b812c0662', 'ec6ca59c-3184-11ec-9f40-f20b812c0662', 'Activity_053om99', 'ec70010e-3184-11ec-9f40-f20b812c0662', NULL, '业务部领导审批', 'userTask', 'leaderTJ', '2021-10-20 17:05:51.385', '2021-10-20 17:06:05.912', 14527, NULL, '');
INSERT INTO `ACT_HI_ACTINST` VALUES ('f518a60e-3184-11ec-9f40-f20b812c0662', 'flowContract:2:7ce26a87-3184-11ec-9f40-f20b812c0662', 'ec6ca594-3184-11ec-9f40-f20b812c0662', 'ec6ca59c-3184-11ec-9f40-f20b812c0662', 'Gateway_08558ij', NULL, NULL, NULL, 'parallelGateway', NULL, '2021-10-20 17:06:05.912', '2021-10-20 17:06:05.913', 1, NULL, '');
INSERT INTO `ACT_HI_ACTINST` VALUES ('f518f430-3184-11ec-9f40-f20b812c0662', 'flowContract:2:7ce26a87-3184-11ec-9f40-f20b812c0662', 'ec6ca594-3184-11ec-9f40-f20b812c0662', 'ec6ca59c-3184-11ec-9f40-f20b812c0662', 'Activity_0z90ali', 'f518f431-3184-11ec-9f40-f20b812c0662', NULL, '工程部审批', 'userTask', 'admin', '2021-10-20 17:06:05.914', '2021-10-20 17:06:27.187', 21273, NULL, '');
INSERT INTO `ACT_HI_ACTINST` VALUES ('f518f432-3184-11ec-9f40-f20b812c0662', 'flowContract:2:7ce26a87-3184-11ec-9f40-f20b812c0662', 'ec6ca594-3184-11ec-9f40-f20b812c0662', 'f518f42f-3184-11ec-9f40-f20b812c0662', 'Activity_17930aj', 'f518f433-3184-11ec-9f40-f20b812c0662', NULL, '造价部审批', 'userTask', 'admin', '2021-10-20 17:06:05.914', '2021-10-20 17:06:20.906', 14992, NULL, '');
INSERT INTO `ACT_HI_ACTINST` VALUES ('fe088d4b-3184-11ec-9f40-f20b812c0662', 'flowContract:2:7ce26a87-3184-11ec-9f40-f20b812c0662', 'ec6ca594-3184-11ec-9f40-f20b812c0662', 'f518f42f-3184-11ec-9f40-f20b812c0662', 'Gateway_0yjyq0h', NULL, NULL, NULL, 'parallelGateway', NULL, '2021-10-20 17:06:20.906', '2021-10-20 17:06:20.907', 1, NULL, '');
COMMIT;

-- ----------------------------
-- Table structure for ACT_HI_ATTACHMENT
-- ----------------------------
DROP TABLE IF EXISTS `ACT_HI_ATTACHMENT`;
CREATE TABLE `ACT_HI_ATTACHMENT` (
  `ID_` varchar(64) CHARACTER SET utf8 COLLATE utf8_bin NOT NULL,
  `REV_` int DEFAULT NULL,
  `USER_ID_` varchar(255) CHARACTER SET utf8 COLLATE utf8_bin DEFAULT NULL,
  `NAME_` varchar(255) CHARACTER SET utf8 COLLATE utf8_bin DEFAULT NULL,
  `DESCRIPTION_` varchar(4000) CHARACTER SET utf8 COLLATE utf8_bin DEFAULT NULL,
  `TYPE_` varchar(255) CHARACTER SET utf8 COLLATE utf8_bin DEFAULT NULL,
  `TASK_ID_` varchar(64) CHARACTER SET utf8 COLLATE utf8_bin DEFAULT NULL,
  `PROC_INST_ID_` varchar(64) CHARACTER SET utf8 COLLATE utf8_bin DEFAULT NULL,
  `URL_` varchar(4000) CHARACTER SET utf8 COLLATE utf8_bin DEFAULT NULL,
  `CONTENT_ID_` varchar(64) CHARACTER SET utf8 COLLATE utf8_bin DEFAULT NULL,
  `TIME_` datetime(3) DEFAULT NULL,
  PRIMARY KEY (`ID_`)
) ENGINE=InnoDB DEFAULT CHARSET=utf8mb3 COLLATE=utf8_bin;

-- ----------------------------
-- Table structure for ACT_HI_COMMENT
-- ----------------------------
DROP TABLE IF EXISTS `ACT_HI_COMMENT`;
CREATE TABLE `ACT_HI_COMMENT` (
  `ID_` varchar(64) CHARACTER SET utf8 COLLATE utf8_bin NOT NULL,
  `TYPE_` varchar(255) CHARACTER SET utf8 COLLATE utf8_bin DEFAULT NULL,
  `TIME_` datetime(3) NOT NULL,
  `USER_ID_` varchar(255) CHARACTER SET utf8 COLLATE utf8_bin DEFAULT NULL,
  `TASK_ID_` varchar(64) CHARACTER SET utf8 COLLATE utf8_bin DEFAULT NULL,
  `PROC_INST_ID_` varchar(64) CHARACTER SET utf8 COLLATE utf8_bin DEFAULT NULL,
  `ACTION_` varchar(255) CHARACTER SET utf8 COLLATE utf8_bin DEFAULT NULL,
  `MESSAGE_` varchar(4000) CHARACTER SET utf8 COLLATE utf8_bin DEFAULT NULL,
  `FULL_MSG_` longblob,
  PRIMARY KEY (`ID_`)
) ENGINE=InnoDB DEFAULT CHARSET=utf8mb3 COLLATE=utf8_bin;

-- ----------------------------
-- Records of ACT_HI_COMMENT
-- ----------------------------
BEGIN;
INSERT INTO `ACT_HI_COMMENT` VALUES ('108a73b2-317b-11ec-9438-f20b812c0662', 'event', '2021-10-20 15:55:16.989', 'userD', '04b742ba-317b-11ec-9438-f20b812c0662', NULL, 'AddUserLink', 'userD_|_assignee', NULL);
COMMIT;

-- ----------------------------
-- Table structure for ACT_HI_DETAIL
-- ----------------------------
DROP TABLE IF EXISTS `ACT_HI_DETAIL`;
CREATE TABLE `ACT_HI_DETAIL` (
  `ID_` varchar(64) CHARACTER SET utf8 COLLATE utf8_bin NOT NULL,
  `TYPE_` varchar(255) CHARACTER SET utf8 COLLATE utf8_bin NOT NULL,
  `PROC_INST_ID_` varchar(64) CHARACTER SET utf8 COLLATE utf8_bin DEFAULT NULL,
  `EXECUTION_ID_` varchar(64) CHARACTER SET utf8 COLLATE utf8_bin DEFAULT NULL,
  `TASK_ID_` varchar(64) CHARACTER SET utf8 COLLATE utf8_bin DEFAULT NULL,
  `ACT_INST_ID_` varchar(64) CHARACTER SET utf8 COLLATE utf8_bin DEFAULT NULL,
  `NAME_` varchar(255) CHARACTER SET utf8 COLLATE utf8_bin NOT NULL,
  `VAR_TYPE_` varchar(255) CHARACTER SET utf8 COLLATE utf8_bin DEFAULT NULL,
  `REV_` int DEFAULT NULL,
  `TIME_` datetime(3) NOT NULL,
  `BYTEARRAY_ID_` varchar(64) CHARACTER SET utf8 COLLATE utf8_bin DEFAULT NULL,
  `DOUBLE_` double DEFAULT NULL,
  `LONG_` bigint DEFAULT NULL,
  `TEXT_` varchar(4000) CHARACTER SET utf8 COLLATE utf8_bin DEFAULT NULL,
  `TEXT2_` varchar(4000) CHARACTER SET utf8 COLLATE utf8_bin DEFAULT NULL,
  PRIMARY KEY (`ID_`),
  KEY `ACT_IDX_HI_DETAIL_PROC_INST` (`PROC_INST_ID_`),
  KEY `ACT_IDX_HI_DETAIL_ACT_INST` (`ACT_INST_ID_`),
  KEY `ACT_IDX_HI_DETAIL_TIME` (`TIME_`),
  KEY `ACT_IDX_HI_DETAIL_NAME` (`NAME_`),
  KEY `ACT_IDX_HI_DETAIL_TASK_ID` (`TASK_ID_`)
) ENGINE=InnoDB DEFAULT CHARSET=utf8mb3 COLLATE=utf8_bin;

-- ----------------------------
-- Records of ACT_HI_DETAIL
-- ----------------------------
BEGIN;
INSERT INTO `ACT_HI_DETAIL` VALUES ('01c60a7c-3185-11ec-9f40-f20b812c0662', 'VariableUpdate', 'ec6ca594-3184-11ec-9f40-f20b812c0662', 'ec6ca59c-3184-11ec-9f40-f20b812c0662', 'f518f431-3184-11ec-9f40-f20b812c0662', NULL, 'operationType', 'string', 1, '2021-10-20 17:06:27.181', NULL, NULL, NULL, 'agree', NULL);
INSERT INTO `ACT_HI_DETAIL` VALUES ('01c6a6bd-3185-11ec-9f40-f20b812c0662', 'VariableUpdate', 'ec6ca594-3184-11ec-9f40-f20b812c0662', 'ec6ca594-3184-11ec-9f40-f20b812c0662', NULL, NULL, 'operationType', 'string', 1, '2021-10-20 17:06:27.185', NULL, NULL, NULL, 'agree', NULL);
INSERT INTO `ACT_HI_DETAIL` VALUES ('01c6a6be-3185-11ec-9f40-f20b812c0662', 'VariableUpdate', 'ec6ca594-3184-11ec-9f40-f20b812c0662', 'ec6ca594-3184-11ec-9f40-f20b812c0662', NULL, NULL, 'deptPostLeader', 'string', 1, '2021-10-20 17:06:27.185', NULL, NULL, NULL, '1440964519391137792', NULL);
INSERT INTO `ACT_HI_DETAIL` VALUES ('01c6cdcf-3185-11ec-9f40-f20b812c0662', 'VariableUpdate', 'ec6ca594-3184-11ec-9f40-f20b812c0662', 'ec6ca594-3184-11ec-9f40-f20b812c0662', NULL, NULL, 'startUserName', 'string', 1, '2021-10-20 17:06:27.186', NULL, NULL, NULL, 'userD', NULL);
INSERT INTO `ACT_HI_DETAIL` VALUES ('01c6cdd0-3185-11ec-9f40-f20b812c0662', 'VariableUpdate', 'ec6ca594-3184-11ec-9f40-f20b812c0662', 'ec6ca594-3184-11ec-9f40-f20b812c0662', NULL, NULL, 'initiator', 'string', 1, '2021-10-20 17:06:27.186', NULL, NULL, NULL, 'userD', NULL);
INSERT INTO `ACT_HI_DETAIL` VALUES ('01c79125-3185-11ec-9f40-f20b812c0662', 'VariableUpdate', 'ec6ca594-3184-11ec-9f40-f20b812c0662', 'ec6ca59c-3184-11ec-9f40-f20b812c0662', '01c79123-3185-11ec-9f40-f20b812c0662', NULL, 'startUserName', 'string', 0, '2021-10-20 17:06:27.191', NULL, NULL, NULL, 'userD', NULL);
INSERT INTO `ACT_HI_DETAIL` VALUES ('01c7b837-3185-11ec-9f40-f20b812c0662', 'VariableUpdate', 'ec6ca594-3184-11ec-9f40-f20b812c0662', 'ec6ca59c-3184-11ec-9f40-f20b812c0662', '01c79123-3185-11ec-9f40-f20b812c0662', NULL, 'initiator', 'string', 0, '2021-10-20 17:06:27.192', NULL, NULL, NULL, 'userD', NULL);
INSERT INTO `ACT_HI_DETAIL` VALUES ('01c7b839-3185-11ec-9f40-f20b812c0662', 'VariableUpdate', 'ec6ca594-3184-11ec-9f40-f20b812c0662', 'ec6ca59c-3184-11ec-9f40-f20b812c0662', '01c79123-3185-11ec-9f40-f20b812c0662', NULL, 'operationType', 'string', 0, '2021-10-20 17:06:27.192', NULL, NULL, NULL, 'agree', NULL);
INSERT INTO `ACT_HI_DETAIL` VALUES ('01c7b83b-3185-11ec-9f40-f20b812c0662', 'VariableUpdate', 'ec6ca594-3184-11ec-9f40-f20b812c0662', 'ec6ca59c-3184-11ec-9f40-f20b812c0662', '01c79123-3185-11ec-9f40-f20b812c0662', NULL, 'deptPostLeader', 'string', 0, '2021-10-20 17:06:27.192', NULL, NULL, NULL, '1440964519391137792', NULL);
INSERT INTO `ACT_HI_DETAIL` VALUES ('04b2aec8-317b-11ec-9438-f20b812c0662', 'VariableUpdate', '04b2aec5-317b-11ec-9438-f20b812c0662', '04b2aec5-317b-11ec-9438-f20b812c0662', NULL, NULL, 'startUserName', 'string', 0, '2021-10-20 15:54:57.120', NULL, NULL, NULL, 'userD', NULL);
INSERT INTO `ACT_HI_DETAIL` VALUES ('04b2aeca-317b-11ec-9438-f20b812c0662', 'VariableUpdate', '04b2aec5-317b-11ec-9438-f20b812c0662', '04b2aec5-317b-11ec-9438-f20b812c0662', NULL, NULL, 'initiator', 'string', 0, '2021-10-20 15:54:57.120', NULL, NULL, NULL, 'userD', NULL);
INSERT INTO `ACT_HI_DETAIL` VALUES ('04b2fcf0-317b-11ec-9438-f20b812c0662', 'VariableUpdate', '04b2aec5-317b-11ec-9438-f20b812c0662', '04b2aecb-317b-11ec-9438-f20b812c0662', '04b2d5de-317b-11ec-9438-f20b812c0662', NULL, 'startUserName', 'string', 0, '2021-10-20 15:54:57.122', NULL, NULL, NULL, 'userD', NULL);
INSERT INTO `ACT_HI_DETAIL` VALUES ('04b2fcf2-317b-11ec-9438-f20b812c0662', 'VariableUpdate', '04b2aec5-317b-11ec-9438-f20b812c0662', '04b2aecb-317b-11ec-9438-f20b812c0662', '04b2d5de-317b-11ec-9438-f20b812c0662', NULL, 'initiator', 'string', 0, '2021-10-20 15:54:57.122', NULL, NULL, NULL, 'userD', NULL);
INSERT INTO `ACT_HI_DETAIL` VALUES ('04b63144-317b-11ec-9438-f20b812c0662', 'VariableUpdate', '04b2aec5-317b-11ec-9438-f20b812c0662', '04b2aecb-317b-11ec-9438-f20b812c0662', '04b2d5de-317b-11ec-9438-f20b812c0662', NULL, 'operationType', 'string', 0, '2021-10-20 15:54:57.143', NULL, NULL, NULL, 'agree', NULL);
INSERT INTO `ACT_HI_DETAIL` VALUES ('04b6f496-317b-11ec-9438-f20b812c0662', 'VariableUpdate', '04b2aec5-317b-11ec-9438-f20b812c0662', '04b2aec5-317b-11ec-9438-f20b812c0662', NULL, NULL, 'operationType', 'string', 0, '2021-10-20 15:54:57.148', NULL, NULL, NULL, 'agree', NULL);
INSERT INTO `ACT_HI_DETAIL` VALUES ('04b6f497-317b-11ec-9438-f20b812c0662', 'VariableUpdate', '04b2aec5-317b-11ec-9438-f20b812c0662', '04b2aec5-317b-11ec-9438-f20b812c0662', NULL, NULL, 'startUserName', 'string', 1, '2021-10-20 15:54:57.148', NULL, NULL, NULL, 'userD', NULL);
INSERT INTO `ACT_HI_DETAIL` VALUES ('04b71ba8-317b-11ec-9438-f20b812c0662', 'VariableUpdate', '04b2aec5-317b-11ec-9438-f20b812c0662', '04b2aec5-317b-11ec-9438-f20b812c0662', NULL, NULL, 'initiator', 'string', 1, '2021-10-20 15:54:57.149', NULL, NULL, NULL, 'userD', NULL);
INSERT INTO `ACT_HI_DETAIL` VALUES ('04b769cc-317b-11ec-9438-f20b812c0662', 'VariableUpdate', '04b2aec5-317b-11ec-9438-f20b812c0662', '04b2aecb-317b-11ec-9438-f20b812c0662', '04b742ba-317b-11ec-9438-f20b812c0662', NULL, 'startUserName', 'string', 0, '2021-10-20 15:54:57.151', NULL, NULL, NULL, 'userD', NULL);
INSERT INTO `ACT_HI_DETAIL` VALUES ('04b769ce-317b-11ec-9438-f20b812c0662', 'VariableUpdate', '04b2aec5-317b-11ec-9438-f20b812c0662', '04b2aecb-317b-11ec-9438-f20b812c0662', '04b742ba-317b-11ec-9438-f20b812c0662', NULL, 'initiator', 'string', 0, '2021-10-20 15:54:57.151', NULL, NULL, NULL, 'userD', NULL);
INSERT INTO `ACT_HI_DETAIL` VALUES ('04b769d0-317b-11ec-9438-f20b812c0662', 'VariableUpdate', '04b2aec5-317b-11ec-9438-f20b812c0662', '04b2aecb-317b-11ec-9438-f20b812c0662', '04b742ba-317b-11ec-9438-f20b812c0662', NULL, 'operationType', 'string', 0, '2021-10-20 15:54:57.151', NULL, NULL, NULL, 'agree', NULL);
INSERT INTO `ACT_HI_DETAIL` VALUES ('1760c9a3-317b-11ec-9438-f20b812c0662', 'VariableUpdate', '04b2aec5-317b-11ec-9438-f20b812c0662', '04b2aecb-317b-11ec-9438-f20b812c0662', '04b742ba-317b-11ec-9438-f20b812c0662', NULL, 'operationType', 'string', 1, '2021-10-20 15:55:28.460', NULL, NULL, NULL, 'agree', NULL);
INSERT INTO `ACT_HI_DETAIL` VALUES ('1761b404-317b-11ec-9438-f20b812c0662', 'VariableUpdate', '04b2aec5-317b-11ec-9438-f20b812c0662', '04b2aec5-317b-11ec-9438-f20b812c0662', NULL, NULL, 'operationType', 'string', 1, '2021-10-20 15:55:28.466', NULL, NULL, NULL, 'agree', NULL);
INSERT INTO `ACT_HI_DETAIL` VALUES ('1761db15-317b-11ec-9438-f20b812c0662', 'VariableUpdate', '04b2aec5-317b-11ec-9438-f20b812c0662', '04b2aec5-317b-11ec-9438-f20b812c0662', NULL, NULL, 'startUserName', 'string', 1, '2021-10-20 15:55:28.467', NULL, NULL, NULL, 'userD', NULL);
INSERT INTO `ACT_HI_DETAIL` VALUES ('1761db16-317b-11ec-9438-f20b812c0662', 'VariableUpdate', '04b2aec5-317b-11ec-9438-f20b812c0662', '04b2aec5-317b-11ec-9438-f20b812c0662', NULL, NULL, 'initiator', 'string', 1, '2021-10-20 15:55:28.467', NULL, NULL, NULL, 'userD', NULL);
INSERT INTO `ACT_HI_DETAIL` VALUES ('190058ed-3184-11ec-ad5a-f20b812c0662', 'VariableUpdate', '190031da-3184-11ec-ad5a-f20b812c0662', '190031da-3184-11ec-ad5a-f20b812c0662', NULL, NULL, 'startUserName', 'string', 0, '2021-10-20 16:59:56.654', NULL, NULL, NULL, 'userD', NULL);
INSERT INTO `ACT_HI_DETAIL` VALUES ('190058ef-3184-11ec-ad5a-f20b812c0662', 'VariableUpdate', '190031da-3184-11ec-ad5a-f20b812c0662', '190031da-3184-11ec-ad5a-f20b812c0662', NULL, NULL, 'deptPostLeader', 'long', 0, '2021-10-20 16:59:56.654', NULL, NULL, 1440964519391137792, '1440964519391137792', NULL);
INSERT INTO `ACT_HI_DETAIL` VALUES ('190058f1-3184-11ec-ad5a-f20b812c0662', 'VariableUpdate', '190031da-3184-11ec-ad5a-f20b812c0662', '190031da-3184-11ec-ad5a-f20b812c0662', NULL, NULL, 'initiator', 'string', 0, '2021-10-20 16:59:56.654', NULL, NULL, NULL, 'userD', NULL);
INSERT INTO `ACT_HI_DETAIL` VALUES ('1900a717-3184-11ec-ad5a-f20b812c0662', 'VariableUpdate', '190031da-3184-11ec-ad5a-f20b812c0662', '190058f2-3184-11ec-ad5a-f20b812c0662', '19008005-3184-11ec-ad5a-f20b812c0662', NULL, 'startUserName', 'string', 0, '2021-10-20 16:59:56.656', NULL, NULL, NULL, 'userD', NULL);
INSERT INTO `ACT_HI_DETAIL` VALUES ('1900a719-3184-11ec-ad5a-f20b812c0662', 'VariableUpdate', '190031da-3184-11ec-ad5a-f20b812c0662', '190058f2-3184-11ec-ad5a-f20b812c0662', '19008005-3184-11ec-ad5a-f20b812c0662', NULL, 'initiator', 'string', 0, '2021-10-20 16:59:56.656', NULL, NULL, NULL, 'userD', NULL);
INSERT INTO `ACT_HI_DETAIL` VALUES ('1900a71b-3184-11ec-ad5a-f20b812c0662', 'VariableUpdate', '190031da-3184-11ec-ad5a-f20b812c0662', '190058f2-3184-11ec-ad5a-f20b812c0662', '19008005-3184-11ec-ad5a-f20b812c0662', NULL, 'deptPostLeader', 'long', 0, '2021-10-20 16:59:56.656', NULL, NULL, 1440964519391137792, '1440964519391137792', NULL);
INSERT INTO `ACT_HI_DETAIL` VALUES ('1903b45d-3184-11ec-ad5a-f20b812c0662', 'VariableUpdate', '190031da-3184-11ec-ad5a-f20b812c0662', '190058f2-3184-11ec-ad5a-f20b812c0662', '19008005-3184-11ec-ad5a-f20b812c0662', NULL, 'operationType', 'string', 0, '2021-10-20 16:59:56.676', NULL, NULL, NULL, 'agree', NULL);
INSERT INTO `ACT_HI_DETAIL` VALUES ('1903b45e-3184-11ec-ad5a-f20b812c0662', 'VariableUpdate', '190031da-3184-11ec-ad5a-f20b812c0662', '190058f2-3184-11ec-ad5a-f20b812c0662', '19008005-3184-11ec-ad5a-f20b812c0662', NULL, 'deptPostLeader', 'string', 1, '2021-10-20 16:59:56.676', NULL, NULL, NULL, '1440964519391137792', NULL);
INSERT INTO `ACT_HI_DETAIL` VALUES ('1904509f-3184-11ec-ad5a-f20b812c0662', 'VariableUpdate', '190031da-3184-11ec-ad5a-f20b812c0662', '190031da-3184-11ec-ad5a-f20b812c0662', NULL, NULL, 'deptPostLeader', 'string', 1, '2021-10-20 16:59:56.680', NULL, NULL, NULL, '1440964519391137792', NULL);
INSERT INTO `ACT_HI_DETAIL` VALUES ('190477b1-3184-11ec-ad5a-f20b812c0662', 'VariableUpdate', '190031da-3184-11ec-ad5a-f20b812c0662', '190031da-3184-11ec-ad5a-f20b812c0662', NULL, NULL, 'operationType', 'string', 0, '2021-10-20 16:59:56.681', NULL, NULL, NULL, 'agree', NULL);
INSERT INTO `ACT_HI_DETAIL` VALUES ('190477b2-3184-11ec-ad5a-f20b812c0662', 'VariableUpdate', '190031da-3184-11ec-ad5a-f20b812c0662', '190031da-3184-11ec-ad5a-f20b812c0662', NULL, NULL, 'startUserName', 'string', 1, '2021-10-20 16:59:56.681', NULL, NULL, NULL, 'userD', NULL);
INSERT INTO `ACT_HI_DETAIL` VALUES ('19049ec3-3184-11ec-ad5a-f20b812c0662', 'VariableUpdate', '190031da-3184-11ec-ad5a-f20b812c0662', '190031da-3184-11ec-ad5a-f20b812c0662', NULL, NULL, 'initiator', 'string', 1, '2021-10-20 16:59:56.682', NULL, NULL, NULL, 'userD', NULL);
INSERT INTO `ACT_HI_DETAIL` VALUES ('1904ece7-3184-11ec-ad5a-f20b812c0662', 'VariableUpdate', '190031da-3184-11ec-ad5a-f20b812c0662', '190058f2-3184-11ec-ad5a-f20b812c0662', '1904c5d5-3184-11ec-ad5a-f20b812c0662', NULL, 'startUserName', 'string', 0, '2021-10-20 16:59:56.684', NULL, NULL, NULL, 'userD', NULL);
INSERT INTO `ACT_HI_DETAIL` VALUES ('1904ece9-3184-11ec-ad5a-f20b812c0662', 'VariableUpdate', '190031da-3184-11ec-ad5a-f20b812c0662', '190058f2-3184-11ec-ad5a-f20b812c0662', '1904c5d5-3184-11ec-ad5a-f20b812c0662', NULL, 'initiator', 'string', 0, '2021-10-20 16:59:56.684', NULL, NULL, NULL, 'userD', NULL);
INSERT INTO `ACT_HI_DETAIL` VALUES ('1904eceb-3184-11ec-ad5a-f20b812c0662', 'VariableUpdate', '190031da-3184-11ec-ad5a-f20b812c0662', '190058f2-3184-11ec-ad5a-f20b812c0662', '1904c5d5-3184-11ec-ad5a-f20b812c0662', NULL, 'deptPostLeader', 'string', 0, '2021-10-20 16:59:56.684', NULL, NULL, NULL, '1440964519391137792', NULL);
INSERT INTO `ACT_HI_DETAIL` VALUES ('1904eced-3184-11ec-ad5a-f20b812c0662', 'VariableUpdate', '190031da-3184-11ec-ad5a-f20b812c0662', '190058f2-3184-11ec-ad5a-f20b812c0662', '1904c5d5-3184-11ec-ad5a-f20b812c0662', NULL, 'operationType', 'string', 0, '2021-10-20 16:59:56.684', NULL, NULL, NULL, 'agree', NULL);
INSERT INTO `ACT_HI_DETAIL` VALUES ('255d7a81-3184-11ec-ad5a-f20b812c0662', 'VariableUpdate', '190031da-3184-11ec-ad5a-f20b812c0662', '190058f2-3184-11ec-ad5a-f20b812c0662', '1904c5d5-3184-11ec-ad5a-f20b812c0662', NULL, 'totalAmount', 'integer', 0, '2021-10-20 17:00:17.397', NULL, NULL, 1200, '1200', NULL);
INSERT INTO `ACT_HI_DETAIL` VALUES ('255d7a82-3184-11ec-ad5a-f20b812c0662', 'VariableUpdate', '190031da-3184-11ec-ad5a-f20b812c0662', '190058f2-3184-11ec-ad5a-f20b812c0662', '1904c5d5-3184-11ec-ad5a-f20b812c0662', NULL, 'operationType', 'string', 1, '2021-10-20 17:00:17.397', NULL, NULL, NULL, 'agree', NULL);
INSERT INTO `ACT_HI_DETAIL` VALUES ('255da193-3184-11ec-ad5a-f20b812c0662', 'VariableUpdate', '190031da-3184-11ec-ad5a-f20b812c0662', '190058f2-3184-11ec-ad5a-f20b812c0662', '1904c5d5-3184-11ec-ad5a-f20b812c0662', NULL, 'deptPostLeader', 'string', 1, '2021-10-20 17:00:17.398', NULL, NULL, NULL, '1440964519391137792', NULL);
INSERT INTO `ACT_HI_DETAIL` VALUES ('255e3dd5-3184-11ec-ad5a-f20b812c0662', 'VariableUpdate', '190031da-3184-11ec-ad5a-f20b812c0662', '190031da-3184-11ec-ad5a-f20b812c0662', NULL, NULL, 'totalAmount', 'integer', 0, '2021-10-20 17:00:17.402', NULL, NULL, 1200, '1200', NULL);
INSERT INTO `ACT_HI_DETAIL` VALUES ('255e3dd6-3184-11ec-ad5a-f20b812c0662', 'VariableUpdate', '190031da-3184-11ec-ad5a-f20b812c0662', '190031da-3184-11ec-ad5a-f20b812c0662', NULL, NULL, 'deptPostLeader', 'string', 2, '2021-10-20 17:00:17.402', NULL, NULL, NULL, '1440964519391137792', NULL);
INSERT INTO `ACT_HI_DETAIL` VALUES ('255e64e7-3184-11ec-ad5a-f20b812c0662', 'VariableUpdate', '190031da-3184-11ec-ad5a-f20b812c0662', '190031da-3184-11ec-ad5a-f20b812c0662', NULL, NULL, 'operationType', 'string', 1, '2021-10-20 17:00:17.403', NULL, NULL, NULL, 'agree', NULL);
INSERT INTO `ACT_HI_DETAIL` VALUES ('255e64e8-3184-11ec-ad5a-f20b812c0662', 'VariableUpdate', '190031da-3184-11ec-ad5a-f20b812c0662', '190031da-3184-11ec-ad5a-f20b812c0662', NULL, NULL, 'startUserName', 'string', 1, '2021-10-20 17:00:17.403', NULL, NULL, NULL, 'userD', NULL);
INSERT INTO `ACT_HI_DETAIL` VALUES ('255e8bf9-3184-11ec-ad5a-f20b812c0662', 'VariableUpdate', '190031da-3184-11ec-ad5a-f20b812c0662', '190031da-3184-11ec-ad5a-f20b812c0662', NULL, NULL, 'initiator', 'string', 1, '2021-10-20 17:00:17.404', NULL, NULL, NULL, 'userD', NULL);
INSERT INTO `ACT_HI_DETAIL` VALUES ('255f765e-3184-11ec-ad5a-f20b812c0662', 'VariableUpdate', '190031da-3184-11ec-ad5a-f20b812c0662', '190058f2-3184-11ec-ad5a-f20b812c0662', '255f765c-3184-11ec-ad5a-f20b812c0662', NULL, 'totalAmount', 'integer', 0, '2021-10-20 17:00:17.410', NULL, NULL, 1200, '1200', NULL);
INSERT INTO `ACT_HI_DETAIL` VALUES ('255f7660-3184-11ec-ad5a-f20b812c0662', 'VariableUpdate', '190031da-3184-11ec-ad5a-f20b812c0662', '190058f2-3184-11ec-ad5a-f20b812c0662', '255f765c-3184-11ec-ad5a-f20b812c0662', NULL, 'startUserName', 'string', 0, '2021-10-20 17:00:17.410', NULL, NULL, NULL, 'userD', NULL);
INSERT INTO `ACT_HI_DETAIL` VALUES ('255f7662-3184-11ec-ad5a-f20b812c0662', 'VariableUpdate', '190031da-3184-11ec-ad5a-f20b812c0662', '190058f2-3184-11ec-ad5a-f20b812c0662', '255f765c-3184-11ec-ad5a-f20b812c0662', NULL, 'initiator', 'string', 0, '2021-10-20 17:00:17.410', NULL, NULL, NULL, 'userD', NULL);
INSERT INTO `ACT_HI_DETAIL` VALUES ('255f7664-3184-11ec-ad5a-f20b812c0662', 'VariableUpdate', '190031da-3184-11ec-ad5a-f20b812c0662', '190058f2-3184-11ec-ad5a-f20b812c0662', '255f765c-3184-11ec-ad5a-f20b812c0662', NULL, 'operationType', 'string', 0, '2021-10-20 17:00:17.410', NULL, NULL, NULL, 'agree', NULL);
INSERT INTO `ACT_HI_DETAIL` VALUES ('255f7666-3184-11ec-ad5a-f20b812c0662', 'VariableUpdate', '190031da-3184-11ec-ad5a-f20b812c0662', '190058f2-3184-11ec-ad5a-f20b812c0662', '255f765c-3184-11ec-ad5a-f20b812c0662', NULL, 'deptPostLeader', 'string', 0, '2021-10-20 17:00:17.410', NULL, NULL, NULL, '1440964519391137792', NULL);
INSERT INTO `ACT_HI_DETAIL` VALUES ('32dd7c2f-3185-11ec-9f40-f20b812c0662', 'VariableUpdate', 'ec6ca594-3184-11ec-9f40-f20b812c0662', 'ec6ca59c-3184-11ec-9f40-f20b812c0662', '01c79123-3185-11ec-9f40-f20b812c0662', NULL, 'operationType', 'string', 1, '2021-10-20 17:07:49.543', NULL, NULL, NULL, 'agree', NULL);
INSERT INTO `ACT_HI_DETAIL` VALUES ('32de3f80-3185-11ec-9f40-f20b812c0662', 'VariableUpdate', 'ec6ca594-3184-11ec-9f40-f20b812c0662', 'ec6ca594-3184-11ec-9f40-f20b812c0662', NULL, NULL, 'operationType', 'string', 1, '2021-10-20 17:07:49.548', NULL, NULL, NULL, 'agree', NULL);
INSERT INTO `ACT_HI_DETAIL` VALUES ('32de6691-3185-11ec-9f40-f20b812c0662', 'VariableUpdate', 'ec6ca594-3184-11ec-9f40-f20b812c0662', 'ec6ca594-3184-11ec-9f40-f20b812c0662', NULL, NULL, 'deptPostLeader', 'string', 1, '2021-10-20 17:07:49.549', NULL, NULL, NULL, '1440964519391137792', NULL);
INSERT INTO `ACT_HI_DETAIL` VALUES ('32de6692-3185-11ec-9f40-f20b812c0662', 'VariableUpdate', 'ec6ca594-3184-11ec-9f40-f20b812c0662', 'ec6ca594-3184-11ec-9f40-f20b812c0662', NULL, NULL, 'startUserName', 'string', 1, '2021-10-20 17:07:49.549', NULL, NULL, NULL, 'userD', NULL);
INSERT INTO `ACT_HI_DETAIL` VALUES ('32de8da3-3185-11ec-9f40-f20b812c0662', 'VariableUpdate', 'ec6ca594-3184-11ec-9f40-f20b812c0662', 'ec6ca594-3184-11ec-9f40-f20b812c0662', NULL, NULL, 'initiator', 'string', 1, '2021-10-20 17:07:49.550', NULL, NULL, NULL, 'userD', NULL);
INSERT INTO `ACT_HI_DETAIL` VALUES ('32dedbc7-3185-11ec-9f40-f20b812c0662', 'VariableUpdate', 'ec6ca594-3184-11ec-9f40-f20b812c0662', 'ec6ca59c-3184-11ec-9f40-f20b812c0662', '32dedbc5-3185-11ec-9f40-f20b812c0662', NULL, 'startUserName', 'string', 0, '2021-10-20 17:07:49.552', NULL, NULL, NULL, 'userD', NULL);
INSERT INTO `ACT_HI_DETAIL` VALUES ('32dedbc9-3185-11ec-9f40-f20b812c0662', 'VariableUpdate', 'ec6ca594-3184-11ec-9f40-f20b812c0662', 'ec6ca59c-3184-11ec-9f40-f20b812c0662', '32dedbc5-3185-11ec-9f40-f20b812c0662', NULL, 'initiator', 'string', 0, '2021-10-20 17:07:49.552', NULL, NULL, NULL, 'userD', NULL);
INSERT INTO `ACT_HI_DETAIL` VALUES ('32dedbcb-3185-11ec-9f40-f20b812c0662', 'VariableUpdate', 'ec6ca594-3184-11ec-9f40-f20b812c0662', 'ec6ca59c-3184-11ec-9f40-f20b812c0662', '32dedbc5-3185-11ec-9f40-f20b812c0662', NULL, 'operationType', 'string', 0, '2021-10-20 17:07:49.552', NULL, NULL, NULL, 'agree', NULL);
INSERT INTO `ACT_HI_DETAIL` VALUES ('32dedbcd-3185-11ec-9f40-f20b812c0662', 'VariableUpdate', 'ec6ca594-3184-11ec-9f40-f20b812c0662', 'ec6ca59c-3184-11ec-9f40-f20b812c0662', '32dedbc5-3185-11ec-9f40-f20b812c0662', NULL, 'deptPostLeader', 'string', 0, '2021-10-20 17:07:49.552', NULL, NULL, NULL, '1440964519391137792', NULL);
INSERT INTO `ACT_HI_DETAIL` VALUES ('332af4e9-3184-11ec-ad5a-f20b812c0662', 'VariableUpdate', '190031da-3184-11ec-ad5a-f20b812c0662', '190058f2-3184-11ec-ad5a-f20b812c0662', '255f765c-3184-11ec-ad5a-f20b812c0662', NULL, 'operationType', 'string', 1, '2021-10-20 17:00:40.554', NULL, NULL, NULL, 'agree', NULL);
INSERT INTO `ACT_HI_DETAIL` VALUES ('332af4ea-3184-11ec-ad5a-f20b812c0662', 'VariableUpdate', '190031da-3184-11ec-ad5a-f20b812c0662', '190058f2-3184-11ec-ad5a-f20b812c0662', '255f765c-3184-11ec-ad5a-f20b812c0662', NULL, 'deptPostLeader', 'string', 1, '2021-10-20 17:00:40.554', NULL, NULL, NULL, '1440969551792574464', NULL);
INSERT INTO `ACT_HI_DETAIL` VALUES ('332c2d6b-3184-11ec-ad5a-f20b812c0662', 'VariableUpdate', '190031da-3184-11ec-ad5a-f20b812c0662', '190031da-3184-11ec-ad5a-f20b812c0662', NULL, NULL, 'totalAmount', 'integer', 1, '2021-10-20 17:00:40.562', NULL, NULL, 1200, '1200', NULL);
INSERT INTO `ACT_HI_DETAIL` VALUES ('332c2d6c-3184-11ec-ad5a-f20b812c0662', 'VariableUpdate', '190031da-3184-11ec-ad5a-f20b812c0662', '190031da-3184-11ec-ad5a-f20b812c0662', NULL, NULL, 'operationType', 'string', 1, '2021-10-20 17:00:40.562', NULL, NULL, NULL, 'agree', NULL);
INSERT INTO `ACT_HI_DETAIL` VALUES ('332c547d-3184-11ec-ad5a-f20b812c0662', 'VariableUpdate', '190031da-3184-11ec-ad5a-f20b812c0662', '190031da-3184-11ec-ad5a-f20b812c0662', NULL, NULL, 'deptPostLeader', 'string', 2, '2021-10-20 17:00:40.563', NULL, NULL, NULL, '1440969551792574464', NULL);
INSERT INTO `ACT_HI_DETAIL` VALUES ('332c547e-3184-11ec-ad5a-f20b812c0662', 'VariableUpdate', '190031da-3184-11ec-ad5a-f20b812c0662', '190031da-3184-11ec-ad5a-f20b812c0662', NULL, NULL, 'startUserName', 'string', 1, '2021-10-20 17:00:40.563', NULL, NULL, NULL, 'userD', NULL);
INSERT INTO `ACT_HI_DETAIL` VALUES ('332c7b8f-3184-11ec-ad5a-f20b812c0662', 'VariableUpdate', '190031da-3184-11ec-ad5a-f20b812c0662', '190031da-3184-11ec-ad5a-f20b812c0662', NULL, NULL, 'initiator', 'string', 1, '2021-10-20 17:00:40.564', NULL, NULL, NULL, 'userD', NULL);
INSERT INTO `ACT_HI_DETAIL` VALUES ('4be4f4c1-3185-11ec-9f40-f20b812c0662', 'VariableUpdate', 'ec6ca594-3184-11ec-9f40-f20b812c0662', 'ec6ca59c-3184-11ec-9f40-f20b812c0662', '32dedbc5-3185-11ec-9f40-f20b812c0662', NULL, 'multiRefuseCount', 'integer', 0, '2021-10-20 17:08:31.535', NULL, NULL, 0, '0', NULL);
INSERT INTO `ACT_HI_DETAIL` VALUES ('4be5b813-3185-11ec-9f40-f20b812c0662', 'VariableUpdate', 'ec6ca594-3184-11ec-9f40-f20b812c0662', 'ec6ca59c-3184-11ec-9f40-f20b812c0662', '32dedbc5-3185-11ec-9f40-f20b812c0662', NULL, 'assigneeList', 'json', 0, '2021-10-20 17:08:31.540', NULL, NULL, NULL, '[\"admin\",\"userD\"]', 'com.alibaba.fastjson.JSONArray');
INSERT INTO `ACT_HI_DETAIL` VALUES ('4be5b815-3185-11ec-9f40-f20b812c0662', 'VariableUpdate', 'ec6ca594-3184-11ec-9f40-f20b812c0662', 'ec6ca59c-3184-11ec-9f40-f20b812c0662', '32dedbc5-3185-11ec-9f40-f20b812c0662', NULL, 'multiAbstainCount', 'integer', 0, '2021-10-20 17:08:31.540', NULL, NULL, 0, '0', NULL);
INSERT INTO `ACT_HI_DETAIL` VALUES ('4be5b816-3185-11ec-9f40-f20b812c0662', 'VariableUpdate', 'ec6ca594-3184-11ec-9f40-f20b812c0662', 'ec6ca59c-3184-11ec-9f40-f20b812c0662', '32dedbc5-3185-11ec-9f40-f20b812c0662', NULL, 'operationType', 'string', 1, '2021-10-20 17:08:31.540', NULL, NULL, NULL, 'multi_sign', NULL);
INSERT INTO `ACT_HI_DETAIL` VALUES ('4be60638-3185-11ec-9f40-f20b812c0662', 'VariableUpdate', 'ec6ca594-3184-11ec-9f40-f20b812c0662', 'ec6ca59c-3184-11ec-9f40-f20b812c0662', '32dedbc5-3185-11ec-9f40-f20b812c0662', NULL, 'multiSignStartTask', 'string', 0, '2021-10-20 17:08:31.542', NULL, NULL, NULL, '32dedbc5-3185-11ec-9f40-f20b812c0662', NULL);
INSERT INTO `ACT_HI_DETAIL` VALUES ('4be6063a-3185-11ec-9f40-f20b812c0662', 'VariableUpdate', 'ec6ca594-3184-11ec-9f40-f20b812c0662', 'ec6ca59c-3184-11ec-9f40-f20b812c0662', '32dedbc5-3185-11ec-9f40-f20b812c0662', NULL, 'multiAgreeCount', 'integer', 0, '2021-10-20 17:08:31.542', NULL, NULL, 0, '0', NULL);
INSERT INTO `ACT_HI_DETAIL` VALUES ('4be6063c-3185-11ec-9f40-f20b812c0662', 'VariableUpdate', 'ec6ca594-3184-11ec-9f40-f20b812c0662', 'ec6ca59c-3184-11ec-9f40-f20b812c0662', '32dedbc5-3185-11ec-9f40-f20b812c0662', NULL, 'multiNumOfInstances', 'integer', 0, '2021-10-20 17:08:31.542', NULL, NULL, 0, '0', NULL);
INSERT INTO `ACT_HI_DETAIL` VALUES ('4be6c98e-3185-11ec-9f40-f20b812c0662', 'VariableUpdate', 'ec6ca594-3184-11ec-9f40-f20b812c0662', 'ec6ca594-3184-11ec-9f40-f20b812c0662', NULL, NULL, 'multiRefuseCount', 'integer', 0, '2021-10-20 17:08:31.547', NULL, NULL, 0, '0', NULL);
INSERT INTO `ACT_HI_DETAIL` VALUES ('4be6c990-3185-11ec-9f40-f20b812c0662', 'VariableUpdate', 'ec6ca594-3184-11ec-9f40-f20b812c0662', 'ec6ca594-3184-11ec-9f40-f20b812c0662', NULL, NULL, 'assigneeList', 'json', 0, '2021-10-20 17:08:31.547', NULL, NULL, NULL, '[\"admin\",\"userD\"]', 'com.alibaba.fastjson.JSONArray');
INSERT INTO `ACT_HI_DETAIL` VALUES ('4be6c991-3185-11ec-9f40-f20b812c0662', 'VariableUpdate', 'ec6ca594-3184-11ec-9f40-f20b812c0662', 'ec6ca594-3184-11ec-9f40-f20b812c0662', NULL, NULL, 'startUserName', 'string', 1, '2021-10-20 17:08:31.547', NULL, NULL, NULL, 'userD', NULL);
INSERT INTO `ACT_HI_DETAIL` VALUES ('4be6c992-3185-11ec-9f40-f20b812c0662', 'VariableUpdate', 'ec6ca594-3184-11ec-9f40-f20b812c0662', 'ec6ca594-3184-11ec-9f40-f20b812c0662', NULL, NULL, 'initiator', 'string', 1, '2021-10-20 17:08:31.547', NULL, NULL, NULL, 'userD', NULL);
INSERT INTO `ACT_HI_DETAIL` VALUES ('4be6f0a4-3185-11ec-9f40-f20b812c0662', 'VariableUpdate', 'ec6ca594-3184-11ec-9f40-f20b812c0662', 'ec6ca594-3184-11ec-9f40-f20b812c0662', NULL, NULL, 'multiAbstainCount', 'integer', 0, '2021-10-20 17:08:31.548', NULL, NULL, 0, '0', NULL);
INSERT INTO `ACT_HI_DETAIL` VALUES ('4be6f0a5-3185-11ec-9f40-f20b812c0662', 'VariableUpdate', 'ec6ca594-3184-11ec-9f40-f20b812c0662', 'ec6ca594-3184-11ec-9f40-f20b812c0662', NULL, NULL, 'operationType', 'string', 1, '2021-10-20 17:08:31.548', NULL, NULL, NULL, 'multi_sign', NULL);
INSERT INTO `ACT_HI_DETAIL` VALUES ('4be6f0a6-3185-11ec-9f40-f20b812c0662', 'VariableUpdate', 'ec6ca594-3184-11ec-9f40-f20b812c0662', 'ec6ca594-3184-11ec-9f40-f20b812c0662', NULL, NULL, 'deptPostLeader', 'string', 1, '2021-10-20 17:08:31.548', NULL, NULL, NULL, '1440964519391137792', NULL);
INSERT INTO `ACT_HI_DETAIL` VALUES ('4be717b8-3185-11ec-9f40-f20b812c0662', 'VariableUpdate', 'ec6ca594-3184-11ec-9f40-f20b812c0662', 'ec6ca594-3184-11ec-9f40-f20b812c0662', NULL, NULL, 'multiSignStartTask', 'string', 0, '2021-10-20 17:08:31.549', NULL, NULL, NULL, '32dedbc5-3185-11ec-9f40-f20b812c0662', NULL);
INSERT INTO `ACT_HI_DETAIL` VALUES ('4be717ba-3185-11ec-9f40-f20b812c0662', 'VariableUpdate', 'ec6ca594-3184-11ec-9f40-f20b812c0662', 'ec6ca594-3184-11ec-9f40-f20b812c0662', NULL, NULL, 'multiAgreeCount', 'integer', 0, '2021-10-20 17:08:31.549', NULL, NULL, 0, '0', NULL);
INSERT INTO `ACT_HI_DETAIL` VALUES ('4be717bc-3185-11ec-9f40-f20b812c0662', 'VariableUpdate', 'ec6ca594-3184-11ec-9f40-f20b812c0662', 'ec6ca594-3184-11ec-9f40-f20b812c0662', NULL, NULL, 'multiNumOfInstances', 'integer', 0, '2021-10-20 17:08:31.549', NULL, NULL, 0, '0', NULL);
INSERT INTO `ACT_HI_DETAIL` VALUES ('4be73ece-3185-11ec-9f40-f20b812c0662', 'VariableUpdate', 'ec6ca594-3184-11ec-9f40-f20b812c0662', 'ec6ca59c-3184-11ec-9f40-f20b812c0662', NULL, NULL, 'nrOfInstances', 'integer', 0, '2021-10-20 17:08:31.550', NULL, NULL, 2, '2', NULL);
INSERT INTO `ACT_HI_DETAIL` VALUES ('4be73ed0-3185-11ec-9f40-f20b812c0662', 'VariableUpdate', 'ec6ca594-3184-11ec-9f40-f20b812c0662', 'ec6ca59c-3184-11ec-9f40-f20b812c0662', NULL, NULL, 'nrOfCompletedInstances', 'integer', 0, '2021-10-20 17:08:31.550', NULL, NULL, 0, '0', NULL);
INSERT INTO `ACT_HI_DETAIL` VALUES ('4be73ed2-3185-11ec-9f40-f20b812c0662', 'VariableUpdate', 'ec6ca594-3184-11ec-9f40-f20b812c0662', 'ec6ca59c-3184-11ec-9f40-f20b812c0662', NULL, NULL, 'nrOfActiveInstances', 'integer', 0, '2021-10-20 17:08:31.550', NULL, NULL, 2, '2', NULL);
INSERT INTO `ACT_HI_DETAIL` VALUES ('4be765e6-3185-11ec-9f40-f20b812c0662', 'VariableUpdate', 'ec6ca594-3184-11ec-9f40-f20b812c0662', '4be765e3-3185-11ec-9f40-f20b812c0662', NULL, NULL, 'loopCounter', 'integer', 0, '2021-10-20 17:08:31.551', NULL, NULL, 0, '0', NULL);
INSERT INTO `ACT_HI_DETAIL` VALUES ('4be765e8-3185-11ec-9f40-f20b812c0662', 'VariableUpdate', 'ec6ca594-3184-11ec-9f40-f20b812c0662', '4be765e3-3185-11ec-9f40-f20b812c0662', NULL, NULL, 'assignee', 'string', 0, '2021-10-20 17:08:31.551', NULL, NULL, NULL, 'admin', NULL);
INSERT INTO `ACT_HI_DETAIL` VALUES ('4be78cfa-3185-11ec-9f40-f20b812c0662', 'VariableUpdate', 'ec6ca594-3184-11ec-9f40-f20b812c0662', '4be765e4-3185-11ec-9f40-f20b812c0662', NULL, NULL, 'loopCounter', 'integer', 0, '2021-10-20 17:08:31.552', NULL, NULL, 1, '1', NULL);
INSERT INTO `ACT_HI_DETAIL` VALUES ('4be78cfc-3185-11ec-9f40-f20b812c0662', 'VariableUpdate', 'ec6ca594-3184-11ec-9f40-f20b812c0662', '4be765e4-3185-11ec-9f40-f20b812c0662', NULL, NULL, 'assignee', 'string', 0, '2021-10-20 17:08:31.552', NULL, NULL, NULL, 'userD', NULL);
INSERT INTO `ACT_HI_DETAIL` VALUES ('4be7b312-3185-11ec-9f40-f20b812c0662', 'VariableUpdate', 'ec6ca594-3184-11ec-9f40-f20b812c0662', '4be765e4-3185-11ec-9f40-f20b812c0662', '4be78d00-3185-11ec-9f40-f20b812c0662', NULL, 'multiRefuseCount', 'integer', 0, '2021-10-20 17:08:31.553', NULL, NULL, 0, '0', NULL);
INSERT INTO `ACT_HI_DETAIL` VALUES ('4be7b314-3185-11ec-9f40-f20b812c0662', 'VariableUpdate', 'ec6ca594-3184-11ec-9f40-f20b812c0662', '4be765e4-3185-11ec-9f40-f20b812c0662', '4be78d00-3185-11ec-9f40-f20b812c0662', NULL, 'nrOfActiveInstances', 'integer', 0, '2021-10-20 17:08:31.553', NULL, NULL, 2, '2', NULL);
INSERT INTO `ACT_HI_DETAIL` VALUES ('4be7da26-3185-11ec-9f40-f20b812c0662', 'VariableUpdate', 'ec6ca594-3184-11ec-9f40-f20b812c0662', '4be765e4-3185-11ec-9f40-f20b812c0662', '4be78d00-3185-11ec-9f40-f20b812c0662', NULL, 'assigneeList', 'json', 0, '2021-10-20 17:08:31.554', NULL, NULL, NULL, '[\"admin\",\"userD\"]', 'java.util.LinkedList');
INSERT INTO `ACT_HI_DETAIL` VALUES ('4be7da28-3185-11ec-9f40-f20b812c0662', 'VariableUpdate', 'ec6ca594-3184-11ec-9f40-f20b812c0662', '4be765e4-3185-11ec-9f40-f20b812c0662', '4be78d00-3185-11ec-9f40-f20b812c0662', NULL, 'initiator', 'string', 0, '2021-10-20 17:08:31.554', NULL, NULL, NULL, 'userD', NULL);
INSERT INTO `ACT_HI_DETAIL` VALUES ('4be7da2a-3185-11ec-9f40-f20b812c0662', 'VariableUpdate', 'ec6ca594-3184-11ec-9f40-f20b812c0662', '4be765e4-3185-11ec-9f40-f20b812c0662', '4be78d00-3185-11ec-9f40-f20b812c0662', NULL, 'multiAbstainCount', 'integer', 0, '2021-10-20 17:08:31.554', NULL, NULL, 0, '0', NULL);
INSERT INTO `ACT_HI_DETAIL` VALUES ('4be7da2c-3185-11ec-9f40-f20b812c0662', 'VariableUpdate', 'ec6ca594-3184-11ec-9f40-f20b812c0662', '4be765e4-3185-11ec-9f40-f20b812c0662', '4be78d00-3185-11ec-9f40-f20b812c0662', NULL, 'loopCounter', 'integer', 0, '2021-10-20 17:08:31.554', NULL, NULL, 1, '1', NULL);
INSERT INTO `ACT_HI_DETAIL` VALUES ('4be7da2e-3185-11ec-9f40-f20b812c0662', 'VariableUpdate', 'ec6ca594-3184-11ec-9f40-f20b812c0662', '4be765e4-3185-11ec-9f40-f20b812c0662', '4be78d00-3185-11ec-9f40-f20b812c0662', NULL, 'multiSignStartTask', 'string', 0, '2021-10-20 17:08:31.554', NULL, NULL, NULL, '32dedbc5-3185-11ec-9f40-f20b812c0662', NULL);
INSERT INTO `ACT_HI_DETAIL` VALUES ('4be7da30-3185-11ec-9f40-f20b812c0662', 'VariableUpdate', 'ec6ca594-3184-11ec-9f40-f20b812c0662', '4be765e4-3185-11ec-9f40-f20b812c0662', '4be78d00-3185-11ec-9f40-f20b812c0662', NULL, 'multiNumOfInstances', 'integer', 0, '2021-10-20 17:08:31.554', NULL, NULL, 0, '0', NULL);
INSERT INTO `ACT_HI_DETAIL` VALUES ('4be7da32-3185-11ec-9f40-f20b812c0662', 'VariableUpdate', 'ec6ca594-3184-11ec-9f40-f20b812c0662', '4be765e4-3185-11ec-9f40-f20b812c0662', '4be78d00-3185-11ec-9f40-f20b812c0662', NULL, 'nrOfInstances', 'integer', 0, '2021-10-20 17:08:31.554', NULL, NULL, 2, '2', NULL);
INSERT INTO `ACT_HI_DETAIL` VALUES ('4be7da34-3185-11ec-9f40-f20b812c0662', 'VariableUpdate', 'ec6ca594-3184-11ec-9f40-f20b812c0662', '4be765e4-3185-11ec-9f40-f20b812c0662', '4be78d00-3185-11ec-9f40-f20b812c0662', NULL, 'startUserName', 'string', 0, '2021-10-20 17:08:31.554', NULL, NULL, NULL, 'userD', NULL);
INSERT INTO `ACT_HI_DETAIL` VALUES ('4be7da36-3185-11ec-9f40-f20b812c0662', 'VariableUpdate', 'ec6ca594-3184-11ec-9f40-f20b812c0662', '4be765e4-3185-11ec-9f40-f20b812c0662', '4be78d00-3185-11ec-9f40-f20b812c0662', NULL, 'operationType', 'string', 0, '2021-10-20 17:08:31.554', NULL, NULL, NULL, 'multi_sign', NULL);
INSERT INTO `ACT_HI_DETAIL` VALUES ('4be7da38-3185-11ec-9f40-f20b812c0662', 'VariableUpdate', 'ec6ca594-3184-11ec-9f40-f20b812c0662', '4be765e4-3185-11ec-9f40-f20b812c0662', '4be78d00-3185-11ec-9f40-f20b812c0662', NULL, 'deptPostLeader', 'string', 0, '2021-10-20 17:08:31.554', NULL, NULL, NULL, '1440964519391137792', NULL);
INSERT INTO `ACT_HI_DETAIL` VALUES ('4be7da3a-3185-11ec-9f40-f20b812c0662', 'VariableUpdate', 'ec6ca594-3184-11ec-9f40-f20b812c0662', '4be765e4-3185-11ec-9f40-f20b812c0662', '4be78d00-3185-11ec-9f40-f20b812c0662', NULL, 'assignee', 'string', 0, '2021-10-20 17:08:31.554', NULL, NULL, NULL, 'userD', NULL);
INSERT INTO `ACT_HI_DETAIL` VALUES ('4be7da3c-3185-11ec-9f40-f20b812c0662', 'VariableUpdate', 'ec6ca594-3184-11ec-9f40-f20b812c0662', '4be765e4-3185-11ec-9f40-f20b812c0662', '4be78d00-3185-11ec-9f40-f20b812c0662', NULL, 'multiAgreeCount', 'integer', 0, '2021-10-20 17:08:31.554', NULL, NULL, 0, '0', NULL);
INSERT INTO `ACT_HI_DETAIL` VALUES ('4be7da3e-3185-11ec-9f40-f20b812c0662', 'VariableUpdate', 'ec6ca594-3184-11ec-9f40-f20b812c0662', '4be765e4-3185-11ec-9f40-f20b812c0662', '4be78d00-3185-11ec-9f40-f20b812c0662', NULL, 'nrOfCompletedInstances', 'integer', 0, '2021-10-20 17:08:31.554', NULL, NULL, 0, '0', NULL);
INSERT INTO `ACT_HI_DETAIL` VALUES ('4be82860-3185-11ec-9f40-f20b812c0662', 'VariableUpdate', 'ec6ca594-3184-11ec-9f40-f20b812c0662', '4be765e3-3185-11ec-9f40-f20b812c0662', '4be78cfe-3185-11ec-9f40-f20b812c0662', NULL, 'multiRefuseCount', 'integer', 0, '2021-10-20 17:08:31.556', NULL, NULL, 0, '0', NULL);
INSERT INTO `ACT_HI_DETAIL` VALUES ('4be82862-3185-11ec-9f40-f20b812c0662', 'VariableUpdate', 'ec6ca594-3184-11ec-9f40-f20b812c0662', '4be765e3-3185-11ec-9f40-f20b812c0662', '4be78cfe-3185-11ec-9f40-f20b812c0662', NULL, 'nrOfActiveInstances', 'integer', 0, '2021-10-20 17:08:31.556', NULL, NULL, 2, '2', NULL);
INSERT INTO `ACT_HI_DETAIL` VALUES ('4be82864-3185-11ec-9f40-f20b812c0662', 'VariableUpdate', 'ec6ca594-3184-11ec-9f40-f20b812c0662', '4be765e3-3185-11ec-9f40-f20b812c0662', '4be78cfe-3185-11ec-9f40-f20b812c0662', NULL, 'assigneeList', 'json', 0, '2021-10-20 17:08:31.556', NULL, NULL, NULL, '[\"admin\",\"userD\"]', 'java.util.LinkedList');
INSERT INTO `ACT_HI_DETAIL` VALUES ('4be82866-3185-11ec-9f40-f20b812c0662', 'VariableUpdate', 'ec6ca594-3184-11ec-9f40-f20b812c0662', '4be765e3-3185-11ec-9f40-f20b812c0662', '4be78cfe-3185-11ec-9f40-f20b812c0662', NULL, 'initiator', 'string', 0, '2021-10-20 17:08:31.556', NULL, NULL, NULL, 'userD', NULL);
INSERT INTO `ACT_HI_DETAIL` VALUES ('4be82868-3185-11ec-9f40-f20b812c0662', 'VariableUpdate', 'ec6ca594-3184-11ec-9f40-f20b812c0662', '4be765e3-3185-11ec-9f40-f20b812c0662', '4be78cfe-3185-11ec-9f40-f20b812c0662', NULL, 'multiAbstainCount', 'integer', 0, '2021-10-20 17:08:31.556', NULL, NULL, 0, '0', NULL);
INSERT INTO `ACT_HI_DETAIL` VALUES ('4be8286a-3185-11ec-9f40-f20b812c0662', 'VariableUpdate', 'ec6ca594-3184-11ec-9f40-f20b812c0662', '4be765e3-3185-11ec-9f40-f20b812c0662', '4be78cfe-3185-11ec-9f40-f20b812c0662', NULL, 'loopCounter', 'integer', 0, '2021-10-20 17:08:31.556', NULL, NULL, 0, '0', NULL);
INSERT INTO `ACT_HI_DETAIL` VALUES ('4be8286c-3185-11ec-9f40-f20b812c0662', 'VariableUpdate', 'ec6ca594-3184-11ec-9f40-f20b812c0662', '4be765e3-3185-11ec-9f40-f20b812c0662', '4be78cfe-3185-11ec-9f40-f20b812c0662', NULL, 'multiSignStartTask', 'string', 0, '2021-10-20 17:08:31.556', NULL, NULL, NULL, '32dedbc5-3185-11ec-9f40-f20b812c0662', NULL);
INSERT INTO `ACT_HI_DETAIL` VALUES ('4be8286e-3185-11ec-9f40-f20b812c0662', 'VariableUpdate', 'ec6ca594-3184-11ec-9f40-f20b812c0662', '4be765e3-3185-11ec-9f40-f20b812c0662', '4be78cfe-3185-11ec-9f40-f20b812c0662', NULL, 'multiNumOfInstances', 'integer', 0, '2021-10-20 17:08:31.556', NULL, NULL, 0, '0', NULL);
INSERT INTO `ACT_HI_DETAIL` VALUES ('4be84f80-3185-11ec-9f40-f20b812c0662', 'VariableUpdate', 'ec6ca594-3184-11ec-9f40-f20b812c0662', '4be765e3-3185-11ec-9f40-f20b812c0662', '4be78cfe-3185-11ec-9f40-f20b812c0662', NULL, 'nrOfInstances', 'integer', 0, '2021-10-20 17:08:31.557', NULL, NULL, 2, '2', NULL);
INSERT INTO `ACT_HI_DETAIL` VALUES ('4be84f82-3185-11ec-9f40-f20b812c0662', 'VariableUpdate', 'ec6ca594-3184-11ec-9f40-f20b812c0662', '4be765e3-3185-11ec-9f40-f20b812c0662', '4be78cfe-3185-11ec-9f40-f20b812c0662', NULL, 'startUserName', 'string', 0, '2021-10-20 17:08:31.557', NULL, NULL, NULL, 'userD', NULL);
INSERT INTO `ACT_HI_DETAIL` VALUES ('4be84f84-3185-11ec-9f40-f20b812c0662', 'VariableUpdate', 'ec6ca594-3184-11ec-9f40-f20b812c0662', '4be765e3-3185-11ec-9f40-f20b812c0662', '4be78cfe-3185-11ec-9f40-f20b812c0662', NULL, 'operationType', 'string', 0, '2021-10-20 17:08:31.557', NULL, NULL, NULL, 'multi_sign', NULL);
INSERT INTO `ACT_HI_DETAIL` VALUES ('4be84f86-3185-11ec-9f40-f20b812c0662', 'VariableUpdate', 'ec6ca594-3184-11ec-9f40-f20b812c0662', '4be765e3-3185-11ec-9f40-f20b812c0662', '4be78cfe-3185-11ec-9f40-f20b812c0662', NULL, 'deptPostLeader', 'string', 0, '2021-10-20 17:08:31.557', NULL, NULL, NULL, '1440964519391137792', NULL);
INSERT INTO `ACT_HI_DETAIL` VALUES ('4be84f88-3185-11ec-9f40-f20b812c0662', 'VariableUpdate', 'ec6ca594-3184-11ec-9f40-f20b812c0662', '4be765e3-3185-11ec-9f40-f20b812c0662', '4be78cfe-3185-11ec-9f40-f20b812c0662', NULL, 'assignee', 'string', 0, '2021-10-20 17:08:31.557', NULL, NULL, NULL, 'admin', NULL);
INSERT INTO `ACT_HI_DETAIL` VALUES ('4be84f8a-3185-11ec-9f40-f20b812c0662', 'VariableUpdate', 'ec6ca594-3184-11ec-9f40-f20b812c0662', '4be765e3-3185-11ec-9f40-f20b812c0662', '4be78cfe-3185-11ec-9f40-f20b812c0662', NULL, 'multiAgreeCount', 'integer', 0, '2021-10-20 17:08:31.557', NULL, NULL, 0, '0', NULL);
INSERT INTO `ACT_HI_DETAIL` VALUES ('4be84f8c-3185-11ec-9f40-f20b812c0662', 'VariableUpdate', 'ec6ca594-3184-11ec-9f40-f20b812c0662', '4be765e3-3185-11ec-9f40-f20b812c0662', '4be78cfe-3185-11ec-9f40-f20b812c0662', NULL, 'nrOfCompletedInstances', 'integer', 0, '2021-10-20 17:08:31.557', NULL, NULL, 0, '0', NULL);
INSERT INTO `ACT_HI_DETAIL` VALUES ('55a6350d-3185-11ec-9f40-f20b812c0662', 'VariableUpdate', 'ec6ca594-3184-11ec-9f40-f20b812c0662', '4be765e4-3185-11ec-9f40-f20b812c0662', '4be78d00-3185-11ec-9f40-f20b812c0662', NULL, 'multiRefuseCount', 'integer', 1, '2021-10-20 17:08:47.901', NULL, NULL, 0, '0', NULL);
INSERT INTO `ACT_HI_DETAIL` VALUES ('55a6350e-3185-11ec-9f40-f20b812c0662', 'VariableUpdate', 'ec6ca594-3184-11ec-9f40-f20b812c0662', '4be765e4-3185-11ec-9f40-f20b812c0662', '4be78d00-3185-11ec-9f40-f20b812c0662', NULL, 'multiAbstainCount', 'integer', 1, '2021-10-20 17:08:47.901', NULL, NULL, 0, '0', NULL);
INSERT INTO `ACT_HI_DETAIL` VALUES ('55a65c1f-3185-11ec-9f40-f20b812c0662', 'VariableUpdate', 'ec6ca594-3184-11ec-9f40-f20b812c0662', '4be765e4-3185-11ec-9f40-f20b812c0662', '4be78d00-3185-11ec-9f40-f20b812c0662', NULL, 'operationType', 'string', 1, '2021-10-20 17:08:47.902', NULL, NULL, NULL, 'multi_agree', NULL);
INSERT INTO `ACT_HI_DETAIL` VALUES ('55a65c20-3185-11ec-9f40-f20b812c0662', 'VariableUpdate', 'ec6ca594-3184-11ec-9f40-f20b812c0662', '4be765e4-3185-11ec-9f40-f20b812c0662', '4be78d00-3185-11ec-9f40-f20b812c0662', NULL, 'multiAgreeCount', 'integer', 1, '2021-10-20 17:08:47.902', NULL, NULL, 1, '1', NULL);
INSERT INTO `ACT_HI_DETAIL` VALUES ('55a68331-3185-11ec-9f40-f20b812c0662', 'VariableUpdate', 'ec6ca594-3184-11ec-9f40-f20b812c0662', '4be765e4-3185-11ec-9f40-f20b812c0662', '4be78d00-3185-11ec-9f40-f20b812c0662', NULL, 'multiNumOfInstances', 'integer', 1, '2021-10-20 17:08:47.903', NULL, NULL, 2, '2', NULL);
INSERT INTO `ACT_HI_DETAIL` VALUES ('55a76d92-3185-11ec-9f40-f20b812c0662', 'VariableUpdate', 'ec6ca594-3184-11ec-9f40-f20b812c0662', 'ec6ca594-3184-11ec-9f40-f20b812c0662', NULL, NULL, 'multiRefuseCount', 'integer', 1, '2021-10-20 17:08:47.909', NULL, NULL, 0, '0', NULL);
INSERT INTO `ACT_HI_DETAIL` VALUES ('55a76d94-3185-11ec-9f40-f20b812c0662', 'VariableUpdate', 'ec6ca594-3184-11ec-9f40-f20b812c0662', 'ec6ca594-3184-11ec-9f40-f20b812c0662', NULL, NULL, 'nrOfActiveInstances', 'integer', 0, '2021-10-20 17:08:47.909', NULL, NULL, 2, '2', NULL);
INSERT INTO `ACT_HI_DETAIL` VALUES ('55a76d95-3185-11ec-9f40-f20b812c0662', 'VariableUpdate', 'ec6ca594-3184-11ec-9f40-f20b812c0662', 'ec6ca594-3184-11ec-9f40-f20b812c0662', NULL, NULL, 'assigneeList', 'json', 1, '2021-10-20 17:08:47.909', NULL, NULL, NULL, '[\"admin\",\"userD\"]', 'java.util.LinkedList');
INSERT INTO `ACT_HI_DETAIL` VALUES ('55a794a6-3185-11ec-9f40-f20b812c0662', 'VariableUpdate', 'ec6ca594-3184-11ec-9f40-f20b812c0662', 'ec6ca594-3184-11ec-9f40-f20b812c0662', NULL, NULL, 'initiator', 'string', 1, '2021-10-20 17:08:47.910', NULL, NULL, NULL, 'userD', NULL);
INSERT INTO `ACT_HI_DETAIL` VALUES ('55a794a7-3185-11ec-9f40-f20b812c0662', 'VariableUpdate', 'ec6ca594-3184-11ec-9f40-f20b812c0662', 'ec6ca594-3184-11ec-9f40-f20b812c0662', NULL, NULL, 'multiAbstainCount', 'integer', 1, '2021-10-20 17:08:47.910', NULL, NULL, 0, '0', NULL);
INSERT INTO `ACT_HI_DETAIL` VALUES ('55a794a9-3185-11ec-9f40-f20b812c0662', 'VariableUpdate', 'ec6ca594-3184-11ec-9f40-f20b812c0662', 'ec6ca594-3184-11ec-9f40-f20b812c0662', NULL, NULL, 'loopCounter', 'integer', 0, '2021-10-20 17:08:47.910', NULL, NULL, 1, '1', NULL);
INSERT INTO `ACT_HI_DETAIL` VALUES ('55a794aa-3185-11ec-9f40-f20b812c0662', 'VariableUpdate', 'ec6ca594-3184-11ec-9f40-f20b812c0662', 'ec6ca594-3184-11ec-9f40-f20b812c0662', NULL, NULL, 'multiSignStartTask', 'string', 1, '2021-10-20 17:08:47.910', NULL, NULL, NULL, '32dedbc5-3185-11ec-9f40-f20b812c0662', NULL);
INSERT INTO `ACT_HI_DETAIL` VALUES ('55a7bbbb-3185-11ec-9f40-f20b812c0662', 'VariableUpdate', 'ec6ca594-3184-11ec-9f40-f20b812c0662', 'ec6ca594-3184-11ec-9f40-f20b812c0662', NULL, NULL, 'multiNumOfInstances', 'integer', 1, '2021-10-20 17:08:47.911', NULL, NULL, 2, '2', NULL);
INSERT INTO `ACT_HI_DETAIL` VALUES ('55a7bbbd-3185-11ec-9f40-f20b812c0662', 'VariableUpdate', 'ec6ca594-3184-11ec-9f40-f20b812c0662', 'ec6ca594-3184-11ec-9f40-f20b812c0662', NULL, NULL, 'nrOfInstances', 'integer', 0, '2021-10-20 17:08:47.911', NULL, NULL, 2, '2', NULL);
INSERT INTO `ACT_HI_DETAIL` VALUES ('55a7bbbe-3185-11ec-9f40-f20b812c0662', 'VariableUpdate', 'ec6ca594-3184-11ec-9f40-f20b812c0662', 'ec6ca594-3184-11ec-9f40-f20b812c0662', NULL, NULL, 'startUserName', 'string', 1, '2021-10-20 17:08:47.911', NULL, NULL, NULL, 'userD', NULL);
INSERT INTO `ACT_HI_DETAIL` VALUES ('55a7e2cf-3185-11ec-9f40-f20b812c0662', 'VariableUpdate', 'ec6ca594-3184-11ec-9f40-f20b812c0662', 'ec6ca594-3184-11ec-9f40-f20b812c0662', NULL, NULL, 'operationType', 'string', 2, '2021-10-20 17:08:47.912', NULL, NULL, NULL, 'multi_agree', NULL);
INSERT INTO `ACT_HI_DETAIL` VALUES ('55a7e2d0-3185-11ec-9f40-f20b812c0662', 'VariableUpdate', 'ec6ca594-3184-11ec-9f40-f20b812c0662', 'ec6ca594-3184-11ec-9f40-f20b812c0662', NULL, NULL, 'deptPostLeader', 'string', 1, '2021-10-20 17:08:47.912', NULL, NULL, NULL, '1440964519391137792', NULL);
INSERT INTO `ACT_HI_DETAIL` VALUES ('55a7e2d2-3185-11ec-9f40-f20b812c0662', 'VariableUpdate', 'ec6ca594-3184-11ec-9f40-f20b812c0662', 'ec6ca594-3184-11ec-9f40-f20b812c0662', NULL, NULL, 'assignee', 'string', 0, '2021-10-20 17:08:47.912', NULL, NULL, NULL, 'userD', NULL);
INSERT INTO `ACT_HI_DETAIL` VALUES ('55a809e3-3185-11ec-9f40-f20b812c0662', 'VariableUpdate', 'ec6ca594-3184-11ec-9f40-f20b812c0662', 'ec6ca594-3184-11ec-9f40-f20b812c0662', NULL, NULL, 'multiAgreeCount', 'integer', 1, '2021-10-20 17:08:47.913', NULL, NULL, 1, '1', NULL);
INSERT INTO `ACT_HI_DETAIL` VALUES ('55a809e5-3185-11ec-9f40-f20b812c0662', 'VariableUpdate', 'ec6ca594-3184-11ec-9f40-f20b812c0662', 'ec6ca594-3184-11ec-9f40-f20b812c0662', NULL, NULL, 'nrOfCompletedInstances', 'integer', 0, '2021-10-20 17:08:47.913', NULL, NULL, 0, '0', NULL);
INSERT INTO `ACT_HI_DETAIL` VALUES ('55a85806-3185-11ec-9f40-f20b812c0662', 'VariableUpdate', 'ec6ca594-3184-11ec-9f40-f20b812c0662', 'ec6ca59c-3184-11ec-9f40-f20b812c0662', NULL, NULL, 'nrOfCompletedInstances', 'integer', 1, '2021-10-20 17:08:47.915', NULL, NULL, 1, '1', NULL);
INSERT INTO `ACT_HI_DETAIL` VALUES ('55a87f17-3185-11ec-9f40-f20b812c0662', 'VariableUpdate', 'ec6ca594-3184-11ec-9f40-f20b812c0662', 'ec6ca59c-3184-11ec-9f40-f20b812c0662', NULL, NULL, 'nrOfActiveInstances', 'integer', 1, '2021-10-20 17:08:47.916', NULL, NULL, 1, '1', NULL);
INSERT INTO `ACT_HI_DETAIL` VALUES ('5b6bc99d-3183-11ec-ad5a-f20b812c0662', 'VariableUpdate', '5b6b546a-3183-11ec-ad5a-f20b812c0662', '5b6b546a-3183-11ec-ad5a-f20b812c0662', NULL, NULL, 'startUserName', 'string', 0, '2021-10-20 16:54:38.591', NULL, NULL, NULL, 'userD', NULL);
INSERT INTO `ACT_HI_DETAIL` VALUES ('5b6c17bf-3183-11ec-ad5a-f20b812c0662', 'VariableUpdate', '5b6b546a-3183-11ec-ad5a-f20b812c0662', '5b6b546a-3183-11ec-ad5a-f20b812c0662', NULL, NULL, 'deptPostLeader', 'long', 0, '2021-10-20 16:54:38.593', NULL, NULL, 1440964519391137792, '1440964519391137792', NULL);
INSERT INTO `ACT_HI_DETAIL` VALUES ('5b6c17c1-3183-11ec-ad5a-f20b812c0662', 'VariableUpdate', '5b6b546a-3183-11ec-ad5a-f20b812c0662', '5b6b546a-3183-11ec-ad5a-f20b812c0662', NULL, NULL, 'initiator', 'string', 0, '2021-10-20 16:54:38.593', NULL, NULL, NULL, 'userD', NULL);
INSERT INTO `ACT_HI_DETAIL` VALUES ('5b6efdf7-3183-11ec-ad5a-f20b812c0662', 'VariableUpdate', '5b6b546a-3183-11ec-ad5a-f20b812c0662', '5b6c3ed2-3183-11ec-ad5a-f20b812c0662', '5b6e61b5-3183-11ec-ad5a-f20b812c0662', NULL, 'startUserName', 'string', 0, '2021-10-20 16:54:38.612', NULL, NULL, NULL, 'userD', NULL);
INSERT INTO `ACT_HI_DETAIL` VALUES ('5b6efdf9-3183-11ec-ad5a-f20b812c0662', 'VariableUpdate', '5b6b546a-3183-11ec-ad5a-f20b812c0662', '5b6c3ed2-3183-11ec-ad5a-f20b812c0662', '5b6e61b5-3183-11ec-ad5a-f20b812c0662', NULL, 'initiator', 'string', 0, '2021-10-20 16:54:38.612', NULL, NULL, NULL, 'userD', NULL);
INSERT INTO `ACT_HI_DETAIL` VALUES ('5b6efdfb-3183-11ec-ad5a-f20b812c0662', 'VariableUpdate', '5b6b546a-3183-11ec-ad5a-f20b812c0662', '5b6c3ed2-3183-11ec-ad5a-f20b812c0662', '5b6e61b5-3183-11ec-ad5a-f20b812c0662', NULL, 'deptPostLeader', 'long', 0, '2021-10-20 16:54:38.612', NULL, NULL, 1440964519391137792, '1440964519391137792', NULL);
INSERT INTO `ACT_HI_DETAIL` VALUES ('5f1bd95d-3183-11ec-ad5a-f20b812c0662', 'VariableUpdate', '5b6b546a-3183-11ec-ad5a-f20b812c0662', '5b6c3ed2-3183-11ec-ad5a-f20b812c0662', '5b6e61b5-3183-11ec-ad5a-f20b812c0662', NULL, 'operationType', 'string', 0, '2021-10-20 16:54:44.778', NULL, NULL, NULL, 'agree', NULL);
INSERT INTO `ACT_HI_DETAIL` VALUES ('5f1bd95e-3183-11ec-ad5a-f20b812c0662', 'VariableUpdate', '5b6b546a-3183-11ec-ad5a-f20b812c0662', '5b6c3ed2-3183-11ec-ad5a-f20b812c0662', '5b6e61b5-3183-11ec-ad5a-f20b812c0662', NULL, 'deptPostLeader', 'string', 1, '2021-10-20 16:54:44.778', NULL, NULL, NULL, '1440964519391137792', NULL);
INSERT INTO `ACT_HI_DETAIL` VALUES ('5f1e4a5f-3183-11ec-ad5a-f20b812c0662', 'VariableUpdate', '5b6b546a-3183-11ec-ad5a-f20b812c0662', '5b6b546a-3183-11ec-ad5a-f20b812c0662', NULL, NULL, 'deptPostLeader', 'string', 1, '2021-10-20 16:54:44.794', NULL, NULL, NULL, '1440964519391137792', NULL);
INSERT INTO `ACT_HI_DETAIL` VALUES ('5f1e7171-3183-11ec-ad5a-f20b812c0662', 'VariableUpdate', '5b6b546a-3183-11ec-ad5a-f20b812c0662', '5b6b546a-3183-11ec-ad5a-f20b812c0662', NULL, NULL, 'operationType', 'string', 0, '2021-10-20 16:54:44.795', NULL, NULL, NULL, 'agree', NULL);
INSERT INTO `ACT_HI_DETAIL` VALUES ('5f1e7172-3183-11ec-ad5a-f20b812c0662', 'VariableUpdate', '5b6b546a-3183-11ec-ad5a-f20b812c0662', '5b6b546a-3183-11ec-ad5a-f20b812c0662', NULL, NULL, 'startUserName', 'string', 1, '2021-10-20 16:54:44.795', NULL, NULL, NULL, 'userD', NULL);
INSERT INTO `ACT_HI_DETAIL` VALUES ('5f1e9883-3183-11ec-ad5a-f20b812c0662', 'VariableUpdate', '5b6b546a-3183-11ec-ad5a-f20b812c0662', '5b6b546a-3183-11ec-ad5a-f20b812c0662', NULL, NULL, 'initiator', 'string', 1, '2021-10-20 16:54:44.796', NULL, NULL, NULL, 'userD', NULL);
INSERT INTO `ACT_HI_DETAIL` VALUES ('5f1f0db7-3183-11ec-ad5a-f20b812c0662', 'VariableUpdate', '5b6b546a-3183-11ec-ad5a-f20b812c0662', '5b6c3ed2-3183-11ec-ad5a-f20b812c0662', '5f1ee6a5-3183-11ec-ad5a-f20b812c0662', NULL, 'startUserName', 'string', 0, '2021-10-20 16:54:44.799', NULL, NULL, NULL, 'userD', NULL);
INSERT INTO `ACT_HI_DETAIL` VALUES ('5f1f0db9-3183-11ec-ad5a-f20b812c0662', 'VariableUpdate', '5b6b546a-3183-11ec-ad5a-f20b812c0662', '5b6c3ed2-3183-11ec-ad5a-f20b812c0662', '5f1ee6a5-3183-11ec-ad5a-f20b812c0662', NULL, 'initiator', 'string', 0, '2021-10-20 16:54:44.799', NULL, NULL, NULL, 'userD', NULL);
INSERT INTO `ACT_HI_DETAIL` VALUES ('5f1f0dbb-3183-11ec-ad5a-f20b812c0662', 'VariableUpdate', '5b6b546a-3183-11ec-ad5a-f20b812c0662', '5b6c3ed2-3183-11ec-ad5a-f20b812c0662', '5f1ee6a5-3183-11ec-ad5a-f20b812c0662', NULL, 'deptPostLeader', 'string', 0, '2021-10-20 16:54:44.799', NULL, NULL, NULL, '1440964519391137792', NULL);
INSERT INTO `ACT_HI_DETAIL` VALUES ('5f1f0dbd-3183-11ec-ad5a-f20b812c0662', 'VariableUpdate', '5b6b546a-3183-11ec-ad5a-f20b812c0662', '5b6c3ed2-3183-11ec-ad5a-f20b812c0662', '5f1ee6a5-3183-11ec-ad5a-f20b812c0662', NULL, 'operationType', 'string', 0, '2021-10-20 16:54:44.799', NULL, NULL, NULL, 'agree', NULL);
INSERT INTO `ACT_HI_DETAIL` VALUES ('611f1118-3185-11ec-9f40-f20b812c0662', 'VariableUpdate', 'ec6ca594-3184-11ec-9f40-f20b812c0662', '4be765e3-3185-11ec-9f40-f20b812c0662', '4be78cfe-3185-11ec-9f40-f20b812c0662', NULL, 'multiRefuseCount', 'integer', 1, '2021-10-20 17:09:07.148', NULL, NULL, 0, '0', NULL);
INSERT INTO `ACT_HI_DETAIL` VALUES ('611f1119-3185-11ec-9f40-f20b812c0662', 'VariableUpdate', 'ec6ca594-3184-11ec-9f40-f20b812c0662', '4be765e3-3185-11ec-9f40-f20b812c0662', '4be78cfe-3185-11ec-9f40-f20b812c0662', NULL, 'multiAbstainCount', 'integer', 1, '2021-10-20 17:09:07.148', NULL, NULL, 0, '0', NULL);
INSERT INTO `ACT_HI_DETAIL` VALUES ('611f111a-3185-11ec-9f40-f20b812c0662', 'VariableUpdate', 'ec6ca594-3184-11ec-9f40-f20b812c0662', '4be765e3-3185-11ec-9f40-f20b812c0662', '4be78cfe-3185-11ec-9f40-f20b812c0662', NULL, 'operationType', 'string', 1, '2021-10-20 17:09:07.148', NULL, NULL, NULL, 'multi_agree', NULL);
INSERT INTO `ACT_HI_DETAIL` VALUES ('611f382b-3185-11ec-9f40-f20b812c0662', 'VariableUpdate', 'ec6ca594-3184-11ec-9f40-f20b812c0662', '4be765e3-3185-11ec-9f40-f20b812c0662', '4be78cfe-3185-11ec-9f40-f20b812c0662', NULL, 'multiAgreeCount', 'integer', 1, '2021-10-20 17:09:07.149', NULL, NULL, 2, '2', NULL);
INSERT INTO `ACT_HI_DETAIL` VALUES ('611f382c-3185-11ec-9f40-f20b812c0662', 'VariableUpdate', 'ec6ca594-3184-11ec-9f40-f20b812c0662', '4be765e3-3185-11ec-9f40-f20b812c0662', '4be78cfe-3185-11ec-9f40-f20b812c0662', NULL, 'multiNumOfInstances', 'integer', 1, '2021-10-20 17:09:07.149', NULL, NULL, 2, '2', NULL);
INSERT INTO `ACT_HI_DETAIL` VALUES ('611fd46d-3185-11ec-9f40-f20b812c0662', 'VariableUpdate', 'ec6ca594-3184-11ec-9f40-f20b812c0662', 'ec6ca594-3184-11ec-9f40-f20b812c0662', NULL, NULL, 'multiRefuseCount', 'integer', 1, '2021-10-20 17:09:07.153', NULL, NULL, 0, '0', NULL);
INSERT INTO `ACT_HI_DETAIL` VALUES ('611fd46e-3185-11ec-9f40-f20b812c0662', 'VariableUpdate', 'ec6ca594-3184-11ec-9f40-f20b812c0662', 'ec6ca594-3184-11ec-9f40-f20b812c0662', NULL, NULL, 'nrOfActiveInstances', 'integer', 1, '2021-10-20 17:09:07.153', NULL, NULL, 2, '2', NULL);
INSERT INTO `ACT_HI_DETAIL` VALUES ('611ffb7f-3185-11ec-9f40-f20b812c0662', 'VariableUpdate', 'ec6ca594-3184-11ec-9f40-f20b812c0662', 'ec6ca594-3184-11ec-9f40-f20b812c0662', NULL, NULL, 'assigneeList', 'json', 2, '2021-10-20 17:09:07.154', NULL, NULL, NULL, '[\"admin\",\"userD\"]', 'java.util.LinkedList');
INSERT INTO `ACT_HI_DETAIL` VALUES ('611ffb80-3185-11ec-9f40-f20b812c0662', 'VariableUpdate', 'ec6ca594-3184-11ec-9f40-f20b812c0662', 'ec6ca594-3184-11ec-9f40-f20b812c0662', NULL, NULL, 'initiator', 'string', 1, '2021-10-20 17:09:07.154', NULL, NULL, NULL, 'userD', NULL);
INSERT INTO `ACT_HI_DETAIL` VALUES ('61202291-3185-11ec-9f40-f20b812c0662', 'VariableUpdate', 'ec6ca594-3184-11ec-9f40-f20b812c0662', 'ec6ca594-3184-11ec-9f40-f20b812c0662', NULL, NULL, 'multiAbstainCount', 'integer', 1, '2021-10-20 17:09:07.155', NULL, NULL, 0, '0', NULL);
INSERT INTO `ACT_HI_DETAIL` VALUES ('61202292-3185-11ec-9f40-f20b812c0662', 'VariableUpdate', 'ec6ca594-3184-11ec-9f40-f20b812c0662', 'ec6ca594-3184-11ec-9f40-f20b812c0662', NULL, NULL, 'loopCounter', 'integer', 1, '2021-10-20 17:09:07.155', NULL, NULL, 0, '0', NULL);
INSERT INTO `ACT_HI_DETAIL` VALUES ('61202293-3185-11ec-9f40-f20b812c0662', 'VariableUpdate', 'ec6ca594-3184-11ec-9f40-f20b812c0662', 'ec6ca594-3184-11ec-9f40-f20b812c0662', NULL, NULL, 'multiSignStartTask', 'string', 1, '2021-10-20 17:09:07.155', NULL, NULL, NULL, '32dedbc5-3185-11ec-9f40-f20b812c0662', NULL);
INSERT INTO `ACT_HI_DETAIL` VALUES ('612049a4-3185-11ec-9f40-f20b812c0662', 'VariableUpdate', 'ec6ca594-3184-11ec-9f40-f20b812c0662', 'ec6ca594-3184-11ec-9f40-f20b812c0662', NULL, NULL, 'multiNumOfInstances', 'integer', 2, '2021-10-20 17:09:07.156', NULL, NULL, 2, '2', NULL);
INSERT INTO `ACT_HI_DETAIL` VALUES ('612049a5-3185-11ec-9f40-f20b812c0662', 'VariableUpdate', 'ec6ca594-3184-11ec-9f40-f20b812c0662', 'ec6ca594-3184-11ec-9f40-f20b812c0662', NULL, NULL, 'nrOfInstances', 'integer', 1, '2021-10-20 17:09:07.156', NULL, NULL, 2, '2', NULL);
INSERT INTO `ACT_HI_DETAIL` VALUES ('612049a6-3185-11ec-9f40-f20b812c0662', 'VariableUpdate', 'ec6ca594-3184-11ec-9f40-f20b812c0662', 'ec6ca594-3184-11ec-9f40-f20b812c0662', NULL, NULL, 'startUserName', 'string', 1, '2021-10-20 17:09:07.156', NULL, NULL, NULL, 'userD', NULL);
INSERT INTO `ACT_HI_DETAIL` VALUES ('612049a7-3185-11ec-9f40-f20b812c0662', 'VariableUpdate', 'ec6ca594-3184-11ec-9f40-f20b812c0662', 'ec6ca594-3184-11ec-9f40-f20b812c0662', NULL, NULL, 'operationType', 'string', 3, '2021-10-20 17:09:07.156', NULL, NULL, NULL, 'multi_agree', NULL);
INSERT INTO `ACT_HI_DETAIL` VALUES ('612070b8-3185-11ec-9f40-f20b812c0662', 'VariableUpdate', 'ec6ca594-3184-11ec-9f40-f20b812c0662', 'ec6ca594-3184-11ec-9f40-f20b812c0662', NULL, NULL, 'deptPostLeader', 'string', 1, '2021-10-20 17:09:07.157', NULL, NULL, NULL, '1440964519391137792', NULL);
INSERT INTO `ACT_HI_DETAIL` VALUES ('612070b9-3185-11ec-9f40-f20b812c0662', 'VariableUpdate', 'ec6ca594-3184-11ec-9f40-f20b812c0662', 'ec6ca594-3184-11ec-9f40-f20b812c0662', NULL, NULL, 'assignee', 'string', 1, '2021-10-20 17:09:07.157', NULL, NULL, NULL, 'admin', NULL);
INSERT INTO `ACT_HI_DETAIL` VALUES ('612070ba-3185-11ec-9f40-f20b812c0662', 'VariableUpdate', 'ec6ca594-3184-11ec-9f40-f20b812c0662', 'ec6ca594-3184-11ec-9f40-f20b812c0662', NULL, NULL, 'multiAgreeCount', 'integer', 2, '2021-10-20 17:09:07.157', NULL, NULL, 2, '2', NULL);
INSERT INTO `ACT_HI_DETAIL` VALUES ('612097cb-3185-11ec-9f40-f20b812c0662', 'VariableUpdate', 'ec6ca594-3184-11ec-9f40-f20b812c0662', 'ec6ca594-3184-11ec-9f40-f20b812c0662', NULL, NULL, 'nrOfCompletedInstances', 'integer', 1, '2021-10-20 17:09:07.158', NULL, NULL, 0, '0', NULL);
INSERT INTO `ACT_HI_DETAIL` VALUES ('6120bedc-3185-11ec-9f40-f20b812c0662', 'VariableUpdate', 'ec6ca594-3184-11ec-9f40-f20b812c0662', 'ec6ca59c-3184-11ec-9f40-f20b812c0662', NULL, NULL, 'nrOfCompletedInstances', 'integer', 2, '2021-10-20 17:09:07.159', NULL, NULL, 2, '2', NULL);
INSERT INTO `ACT_HI_DETAIL` VALUES ('6120e5ed-3185-11ec-9f40-f20b812c0662', 'VariableUpdate', 'ec6ca594-3184-11ec-9f40-f20b812c0662', 'ec6ca59c-3184-11ec-9f40-f20b812c0662', NULL, NULL, 'nrOfActiveInstances', 'integer', 2, '2021-10-20 17:09:07.160', NULL, NULL, 0, '0', NULL);
INSERT INTO `ACT_HI_DETAIL` VALUES ('61221e72-3185-11ec-9f40-f20b812c0662', 'VariableUpdate', 'ec6ca594-3184-11ec-9f40-f20b812c0662', 'ec6ca59c-3184-11ec-9f40-f20b812c0662', '6121f760-3185-11ec-9f40-f20b812c0662', NULL, 'multiRefuseCount', 'integer', 0, '2021-10-20 17:09:07.168', NULL, NULL, 0, '0', NULL);
INSERT INTO `ACT_HI_DETAIL` VALUES ('61221e74-3185-11ec-9f40-f20b812c0662', 'VariableUpdate', 'ec6ca594-3184-11ec-9f40-f20b812c0662', 'ec6ca59c-3184-11ec-9f40-f20b812c0662', '6121f760-3185-11ec-9f40-f20b812c0662', NULL, 'nrOfActiveInstances', 'integer', 0, '2021-10-20 17:09:07.168', NULL, NULL, 0, '0', NULL);
INSERT INTO `ACT_HI_DETAIL` VALUES ('61221e76-3185-11ec-9f40-f20b812c0662', 'VariableUpdate', 'ec6ca594-3184-11ec-9f40-f20b812c0662', 'ec6ca59c-3184-11ec-9f40-f20b812c0662', '6121f760-3185-11ec-9f40-f20b812c0662', NULL, 'assigneeList', 'json', 0, '2021-10-20 17:09:07.168', NULL, NULL, NULL, '[\"admin\",\"userD\"]', 'java.util.LinkedList');
INSERT INTO `ACT_HI_DETAIL` VALUES ('61221e78-3185-11ec-9f40-f20b812c0662', 'VariableUpdate', 'ec6ca594-3184-11ec-9f40-f20b812c0662', 'ec6ca59c-3184-11ec-9f40-f20b812c0662', '6121f760-3185-11ec-9f40-f20b812c0662', NULL, 'initiator', 'string', 0, '2021-10-20 17:09:07.168', NULL, NULL, NULL, 'userD', NULL);
INSERT INTO `ACT_HI_DETAIL` VALUES ('61221e7a-3185-11ec-9f40-f20b812c0662', 'VariableUpdate', 'ec6ca594-3184-11ec-9f40-f20b812c0662', 'ec6ca59c-3184-11ec-9f40-f20b812c0662', '6121f760-3185-11ec-9f40-f20b812c0662', NULL, 'multiAbstainCount', 'integer', 0, '2021-10-20 17:09:07.168', NULL, NULL, 0, '0', NULL);
INSERT INTO `ACT_HI_DETAIL` VALUES ('61221e7c-3185-11ec-9f40-f20b812c0662', 'VariableUpdate', 'ec6ca594-3184-11ec-9f40-f20b812c0662', 'ec6ca59c-3184-11ec-9f40-f20b812c0662', '6121f760-3185-11ec-9f40-f20b812c0662', NULL, 'loopCounter', 'integer', 0, '2021-10-20 17:09:07.168', NULL, NULL, 0, '0', NULL);
INSERT INTO `ACT_HI_DETAIL` VALUES ('61221e7e-3185-11ec-9f40-f20b812c0662', 'VariableUpdate', 'ec6ca594-3184-11ec-9f40-f20b812c0662', 'ec6ca59c-3184-11ec-9f40-f20b812c0662', '6121f760-3185-11ec-9f40-f20b812c0662', NULL, 'multiSignStartTask', 'string', 0, '2021-10-20 17:09:07.168', NULL, NULL, NULL, '32dedbc5-3185-11ec-9f40-f20b812c0662', NULL);
INSERT INTO `ACT_HI_DETAIL` VALUES ('61221e80-3185-11ec-9f40-f20b812c0662', 'VariableUpdate', 'ec6ca594-3184-11ec-9f40-f20b812c0662', 'ec6ca59c-3184-11ec-9f40-f20b812c0662', '6121f760-3185-11ec-9f40-f20b812c0662', NULL, 'nrOfInstances', 'integer', 0, '2021-10-20 17:09:07.168', NULL, NULL, 2, '2', NULL);
INSERT INTO `ACT_HI_DETAIL` VALUES ('61221e82-3185-11ec-9f40-f20b812c0662', 'VariableUpdate', 'ec6ca594-3184-11ec-9f40-f20b812c0662', 'ec6ca59c-3184-11ec-9f40-f20b812c0662', '6121f760-3185-11ec-9f40-f20b812c0662', NULL, 'multiNumOfInstances', 'integer', 0, '2021-10-20 17:09:07.168', NULL, NULL, 2, '2', NULL);
INSERT INTO `ACT_HI_DETAIL` VALUES ('61221e84-3185-11ec-9f40-f20b812c0662', 'VariableUpdate', 'ec6ca594-3184-11ec-9f40-f20b812c0662', 'ec6ca59c-3184-11ec-9f40-f20b812c0662', '6121f760-3185-11ec-9f40-f20b812c0662', NULL, 'startUserName', 'string', 0, '2021-10-20 17:09:07.168', NULL, NULL, NULL, 'userD', NULL);
INSERT INTO `ACT_HI_DETAIL` VALUES ('61221e86-3185-11ec-9f40-f20b812c0662', 'VariableUpdate', 'ec6ca594-3184-11ec-9f40-f20b812c0662', 'ec6ca59c-3184-11ec-9f40-f20b812c0662', '6121f760-3185-11ec-9f40-f20b812c0662', NULL, 'operationType', 'string', 0, '2021-10-20 17:09:07.168', NULL, NULL, NULL, 'multi_agree', NULL);
INSERT INTO `ACT_HI_DETAIL` VALUES ('61221e88-3185-11ec-9f40-f20b812c0662', 'VariableUpdate', 'ec6ca594-3184-11ec-9f40-f20b812c0662', 'ec6ca59c-3184-11ec-9f40-f20b812c0662', '6121f760-3185-11ec-9f40-f20b812c0662', NULL, 'deptPostLeader', 'string', 0, '2021-10-20 17:09:07.168', NULL, NULL, NULL, '1440964519391137792', NULL);
INSERT INTO `ACT_HI_DETAIL` VALUES ('61221e8a-3185-11ec-9f40-f20b812c0662', 'VariableUpdate', 'ec6ca594-3184-11ec-9f40-f20b812c0662', 'ec6ca59c-3184-11ec-9f40-f20b812c0662', '6121f760-3185-11ec-9f40-f20b812c0662', NULL, 'assignee', 'string', 0, '2021-10-20 17:09:07.168', NULL, NULL, NULL, 'admin', NULL);
INSERT INTO `ACT_HI_DETAIL` VALUES ('61221e8c-3185-11ec-9f40-f20b812c0662', 'VariableUpdate', 'ec6ca594-3184-11ec-9f40-f20b812c0662', 'ec6ca59c-3184-11ec-9f40-f20b812c0662', '6121f760-3185-11ec-9f40-f20b812c0662', NULL, 'multiAgreeCount', 'integer', 0, '2021-10-20 17:09:07.168', NULL, NULL, 2, '2', NULL);
INSERT INTO `ACT_HI_DETAIL` VALUES ('61221e8e-3185-11ec-9f40-f20b812c0662', 'VariableUpdate', 'ec6ca594-3184-11ec-9f40-f20b812c0662', 'ec6ca59c-3184-11ec-9f40-f20b812c0662', '6121f760-3185-11ec-9f40-f20b812c0662', NULL, 'nrOfCompletedInstances', 'integer', 0, '2021-10-20 17:09:07.168', NULL, NULL, 2, '2', NULL);
INSERT INTO `ACT_HI_DETAIL` VALUES ('7c75a9f1-3185-11ec-9f40-f20b812c0662', 'VariableUpdate', 'ec6ca594-3184-11ec-9f40-f20b812c0662', 'ec6ca59c-3184-11ec-9f40-f20b812c0662', '6121f760-3185-11ec-9f40-f20b812c0662', NULL, 'operationType', 'string', 1, '2021-10-20 17:09:53.014', NULL, NULL, NULL, 'agree', NULL);
INSERT INTO `ACT_HI_DETAIL` VALUES ('7c769452-3185-11ec-9f40-f20b812c0662', 'VariableUpdate', 'ec6ca594-3184-11ec-9f40-f20b812c0662', 'ec6ca594-3184-11ec-9f40-f20b812c0662', NULL, NULL, 'multiRefuseCount', 'integer', 1, '2021-10-20 17:09:53.020', NULL, NULL, 0, '0', NULL);
INSERT INTO `ACT_HI_DETAIL` VALUES ('7c769453-3185-11ec-9f40-f20b812c0662', 'VariableUpdate', 'ec6ca594-3184-11ec-9f40-f20b812c0662', 'ec6ca594-3184-11ec-9f40-f20b812c0662', NULL, NULL, 'nrOfActiveInstances', 'integer', 1, '2021-10-20 17:09:53.020', NULL, NULL, 0, '0', NULL);
INSERT INTO `ACT_HI_DETAIL` VALUES ('7c76bb64-3185-11ec-9f40-f20b812c0662', 'VariableUpdate', 'ec6ca594-3184-11ec-9f40-f20b812c0662', 'ec6ca594-3184-11ec-9f40-f20b812c0662', NULL, NULL, 'assigneeList', 'json', 2, '2021-10-20 17:09:53.021', NULL, NULL, NULL, '[\"admin\",\"userD\"]', 'java.util.LinkedList');
INSERT INTO `ACT_HI_DETAIL` VALUES ('7c76bb65-3185-11ec-9f40-f20b812c0662', 'VariableUpdate', 'ec6ca594-3184-11ec-9f40-f20b812c0662', 'ec6ca594-3184-11ec-9f40-f20b812c0662', NULL, NULL, 'initiator', 'string', 1, '2021-10-20 17:09:53.021', NULL, NULL, NULL, 'userD', NULL);
INSERT INTO `ACT_HI_DETAIL` VALUES ('7c76bb66-3185-11ec-9f40-f20b812c0662', 'VariableUpdate', 'ec6ca594-3184-11ec-9f40-f20b812c0662', 'ec6ca594-3184-11ec-9f40-f20b812c0662', NULL, NULL, 'multiAbstainCount', 'integer', 1, '2021-10-20 17:09:53.021', NULL, NULL, 0, '0', NULL);
INSERT INTO `ACT_HI_DETAIL` VALUES ('7c76e277-3185-11ec-9f40-f20b812c0662', 'VariableUpdate', 'ec6ca594-3184-11ec-9f40-f20b812c0662', 'ec6ca594-3184-11ec-9f40-f20b812c0662', NULL, NULL, 'loopCounter', 'integer', 2, '2021-10-20 17:09:53.022', NULL, NULL, 0, '0', NULL);
INSERT INTO `ACT_HI_DETAIL` VALUES ('7c76e278-3185-11ec-9f40-f20b812c0662', 'VariableUpdate', 'ec6ca594-3184-11ec-9f40-f20b812c0662', 'ec6ca594-3184-11ec-9f40-f20b812c0662', NULL, NULL, 'multiSignStartTask', 'string', 1, '2021-10-20 17:09:53.022', NULL, NULL, NULL, '32dedbc5-3185-11ec-9f40-f20b812c0662', NULL);
INSERT INTO `ACT_HI_DETAIL` VALUES ('7c770989-3185-11ec-9f40-f20b812c0662', 'VariableUpdate', 'ec6ca594-3184-11ec-9f40-f20b812c0662', 'ec6ca594-3184-11ec-9f40-f20b812c0662', NULL, NULL, 'nrOfInstances', 'integer', 1, '2021-10-20 17:09:53.023', NULL, NULL, 2, '2', NULL);
INSERT INTO `ACT_HI_DETAIL` VALUES ('7c77098a-3185-11ec-9f40-f20b812c0662', 'VariableUpdate', 'ec6ca594-3184-11ec-9f40-f20b812c0662', 'ec6ca594-3184-11ec-9f40-f20b812c0662', NULL, NULL, 'multiNumOfInstances', 'integer', 2, '2021-10-20 17:09:53.023', NULL, NULL, 2, '2', NULL);
INSERT INTO `ACT_HI_DETAIL` VALUES ('7c77098b-3185-11ec-9f40-f20b812c0662', 'VariableUpdate', 'ec6ca594-3184-11ec-9f40-f20b812c0662', 'ec6ca594-3184-11ec-9f40-f20b812c0662', NULL, NULL, 'startUserName', 'string', 1, '2021-10-20 17:09:53.023', NULL, NULL, NULL, 'userD', NULL);
INSERT INTO `ACT_HI_DETAIL` VALUES ('7c77309c-3185-11ec-9f40-f20b812c0662', 'VariableUpdate', 'ec6ca594-3184-11ec-9f40-f20b812c0662', 'ec6ca594-3184-11ec-9f40-f20b812c0662', NULL, NULL, 'operationType', 'string', 3, '2021-10-20 17:09:53.024', NULL, NULL, NULL, 'agree', NULL);
INSERT INTO `ACT_HI_DETAIL` VALUES ('7c77309d-3185-11ec-9f40-f20b812c0662', 'VariableUpdate', 'ec6ca594-3184-11ec-9f40-f20b812c0662', 'ec6ca594-3184-11ec-9f40-f20b812c0662', NULL, NULL, 'deptPostLeader', 'string', 1, '2021-10-20 17:09:53.024', NULL, NULL, NULL, '1440964519391137792', NULL);
INSERT INTO `ACT_HI_DETAIL` VALUES ('7c77309e-3185-11ec-9f40-f20b812c0662', 'VariableUpdate', 'ec6ca594-3184-11ec-9f40-f20b812c0662', 'ec6ca594-3184-11ec-9f40-f20b812c0662', NULL, NULL, 'assignee', 'string', 2, '2021-10-20 17:09:53.024', NULL, NULL, NULL, 'admin', NULL);
INSERT INTO `ACT_HI_DETAIL` VALUES ('7c7757af-3185-11ec-9f40-f20b812c0662', 'VariableUpdate', 'ec6ca594-3184-11ec-9f40-f20b812c0662', 'ec6ca594-3184-11ec-9f40-f20b812c0662', NULL, NULL, 'multiAgreeCount', 'integer', 3, '2021-10-20 17:09:53.025', NULL, NULL, 2, '2', NULL);
INSERT INTO `ACT_HI_DETAIL` VALUES ('7c7757b0-3185-11ec-9f40-f20b812c0662', 'VariableUpdate', 'ec6ca594-3184-11ec-9f40-f20b812c0662', 'ec6ca594-3184-11ec-9f40-f20b812c0662', NULL, NULL, 'nrOfCompletedInstances', 'integer', 1, '2021-10-20 17:09:53.025', NULL, NULL, 2, '2', NULL);
INSERT INTO `ACT_HI_DETAIL` VALUES ('8b8182d0-3183-11ec-ad5a-f20b812c0662', 'VariableUpdate', '5b6b546a-3183-11ec-ad5a-f20b812c0662', '5b6c3ed2-3183-11ec-ad5a-f20b812c0662', '5f1ee6a5-3183-11ec-ad5a-f20b812c0662', NULL, 'operationType', 'string', 1, '2021-10-20 16:55:59.264', NULL, NULL, NULL, 'refuse', NULL);
INSERT INTO `ACT_HI_DETAIL` VALUES ('8b81a9e1-3183-11ec-ad5a-f20b812c0662', 'VariableUpdate', '5b6b546a-3183-11ec-ad5a-f20b812c0662', '5b6c3ed2-3183-11ec-ad5a-f20b812c0662', '5f1ee6a5-3183-11ec-ad5a-f20b812c0662', NULL, 'deptPostLeader', 'string', 1, '2021-10-20 16:55:59.265', NULL, NULL, NULL, '1440964519391137792', NULL);
INSERT INTO `ACT_HI_DETAIL` VALUES ('8b835792-3183-11ec-ad5a-f20b812c0662', 'VariableUpdate', '5b6b546a-3183-11ec-ad5a-f20b812c0662', '5b6b546a-3183-11ec-ad5a-f20b812c0662', NULL, NULL, 'deptPostLeader', 'string', 2, '2021-10-20 16:55:59.276', NULL, NULL, NULL, '1440964519391137792', NULL);
INSERT INTO `ACT_HI_DETAIL` VALUES ('8b837ea3-3183-11ec-ad5a-f20b812c0662', 'VariableUpdate', '5b6b546a-3183-11ec-ad5a-f20b812c0662', '5b6b546a-3183-11ec-ad5a-f20b812c0662', NULL, NULL, 'operationType', 'string', 1, '2021-10-20 16:55:59.277', NULL, NULL, NULL, 'refuse', NULL);
INSERT INTO `ACT_HI_DETAIL` VALUES ('8b83ccc4-3183-11ec-ad5a-f20b812c0662', 'VariableUpdate', '5b6b546a-3183-11ec-ad5a-f20b812c0662', '5b6b546a-3183-11ec-ad5a-f20b812c0662', NULL, NULL, 'startUserName', 'string', 1, '2021-10-20 16:55:59.279', NULL, NULL, NULL, 'userD', NULL);
INSERT INTO `ACT_HI_DETAIL` VALUES ('8b83f3d5-3183-11ec-ad5a-f20b812c0662', 'VariableUpdate', '5b6b546a-3183-11ec-ad5a-f20b812c0662', '5b6b546a-3183-11ec-ad5a-f20b812c0662', NULL, NULL, 'initiator', 'string', 1, '2021-10-20 16:55:59.280', NULL, NULL, NULL, 'userD', NULL);
INSERT INTO `ACT_HI_DETAIL` VALUES ('8b85c899-3183-11ec-ad5a-f20b812c0662', 'VariableUpdate', '5b6b546a-3183-11ec-ad5a-f20b812c0662', '5b6c3ed2-3183-11ec-ad5a-f20b812c0662', '8b85a187-3183-11ec-ad5a-f20b812c0662', NULL, 'startUserName', 'string', 0, '2021-10-20 16:55:59.292', NULL, NULL, NULL, 'userD', NULL);
INSERT INTO `ACT_HI_DETAIL` VALUES ('8b85c89b-3183-11ec-ad5a-f20b812c0662', 'VariableUpdate', '5b6b546a-3183-11ec-ad5a-f20b812c0662', '5b6c3ed2-3183-11ec-ad5a-f20b812c0662', '8b85a187-3183-11ec-ad5a-f20b812c0662', NULL, 'initiator', 'string', 0, '2021-10-20 16:55:59.292', NULL, NULL, NULL, 'userD', NULL);
INSERT INTO `ACT_HI_DETAIL` VALUES ('8b85c89d-3183-11ec-ad5a-f20b812c0662', 'VariableUpdate', '5b6b546a-3183-11ec-ad5a-f20b812c0662', '5b6c3ed2-3183-11ec-ad5a-f20b812c0662', '8b85a187-3183-11ec-ad5a-f20b812c0662', NULL, 'operationType', 'string', 0, '2021-10-20 16:55:59.292', NULL, NULL, NULL, 'refuse', NULL);
INSERT INTO `ACT_HI_DETAIL` VALUES ('8b85c89f-3183-11ec-ad5a-f20b812c0662', 'VariableUpdate', '5b6b546a-3183-11ec-ad5a-f20b812c0662', '5b6c3ed2-3183-11ec-ad5a-f20b812c0662', '8b85a187-3183-11ec-ad5a-f20b812c0662', NULL, 'deptPostLeader', 'string', 0, '2021-10-20 16:55:59.292', NULL, NULL, NULL, '1440964519391137792', NULL);
INSERT INTO `ACT_HI_DETAIL` VALUES ('8de9299f-3182-11ec-a0b7-f20b812c0662', 'VariableUpdate', '8de8b46c-3182-11ec-a0b7-f20b812c0662', '8de8b46c-3182-11ec-a0b7-f20b812c0662', NULL, NULL, 'startUserName', 'string', 0, '2021-10-20 16:48:53.801', NULL, NULL, NULL, 'userD', NULL);
INSERT INTO `ACT_HI_DETAIL` VALUES ('8de976c1-3182-11ec-a0b7-f20b812c0662', 'VariableUpdate', '8de8b46c-3182-11ec-a0b7-f20b812c0662', '8de8b46c-3182-11ec-a0b7-f20b812c0662', NULL, NULL, 'deptPostLeader', 'long', 0, '2021-10-20 16:48:53.804', NULL, NULL, 1440964519391137792, '1440964519391137792', NULL);
INSERT INTO `ACT_HI_DETAIL` VALUES ('8de976c3-3182-11ec-a0b7-f20b812c0662', 'VariableUpdate', '8de8b46c-3182-11ec-a0b7-f20b812c0662', '8de8b46c-3182-11ec-a0b7-f20b812c0662', NULL, NULL, 'initiator', 'string', 0, '2021-10-20 16:48:53.804', NULL, NULL, NULL, 'userD', NULL);
INSERT INTO `ACT_HI_DETAIL` VALUES ('8dec35e9-3182-11ec-a0b7-f20b812c0662', 'VariableUpdate', '8de8b46c-3182-11ec-a0b7-f20b812c0662', '8de976c4-3182-11ec-a0b7-f20b812c0662', '8deb99a7-3182-11ec-a0b7-f20b812c0662', NULL, 'startUserName', 'string', 0, '2021-10-20 16:48:53.822', NULL, NULL, NULL, 'userD', NULL);
INSERT INTO `ACT_HI_DETAIL` VALUES ('8dec35eb-3182-11ec-a0b7-f20b812c0662', 'VariableUpdate', '8de8b46c-3182-11ec-a0b7-f20b812c0662', '8de976c4-3182-11ec-a0b7-f20b812c0662', '8deb99a7-3182-11ec-a0b7-f20b812c0662', NULL, 'initiator', 'string', 0, '2021-10-20 16:48:53.822', NULL, NULL, NULL, 'userD', NULL);
INSERT INTO `ACT_HI_DETAIL` VALUES ('8dec35ed-3182-11ec-a0b7-f20b812c0662', 'VariableUpdate', '8de8b46c-3182-11ec-a0b7-f20b812c0662', '8de976c4-3182-11ec-a0b7-f20b812c0662', '8deb99a7-3182-11ec-a0b7-f20b812c0662', NULL, 'deptPostLeader', 'long', 0, '2021-10-20 16:48:53.822', NULL, NULL, 1440964519391137792, '1440964519391137792', NULL);
INSERT INTO `ACT_HI_DETAIL` VALUES ('8edff9fb-3184-11ec-9f40-f20b812c0662', 'VariableUpdate', '8edf84c8-3184-11ec-9f40-f20b812c0662', '8edf84c8-3184-11ec-9f40-f20b812c0662', NULL, NULL, 'startUserName', 'string', 0, '2021-10-20 17:03:14.413', NULL, NULL, NULL, 'userD', NULL);
INSERT INTO `ACT_HI_DETAIL` VALUES ('8ee0481d-3184-11ec-9f40-f20b812c0662', 'VariableUpdate', '8edf84c8-3184-11ec-9f40-f20b812c0662', '8edf84c8-3184-11ec-9f40-f20b812c0662', NULL, NULL, 'deptPostLeader', 'string', 0, '2021-10-20 17:03:14.415', NULL, NULL, NULL, '1440964519391137792', NULL);
INSERT INTO `ACT_HI_DETAIL` VALUES ('8ee0481f-3184-11ec-9f40-f20b812c0662', 'VariableUpdate', '8edf84c8-3184-11ec-9f40-f20b812c0662', '8edf84c8-3184-11ec-9f40-f20b812c0662', NULL, NULL, 'initiator', 'string', 0, '2021-10-20 17:03:14.415', NULL, NULL, NULL, 'userD', NULL);
INSERT INTO `ACT_HI_DETAIL` VALUES ('8ee3ca95-3184-11ec-9f40-f20b812c0662', 'VariableUpdate', '8edf84c8-3184-11ec-9f40-f20b812c0662', '8ee06f30-3184-11ec-9f40-f20b812c0662', '8ee35563-3184-11ec-9f40-f20b812c0662', NULL, 'startUserName', 'string', 0, '2021-10-20 17:03:14.438', NULL, NULL, NULL, 'userD', NULL);
INSERT INTO `ACT_HI_DETAIL` VALUES ('8ee3f1a7-3184-11ec-9f40-f20b812c0662', 'VariableUpdate', '8edf84c8-3184-11ec-9f40-f20b812c0662', '8ee06f30-3184-11ec-9f40-f20b812c0662', '8ee35563-3184-11ec-9f40-f20b812c0662', NULL, 'initiator', 'string', 0, '2021-10-20 17:03:14.439', NULL, NULL, NULL, 'userD', NULL);
INSERT INTO `ACT_HI_DETAIL` VALUES ('8ee3f1a9-3184-11ec-9f40-f20b812c0662', 'VariableUpdate', '8edf84c8-3184-11ec-9f40-f20b812c0662', '8ee06f30-3184-11ec-9f40-f20b812c0662', '8ee35563-3184-11ec-9f40-f20b812c0662', NULL, 'deptPostLeader', 'string', 0, '2021-10-20 17:03:14.439', NULL, NULL, NULL, '1440964519391137792', NULL);
INSERT INTO `ACT_HI_DETAIL` VALUES ('8ee96feb-3184-11ec-9f40-f20b812c0662', 'VariableUpdate', '8edf84c8-3184-11ec-9f40-f20b812c0662', '8ee06f30-3184-11ec-9f40-f20b812c0662', '8ee35563-3184-11ec-9f40-f20b812c0662', NULL, 'operationType', 'string', 0, '2021-10-20 17:03:14.475', NULL, NULL, NULL, 'agree', NULL);
INSERT INTO `ACT_HI_DETAIL` VALUES ('8eeacf7c-3184-11ec-9f40-f20b812c0662', 'VariableUpdate', '8edf84c8-3184-11ec-9f40-f20b812c0662', '8edf84c8-3184-11ec-9f40-f20b812c0662', NULL, NULL, 'deptPostLeader', 'string', 1, '2021-10-20 17:03:14.484', NULL, NULL, NULL, '1440964519391137792', NULL);
INSERT INTO `ACT_HI_DETAIL` VALUES ('8eeb1d9e-3184-11ec-9f40-f20b812c0662', 'VariableUpdate', '8edf84c8-3184-11ec-9f40-f20b812c0662', '8edf84c8-3184-11ec-9f40-f20b812c0662', NULL, NULL, 'operationType', 'string', 0, '2021-10-20 17:03:14.486', NULL, NULL, NULL, 'agree', NULL);
INSERT INTO `ACT_HI_DETAIL` VALUES ('8eeb1d9f-3184-11ec-9f40-f20b812c0662', 'VariableUpdate', '8edf84c8-3184-11ec-9f40-f20b812c0662', '8edf84c8-3184-11ec-9f40-f20b812c0662', NULL, NULL, 'startUserName', 'string', 1, '2021-10-20 17:03:14.486', NULL, NULL, NULL, 'userD', NULL);
INSERT INTO `ACT_HI_DETAIL` VALUES ('8eeb44b0-3184-11ec-9f40-f20b812c0662', 'VariableUpdate', '8edf84c8-3184-11ec-9f40-f20b812c0662', '8edf84c8-3184-11ec-9f40-f20b812c0662', NULL, NULL, 'initiator', 'string', 1, '2021-10-20 17:03:14.487', NULL, NULL, NULL, 'userD', NULL);
INSERT INTO `ACT_HI_DETAIL` VALUES ('8eebb9e4-3184-11ec-9f40-f20b812c0662', 'VariableUpdate', '8edf84c8-3184-11ec-9f40-f20b812c0662', '8ee06f30-3184-11ec-9f40-f20b812c0662', '8eeb92d2-3184-11ec-9f40-f20b812c0662', NULL, 'startUserName', 'string', 0, '2021-10-20 17:03:14.490', NULL, NULL, NULL, 'userD', NULL);
INSERT INTO `ACT_HI_DETAIL` VALUES ('8eebb9e6-3184-11ec-9f40-f20b812c0662', 'VariableUpdate', '8edf84c8-3184-11ec-9f40-f20b812c0662', '8ee06f30-3184-11ec-9f40-f20b812c0662', '8eeb92d2-3184-11ec-9f40-f20b812c0662', NULL, 'initiator', 'string', 0, '2021-10-20 17:03:14.490', NULL, NULL, NULL, 'userD', NULL);
INSERT INTO `ACT_HI_DETAIL` VALUES ('8eebb9e8-3184-11ec-9f40-f20b812c0662', 'VariableUpdate', '8edf84c8-3184-11ec-9f40-f20b812c0662', '8ee06f30-3184-11ec-9f40-f20b812c0662', '8eeb92d2-3184-11ec-9f40-f20b812c0662', NULL, 'deptPostLeader', 'string', 0, '2021-10-20 17:03:14.490', NULL, NULL, NULL, '1440964519391137792', NULL);
INSERT INTO `ACT_HI_DETAIL` VALUES ('8eebb9ea-3184-11ec-9f40-f20b812c0662', 'VariableUpdate', '8edf84c8-3184-11ec-9f40-f20b812c0662', '8ee06f30-3184-11ec-9f40-f20b812c0662', '8eeb92d2-3184-11ec-9f40-f20b812c0662', NULL, 'operationType', 'string', 0, '2021-10-20 17:03:14.490', NULL, NULL, NULL, 'agree', NULL);
INSERT INTO `ACT_HI_DETAIL` VALUES ('9785d5f0-3183-11ec-ad5a-f20b812c0662', 'VariableUpdate', '5b6b546a-3183-11ec-ad5a-f20b812c0662', '5b6c3ed2-3183-11ec-ad5a-f20b812c0662', '8b85a187-3183-11ec-ad5a-f20b812c0662', NULL, 'operationType', 'string', 1, '2021-10-20 16:56:19.425', NULL, NULL, NULL, 'agree', NULL);
INSERT INTO `ACT_HI_DETAIL` VALUES ('9785fd01-3183-11ec-ad5a-f20b812c0662', 'VariableUpdate', '5b6b546a-3183-11ec-ad5a-f20b812c0662', '5b6c3ed2-3183-11ec-ad5a-f20b812c0662', '8b85a187-3183-11ec-ad5a-f20b812c0662', NULL, 'deptPostLeader', 'string', 1, '2021-10-20 16:56:19.426', NULL, NULL, NULL, '1440964519391137792', NULL);
INSERT INTO `ACT_HI_DETAIL` VALUES ('97873582-3183-11ec-ad5a-f20b812c0662', 'VariableUpdate', '5b6b546a-3183-11ec-ad5a-f20b812c0662', '5b6b546a-3183-11ec-ad5a-f20b812c0662', NULL, NULL, 'operationType', 'string', 2, '2021-10-20 16:56:19.434', NULL, NULL, NULL, 'agree', NULL);
INSERT INTO `ACT_HI_DETAIL` VALUES ('97873583-3183-11ec-ad5a-f20b812c0662', 'VariableUpdate', '5b6b546a-3183-11ec-ad5a-f20b812c0662', '5b6b546a-3183-11ec-ad5a-f20b812c0662', NULL, NULL, 'deptPostLeader', 'string', 2, '2021-10-20 16:56:19.434', NULL, NULL, NULL, '1440964519391137792', NULL);
INSERT INTO `ACT_HI_DETAIL` VALUES ('97875c94-3183-11ec-ad5a-f20b812c0662', 'VariableUpdate', '5b6b546a-3183-11ec-ad5a-f20b812c0662', '5b6b546a-3183-11ec-ad5a-f20b812c0662', NULL, NULL, 'startUserName', 'string', 1, '2021-10-20 16:56:19.435', NULL, NULL, NULL, 'userD', NULL);
INSERT INTO `ACT_HI_DETAIL` VALUES ('97875c95-3183-11ec-ad5a-f20b812c0662', 'VariableUpdate', '5b6b546a-3183-11ec-ad5a-f20b812c0662', '5b6b546a-3183-11ec-ad5a-f20b812c0662', NULL, NULL, 'initiator', 'string', 1, '2021-10-20 16:56:19.435', NULL, NULL, NULL, 'userD', NULL);
INSERT INTO `ACT_HI_DETAIL` VALUES ('9787f8d9-3183-11ec-ad5a-f20b812c0662', 'VariableUpdate', '5b6b546a-3183-11ec-ad5a-f20b812c0662', '5b6c3ed2-3183-11ec-ad5a-f20b812c0662', '9787d1c7-3183-11ec-ad5a-f20b812c0662', NULL, 'startUserName', 'string', 0, '2021-10-20 16:56:19.439', NULL, NULL, NULL, 'userD', NULL);
INSERT INTO `ACT_HI_DETAIL` VALUES ('9787f8db-3183-11ec-ad5a-f20b812c0662', 'VariableUpdate', '5b6b546a-3183-11ec-ad5a-f20b812c0662', '5b6c3ed2-3183-11ec-ad5a-f20b812c0662', '9787d1c7-3183-11ec-ad5a-f20b812c0662', NULL, 'initiator', 'string', 0, '2021-10-20 16:56:19.439', NULL, NULL, NULL, 'userD', NULL);
INSERT INTO `ACT_HI_DETAIL` VALUES ('9787f8dd-3183-11ec-ad5a-f20b812c0662', 'VariableUpdate', '5b6b546a-3183-11ec-ad5a-f20b812c0662', '5b6c3ed2-3183-11ec-ad5a-f20b812c0662', '9787d1c7-3183-11ec-ad5a-f20b812c0662', NULL, 'operationType', 'string', 0, '2021-10-20 16:56:19.439', NULL, NULL, NULL, 'agree', NULL);
INSERT INTO `ACT_HI_DETAIL` VALUES ('97881fef-3183-11ec-ad5a-f20b812c0662', 'VariableUpdate', '5b6b546a-3183-11ec-ad5a-f20b812c0662', '5b6c3ed2-3183-11ec-ad5a-f20b812c0662', '9787d1c7-3183-11ec-ad5a-f20b812c0662', NULL, 'deptPostLeader', 'string', 0, '2021-10-20 16:56:19.440', NULL, NULL, NULL, '1440964519391137792', NULL);
INSERT INTO `ACT_HI_DETAIL` VALUES ('9b43ab3d-3184-11ec-9f40-f20b812c0662', 'VariableUpdate', '8edf84c8-3184-11ec-9f40-f20b812c0662', '8ee06f30-3184-11ec-9f40-f20b812c0662', '8eeb92d2-3184-11ec-9f40-f20b812c0662', NULL, 'operationType', 'string', 1, '2021-10-20 17:03:35.199', NULL, NULL, NULL, 'agree', NULL);
INSERT INTO `ACT_HI_DETAIL` VALUES ('9b44bcae-3184-11ec-9f40-f20b812c0662', 'VariableUpdate', '8edf84c8-3184-11ec-9f40-f20b812c0662', '8edf84c8-3184-11ec-9f40-f20b812c0662', NULL, NULL, 'deptPostLeader', 'string', 1, '2021-10-20 17:03:35.206', NULL, NULL, NULL, '1440964519391137792', NULL);
INSERT INTO `ACT_HI_DETAIL` VALUES ('9b44e3bf-3184-11ec-9f40-f20b812c0662', 'VariableUpdate', '8edf84c8-3184-11ec-9f40-f20b812c0662', '8edf84c8-3184-11ec-9f40-f20b812c0662', NULL, NULL, 'operationType', 'string', 1, '2021-10-20 17:03:35.207', NULL, NULL, NULL, 'agree', NULL);
INSERT INTO `ACT_HI_DETAIL` VALUES ('9b450ad0-3184-11ec-9f40-f20b812c0662', 'VariableUpdate', '8edf84c8-3184-11ec-9f40-f20b812c0662', '8edf84c8-3184-11ec-9f40-f20b812c0662', NULL, NULL, 'startUserName', 'string', 1, '2021-10-20 17:03:35.208', NULL, NULL, NULL, 'userD', NULL);
INSERT INTO `ACT_HI_DETAIL` VALUES ('9b450ad1-3184-11ec-9f40-f20b812c0662', 'VariableUpdate', '8edf84c8-3184-11ec-9f40-f20b812c0662', '8edf84c8-3184-11ec-9f40-f20b812c0662', NULL, NULL, 'initiator', 'string', 1, '2021-10-20 17:03:35.208', NULL, NULL, NULL, 'userD', NULL);
INSERT INTO `ACT_HI_DETAIL` VALUES ('9b45f535-3184-11ec-9f40-f20b812c0662', 'VariableUpdate', '8edf84c8-3184-11ec-9f40-f20b812c0662', '8ee06f30-3184-11ec-9f40-f20b812c0662', '9b45ce23-3184-11ec-9f40-f20b812c0662', NULL, 'startUserName', 'string', 0, '2021-10-20 17:03:35.214', NULL, NULL, NULL, 'userD', NULL);
INSERT INTO `ACT_HI_DETAIL` VALUES ('9b45f537-3184-11ec-9f40-f20b812c0662', 'VariableUpdate', '8edf84c8-3184-11ec-9f40-f20b812c0662', '8ee06f30-3184-11ec-9f40-f20b812c0662', '9b45ce23-3184-11ec-9f40-f20b812c0662', NULL, 'initiator', 'string', 0, '2021-10-20 17:03:35.214', NULL, NULL, NULL, 'userD', NULL);
INSERT INTO `ACT_HI_DETAIL` VALUES ('9b45f539-3184-11ec-9f40-f20b812c0662', 'VariableUpdate', '8edf84c8-3184-11ec-9f40-f20b812c0662', '8ee06f30-3184-11ec-9f40-f20b812c0662', '9b45ce23-3184-11ec-9f40-f20b812c0662', NULL, 'deptPostLeader', 'string', 0, '2021-10-20 17:03:35.214', NULL, NULL, NULL, '1440964519391137792', NULL);
INSERT INTO `ACT_HI_DETAIL` VALUES ('9b461c4b-3184-11ec-9f40-f20b812c0662', 'VariableUpdate', '8edf84c8-3184-11ec-9f40-f20b812c0662', '8ee06f30-3184-11ec-9f40-f20b812c0662', '9b45ce23-3184-11ec-9f40-f20b812c0662', NULL, 'operationType', 'string', 0, '2021-10-20 17:03:35.215', NULL, NULL, NULL, 'agree', NULL);
INSERT INTO `ACT_HI_DETAIL` VALUES ('9c12a5af-3182-11ec-a0b7-f20b812c0662', 'VariableUpdate', '8de8b46c-3182-11ec-a0b7-f20b812c0662', '8de976c4-3182-11ec-a0b7-f20b812c0662', '8deb99a7-3182-11ec-a0b7-f20b812c0662', NULL, 'operationType', 'string', 0, '2021-10-20 16:49:17.562', NULL, NULL, NULL, 'agree', NULL);
INSERT INTO `ACT_HI_DETAIL` VALUES ('9c12ccc0-3182-11ec-a0b7-f20b812c0662', 'VariableUpdate', '8de8b46c-3182-11ec-a0b7-f20b812c0662', '8de976c4-3182-11ec-a0b7-f20b812c0662', '8deb99a7-3182-11ec-a0b7-f20b812c0662', NULL, 'deptPostLeader', 'string', 1, '2021-10-20 16:49:17.562', NULL, NULL, NULL, '1440964519391137792', NULL);
INSERT INTO `ACT_HI_DETAIL` VALUES ('9c15da01-3182-11ec-a0b7-f20b812c0662', 'VariableUpdate', '8de8b46c-3182-11ec-a0b7-f20b812c0662', '8de8b46c-3182-11ec-a0b7-f20b812c0662', NULL, NULL, 'deptPostLeader', 'string', 1, '2021-10-20 16:49:17.583', NULL, NULL, NULL, '1440964519391137792', NULL);
INSERT INTO `ACT_HI_DETAIL` VALUES ('9c160113-3182-11ec-a0b7-f20b812c0662', 'VariableUpdate', '8de8b46c-3182-11ec-a0b7-f20b812c0662', '8de8b46c-3182-11ec-a0b7-f20b812c0662', NULL, NULL, 'operationType', 'string', 0, '2021-10-20 16:49:17.584', NULL, NULL, NULL, 'agree', NULL);
INSERT INTO `ACT_HI_DETAIL` VALUES ('9c160114-3182-11ec-a0b7-f20b812c0662', 'VariableUpdate', '8de8b46c-3182-11ec-a0b7-f20b812c0662', '8de8b46c-3182-11ec-a0b7-f20b812c0662', NULL, NULL, 'startUserName', 'string', 1, '2021-10-20 16:49:17.584', NULL, NULL, NULL, 'userD', NULL);
INSERT INTO `ACT_HI_DETAIL` VALUES ('9c160115-3182-11ec-a0b7-f20b812c0662', 'VariableUpdate', '8de8b46c-3182-11ec-a0b7-f20b812c0662', '8de8b46c-3182-11ec-a0b7-f20b812c0662', NULL, NULL, 'initiator', 'string', 1, '2021-10-20 16:49:17.584', NULL, NULL, NULL, 'userD', NULL);
INSERT INTO `ACT_HI_DETAIL` VALUES ('9c169d59-3182-11ec-a0b7-f20b812c0662', 'VariableUpdate', '8de8b46c-3182-11ec-a0b7-f20b812c0662', '8de976c4-3182-11ec-a0b7-f20b812c0662', '9c164f37-3182-11ec-a0b7-f20b812c0662', NULL, 'startUserName', 'string', 0, '2021-10-20 16:49:17.588', NULL, NULL, NULL, 'userD', NULL);
INSERT INTO `ACT_HI_DETAIL` VALUES ('9c169d5b-3182-11ec-a0b7-f20b812c0662', 'VariableUpdate', '8de8b46c-3182-11ec-a0b7-f20b812c0662', '8de976c4-3182-11ec-a0b7-f20b812c0662', '9c164f37-3182-11ec-a0b7-f20b812c0662', NULL, 'initiator', 'string', 0, '2021-10-20 16:49:17.588', NULL, NULL, NULL, 'userD', NULL);
INSERT INTO `ACT_HI_DETAIL` VALUES ('9c169d5d-3182-11ec-a0b7-f20b812c0662', 'VariableUpdate', '8de8b46c-3182-11ec-a0b7-f20b812c0662', '8de976c4-3182-11ec-a0b7-f20b812c0662', '9c164f37-3182-11ec-a0b7-f20b812c0662', NULL, 'deptPostLeader', 'string', 0, '2021-10-20 16:49:17.588', NULL, NULL, NULL, '1440964519391137792', NULL);
INSERT INTO `ACT_HI_DETAIL` VALUES ('9c169d5f-3182-11ec-a0b7-f20b812c0662', 'VariableUpdate', '8de8b46c-3182-11ec-a0b7-f20b812c0662', '8de976c4-3182-11ec-a0b7-f20b812c0662', '9c164f37-3182-11ec-a0b7-f20b812c0662', NULL, 'operationType', 'string', 0, '2021-10-20 16:49:17.588', NULL, NULL, NULL, 'agree', NULL);
INSERT INTO `ACT_HI_DETAIL` VALUES ('a17fb311-3183-11ec-ad5a-f20b812c0662', 'VariableUpdate', '5b6b546a-3183-11ec-ad5a-f20b812c0662', '5b6c3ed2-3183-11ec-ad5a-f20b812c0662', '9787d1c7-3183-11ec-ad5a-f20b812c0662', NULL, 'operationType', 'string', 1, '2021-10-20 16:56:36.162', NULL, NULL, NULL, 'agree', NULL);
INSERT INTO `ACT_HI_DETAIL` VALUES ('a17fda22-3183-11ec-ad5a-f20b812c0662', 'VariableUpdate', '5b6b546a-3183-11ec-ad5a-f20b812c0662', '5b6c3ed2-3183-11ec-ad5a-f20b812c0662', '9787d1c7-3183-11ec-ad5a-f20b812c0662', NULL, 'deptPostLeader', 'string', 1, '2021-10-20 16:56:36.163', NULL, NULL, NULL, '1440964519391137792', NULL);
INSERT INTO `ACT_HI_DETAIL` VALUES ('a1807663-3183-11ec-ad5a-f20b812c0662', 'VariableUpdate', '5b6b546a-3183-11ec-ad5a-f20b812c0662', '5b6b546a-3183-11ec-ad5a-f20b812c0662', NULL, NULL, 'operationType', 'string', 3, '2021-10-20 16:56:36.167', NULL, NULL, NULL, 'agree', NULL);
INSERT INTO `ACT_HI_DETAIL` VALUES ('a1809d74-3183-11ec-ad5a-f20b812c0662', 'VariableUpdate', '5b6b546a-3183-11ec-ad5a-f20b812c0662', '5b6b546a-3183-11ec-ad5a-f20b812c0662', NULL, NULL, 'deptPostLeader', 'string', 2, '2021-10-20 16:56:36.168', NULL, NULL, NULL, '1440964519391137792', NULL);
INSERT INTO `ACT_HI_DETAIL` VALUES ('a1809d75-3183-11ec-ad5a-f20b812c0662', 'VariableUpdate', '5b6b546a-3183-11ec-ad5a-f20b812c0662', '5b6b546a-3183-11ec-ad5a-f20b812c0662', NULL, NULL, 'startUserName', 'string', 1, '2021-10-20 16:56:36.168', NULL, NULL, NULL, 'userD', NULL);
INSERT INTO `ACT_HI_DETAIL` VALUES ('a180c486-3183-11ec-ad5a-f20b812c0662', 'VariableUpdate', '5b6b546a-3183-11ec-ad5a-f20b812c0662', '5b6b546a-3183-11ec-ad5a-f20b812c0662', NULL, NULL, 'initiator', 'string', 1, '2021-10-20 16:56:36.169', NULL, NULL, NULL, 'userD', NULL);
INSERT INTO `ACT_HI_DETAIL` VALUES ('a18112aa-3183-11ec-ad5a-f20b812c0662', 'VariableUpdate', '5b6b546a-3183-11ec-ad5a-f20b812c0662', '5b6c3ed2-3183-11ec-ad5a-f20b812c0662', 'a18112a8-3183-11ec-ad5a-f20b812c0662', NULL, 'startUserName', 'string', 0, '2021-10-20 16:56:36.171', NULL, NULL, NULL, 'userD', NULL);
INSERT INTO `ACT_HI_DETAIL` VALUES ('a18112ac-3183-11ec-ad5a-f20b812c0662', 'VariableUpdate', '5b6b546a-3183-11ec-ad5a-f20b812c0662', '5b6c3ed2-3183-11ec-ad5a-f20b812c0662', 'a18112a8-3183-11ec-ad5a-f20b812c0662', NULL, 'initiator', 'string', 0, '2021-10-20 16:56:36.171', NULL, NULL, NULL, 'userD', NULL);
INSERT INTO `ACT_HI_DETAIL` VALUES ('a18139be-3183-11ec-ad5a-f20b812c0662', 'VariableUpdate', '5b6b546a-3183-11ec-ad5a-f20b812c0662', '5b6c3ed2-3183-11ec-ad5a-f20b812c0662', 'a18112a8-3183-11ec-ad5a-f20b812c0662', NULL, 'operationType', 'string', 0, '2021-10-20 16:56:36.172', NULL, NULL, NULL, 'agree', NULL);
INSERT INTO `ACT_HI_DETAIL` VALUES ('a18139c0-3183-11ec-ad5a-f20b812c0662', 'VariableUpdate', '5b6b546a-3183-11ec-ad5a-f20b812c0662', '5b6c3ed2-3183-11ec-ad5a-f20b812c0662', 'a18112a8-3183-11ec-ad5a-f20b812c0662', NULL, 'deptPostLeader', 'string', 0, '2021-10-20 16:56:36.172', NULL, NULL, NULL, '1440964519391137792', NULL);
INSERT INTO `ACT_HI_DETAIL` VALUES ('a3971994-3186-11ec-bf2d-f20b812c0662', 'VariableUpdate', 'a396f281-3186-11ec-bf2d-f20b812c0662', 'a396f281-3186-11ec-bf2d-f20b812c0662', NULL, NULL, 'startUserName', 'string', 0, '2021-10-20 17:18:08.161', NULL, NULL, NULL, 'userD', NULL);
INSERT INTO `ACT_HI_DETAIL` VALUES ('a39767b6-3186-11ec-bf2d-f20b812c0662', 'VariableUpdate', 'a396f281-3186-11ec-bf2d-f20b812c0662', 'a396f281-3186-11ec-bf2d-f20b812c0662', NULL, NULL, 'deptPostLeader', 'string', 0, '2021-10-20 17:18:08.163', NULL, NULL, NULL, '1440964519391137792', NULL);
INSERT INTO `ACT_HI_DETAIL` VALUES ('a39767b8-3186-11ec-bf2d-f20b812c0662', 'VariableUpdate', 'a396f281-3186-11ec-bf2d-f20b812c0662', 'a396f281-3186-11ec-bf2d-f20b812c0662', NULL, NULL, 'initiator', 'string', 0, '2021-10-20 17:18:08.163', NULL, NULL, NULL, 'userD', NULL);
INSERT INTO `ACT_HI_DETAIL` VALUES ('a39a4dee-3186-11ec-bf2d-f20b812c0662', 'VariableUpdate', 'a396f281-3186-11ec-bf2d-f20b812c0662', 'a3978ec9-3186-11ec-bf2d-f20b812c0662', 'a399b1ac-3186-11ec-bf2d-f20b812c0662', NULL, 'startUserName', 'string', 0, '2021-10-20 17:18:08.182', NULL, NULL, NULL, 'userD', NULL);
INSERT INTO `ACT_HI_DETAIL` VALUES ('a39a4df0-3186-11ec-bf2d-f20b812c0662', 'VariableUpdate', 'a396f281-3186-11ec-bf2d-f20b812c0662', 'a3978ec9-3186-11ec-bf2d-f20b812c0662', 'a399b1ac-3186-11ec-bf2d-f20b812c0662', NULL, 'initiator', 'string', 0, '2021-10-20 17:18:08.182', NULL, NULL, NULL, 'userD', NULL);
INSERT INTO `ACT_HI_DETAIL` VALUES ('a39a4df2-3186-11ec-bf2d-f20b812c0662', 'VariableUpdate', 'a396f281-3186-11ec-bf2d-f20b812c0662', 'a3978ec9-3186-11ec-bf2d-f20b812c0662', 'a399b1ac-3186-11ec-bf2d-f20b812c0662', NULL, 'deptPostLeader', 'string', 0, '2021-10-20 17:18:08.182', NULL, NULL, NULL, '1440964519391137792', NULL);
INSERT INTO `ACT_HI_DETAIL` VALUES ('a3a06874-3186-11ec-bf2d-f20b812c0662', 'VariableUpdate', 'a396f281-3186-11ec-bf2d-f20b812c0662', 'a3978ec9-3186-11ec-bf2d-f20b812c0662', 'a399b1ac-3186-11ec-bf2d-f20b812c0662', NULL, 'operationType', 'string', 0, '2021-10-20 17:18:08.222', NULL, NULL, NULL, 'agree', NULL);
INSERT INTO `ACT_HI_DETAIL` VALUES ('a3a1a0f5-3186-11ec-bf2d-f20b812c0662', 'VariableUpdate', 'a396f281-3186-11ec-bf2d-f20b812c0662', 'a396f281-3186-11ec-bf2d-f20b812c0662', NULL, NULL, 'deptPostLeader', 'string', 1, '2021-10-20 17:18:08.230', NULL, NULL, NULL, '1440964519391137792', NULL);
INSERT INTO `ACT_HI_DETAIL` VALUES ('a3a1c807-3186-11ec-bf2d-f20b812c0662', 'VariableUpdate', 'a396f281-3186-11ec-bf2d-f20b812c0662', 'a396f281-3186-11ec-bf2d-f20b812c0662', NULL, NULL, 'operationType', 'string', 0, '2021-10-20 17:18:08.231', NULL, NULL, NULL, 'agree', NULL);
INSERT INTO `ACT_HI_DETAIL` VALUES ('a3a1c808-3186-11ec-bf2d-f20b812c0662', 'VariableUpdate', 'a396f281-3186-11ec-bf2d-f20b812c0662', 'a396f281-3186-11ec-bf2d-f20b812c0662', NULL, NULL, 'startUserName', 'string', 1, '2021-10-20 17:18:08.231', NULL, NULL, NULL, 'userD', NULL);
INSERT INTO `ACT_HI_DETAIL` VALUES ('a3a1ef19-3186-11ec-bf2d-f20b812c0662', 'VariableUpdate', 'a396f281-3186-11ec-bf2d-f20b812c0662', 'a396f281-3186-11ec-bf2d-f20b812c0662', NULL, NULL, 'initiator', 'string', 1, '2021-10-20 17:18:08.232', NULL, NULL, NULL, 'userD', NULL);
INSERT INTO `ACT_HI_DETAIL` VALUES ('a3a2644d-3186-11ec-bf2d-f20b812c0662', 'VariableUpdate', 'a396f281-3186-11ec-bf2d-f20b812c0662', 'a3978ec9-3186-11ec-bf2d-f20b812c0662', 'a3a2162b-3186-11ec-bf2d-f20b812c0662', NULL, 'startUserName', 'string', 0, '2021-10-20 17:18:08.235', NULL, NULL, NULL, 'userD', NULL);
INSERT INTO `ACT_HI_DETAIL` VALUES ('a3a2644f-3186-11ec-bf2d-f20b812c0662', 'VariableUpdate', 'a396f281-3186-11ec-bf2d-f20b812c0662', 'a3978ec9-3186-11ec-bf2d-f20b812c0662', 'a3a2162b-3186-11ec-bf2d-f20b812c0662', NULL, 'initiator', 'string', 0, '2021-10-20 17:18:08.235', NULL, NULL, NULL, 'userD', NULL);
INSERT INTO `ACT_HI_DETAIL` VALUES ('a3a26451-3186-11ec-bf2d-f20b812c0662', 'VariableUpdate', 'a396f281-3186-11ec-bf2d-f20b812c0662', 'a3978ec9-3186-11ec-bf2d-f20b812c0662', 'a3a2162b-3186-11ec-bf2d-f20b812c0662', NULL, 'deptPostLeader', 'string', 0, '2021-10-20 17:18:08.235', NULL, NULL, NULL, '1440964519391137792', NULL);
INSERT INTO `ACT_HI_DETAIL` VALUES ('a3a26453-3186-11ec-bf2d-f20b812c0662', 'VariableUpdate', 'a396f281-3186-11ec-bf2d-f20b812c0662', 'a3978ec9-3186-11ec-bf2d-f20b812c0662', 'a3a2162b-3186-11ec-bf2d-f20b812c0662', NULL, 'operationType', 'string', 0, '2021-10-20 17:18:08.235', NULL, NULL, NULL, 'agree', NULL);
INSERT INTO `ACT_HI_DETAIL` VALUES ('a98b5eae-3184-11ec-9f40-f20b812c0662', 'VariableUpdate', '8edf84c8-3184-11ec-9f40-f20b812c0662', '8ee06f30-3184-11ec-9f40-f20b812c0662', '9b45ce23-3184-11ec-9f40-f20b812c0662', NULL, 'operationType', 'string', 1, '2021-10-20 17:03:59.157', NULL, NULL, NULL, 'agree', NULL);
INSERT INTO `ACT_HI_DETAIL` VALUES ('a98c490f-3184-11ec-9f40-f20b812c0662', 'VariableUpdate', '8edf84c8-3184-11ec-9f40-f20b812c0662', '8edf84c8-3184-11ec-9f40-f20b812c0662', NULL, NULL, 'deptPostLeader', 'string', 1, '2021-10-20 17:03:59.163', NULL, NULL, NULL, '1440964519391137792', NULL);
INSERT INTO `ACT_HI_DETAIL` VALUES ('a98c7020-3184-11ec-9f40-f20b812c0662', 'VariableUpdate', '8edf84c8-3184-11ec-9f40-f20b812c0662', '8edf84c8-3184-11ec-9f40-f20b812c0662', NULL, NULL, 'operationType', 'string', 1, '2021-10-20 17:03:59.164', NULL, NULL, NULL, 'agree', NULL);
INSERT INTO `ACT_HI_DETAIL` VALUES ('a98c7021-3184-11ec-9f40-f20b812c0662', 'VariableUpdate', '8edf84c8-3184-11ec-9f40-f20b812c0662', '8edf84c8-3184-11ec-9f40-f20b812c0662', NULL, NULL, 'startUserName', 'string', 1, '2021-10-20 17:03:59.164', NULL, NULL, NULL, 'userD', NULL);
INSERT INTO `ACT_HI_DETAIL` VALUES ('a98c9732-3184-11ec-9f40-f20b812c0662', 'VariableUpdate', '8edf84c8-3184-11ec-9f40-f20b812c0662', '8edf84c8-3184-11ec-9f40-f20b812c0662', NULL, NULL, 'initiator', 'string', 1, '2021-10-20 17:03:59.165', NULL, NULL, NULL, 'userD', NULL);
INSERT INTO `ACT_HI_DETAIL` VALUES ('af5e091f-69e7-11ec-b9c4-0235bf949cb9', 'VariableUpdate', 'e214ef91-69e6-11ec-bb85-0235bf949cb9', 'e214ef91-69e6-11ec-bb85-0235bf949cb9', NULL, NULL, 'deptPostLeader', 'string', 1, '2021-12-31 11:13:54.218', NULL, NULL, NULL, '1440969551792574464', NULL);
INSERT INTO `ACT_HI_DETAIL` VALUES ('af5e0920-69e7-11ec-b9c4-0235bf949cb9', 'VariableUpdate', 'e214ef91-69e6-11ec-bb85-0235bf949cb9', 'e214ef91-69e6-11ec-bb85-0235bf949cb9', NULL, NULL, 'operationType', 'string', 1, '2021-12-31 11:13:54.218', NULL, NULL, NULL, 'agree', NULL);
INSERT INTO `ACT_HI_DETAIL` VALUES ('af5e3031-69e7-11ec-b9c4-0235bf949cb9', 'VariableUpdate', 'e214ef91-69e6-11ec-bb85-0235bf949cb9', 'e214ef91-69e6-11ec-bb85-0235bf949cb9', NULL, NULL, 'startUserName', 'string', 1, '2021-12-31 11:13:54.219', NULL, NULL, NULL, 'admin', NULL);
INSERT INTO `ACT_HI_DETAIL` VALUES ('af5e3032-69e7-11ec-b9c4-0235bf949cb9', 'VariableUpdate', 'e214ef91-69e6-11ec-bb85-0235bf949cb9', 'e214ef91-69e6-11ec-bb85-0235bf949cb9', NULL, NULL, 'initiator', 'string', 1, '2021-12-31 11:13:54.219', NULL, NULL, NULL, 'admin', NULL);
INSERT INTO `ACT_HI_DETAIL` VALUES ('ceea6f73-3183-11ec-ad5a-f20b812c0662', 'VariableUpdate', '5b6b546a-3183-11ec-ad5a-f20b812c0662', '5b6c3ed2-3183-11ec-ad5a-f20b812c0662', 'a18112a8-3183-11ec-ad5a-f20b812c0662', NULL, 'operationType', 'string', 1, '2021-10-20 16:57:52.359', NULL, NULL, NULL, 'agree', NULL);
INSERT INTO `ACT_HI_DETAIL` VALUES ('ceea6f74-3183-11ec-ad5a-f20b812c0662', 'VariableUpdate', '5b6b546a-3183-11ec-ad5a-f20b812c0662', '5b6c3ed2-3183-11ec-ad5a-f20b812c0662', 'a18112a8-3183-11ec-ad5a-f20b812c0662', NULL, 'deptPostLeader', 'string', 1, '2021-10-20 16:57:52.359', NULL, NULL, NULL, '1440964221780103168', NULL);
INSERT INTO `ACT_HI_DETAIL` VALUES ('ceeb32c5-3183-11ec-ad5a-f20b812c0662', 'VariableUpdate', '5b6b546a-3183-11ec-ad5a-f20b812c0662', '5b6b546a-3183-11ec-ad5a-f20b812c0662', NULL, NULL, 'operationType', 'string', 3, '2021-10-20 16:57:52.364', NULL, NULL, NULL, 'agree', NULL);
INSERT INTO `ACT_HI_DETAIL` VALUES ('ceeb59d6-3183-11ec-ad5a-f20b812c0662', 'VariableUpdate', '5b6b546a-3183-11ec-ad5a-f20b812c0662', '5b6b546a-3183-11ec-ad5a-f20b812c0662', NULL, NULL, 'deptPostLeader', 'string', 2, '2021-10-20 16:57:52.365', NULL, NULL, NULL, '1440964221780103168', NULL);
INSERT INTO `ACT_HI_DETAIL` VALUES ('ceeb59d7-3183-11ec-ad5a-f20b812c0662', 'VariableUpdate', '5b6b546a-3183-11ec-ad5a-f20b812c0662', '5b6b546a-3183-11ec-ad5a-f20b812c0662', NULL, NULL, 'startUserName', 'string', 1, '2021-10-20 16:57:52.365', NULL, NULL, NULL, 'userD', NULL);
INSERT INTO `ACT_HI_DETAIL` VALUES ('ceeb80e8-3183-11ec-ad5a-f20b812c0662', 'VariableUpdate', '5b6b546a-3183-11ec-ad5a-f20b812c0662', '5b6b546a-3183-11ec-ad5a-f20b812c0662', NULL, NULL, 'initiator', 'string', 1, '2021-10-20 16:57:52.366', NULL, NULL, NULL, 'userD', NULL);
INSERT INTO `ACT_HI_DETAIL` VALUES ('d64281ac-69e6-11ec-bb85-0235bf949cb9', 'VariableUpdate', 'd6423389-69e6-11ec-bb85-0235bf949cb9', 'd6423389-69e6-11ec-bb85-0235bf949cb9', NULL, NULL, 'startUserName', 'string', 0, '2021-12-31 11:07:49.972', NULL, NULL, NULL, 'admin', NULL);
INSERT INTO `ACT_HI_DETAIL` VALUES ('d642cfce-69e6-11ec-bb85-0235bf949cb9', 'VariableUpdate', 'd6423389-69e6-11ec-bb85-0235bf949cb9', 'd6423389-69e6-11ec-bb85-0235bf949cb9', NULL, NULL, 'deptPostLeader', 'string', 0, '2021-12-31 11:07:49.974', NULL, NULL, NULL, '1440969551792574464', NULL);
INSERT INTO `ACT_HI_DETAIL` VALUES ('d642cfd0-69e6-11ec-bb85-0235bf949cb9', 'VariableUpdate', 'd6423389-69e6-11ec-bb85-0235bf949cb9', 'd6423389-69e6-11ec-bb85-0235bf949cb9', NULL, NULL, 'initiator', 'string', 0, '2021-12-31 11:07:49.974', NULL, NULL, NULL, 'admin', NULL);
INSERT INTO `ACT_HI_DETAIL` VALUES ('d6458ef6-69e6-11ec-bb85-0235bf949cb9', 'VariableUpdate', 'd6423389-69e6-11ec-bb85-0235bf949cb9', 'd642f6e1-69e6-11ec-bb85-0235bf949cb9', 'd644f2b4-69e6-11ec-bb85-0235bf949cb9', NULL, 'startUserName', 'string', 0, '2021-12-31 11:07:49.992', NULL, NULL, NULL, 'admin', NULL);
INSERT INTO `ACT_HI_DETAIL` VALUES ('d6458ef8-69e6-11ec-bb85-0235bf949cb9', 'VariableUpdate', 'd6423389-69e6-11ec-bb85-0235bf949cb9', 'd642f6e1-69e6-11ec-bb85-0235bf949cb9', 'd644f2b4-69e6-11ec-bb85-0235bf949cb9', NULL, 'initiator', 'string', 0, '2021-12-31 11:07:49.992', NULL, NULL, NULL, 'admin', NULL);
INSERT INTO `ACT_HI_DETAIL` VALUES ('d6458efa-69e6-11ec-bb85-0235bf949cb9', 'VariableUpdate', 'd6423389-69e6-11ec-bb85-0235bf949cb9', 'd642f6e1-69e6-11ec-bb85-0235bf949cb9', 'd644f2b4-69e6-11ec-bb85-0235bf949cb9', NULL, 'deptPostLeader', 'string', 0, '2021-12-31 11:07:49.992', NULL, NULL, NULL, '1440969551792574464', NULL);
INSERT INTO `ACT_HI_DETAIL` VALUES ('d64c45bc-69e6-11ec-bb85-0235bf949cb9', 'VariableUpdate', 'd6423389-69e6-11ec-bb85-0235bf949cb9', 'd642f6e1-69e6-11ec-bb85-0235bf949cb9', 'd644f2b4-69e6-11ec-bb85-0235bf949cb9', NULL, 'operationType', 'string', 0, '2021-12-31 11:07:50.036', NULL, NULL, NULL, 'agree', NULL);
INSERT INTO `ACT_HI_DETAIL` VALUES ('d64da54d-69e6-11ec-bb85-0235bf949cb9', 'VariableUpdate', 'd6423389-69e6-11ec-bb85-0235bf949cb9', 'd6423389-69e6-11ec-bb85-0235bf949cb9', NULL, NULL, 'deptPostLeader', 'string', 1, '2021-12-31 11:07:50.045', NULL, NULL, NULL, '1440969551792574464', NULL);
INSERT INTO `ACT_HI_DETAIL` VALUES ('d64df36f-69e6-11ec-bb85-0235bf949cb9', 'VariableUpdate', 'd6423389-69e6-11ec-bb85-0235bf949cb9', 'd6423389-69e6-11ec-bb85-0235bf949cb9', NULL, NULL, 'operationType', 'string', 0, '2021-12-31 11:07:50.047', NULL, NULL, NULL, 'agree', NULL);
INSERT INTO `ACT_HI_DETAIL` VALUES ('d64df370-69e6-11ec-bb85-0235bf949cb9', 'VariableUpdate', 'd6423389-69e6-11ec-bb85-0235bf949cb9', 'd6423389-69e6-11ec-bb85-0235bf949cb9', NULL, NULL, 'startUserName', 'string', 1, '2021-12-31 11:07:50.047', NULL, NULL, NULL, 'admin', NULL);
INSERT INTO `ACT_HI_DETAIL` VALUES ('d64e1a81-69e6-11ec-bb85-0235bf949cb9', 'VariableUpdate', 'd6423389-69e6-11ec-bb85-0235bf949cb9', 'd6423389-69e6-11ec-bb85-0235bf949cb9', NULL, NULL, 'initiator', 'string', 1, '2021-12-31 11:07:50.048', NULL, NULL, NULL, 'admin', NULL);
INSERT INTO `ACT_HI_DETAIL` VALUES ('d64e8fb5-69e6-11ec-bb85-0235bf949cb9', 'VariableUpdate', 'd6423389-69e6-11ec-bb85-0235bf949cb9', 'd642f6e1-69e6-11ec-bb85-0235bf949cb9', 'd64e68a3-69e6-11ec-bb85-0235bf949cb9', NULL, 'startUserName', 'string', 0, '2021-12-31 11:07:50.051', NULL, NULL, NULL, 'admin', NULL);
INSERT INTO `ACT_HI_DETAIL` VALUES ('d64e8fb7-69e6-11ec-bb85-0235bf949cb9', 'VariableUpdate', 'd6423389-69e6-11ec-bb85-0235bf949cb9', 'd642f6e1-69e6-11ec-bb85-0235bf949cb9', 'd64e68a3-69e6-11ec-bb85-0235bf949cb9', NULL, 'initiator', 'string', 0, '2021-12-31 11:07:50.051', NULL, NULL, NULL, 'admin', NULL);
INSERT INTO `ACT_HI_DETAIL` VALUES ('d64e8fb9-69e6-11ec-bb85-0235bf949cb9', 'VariableUpdate', 'd6423389-69e6-11ec-bb85-0235bf949cb9', 'd642f6e1-69e6-11ec-bb85-0235bf949cb9', 'd64e68a3-69e6-11ec-bb85-0235bf949cb9', NULL, 'deptPostLeader', 'string', 0, '2021-12-31 11:07:50.051', NULL, NULL, NULL, '1440969551792574464', NULL);
INSERT INTO `ACT_HI_DETAIL` VALUES ('d64e8fbb-69e6-11ec-bb85-0235bf949cb9', 'VariableUpdate', 'd6423389-69e6-11ec-bb85-0235bf949cb9', 'd642f6e1-69e6-11ec-bb85-0235bf949cb9', 'd64e68a3-69e6-11ec-bb85-0235bf949cb9', NULL, 'operationType', 'string', 0, '2021-12-31 11:07:50.051', NULL, NULL, NULL, 'agree', NULL);
INSERT INTO `ACT_HI_DETAIL` VALUES ('dc101a50-69e6-11ec-bb85-0235bf949cb9', 'VariableUpdate', 'dc101a4d-69e6-11ec-bb85-0235bf949cb9', 'dc101a4d-69e6-11ec-bb85-0235bf949cb9', NULL, NULL, 'startUserName', 'string', 0, '2021-12-31 11:07:59.708', NULL, NULL, NULL, 'admin', NULL);
INSERT INTO `ACT_HI_DETAIL` VALUES ('dc101a52-69e6-11ec-bb85-0235bf949cb9', 'VariableUpdate', 'dc101a4d-69e6-11ec-bb85-0235bf949cb9', 'dc101a4d-69e6-11ec-bb85-0235bf949cb9', NULL, NULL, 'deptPostLeader', 'string', 0, '2021-12-31 11:07:59.708', NULL, NULL, NULL, '1440969551792574464', NULL);
INSERT INTO `ACT_HI_DETAIL` VALUES ('dc101a54-69e6-11ec-bb85-0235bf949cb9', 'VariableUpdate', 'dc101a4d-69e6-11ec-bb85-0235bf949cb9', 'dc101a4d-69e6-11ec-bb85-0235bf949cb9', NULL, NULL, 'initiator', 'string', 0, '2021-12-31 11:07:59.708', NULL, NULL, NULL, 'admin', NULL);
INSERT INTO `ACT_HI_DETAIL` VALUES ('dc10687a-69e6-11ec-bb85-0235bf949cb9', 'VariableUpdate', 'dc101a4d-69e6-11ec-bb85-0235bf949cb9', 'dc101a55-69e6-11ec-bb85-0235bf949cb9', 'dc104168-69e6-11ec-bb85-0235bf949cb9', NULL, 'startUserName', 'string', 0, '2021-12-31 11:07:59.710', NULL, NULL, NULL, 'admin', NULL);
INSERT INTO `ACT_HI_DETAIL` VALUES ('dc10687c-69e6-11ec-bb85-0235bf949cb9', 'VariableUpdate', 'dc101a4d-69e6-11ec-bb85-0235bf949cb9', 'dc101a55-69e6-11ec-bb85-0235bf949cb9', 'dc104168-69e6-11ec-bb85-0235bf949cb9', NULL, 'initiator', 'string', 0, '2021-12-31 11:07:59.710', NULL, NULL, NULL, 'admin', NULL);
INSERT INTO `ACT_HI_DETAIL` VALUES ('dc10687e-69e6-11ec-bb85-0235bf949cb9', 'VariableUpdate', 'dc101a4d-69e6-11ec-bb85-0235bf949cb9', 'dc101a55-69e6-11ec-bb85-0235bf949cb9', 'dc104168-69e6-11ec-bb85-0235bf949cb9', NULL, 'deptPostLeader', 'string', 0, '2021-12-31 11:07:59.710', NULL, NULL, NULL, '1440969551792574464', NULL);
INSERT INTO `ACT_HI_DETAIL` VALUES ('dc13eaf0-69e6-11ec-bb85-0235bf949cb9', 'VariableUpdate', 'dc101a4d-69e6-11ec-bb85-0235bf949cb9', 'dc101a55-69e6-11ec-bb85-0235bf949cb9', 'dc104168-69e6-11ec-bb85-0235bf949cb9', NULL, 'operationType', 'string', 0, '2021-12-31 11:07:59.733', NULL, NULL, NULL, 'agree', NULL);
INSERT INTO `ACT_HI_DETAIL` VALUES ('dc14ae41-69e6-11ec-bb85-0235bf949cb9', 'VariableUpdate', 'dc101a4d-69e6-11ec-bb85-0235bf949cb9', 'dc101a4d-69e6-11ec-bb85-0235bf949cb9', NULL, NULL, 'deptPostLeader', 'string', 1, '2021-12-31 11:07:59.738', NULL, NULL, NULL, '1440969551792574464', NULL);
INSERT INTO `ACT_HI_DETAIL` VALUES ('dc14ae43-69e6-11ec-bb85-0235bf949cb9', 'VariableUpdate', 'dc101a4d-69e6-11ec-bb85-0235bf949cb9', 'dc101a4d-69e6-11ec-bb85-0235bf949cb9', NULL, NULL, 'operationType', 'string', 0, '2021-12-31 11:07:59.738', NULL, NULL, NULL, 'agree', NULL);
INSERT INTO `ACT_HI_DETAIL` VALUES ('dc14ae44-69e6-11ec-bb85-0235bf949cb9', 'VariableUpdate', 'dc101a4d-69e6-11ec-bb85-0235bf949cb9', 'dc101a4d-69e6-11ec-bb85-0235bf949cb9', NULL, NULL, 'startUserName', 'string', 1, '2021-12-31 11:07:59.738', NULL, NULL, NULL, 'admin', NULL);
INSERT INTO `ACT_HI_DETAIL` VALUES ('dc14d555-69e6-11ec-bb85-0235bf949cb9', 'VariableUpdate', 'dc101a4d-69e6-11ec-bb85-0235bf949cb9', 'dc101a4d-69e6-11ec-bb85-0235bf949cb9', NULL, NULL, 'initiator', 'string', 1, '2021-12-31 11:07:59.739', NULL, NULL, NULL, 'admin', NULL);
INSERT INTO `ACT_HI_DETAIL` VALUES ('dc154a89-69e6-11ec-bb85-0235bf949cb9', 'VariableUpdate', 'dc101a4d-69e6-11ec-bb85-0235bf949cb9', 'dc101a55-69e6-11ec-bb85-0235bf949cb9', 'dc14fc67-69e6-11ec-bb85-0235bf949cb9', NULL, 'startUserName', 'string', 0, '2021-12-31 11:07:59.742', NULL, NULL, NULL, 'admin', NULL);
INSERT INTO `ACT_HI_DETAIL` VALUES ('dc154a8b-69e6-11ec-bb85-0235bf949cb9', 'VariableUpdate', 'dc101a4d-69e6-11ec-bb85-0235bf949cb9', 'dc101a55-69e6-11ec-bb85-0235bf949cb9', 'dc14fc67-69e6-11ec-bb85-0235bf949cb9', NULL, 'initiator', 'string', 0, '2021-12-31 11:07:59.742', NULL, NULL, NULL, 'admin', NULL);
INSERT INTO `ACT_HI_DETAIL` VALUES ('dc154a8d-69e6-11ec-bb85-0235bf949cb9', 'VariableUpdate', 'dc101a4d-69e6-11ec-bb85-0235bf949cb9', 'dc101a55-69e6-11ec-bb85-0235bf949cb9', 'dc14fc67-69e6-11ec-bb85-0235bf949cb9', NULL, 'deptPostLeader', 'string', 0, '2021-12-31 11:07:59.742', NULL, NULL, NULL, '1440969551792574464', NULL);
INSERT INTO `ACT_HI_DETAIL` VALUES ('dc154a8f-69e6-11ec-bb85-0235bf949cb9', 'VariableUpdate', 'dc101a4d-69e6-11ec-bb85-0235bf949cb9', 'dc101a55-69e6-11ec-bb85-0235bf949cb9', 'dc14fc67-69e6-11ec-bb85-0235bf949cb9', NULL, 'operationType', 'string', 0, '2021-12-31 11:07:59.742', NULL, NULL, NULL, 'agree', NULL);
INSERT INTO `ACT_HI_DETAIL` VALUES ('e214ef94-69e6-11ec-bb85-0235bf949cb9', 'VariableUpdate', 'e214ef91-69e6-11ec-bb85-0235bf949cb9', 'e214ef91-69e6-11ec-bb85-0235bf949cb9', NULL, NULL, 'startUserName', 'string', 0, '2021-12-31 11:08:09.806', NULL, NULL, NULL, 'admin', NULL);
INSERT INTO `ACT_HI_DETAIL` VALUES ('e214ef96-69e6-11ec-bb85-0235bf949cb9', 'VariableUpdate', 'e214ef91-69e6-11ec-bb85-0235bf949cb9', 'e214ef91-69e6-11ec-bb85-0235bf949cb9', NULL, NULL, 'deptPostLeader', 'string', 0, '2021-12-31 11:08:09.806', NULL, NULL, NULL, '1440969551792574464', NULL);
INSERT INTO `ACT_HI_DETAIL` VALUES ('e214ef98-69e6-11ec-bb85-0235bf949cb9', 'VariableUpdate', 'e214ef91-69e6-11ec-bb85-0235bf949cb9', 'e214ef91-69e6-11ec-bb85-0235bf949cb9', NULL, NULL, 'initiator', 'string', 0, '2021-12-31 11:08:09.806', NULL, NULL, NULL, 'admin', NULL);
INSERT INTO `ACT_HI_DETAIL` VALUES ('e2153dbe-69e6-11ec-bb85-0235bf949cb9', 'VariableUpdate', 'e214ef91-69e6-11ec-bb85-0235bf949cb9', 'e214ef99-69e6-11ec-bb85-0235bf949cb9', 'e21516ac-69e6-11ec-bb85-0235bf949cb9', NULL, 'startUserName', 'string', 0, '2021-12-31 11:08:09.808', NULL, NULL, NULL, 'admin', NULL);
INSERT INTO `ACT_HI_DETAIL` VALUES ('e2153dc0-69e6-11ec-bb85-0235bf949cb9', 'VariableUpdate', 'e214ef91-69e6-11ec-bb85-0235bf949cb9', 'e214ef99-69e6-11ec-bb85-0235bf949cb9', 'e21516ac-69e6-11ec-bb85-0235bf949cb9', NULL, 'initiator', 'string', 0, '2021-12-31 11:08:09.808', NULL, NULL, NULL, 'admin', NULL);
INSERT INTO `ACT_HI_DETAIL` VALUES ('e2153dc2-69e6-11ec-bb85-0235bf949cb9', 'VariableUpdate', 'e214ef91-69e6-11ec-bb85-0235bf949cb9', 'e214ef99-69e6-11ec-bb85-0235bf949cb9', 'e21516ac-69e6-11ec-bb85-0235bf949cb9', NULL, 'deptPostLeader', 'string', 0, '2021-12-31 11:08:09.808', NULL, NULL, NULL, '1440969551792574464', NULL);
INSERT INTO `ACT_HI_DETAIL` VALUES ('e217d5d4-69e6-11ec-bb85-0235bf949cb9', 'VariableUpdate', 'e214ef91-69e6-11ec-bb85-0235bf949cb9', 'e214ef99-69e6-11ec-bb85-0235bf949cb9', 'e21516ac-69e6-11ec-bb85-0235bf949cb9', NULL, 'operationType', 'string', 0, '2021-12-31 11:08:09.825', NULL, NULL, NULL, 'agree', NULL);
INSERT INTO `ACT_HI_DETAIL` VALUES ('e218c035-69e6-11ec-bb85-0235bf949cb9', 'VariableUpdate', 'e214ef91-69e6-11ec-bb85-0235bf949cb9', 'e214ef91-69e6-11ec-bb85-0235bf949cb9', NULL, NULL, 'deptPostLeader', 'string', 1, '2021-12-31 11:08:09.831', NULL, NULL, NULL, '1440969551792574464', NULL);
INSERT INTO `ACT_HI_DETAIL` VALUES ('e218e747-69e6-11ec-bb85-0235bf949cb9', 'VariableUpdate', 'e214ef91-69e6-11ec-bb85-0235bf949cb9', 'e214ef91-69e6-11ec-bb85-0235bf949cb9', NULL, NULL, 'operationType', 'string', 0, '2021-12-31 11:08:09.832', NULL, NULL, NULL, 'agree', NULL);
INSERT INTO `ACT_HI_DETAIL` VALUES ('e218e748-69e6-11ec-bb85-0235bf949cb9', 'VariableUpdate', 'e214ef91-69e6-11ec-bb85-0235bf949cb9', 'e214ef91-69e6-11ec-bb85-0235bf949cb9', NULL, NULL, 'startUserName', 'string', 1, '2021-12-31 11:08:09.832', NULL, NULL, NULL, 'admin', NULL);
INSERT INTO `ACT_HI_DETAIL` VALUES ('e218e749-69e6-11ec-bb85-0235bf949cb9', 'VariableUpdate', 'e214ef91-69e6-11ec-bb85-0235bf949cb9', 'e214ef91-69e6-11ec-bb85-0235bf949cb9', NULL, NULL, 'initiator', 'string', 1, '2021-12-31 11:08:09.832', NULL, NULL, NULL, 'admin', NULL);
INSERT INTO `ACT_HI_DETAIL` VALUES ('e2195c7d-69e6-11ec-bb85-0235bf949cb9', 'VariableUpdate', 'e214ef91-69e6-11ec-bb85-0235bf949cb9', 'e214ef99-69e6-11ec-bb85-0235bf949cb9', 'e219356b-69e6-11ec-bb85-0235bf949cb9', NULL, 'startUserName', 'string', 0, '2021-12-31 11:08:09.835', NULL, NULL, NULL, 'admin', NULL);
INSERT INTO `ACT_HI_DETAIL` VALUES ('e2195c7f-69e6-11ec-bb85-0235bf949cb9', 'VariableUpdate', 'e214ef91-69e6-11ec-bb85-0235bf949cb9', 'e214ef99-69e6-11ec-bb85-0235bf949cb9', 'e219356b-69e6-11ec-bb85-0235bf949cb9', NULL, 'initiator', 'string', 0, '2021-12-31 11:08:09.835', NULL, NULL, NULL, 'admin', NULL);
INSERT INTO `ACT_HI_DETAIL` VALUES ('e2195c81-69e6-11ec-bb85-0235bf949cb9', 'VariableUpdate', 'e214ef91-69e6-11ec-bb85-0235bf949cb9', 'e214ef99-69e6-11ec-bb85-0235bf949cb9', 'e219356b-69e6-11ec-bb85-0235bf949cb9', NULL, 'deptPostLeader', 'string', 0, '2021-12-31 11:08:09.835', NULL, NULL, NULL, '1440969551792574464', NULL);
INSERT INTO `ACT_HI_DETAIL` VALUES ('e2195c83-69e6-11ec-bb85-0235bf949cb9', 'VariableUpdate', 'e214ef91-69e6-11ec-bb85-0235bf949cb9', 'e214ef99-69e6-11ec-bb85-0235bf949cb9', 'e219356b-69e6-11ec-bb85-0235bf949cb9', NULL, 'operationType', 'string', 0, '2021-12-31 11:08:09.835', NULL, NULL, NULL, 'agree', NULL);
INSERT INTO `ACT_HI_DETAIL` VALUES ('ec6ca597-3184-11ec-9f40-f20b812c0662', 'VariableUpdate', 'ec6ca594-3184-11ec-9f40-f20b812c0662', 'ec6ca594-3184-11ec-9f40-f20b812c0662', NULL, NULL, 'startUserName', 'string', 0, '2021-10-20 17:05:51.363', NULL, NULL, NULL, 'userD', NULL);
INSERT INTO `ACT_HI_DETAIL` VALUES ('ec6ca599-3184-11ec-9f40-f20b812c0662', 'VariableUpdate', 'ec6ca594-3184-11ec-9f40-f20b812c0662', 'ec6ca594-3184-11ec-9f40-f20b812c0662', NULL, NULL, 'deptPostLeader', 'string', 0, '2021-10-20 17:05:51.363', NULL, NULL, NULL, '1440964519391137792', NULL);
INSERT INTO `ACT_HI_DETAIL` VALUES ('ec6ca59b-3184-11ec-9f40-f20b812c0662', 'VariableUpdate', 'ec6ca594-3184-11ec-9f40-f20b812c0662', 'ec6ca594-3184-11ec-9f40-f20b812c0662', NULL, NULL, 'initiator', 'string', 0, '2021-10-20 17:05:51.363', NULL, NULL, NULL, 'userD', NULL);
INSERT INTO `ACT_HI_DETAIL` VALUES ('ec6cccb1-3184-11ec-9f40-f20b812c0662', 'VariableUpdate', 'ec6ca594-3184-11ec-9f40-f20b812c0662', 'ec6ca59c-3184-11ec-9f40-f20b812c0662', 'ec6cccaf-3184-11ec-9f40-f20b812c0662', NULL, 'startUserName', 'string', 0, '2021-10-20 17:05:51.364', NULL, NULL, NULL, 'userD', NULL);
INSERT INTO `ACT_HI_DETAIL` VALUES ('ec6cccb3-3184-11ec-9f40-f20b812c0662', 'VariableUpdate', 'ec6ca594-3184-11ec-9f40-f20b812c0662', 'ec6ca59c-3184-11ec-9f40-f20b812c0662', 'ec6cccaf-3184-11ec-9f40-f20b812c0662', NULL, 'initiator', 'string', 0, '2021-10-20 17:05:51.364', NULL, NULL, NULL, 'userD', NULL);
INSERT INTO `ACT_HI_DETAIL` VALUES ('ec6cccb5-3184-11ec-9f40-f20b812c0662', 'VariableUpdate', 'ec6ca594-3184-11ec-9f40-f20b812c0662', 'ec6ca59c-3184-11ec-9f40-f20b812c0662', 'ec6cccaf-3184-11ec-9f40-f20b812c0662', NULL, 'deptPostLeader', 'string', 0, '2021-10-20 17:05:51.364', NULL, NULL, NULL, '1440964519391137792', NULL);
INSERT INTO `ACT_HI_DETAIL` VALUES ('ec6eef97-3184-11ec-9f40-f20b812c0662', 'VariableUpdate', 'ec6ca594-3184-11ec-9f40-f20b812c0662', 'ec6ca59c-3184-11ec-9f40-f20b812c0662', 'ec6cccaf-3184-11ec-9f40-f20b812c0662', NULL, 'operationType', 'string', 0, '2021-10-20 17:05:51.378', NULL, NULL, NULL, 'agree', NULL);
INSERT INTO `ACT_HI_DETAIL` VALUES ('ec6f64c8-3184-11ec-9f40-f20b812c0662', 'VariableUpdate', 'ec6ca594-3184-11ec-9f40-f20b812c0662', 'ec6ca594-3184-11ec-9f40-f20b812c0662', NULL, NULL, 'deptPostLeader', 'string', 1, '2021-10-20 17:05:51.381', NULL, NULL, NULL, '1440964519391137792', NULL);
INSERT INTO `ACT_HI_DETAIL` VALUES ('ec6f8bda-3184-11ec-9f40-f20b812c0662', 'VariableUpdate', 'ec6ca594-3184-11ec-9f40-f20b812c0662', 'ec6ca594-3184-11ec-9f40-f20b812c0662', NULL, NULL, 'operationType', 'string', 0, '2021-10-20 17:05:51.382', NULL, NULL, NULL, 'agree', NULL);
INSERT INTO `ACT_HI_DETAIL` VALUES ('ec6f8bdb-3184-11ec-9f40-f20b812c0662', 'VariableUpdate', 'ec6ca594-3184-11ec-9f40-f20b812c0662', 'ec6ca594-3184-11ec-9f40-f20b812c0662', NULL, NULL, 'startUserName', 'string', 1, '2021-10-20 17:05:51.382', NULL, NULL, NULL, 'userD', NULL);
INSERT INTO `ACT_HI_DETAIL` VALUES ('ec6f8bdc-3184-11ec-9f40-f20b812c0662', 'VariableUpdate', 'ec6ca594-3184-11ec-9f40-f20b812c0662', 'ec6ca594-3184-11ec-9f40-f20b812c0662', NULL, NULL, 'initiator', 'string', 1, '2021-10-20 17:05:51.382', NULL, NULL, NULL, 'userD', NULL);
INSERT INTO `ACT_HI_DETAIL` VALUES ('ec702820-3184-11ec-9f40-f20b812c0662', 'VariableUpdate', 'ec6ca594-3184-11ec-9f40-f20b812c0662', 'ec6ca59c-3184-11ec-9f40-f20b812c0662', 'ec70010e-3184-11ec-9f40-f20b812c0662', NULL, 'startUserName', 'string', 0, '2021-10-20 17:05:51.386', NULL, NULL, NULL, 'userD', NULL);
INSERT INTO `ACT_HI_DETAIL` VALUES ('ec702822-3184-11ec-9f40-f20b812c0662', 'VariableUpdate', 'ec6ca594-3184-11ec-9f40-f20b812c0662', 'ec6ca59c-3184-11ec-9f40-f20b812c0662', 'ec70010e-3184-11ec-9f40-f20b812c0662', NULL, 'initiator', 'string', 0, '2021-10-20 17:05:51.386', NULL, NULL, NULL, 'userD', NULL);
INSERT INTO `ACT_HI_DETAIL` VALUES ('ec702824-3184-11ec-9f40-f20b812c0662', 'VariableUpdate', 'ec6ca594-3184-11ec-9f40-f20b812c0662', 'ec6ca59c-3184-11ec-9f40-f20b812c0662', 'ec70010e-3184-11ec-9f40-f20b812c0662', NULL, 'deptPostLeader', 'string', 0, '2021-10-20 17:05:51.386', NULL, NULL, NULL, '1440964519391137792', NULL);
INSERT INTO `ACT_HI_DETAIL` VALUES ('ec702826-3184-11ec-9f40-f20b812c0662', 'VariableUpdate', 'ec6ca594-3184-11ec-9f40-f20b812c0662', 'ec6ca59c-3184-11ec-9f40-f20b812c0662', 'ec70010e-3184-11ec-9f40-f20b812c0662', NULL, 'operationType', 'string', 0, '2021-10-20 17:05:51.386', NULL, NULL, NULL, 'agree', NULL);
INSERT INTO `ACT_HI_DETAIL` VALUES ('f5179499-3184-11ec-9f40-f20b812c0662', 'VariableUpdate', 'ec6ca594-3184-11ec-9f40-f20b812c0662', 'ec6ca59c-3184-11ec-9f40-f20b812c0662', 'ec70010e-3184-11ec-9f40-f20b812c0662', NULL, 'operationType', 'string', 1, '2021-10-20 17:06:05.905', NULL, NULL, NULL, 'agree', NULL);
INSERT INTO `ACT_HI_DETAIL` VALUES ('f51857ea-3184-11ec-9f40-f20b812c0662', 'VariableUpdate', 'ec6ca594-3184-11ec-9f40-f20b812c0662', 'ec6ca594-3184-11ec-9f40-f20b812c0662', NULL, NULL, 'deptPostLeader', 'string', 1, '2021-10-20 17:06:05.910', NULL, NULL, NULL, '1440964519391137792', NULL);
INSERT INTO `ACT_HI_DETAIL` VALUES ('f51857eb-3184-11ec-9f40-f20b812c0662', 'VariableUpdate', 'ec6ca594-3184-11ec-9f40-f20b812c0662', 'ec6ca594-3184-11ec-9f40-f20b812c0662', NULL, NULL, 'operationType', 'string', 1, '2021-10-20 17:06:05.910', NULL, NULL, NULL, 'agree', NULL);
INSERT INTO `ACT_HI_DETAIL` VALUES ('f5187efc-3184-11ec-9f40-f20b812c0662', 'VariableUpdate', 'ec6ca594-3184-11ec-9f40-f20b812c0662', 'ec6ca594-3184-11ec-9f40-f20b812c0662', NULL, NULL, 'startUserName', 'string', 1, '2021-10-20 17:06:05.911', NULL, NULL, NULL, 'userD', NULL);
INSERT INTO `ACT_HI_DETAIL` VALUES ('f5187efd-3184-11ec-9f40-f20b812c0662', 'VariableUpdate', 'ec6ca594-3184-11ec-9f40-f20b812c0662', 'ec6ca594-3184-11ec-9f40-f20b812c0662', NULL, NULL, 'initiator', 'string', 1, '2021-10-20 17:06:05.911', NULL, NULL, NULL, 'userD', NULL);
INSERT INTO `ACT_HI_DETAIL` VALUES ('f5191b45-3184-11ec-9f40-f20b812c0662', 'VariableUpdate', 'ec6ca594-3184-11ec-9f40-f20b812c0662', 'f518f42f-3184-11ec-9f40-f20b812c0662', 'f518f433-3184-11ec-9f40-f20b812c0662', NULL, 'startUserName', 'string', 0, '2021-10-20 17:06:05.915', NULL, NULL, NULL, 'userD', NULL);
INSERT INTO `ACT_HI_DETAIL` VALUES ('f5191b47-3184-11ec-9f40-f20b812c0662', 'VariableUpdate', 'ec6ca594-3184-11ec-9f40-f20b812c0662', 'f518f42f-3184-11ec-9f40-f20b812c0662', 'f518f433-3184-11ec-9f40-f20b812c0662', NULL, 'initiator', 'string', 0, '2021-10-20 17:06:05.915', NULL, NULL, NULL, 'userD', NULL);
INSERT INTO `ACT_HI_DETAIL` VALUES ('f5191b49-3184-11ec-9f40-f20b812c0662', 'VariableUpdate', 'ec6ca594-3184-11ec-9f40-f20b812c0662', 'f518f42f-3184-11ec-9f40-f20b812c0662', 'f518f433-3184-11ec-9f40-f20b812c0662', NULL, 'operationType', 'string', 0, '2021-10-20 17:06:05.915', NULL, NULL, NULL, 'agree', NULL);
INSERT INTO `ACT_HI_DETAIL` VALUES ('f5191b4b-3184-11ec-9f40-f20b812c0662', 'VariableUpdate', 'ec6ca594-3184-11ec-9f40-f20b812c0662', 'f518f42f-3184-11ec-9f40-f20b812c0662', 'f518f433-3184-11ec-9f40-f20b812c0662', NULL, 'deptPostLeader', 'string', 0, '2021-10-20 17:06:05.915', NULL, NULL, NULL, '1440964519391137792', NULL);
INSERT INTO `ACT_HI_DETAIL` VALUES ('f519907f-3184-11ec-9f40-f20b812c0662', 'VariableUpdate', 'ec6ca594-3184-11ec-9f40-f20b812c0662', 'ec6ca59c-3184-11ec-9f40-f20b812c0662', 'f518f431-3184-11ec-9f40-f20b812c0662', NULL, 'startUserName', 'string', 0, '2021-10-20 17:06:05.918', NULL, NULL, NULL, 'userD', NULL);
INSERT INTO `ACT_HI_DETAIL` VALUES ('f5199081-3184-11ec-9f40-f20b812c0662', 'VariableUpdate', 'ec6ca594-3184-11ec-9f40-f20b812c0662', 'ec6ca59c-3184-11ec-9f40-f20b812c0662', 'f518f431-3184-11ec-9f40-f20b812c0662', NULL, 'initiator', 'string', 0, '2021-10-20 17:06:05.918', NULL, NULL, NULL, 'userD', NULL);
INSERT INTO `ACT_HI_DETAIL` VALUES ('f5199083-3184-11ec-9f40-f20b812c0662', 'VariableUpdate', 'ec6ca594-3184-11ec-9f40-f20b812c0662', 'ec6ca59c-3184-11ec-9f40-f20b812c0662', 'f518f431-3184-11ec-9f40-f20b812c0662', NULL, 'operationType', 'string', 0, '2021-10-20 17:06:05.918', NULL, NULL, NULL, 'agree', NULL);
INSERT INTO `ACT_HI_DETAIL` VALUES ('f5199085-3184-11ec-9f40-f20b812c0662', 'VariableUpdate', 'ec6ca594-3184-11ec-9f40-f20b812c0662', 'ec6ca59c-3184-11ec-9f40-f20b812c0662', 'f518f431-3184-11ec-9f40-f20b812c0662', NULL, 'deptPostLeader', 'string', 0, '2021-10-20 17:06:05.918', NULL, NULL, NULL, '1440964519391137792', NULL);
INSERT INTO `ACT_HI_DETAIL` VALUES ('fe0706a6-3184-11ec-9f40-f20b812c0662', 'VariableUpdate', 'ec6ca594-3184-11ec-9f40-f20b812c0662', 'f518f42f-3184-11ec-9f40-f20b812c0662', 'f518f433-3184-11ec-9f40-f20b812c0662', NULL, 'operationType', 'string', 1, '2021-10-20 17:06:20.896', NULL, NULL, NULL, 'agree', NULL);
INSERT INTO `ACT_HI_DETAIL` VALUES ('fe081817-3184-11ec-9f40-f20b812c0662', 'VariableUpdate', 'ec6ca594-3184-11ec-9f40-f20b812c0662', 'ec6ca594-3184-11ec-9f40-f20b812c0662', NULL, NULL, 'operationType', 'string', 1, '2021-10-20 17:06:20.903', NULL, NULL, NULL, 'agree', NULL);
INSERT INTO `ACT_HI_DETAIL` VALUES ('fe083f28-3184-11ec-9f40-f20b812c0662', 'VariableUpdate', 'ec6ca594-3184-11ec-9f40-f20b812c0662', 'ec6ca594-3184-11ec-9f40-f20b812c0662', NULL, NULL, 'deptPostLeader', 'string', 1, '2021-10-20 17:06:20.904', NULL, NULL, NULL, '1440964519391137792', NULL);
INSERT INTO `ACT_HI_DETAIL` VALUES ('fe083f29-3184-11ec-9f40-f20b812c0662', 'VariableUpdate', 'ec6ca594-3184-11ec-9f40-f20b812c0662', 'ec6ca594-3184-11ec-9f40-f20b812c0662', NULL, NULL, 'startUserName', 'string', 1, '2021-10-20 17:06:20.904', NULL, NULL, NULL, 'userD', NULL);
INSERT INTO `ACT_HI_DETAIL` VALUES ('fe08663a-3184-11ec-9f40-f20b812c0662', 'VariableUpdate', 'ec6ca594-3184-11ec-9f40-f20b812c0662', 'ec6ca594-3184-11ec-9f40-f20b812c0662', NULL, NULL, 'initiator', 'string', 1, '2021-10-20 17:06:20.905', NULL, NULL, NULL, 'userD', NULL);
COMMIT;

-- ----------------------------
-- Table structure for ACT_HI_IDENTITYLINK
-- ----------------------------
DROP TABLE IF EXISTS `ACT_HI_IDENTITYLINK`;
CREATE TABLE `ACT_HI_IDENTITYLINK` (
  `ID_` varchar(64) CHARACTER SET utf8 COLLATE utf8_bin NOT NULL,
  `GROUP_ID_` varchar(255) CHARACTER SET utf8 COLLATE utf8_bin DEFAULT NULL,
  `TYPE_` varchar(255) CHARACTER SET utf8 COLLATE utf8_bin DEFAULT NULL,
  `USER_ID_` varchar(255) CHARACTER SET utf8 COLLATE utf8_bin DEFAULT NULL,
  `TASK_ID_` varchar(64) CHARACTER SET utf8 COLLATE utf8_bin DEFAULT NULL,
  `PROC_INST_ID_` varchar(64) CHARACTER SET utf8 COLLATE utf8_bin DEFAULT NULL,
  PRIMARY KEY (`ID_`),
  KEY `ACT_IDX_HI_IDENT_LNK_USER` (`USER_ID_`),
  KEY `ACT_IDX_HI_IDENT_LNK_TASK` (`TASK_ID_`),
  KEY `ACT_IDX_HI_IDENT_LNK_PROCINST` (`PROC_INST_ID_`)
) ENGINE=InnoDB DEFAULT CHARSET=utf8mb3 COLLATE=utf8_bin;

-- ----------------------------
-- Records of ACT_HI_IDENTITYLINK
-- ----------------------------
BEGIN;
INSERT INTO `ACT_HI_IDENTITYLINK` VALUES ('01c7b83c-3185-11ec-9f40-f20b812c0662', '1440964519391137792', 'candidate', NULL, '01c79123-3185-11ec-9f40-f20b812c0662', NULL);
INSERT INTO `ACT_HI_IDENTITYLINK` VALUES ('01c7b83d-3185-11ec-9f40-f20b812c0662', '1440964519395332096', 'candidate', NULL, '01c79123-3185-11ec-9f40-f20b812c0662', NULL);
INSERT INTO `ACT_HI_IDENTITYLINK` VALUES ('04b2aec6-317b-11ec-9438-f20b812c0662', NULL, 'starter', 'userD', NULL, '04b2aec5-317b-11ec-9438-f20b812c0662');
INSERT INTO `ACT_HI_IDENTITYLINK` VALUES ('04b769d1-317b-11ec-9438-f20b812c0662', NULL, 'participant', 'admin', NULL, '04b2aec5-317b-11ec-9438-f20b812c0662');
INSERT INTO `ACT_HI_IDENTITYLINK` VALUES ('190031db-3184-11ec-ad5a-f20b812c0662', NULL, 'starter', 'userD', NULL, '190031da-3184-11ec-ad5a-f20b812c0662');
INSERT INTO `ACT_HI_IDENTITYLINK` VALUES ('190513fe-3184-11ec-ad5a-f20b812c0662', '1440964519391137792', 'candidate', NULL, '1904c5d5-3184-11ec-ad5a-f20b812c0662', NULL);
INSERT INTO `ACT_HI_IDENTITYLINK` VALUES ('2559a9ef-3184-11ec-ad5a-f20b812c0662', NULL, 'participant', 'leaderTJ', NULL, '190031da-3184-11ec-ad5a-f20b812c0662');
INSERT INTO `ACT_HI_IDENTITYLINK` VALUES ('255f9d77-3184-11ec-ad5a-f20b812c0662', '1440911410581213416', 'candidate', NULL, '255f765c-3184-11ec-ad5a-f20b812c0662', NULL);
INSERT INTO `ACT_HI_IDENTITYLINK` VALUES ('32da20ce-3185-11ec-9f40-f20b812c0662', NULL, 'participant', 'leaderTJ2', NULL, 'ec6ca594-3184-11ec-9f40-f20b812c0662');
INSERT INTO `ACT_HI_IDENTITYLINK` VALUES ('32df02de-3185-11ec-9f40-f20b812c0662', '1440964387979399168', 'candidate', NULL, '32dedbc5-3185-11ec-9f40-f20b812c0662', NULL);
INSERT INTO `ACT_HI_IDENTITYLINK` VALUES ('3326fd48-3184-11ec-ad5a-f20b812c0662', NULL, 'participant', 'admin', NULL, '190031da-3184-11ec-ad5a-f20b812c0662');
INSERT INTO `ACT_HI_IDENTITYLINK` VALUES ('4be1e77f-3185-11ec-9f40-f20b812c0662', NULL, 'participant', 'leaderLaw', NULL, 'ec6ca594-3184-11ec-9f40-f20b812c0662');
INSERT INTO `ACT_HI_IDENTITYLINK` VALUES ('5b6b546b-3183-11ec-ad5a-f20b812c0662', NULL, 'starter', 'userD', NULL, '5b6b546a-3183-11ec-ad5a-f20b812c0662');
INSERT INTO `ACT_HI_IDENTITYLINK` VALUES ('5f1f34ce-3183-11ec-ad5a-f20b812c0662', '1440964519391137792', 'candidate', NULL, '5f1ee6a5-3183-11ec-ad5a-f20b812c0662', NULL);
INSERT INTO `ACT_HI_IDENTITYLINK` VALUES ('6122459f-3185-11ec-9f40-f20b812c0662', '1440911410581213416', 'candidate', NULL, '6121f760-3185-11ec-9f40-f20b812c0662', NULL);
INSERT INTO `ACT_HI_IDENTITYLINK` VALUES ('7c722780-3185-11ec-9f40-f20b812c0662', NULL, 'participant', 'leader', NULL, 'ec6ca594-3184-11ec-9f40-f20b812c0662');
INSERT INTO `ACT_HI_IDENTITYLINK` VALUES ('88e5f05f-3183-11ec-ad5a-f20b812c0662', NULL, 'participant', 'leaderTJ', NULL, '5b6b546a-3183-11ec-ad5a-f20b812c0662');
INSERT INTO `ACT_HI_IDENTITYLINK` VALUES ('8de8b46d-3182-11ec-a0b7-f20b812c0662', NULL, 'starter', 'userD', NULL, '8de8b46c-3182-11ec-a0b7-f20b812c0662');
INSERT INTO `ACT_HI_IDENTITYLINK` VALUES ('8edfabd9-3184-11ec-9f40-f20b812c0662', NULL, 'starter', 'userD', NULL, '8edf84c8-3184-11ec-9f40-f20b812c0662');
INSERT INTO `ACT_HI_IDENTITYLINK` VALUES ('8eebe0fb-3184-11ec-9f40-f20b812c0662', '1440964519391137792', 'candidate', NULL, '8eeb92d2-3184-11ec-9f40-f20b812c0662', NULL);
INSERT INTO `ACT_HI_IDENTITYLINK` VALUES ('97881ff0-3183-11ec-ad5a-f20b812c0662', '1440964519391137792', 'candidate', NULL, '9787d1c7-3183-11ec-ad5a-f20b812c0662', NULL);
INSERT INTO `ACT_HI_IDENTITYLINK` VALUES ('9b3ef04c-3184-11ec-9f40-f20b812c0662', NULL, 'participant', 'leaderTJ', NULL, '8edf84c8-3184-11ec-9f40-f20b812c0662');
INSERT INTO `ACT_HI_IDENTITYLINK` VALUES ('9b461c4c-3184-11ec-9f40-f20b812c0662', '1440964221855600640', 'candidate', NULL, '9b45ce23-3184-11ec-9f40-f20b812c0662', NULL);
INSERT INTO `ACT_HI_IDENTITYLINK` VALUES ('9c16c470-3182-11ec-a0b7-f20b812c0662', '1440964519391137792', 'candidate', NULL, '9c164f37-3182-11ec-a0b7-f20b812c0662', NULL);
INSERT INTO `ACT_HI_IDENTITYLINK` VALUES ('a18139c1-3183-11ec-ad5a-f20b812c0662', '1440964221855600640', 'candidate', NULL, 'a18112a8-3183-11ec-ad5a-f20b812c0662', NULL);
INSERT INTO `ACT_HI_IDENTITYLINK` VALUES ('a396f282-3186-11ec-bf2d-f20b812c0662', NULL, 'starter', 'userD', NULL, 'a396f281-3186-11ec-bf2d-f20b812c0662');
INSERT INTO `ACT_HI_IDENTITYLINK` VALUES ('a3a26454-3186-11ec-bf2d-f20b812c0662', '1440964519391137792', 'candidate', NULL, 'a3a2162b-3186-11ec-bf2d-f20b812c0662', NULL);
INSERT INTO `ACT_HI_IDENTITYLINK` VALUES ('a987b52d-3184-11ec-9f40-f20b812c0662', NULL, 'participant', 'userA', NULL, '8edf84c8-3184-11ec-9f40-f20b812c0662');
INSERT INTO `ACT_HI_IDENTITYLINK` VALUES ('cee629b2-3183-11ec-ad5a-f20b812c0662', NULL, 'participant', 'userA', NULL, '5b6b546a-3183-11ec-ad5a-f20b812c0662');
INSERT INTO `ACT_HI_IDENTITYLINK` VALUES ('d6425a9a-69e6-11ec-bb85-0235bf949cb9', NULL, 'starter', 'admin', NULL, 'd6423389-69e6-11ec-bb85-0235bf949cb9');
INSERT INTO `ACT_HI_IDENTITYLINK` VALUES ('d64eb6cc-69e6-11ec-bb85-0235bf949cb9', '1440969551792574464', 'candidate', NULL, 'd64e68a3-69e6-11ec-bb85-0235bf949cb9', NULL);
INSERT INTO `ACT_HI_IDENTITYLINK` VALUES ('dc101a4e-69e6-11ec-bb85-0235bf949cb9', NULL, 'starter', 'admin', NULL, 'dc101a4d-69e6-11ec-bb85-0235bf949cb9');
INSERT INTO `ACT_HI_IDENTITYLINK` VALUES ('dc154a90-69e6-11ec-bb85-0235bf949cb9', '1440969551792574464', 'candidate', NULL, 'dc14fc67-69e6-11ec-bb85-0235bf949cb9', NULL);
INSERT INTO `ACT_HI_IDENTITYLINK` VALUES ('e214ef92-69e6-11ec-bb85-0235bf949cb9', NULL, 'starter', 'admin', NULL, 'e214ef91-69e6-11ec-bb85-0235bf949cb9');
INSERT INTO `ACT_HI_IDENTITYLINK` VALUES ('e2195c84-69e6-11ec-bb85-0235bf949cb9', '1440969551792574464', 'candidate', NULL, 'e219356b-69e6-11ec-bb85-0235bf949cb9', NULL);
INSERT INTO `ACT_HI_IDENTITYLINK` VALUES ('ec6ca595-3184-11ec-9f40-f20b812c0662', NULL, 'starter', 'userD', NULL, 'ec6ca594-3184-11ec-9f40-f20b812c0662');
INSERT INTO `ACT_HI_IDENTITYLINK` VALUES ('ec702827-3184-11ec-9f40-f20b812c0662', '1440964519391137792', 'candidate', NULL, 'ec70010e-3184-11ec-9f40-f20b812c0662', NULL);
INSERT INTO `ACT_HI_IDENTITYLINK` VALUES ('f5148758-3184-11ec-9f40-f20b812c0662', NULL, 'participant', 'leaderTJ', NULL, 'ec6ca594-3184-11ec-9f40-f20b812c0662');
INSERT INTO `ACT_HI_IDENTITYLINK` VALUES ('f5191b4c-3184-11ec-9f40-f20b812c0662', NULL, 'candidate', 'admin', 'f518f433-3184-11ec-9f40-f20b812c0662', NULL);
INSERT INTO `ACT_HI_IDENTITYLINK` VALUES ('f519696d-3184-11ec-9f40-f20b812c0662', NULL, 'participant', 'admin', NULL, 'ec6ca594-3184-11ec-9f40-f20b812c0662');
COMMIT;

-- ----------------------------
-- Table structure for ACT_HI_PROCINST
-- ----------------------------
DROP TABLE IF EXISTS `ACT_HI_PROCINST`;
CREATE TABLE `ACT_HI_PROCINST` (
  `ID_` varchar(64) CHARACTER SET utf8 COLLATE utf8_bin NOT NULL,
  `PROC_INST_ID_` varchar(64) CHARACTER SET utf8 COLLATE utf8_bin NOT NULL,
  `BUSINESS_KEY_` varchar(255) CHARACTER SET utf8 COLLATE utf8_bin DEFAULT NULL,
  `PROC_DEF_ID_` varchar(64) CHARACTER SET utf8 COLLATE utf8_bin NOT NULL,
  `START_TIME_` datetime(3) NOT NULL,
  `END_TIME_` datetime(3) DEFAULT NULL,
  `DURATION_` bigint DEFAULT NULL,
  `START_USER_ID_` varchar(255) CHARACTER SET utf8 COLLATE utf8_bin DEFAULT NULL,
  `START_ACT_ID_` varchar(255) CHARACTER SET utf8 COLLATE utf8_bin DEFAULT NULL,
  `END_ACT_ID_` varchar(255) CHARACTER SET utf8 COLLATE utf8_bin DEFAULT NULL,
  `SUPER_PROCESS_INSTANCE_ID_` varchar(64) CHARACTER SET utf8 COLLATE utf8_bin DEFAULT NULL,
  `DELETE_REASON_` varchar(4000) CHARACTER SET utf8 COLLATE utf8_bin DEFAULT NULL,
  `TENANT_ID_` varchar(255) CHARACTER SET utf8 COLLATE utf8_bin DEFAULT '',
  `NAME_` varchar(255) CHARACTER SET utf8 COLLATE utf8_bin DEFAULT NULL,
  PRIMARY KEY (`ID_`),
  UNIQUE KEY `PROC_INST_ID_` (`PROC_INST_ID_`),
  KEY `ACT_IDX_HI_PRO_INST_END` (`END_TIME_`),
  KEY `ACT_IDX_HI_PRO_I_BUSKEY` (`BUSINESS_KEY_`)
) ENGINE=InnoDB DEFAULT CHARSET=utf8mb3 COLLATE=utf8_bin;

-- ----------------------------
-- Records of ACT_HI_PROCINST
-- ----------------------------
BEGIN;
INSERT INTO `ACT_HI_PROCINST` VALUES ('04b2aec5-317b-11ec-9438-f20b812c0662', '04b2aec5-317b-11ec-9438-f20b812c0662', '1450732253180071936', 'flowTranslate:1:b28cd036-3175-11ec-9438-f20b812c0662', '2021-10-20 15:54:57.120', '2021-10-20 15:55:28.489', 31369, 'userD', 'Event_15zomtf', 'Event_1am1tua', NULL, NULL, '', NULL);
INSERT INTO `ACT_HI_PROCINST` VALUES ('190031da-3184-11ec-ad5a-f20b812c0662', '190031da-3184-11ec-ad5a-f20b812c0662', '1450748608977571840', 'flowSubmit:1:ae87c2ad-3175-11ec-9438-f20b812c0662', '2021-10-20 16:59:56.653', '2021-10-20 17:00:40.572', 43919, 'userD', 'Event_1u4dx3b', 'Event_04nqfny', NULL, NULL, '', NULL);
INSERT INTO `ACT_HI_PROCINST` VALUES ('5b6b546a-3183-11ec-ad5a-f20b812c0662', '5b6b546a-3183-11ec-ad5a-f20b812c0662', '1450747274836578304', 'flowLeave:4:8e42a9bb-3179-11ec-9438-f20b812c0662', '2021-10-20 16:54:38.588', '2021-10-20 16:57:52.376', 193788, 'userD', 'Event_1mmrttw', 'Event_1c089uo', NULL, NULL, '', NULL);
INSERT INTO `ACT_HI_PROCINST` VALUES ('8de8b46c-3182-11ec-a0b7-f20b812c0662', '8de8b46c-3182-11ec-a0b7-f20b812c0662', '1450745828686696448', 'flowLeave:4:8e42a9bb-3179-11ec-9438-f20b812c0662', '2021-10-20 16:48:53.798', NULL, NULL, 'userD', 'Event_1mmrttw', NULL, NULL, NULL, '', NULL);
INSERT INTO `ACT_HI_PROCINST` VALUES ('8edf84c8-3184-11ec-9f40-f20b812c0662', '8edf84c8-3184-11ec-9f40-f20b812c0662', '1450749438409576448', 'flowLeave:6:79b100b1-3184-11ec-9f40-f20b812c0662', '2021-10-20 17:03:14.410', '2021-10-20 17:03:59.177', 44767, 'userD', 'Event_1mmrttw', 'Event_1c089uo', NULL, NULL, '', NULL);
INSERT INTO `ACT_HI_PROCINST` VALUES ('a396f281-3186-11ec-bf2d-f20b812c0662', 'a396f281-3186-11ec-bf2d-f20b812c0662', '1450753187064582144', 'flowLeave:7:98337350-3186-11ec-bf2d-f20b812c0662', '2021-10-20 17:18:08.160', NULL, NULL, 'userD', 'Event_1mmrttw', NULL, NULL, NULL, '', NULL);
INSERT INTO `ACT_HI_PROCINST` VALUES ('d6423389-69e6-11ec-bb85-0235bf949cb9', 'd6423389-69e6-11ec-bb85-0235bf949cb9', '1476751923557175296', 'flowLeave:9:7d23427c-69e6-11ec-bb85-0235bf949cb9', '2021-12-31 11:07:49.970', NULL, NULL, 'admin', 'Event_1mmrttw', NULL, NULL, NULL, '', NULL);
INSERT INTO `ACT_HI_PROCINST` VALUES ('dc101a4d-69e6-11ec-bb85-0235bf949cb9', 'dc101a4d-69e6-11ec-bb85-0235bf949cb9', '1476751964434862080', 'flowSubmit:4:87e59faf-69e6-11ec-bb85-0235bf949cb9', '2021-12-31 11:07:59.708', NULL, NULL, 'admin', 'Event_1u4dx3b', NULL, NULL, NULL, '', NULL);
INSERT INTO `ACT_HI_PROCINST` VALUES ('e214ef91-69e6-11ec-bb85-0235bf949cb9', 'e214ef91-69e6-11ec-bb85-0235bf949cb9', '1476752006788943872', 'flowContract:4:9170b562-69e6-11ec-bb85-0235bf949cb9', '2021-12-31 11:08:09.806', '2021-12-31 11:13:54.231', 344425, 'admin', 'Event_0kjp9ci', 'Event_085p6dy', NULL, NULL, '', NULL);
INSERT INTO `ACT_HI_PROCINST` VALUES ('ec6ca594-3184-11ec-9f40-f20b812c0662', 'ec6ca594-3184-11ec-9f40-f20b812c0662', '1450750096739143680', 'flowContract:2:7ce26a87-3184-11ec-9f40-f20b812c0662', '2021-10-20 17:05:51.363', '2021-10-20 17:09:53.033', 241670, 'userD', 'Event_0kjp9ci', 'Event_085p6dy', NULL, NULL, '', NULL);
COMMIT;

-- ----------------------------
-- Table structure for ACT_HI_TASKINST
-- ----------------------------
DROP TABLE IF EXISTS `ACT_HI_TASKINST`;
CREATE TABLE `ACT_HI_TASKINST` (
  `ID_` varchar(64) CHARACTER SET utf8 COLLATE utf8_bin NOT NULL,
  `PROC_DEF_ID_` varchar(64) CHARACTER SET utf8 COLLATE utf8_bin DEFAULT NULL,
  `TASK_DEF_KEY_` varchar(255) CHARACTER SET utf8 COLLATE utf8_bin DEFAULT NULL,
  `PROC_INST_ID_` varchar(64) CHARACTER SET utf8 COLLATE utf8_bin DEFAULT NULL,
  `EXECUTION_ID_` varchar(64) CHARACTER SET utf8 COLLATE utf8_bin DEFAULT NULL,
  `NAME_` varchar(255) CHARACTER SET utf8 COLLATE utf8_bin DEFAULT NULL,
  `PARENT_TASK_ID_` varchar(64) CHARACTER SET utf8 COLLATE utf8_bin DEFAULT NULL,
  `DESCRIPTION_` varchar(4000) CHARACTER SET utf8 COLLATE utf8_bin DEFAULT NULL,
  `OWNER_` varchar(255) CHARACTER SET utf8 COLLATE utf8_bin DEFAULT NULL,
  `ASSIGNEE_` varchar(255) CHARACTER SET utf8 COLLATE utf8_bin DEFAULT NULL,
  `START_TIME_` datetime(3) NOT NULL,
  `CLAIM_TIME_` datetime(3) DEFAULT NULL,
  `END_TIME_` datetime(3) DEFAULT NULL,
  `DURATION_` bigint DEFAULT NULL,
  `DELETE_REASON_` varchar(4000) CHARACTER SET utf8 COLLATE utf8_bin DEFAULT NULL,
  `PRIORITY_` int DEFAULT NULL,
  `DUE_DATE_` datetime(3) DEFAULT NULL,
  `FORM_KEY_` varchar(255) CHARACTER SET utf8 COLLATE utf8_bin DEFAULT NULL,
  `CATEGORY_` varchar(255) CHARACTER SET utf8 COLLATE utf8_bin DEFAULT NULL,
  `TENANT_ID_` varchar(255) CHARACTER SET utf8 COLLATE utf8_bin DEFAULT '',
  PRIMARY KEY (`ID_`),
  KEY `ACT_IDX_HI_TASK_INST_PROCINST` (`PROC_INST_ID_`)
) ENGINE=InnoDB DEFAULT CHARSET=utf8mb3 COLLATE=utf8_bin;

-- ----------------------------
-- Records of ACT_HI_TASKINST
-- ----------------------------
BEGIN;
INSERT INTO `ACT_HI_TASKINST` VALUES ('01c79123-3185-11ec-9f40-f20b812c0662', 'flowContract:2:7ce26a87-3184-11ec-9f40-f20b812c0662', 'Activity_0xetc8u', 'ec6ca594-3184-11ec-9f40-f20b812c0662', 'ec6ca59c-3184-11ec-9f40-f20b812c0662', '财务部审批', NULL, NULL, NULL, 'leaderTJ2', '2021-10-20 17:06:27.191', '2021-10-20 17:07:49.518', '2021-10-20 17:07:49.546', 82355, NULL, 50, NULL, '{\"formId\":\"1440955127790833664\",\"readOnly\":true,\"groupType\":\"POST\"}', NULL, '');
INSERT INTO `ACT_HI_TASKINST` VALUES ('04b2d5de-317b-11ec-9438-f20b812c0662', 'flowTranslate:1:b28cd036-3175-11ec-9438-f20b812c0662', 'Activity_0c6nxdm', '04b2aec5-317b-11ec-9438-f20b812c0662', '04b2aecb-317b-11ec-9438-f20b812c0662', '录入', NULL, NULL, NULL, 'userD', '2021-10-20 15:54:57.121', NULL, '2021-10-20 15:54:57.144', 23, NULL, 50, NULL, '{\"formId\":\"1440945411354267648\",\"readOnly\":false,\"groupType\":\"DEPT\"}', NULL, '');
INSERT INTO `ACT_HI_TASKINST` VALUES ('04b742ba-317b-11ec-9438-f20b812c0662', 'flowTranslate:1:b28cd036-3175-11ec-9438-f20b812c0662', 'Activity_0wwsi9w', '04b2aec5-317b-11ec-9438-f20b812c0662', '04b2aecb-317b-11ec-9438-f20b812c0662', '转办', NULL, NULL, NULL, 'userD', '2021-10-20 15:54:57.150', NULL, '2021-10-20 15:55:28.462', 31312, NULL, 50, NULL, '{\"formId\":\"1440945411354267648\",\"readOnly\":true,\"groupType\":\"DEPT\"}', NULL, '');
INSERT INTO `ACT_HI_TASKINST` VALUES ('19008005-3184-11ec-ad5a-f20b812c0662', 'flowSubmit:1:ae87c2ad-3175-11ec-9438-f20b812c0662', 'Activity_1cs4bi5', '190031da-3184-11ec-ad5a-f20b812c0662', '190058f2-3184-11ec-ad5a-f20b812c0662', '报销申请', NULL, NULL, NULL, 'userD', '2021-10-20 16:59:56.655', NULL, '2021-10-20 16:59:56.679', 24, NULL, 50, NULL, '{\"formId\":\"1440947675041107968\",\"readOnly\":false,\"groupType\":\"DEPT\"}', NULL, '');
INSERT INTO `ACT_HI_TASKINST` VALUES ('1904c5d5-3184-11ec-ad5a-f20b812c0662', 'flowSubmit:1:ae87c2ad-3175-11ec-9438-f20b812c0662', 'Activity_04scn2o', '190031da-3184-11ec-ad5a-f20b812c0662', '190058f2-3184-11ec-ad5a-f20b812c0662', '部门领导审批', NULL, NULL, NULL, 'leaderTJ', '2021-10-20 16:59:56.683', '2021-10-20 17:00:17.369', '2021-10-20 17:00:17.400', 20717, NULL, 50, NULL, '{\"formId\":\"1440947675041107968\",\"readOnly\":true,\"groupType\":\"DEPT_POST_LEADER\"}', NULL, '');
INSERT INTO `ACT_HI_TASKINST` VALUES ('255f765c-3184-11ec-ad5a-f20b812c0662', 'flowSubmit:1:ae87c2ad-3175-11ec-9438-f20b812c0662', 'Activity_1w23xfe', '190031da-3184-11ec-ad5a-f20b812c0662', '190058f2-3184-11ec-ad5a-f20b812c0662', '总经理审批', NULL, NULL, NULL, 'admin', '2021-10-20 17:00:17.410', '2021-10-20 17:00:40.520', '2021-10-20 17:00:40.559', 23149, NULL, 50, NULL, '{\"formId\":\"1440947675041107968\",\"readOnly\":true,\"groupType\":\"DEPT\"}', NULL, '');
INSERT INTO `ACT_HI_TASKINST` VALUES ('32dedbc5-3185-11ec-9f40-f20b812c0662', 'flowContract:2:7ce26a87-3184-11ec-9f40-f20b812c0662', 'Activity_0dvg4hi', 'ec6ca594-3184-11ec-9f40-f20b812c0662', 'ec6ca59c-3184-11ec-9f40-f20b812c0662', '法务部审批', NULL, NULL, NULL, 'leaderLaw', '2021-10-20 17:07:49.552', '2021-10-20 17:08:31.512', '2021-10-20 17:08:31.545', 41993, NULL, 50, NULL, '{\"formId\":\"1440955001093492736\",\"readOnly\":true,\"groupType\":\"POST\"}', NULL, '');
INSERT INTO `ACT_HI_TASKINST` VALUES ('4be78cfe-3185-11ec-9f40-f20b812c0662', 'flowContract:2:7ce26a87-3184-11ec-9f40-f20b812c0662', 'Activity_0xo14ns', 'ec6ca594-3184-11ec-9f40-f20b812c0662', '4be765e3-3185-11ec-9f40-f20b812c0662', '法务部会签', NULL, NULL, NULL, 'admin', '2021-10-20 17:08:31.552', NULL, '2021-10-20 17:09:07.151', 35599, NULL, 50, NULL, '{\"formId\":\"1440955001093492736\",\"readOnly\":true,\"groupType\":\"DEPT\"}', NULL, '');
INSERT INTO `ACT_HI_TASKINST` VALUES ('4be78d00-3185-11ec-9f40-f20b812c0662', 'flowContract:2:7ce26a87-3184-11ec-9f40-f20b812c0662', 'Activity_0xo14ns', 'ec6ca594-3184-11ec-9f40-f20b812c0662', '4be765e4-3185-11ec-9f40-f20b812c0662', '法务部会签', NULL, NULL, NULL, 'userD', '2021-10-20 17:08:31.552', NULL, '2021-10-20 17:08:47.907', 16355, NULL, 50, NULL, '{\"formId\":\"1440955001093492736\",\"readOnly\":true,\"groupType\":\"DEPT\"}', NULL, '');
INSERT INTO `ACT_HI_TASKINST` VALUES ('5b6e61b5-3183-11ec-ad5a-f20b812c0662', 'flowLeave:4:8e42a9bb-3179-11ec-9438-f20b812c0662', 'Activity_1tb8jka', '5b6b546a-3183-11ec-ad5a-f20b812c0662', '5b6c3ed2-3183-11ec-ad5a-f20b812c0662', '请假申请', NULL, NULL, NULL, 'userD', '2021-10-20 16:54:38.608', NULL, '2021-10-20 16:54:44.788', 6180, NULL, 50, NULL, '{\"formId\":\"1440945411354267648\",\"readOnly\":false,\"groupType\":\"DEPT\"}', NULL, '');
INSERT INTO `ACT_HI_TASKINST` VALUES ('5f1ee6a5-3183-11ec-ad5a-f20b812c0662', 'flowLeave:4:8e42a9bb-3179-11ec-9438-f20b812c0662', 'Activity_11jr0px', '5b6b546a-3183-11ec-ad5a-f20b812c0662', '5b6c3ed2-3183-11ec-ad5a-f20b812c0662', '部门领导审批', NULL, NULL, NULL, 'leaderTJ', '2021-10-20 16:54:44.798', '2021-10-20 16:55:54.885', '2021-10-20 16:55:59.271', 74473, NULL, 50, NULL, '{\"formId\":\"1440945411354267648\",\"readOnly\":true,\"groupType\":\"DEPT_POST_LEADER\"}', NULL, '');
INSERT INTO `ACT_HI_TASKINST` VALUES ('6121f760-3185-11ec-9f40-f20b812c0662', 'flowContract:2:7ce26a87-3184-11ec-9f40-f20b812c0662', 'Activity_1enh5ke', 'ec6ca594-3184-11ec-9f40-f20b812c0662', 'ec6ca59c-3184-11ec-9f40-f20b812c0662', '总经理审批', NULL, NULL, NULL, 'leader', '2021-10-20 17:09:07.167', '2021-10-20 17:09:52.989', '2021-10-20 17:09:53.018', 45851, NULL, 50, NULL, '{\"formId\":\"1440954920348946432\",\"readOnly\":true,\"groupType\":\"DEPT\"}', NULL, '');
INSERT INTO `ACT_HI_TASKINST` VALUES ('8b85a187-3183-11ec-ad5a-f20b812c0662', 'flowLeave:4:8e42a9bb-3179-11ec-9438-f20b812c0662', 'Activity_1tb8jka', '5b6b546a-3183-11ec-ad5a-f20b812c0662', '5b6c3ed2-3183-11ec-ad5a-f20b812c0662', '请假申请', NULL, NULL, NULL, 'userD', '2021-10-20 16:55:59.291', NULL, '2021-10-20 16:56:19.429', 20138, NULL, 50, NULL, '{\"formId\":\"1440945411354267648\",\"readOnly\":false,\"groupType\":\"DEPT\"}', NULL, '');
INSERT INTO `ACT_HI_TASKINST` VALUES ('8deb99a7-3182-11ec-a0b7-f20b812c0662', 'flowLeave:4:8e42a9bb-3179-11ec-9438-f20b812c0662', 'Activity_1tb8jka', '8de8b46c-3182-11ec-a0b7-f20b812c0662', '8de976c4-3182-11ec-a0b7-f20b812c0662', '请假申请', NULL, NULL, NULL, 'userD', '2021-10-20 16:48:53.818', NULL, '2021-10-20 16:49:17.576', 23758, NULL, 50, NULL, '{\"formId\":\"1440945411354267648\",\"readOnly\":false,\"groupType\":\"DEPT\"}', NULL, '');
INSERT INTO `ACT_HI_TASKINST` VALUES ('8ee35563-3184-11ec-9f40-f20b812c0662', 'flowLeave:6:79b100b1-3184-11ec-9f40-f20b812c0662', 'Activity_1tb8jka', '8edf84c8-3184-11ec-9f40-f20b812c0662', '8ee06f30-3184-11ec-9f40-f20b812c0662', '请假申请', NULL, NULL, NULL, 'userD', '2021-10-20 17:03:14.435', NULL, '2021-10-20 17:03:14.481', 46, NULL, 50, NULL, '{\"formId\":\"1440945411354267648\",\"readOnly\":false,\"groupType\":\"DEPT\"}', NULL, '');
INSERT INTO `ACT_HI_TASKINST` VALUES ('8eeb92d2-3184-11ec-9f40-f20b812c0662', 'flowLeave:6:79b100b1-3184-11ec-9f40-f20b812c0662', 'Activity_11jr0px', '8edf84c8-3184-11ec-9f40-f20b812c0662', '8ee06f30-3184-11ec-9f40-f20b812c0662', '部门领导审批', NULL, NULL, NULL, 'leaderTJ', '2021-10-20 17:03:14.489', '2021-10-20 17:03:35.166', '2021-10-20 17:03:35.203', 20714, NULL, 50, NULL, '{\"formId\":\"1440945411354267648\",\"readOnly\":true,\"groupType\":\"DEPT_POST_LEADER\"}', NULL, '');
INSERT INTO `ACT_HI_TASKINST` VALUES ('9787d1c7-3183-11ec-ad5a-f20b812c0662', 'flowLeave:4:8e42a9bb-3179-11ec-9438-f20b812c0662', 'Activity_11jr0px', '5b6b546a-3183-11ec-ad5a-f20b812c0662', '5b6c3ed2-3183-11ec-ad5a-f20b812c0662', '部门领导审批', NULL, NULL, NULL, 'leaderTJ', '2021-10-20 16:56:19.438', '2021-10-20 16:56:36.134', '2021-10-20 16:56:36.166', 16728, NULL, 50, NULL, '{\"formId\":\"1440945411354267648\",\"readOnly\":true,\"groupType\":\"DEPT_POST_LEADER\"}', NULL, '');
INSERT INTO `ACT_HI_TASKINST` VALUES ('9b45ce23-3184-11ec-9f40-f20b812c0662', 'flowLeave:6:79b100b1-3184-11ec-9f40-f20b812c0662', 'Activity_00ibp0u', '8edf84c8-3184-11ec-9f40-f20b812c0662', '8ee06f30-3184-11ec-9f40-f20b812c0662', 'HR审批', NULL, NULL, NULL, 'userA', '2021-10-20 17:03:35.214', '2021-10-20 17:03:59.128', '2021-10-20 17:03:59.161', 23947, NULL, 50, NULL, '{\"formId\":\"1440945411354267648\",\"readOnly\":true,\"groupType\":\"POST\"}', NULL, '');
INSERT INTO `ACT_HI_TASKINST` VALUES ('9c164f37-3182-11ec-a0b7-f20b812c0662', 'flowLeave:4:8e42a9bb-3179-11ec-9438-f20b812c0662', 'Activity_11jr0px', '8de8b46c-3182-11ec-a0b7-f20b812c0662', '8de976c4-3182-11ec-a0b7-f20b812c0662', '部门领导审批', NULL, NULL, NULL, NULL, '2021-10-20 16:49:17.586', NULL, NULL, NULL, NULL, 50, NULL, '{\"formId\":\"1440945411354267648\",\"readOnly\":true,\"groupType\":\"DEPT_POST_LEADER\"}', NULL, '');
INSERT INTO `ACT_HI_TASKINST` VALUES ('a18112a8-3183-11ec-ad5a-f20b812c0662', 'flowLeave:4:8e42a9bb-3179-11ec-9438-f20b812c0662', 'Activity_00ibp0u', '5b6b546a-3183-11ec-ad5a-f20b812c0662', '5b6c3ed2-3183-11ec-ad5a-f20b812c0662', 'HR审批', NULL, NULL, NULL, 'userA', '2021-10-20 16:56:36.171', '2021-10-20 16:57:52.329', '2021-10-20 16:57:52.362', 76191, NULL, 50, NULL, '{\"formId\":\"1440945411354267648\",\"readOnly\":true,\"groupType\":\"POST\"}', NULL, '');
INSERT INTO `ACT_HI_TASKINST` VALUES ('a399b1ac-3186-11ec-bf2d-f20b812c0662', 'flowLeave:7:98337350-3186-11ec-bf2d-f20b812c0662', 'Activity_1tb8jka', 'a396f281-3186-11ec-bf2d-f20b812c0662', 'a3978ec9-3186-11ec-bf2d-f20b812c0662', '请假申请', NULL, NULL, NULL, 'userD', '2021-10-20 17:18:08.178', NULL, '2021-10-20 17:18:08.227', 49, NULL, 50, NULL, '{\"formId\":\"1440945411354267648\",\"readOnly\":false,\"groupType\":\"DEPT\"}', NULL, '');
INSERT INTO `ACT_HI_TASKINST` VALUES ('a3a2162b-3186-11ec-bf2d-f20b812c0662', 'flowLeave:7:98337350-3186-11ec-bf2d-f20b812c0662', 'Activity_11jr0px', 'a396f281-3186-11ec-bf2d-f20b812c0662', 'a3978ec9-3186-11ec-bf2d-f20b812c0662', '部门领导审批', NULL, NULL, NULL, NULL, '2021-10-20 17:18:08.233', NULL, NULL, NULL, NULL, 50, NULL, '{\"formId\":\"1440945411354267648\",\"readOnly\":true,\"groupType\":\"DEPT_POST_LEADER\"}', NULL, '');
INSERT INTO `ACT_HI_TASKINST` VALUES ('d644f2b4-69e6-11ec-bb85-0235bf949cb9', 'flowLeave:9:7d23427c-69e6-11ec-bb85-0235bf949cb9', 'Activity_1tb8jka', 'd6423389-69e6-11ec-bb85-0235bf949cb9', 'd642f6e1-69e6-11ec-bb85-0235bf949cb9', '请假申请', NULL, NULL, NULL, 'admin', '2021-12-31 11:07:49.988', NULL, '2021-12-31 11:07:50.042', 54, NULL, 50, NULL, '{\"formId\":\"1440945411354267648\",\"readOnly\":false,\"groupType\":\"ASSIGNEE\"}', NULL, '');
INSERT INTO `ACT_HI_TASKINST` VALUES ('d64e68a3-69e6-11ec-bb85-0235bf949cb9', 'flowLeave:9:7d23427c-69e6-11ec-bb85-0235bf949cb9', 'Activity_11jr0px', 'd6423389-69e6-11ec-bb85-0235bf949cb9', 'd642f6e1-69e6-11ec-bb85-0235bf949cb9', '部门领导审批', NULL, NULL, NULL, NULL, '2021-12-31 11:07:50.050', NULL, NULL, NULL, NULL, 50, NULL, '{\"formId\":\"1440945411354267648\",\"readOnly\":true,\"groupType\":\"DEPT_POST_LEADER\"}', NULL, '');
INSERT INTO `ACT_HI_TASKINST` VALUES ('dc104168-69e6-11ec-bb85-0235bf949cb9', 'flowSubmit:4:87e59faf-69e6-11ec-bb85-0235bf949cb9', 'Activity_1cs4bi5', 'dc101a4d-69e6-11ec-bb85-0235bf949cb9', 'dc101a55-69e6-11ec-bb85-0235bf949cb9', '报销申请', NULL, NULL, NULL, 'admin', '2021-12-31 11:07:59.709', NULL, '2021-12-31 11:07:59.736', 27, NULL, 50, NULL, '{\"formId\":\"1440947675041107968\",\"readOnly\":false,\"groupType\":\"ASSIGNEE\"}', NULL, '');
INSERT INTO `ACT_HI_TASKINST` VALUES ('dc14fc67-69e6-11ec-bb85-0235bf949cb9', 'flowSubmit:4:87e59faf-69e6-11ec-bb85-0235bf949cb9', 'Activity_04scn2o', 'dc101a4d-69e6-11ec-bb85-0235bf949cb9', 'dc101a55-69e6-11ec-bb85-0235bf949cb9', '部门领导审批', NULL, NULL, NULL, NULL, '2021-12-31 11:07:59.741', NULL, NULL, NULL, NULL, 50, NULL, '{\"formId\":\"1440947675041107968\",\"readOnly\":true,\"groupType\":\"DEPT_POST_LEADER\"}', NULL, '');
INSERT INTO `ACT_HI_TASKINST` VALUES ('e21516ac-69e6-11ec-bb85-0235bf949cb9', 'flowContract:4:9170b562-69e6-11ec-bb85-0235bf949cb9', 'Activity_0bciohf', 'e214ef91-69e6-11ec-bb85-0235bf949cb9', 'e214ef99-69e6-11ec-bb85-0235bf949cb9', '合同录入', NULL, NULL, NULL, 'admin', '2021-12-31 11:08:09.807', NULL, '2021-12-31 11:08:09.828', 21, NULL, 50, NULL, '{\"formId\":\"1440954920348946432\",\"readOnly\":false,\"groupType\":\"ASSIGNEE\"}', NULL, '');
INSERT INTO `ACT_HI_TASKINST` VALUES ('e219356b-69e6-11ec-bb85-0235bf949cb9', 'flowContract:4:9170b562-69e6-11ec-bb85-0235bf949cb9', 'Activity_053om99', 'e214ef91-69e6-11ec-bb85-0235bf949cb9', 'e214ef99-69e6-11ec-bb85-0235bf949cb9', '业务部领导审批', NULL, NULL, NULL, NULL, '2021-12-31 11:08:09.834', NULL, '2021-12-31 11:13:54.215', 344381, NULL, 50, NULL, '{\"formId\":\"1440954920348946432\",\"readOnly\":true,\"groupType\":\"DEPT_POST_LEADER\"}', NULL, '');
INSERT INTO `ACT_HI_TASKINST` VALUES ('ec6cccaf-3184-11ec-9f40-f20b812c0662', 'flowContract:2:7ce26a87-3184-11ec-9f40-f20b812c0662', 'Activity_0bciohf', 'ec6ca594-3184-11ec-9f40-f20b812c0662', 'ec6ca59c-3184-11ec-9f40-f20b812c0662', '合同录入', NULL, NULL, NULL, 'userD', '2021-10-20 17:05:51.364', NULL, '2021-10-20 17:05:51.380', 16, NULL, 50, NULL, '{\"formId\":\"1440954920348946432\",\"readOnly\":false,\"groupType\":\"DEPT\"}', NULL, '');
INSERT INTO `ACT_HI_TASKINST` VALUES ('ec70010e-3184-11ec-9f40-f20b812c0662', 'flowContract:2:7ce26a87-3184-11ec-9f40-f20b812c0662', 'Activity_053om99', 'ec6ca594-3184-11ec-9f40-f20b812c0662', 'ec6ca59c-3184-11ec-9f40-f20b812c0662', '业务部领导审批', NULL, NULL, NULL, 'leaderTJ', '2021-10-20 17:05:51.385', '2021-10-20 17:06:05.883', '2021-10-20 17:06:05.908', 14523, NULL, 50, NULL, '{\"formId\":\"1440954920348946432\",\"readOnly\":true,\"groupType\":\"DEPT_POST_LEADER\"}', NULL, '');
INSERT INTO `ACT_HI_TASKINST` VALUES ('f518f431-3184-11ec-9f40-f20b812c0662', 'flowContract:2:7ce26a87-3184-11ec-9f40-f20b812c0662', 'Activity_0z90ali', 'ec6ca594-3184-11ec-9f40-f20b812c0662', 'ec6ca59c-3184-11ec-9f40-f20b812c0662', '工程部审批', NULL, NULL, NULL, 'admin', '2021-10-20 17:06:05.914', NULL, '2021-10-20 17:06:27.183', 21269, NULL, 50, NULL, '{\"formId\":\"1440955194991972352\",\"readOnly\":true,\"groupType\":\"DEPT\"}', NULL, '');
INSERT INTO `ACT_HI_TASKINST` VALUES ('f518f433-3184-11ec-9f40-f20b812c0662', 'flowContract:2:7ce26a87-3184-11ec-9f40-f20b812c0662', 'Activity_17930aj', 'ec6ca594-3184-11ec-9f40-f20b812c0662', 'f518f42f-3184-11ec-9f40-f20b812c0662', '造价部审批', NULL, NULL, NULL, 'admin', '2021-10-20 17:06:05.914', '2021-10-20 17:06:20.858', '2021-10-20 17:06:20.901', 14987, NULL, 50, NULL, '{\"formId\":\"1440955194991972352\",\"readOnly\":true,\"groupType\":\"DEPT\"}', NULL, '');
COMMIT;

-- ----------------------------
-- Table structure for ACT_HI_VARINST
-- ----------------------------
DROP TABLE IF EXISTS `ACT_HI_VARINST`;
CREATE TABLE `ACT_HI_VARINST` (
  `ID_` varchar(64) CHARACTER SET utf8 COLLATE utf8_bin NOT NULL,
  `PROC_INST_ID_` varchar(64) CHARACTER SET utf8 COLLATE utf8_bin DEFAULT NULL,
  `EXECUTION_ID_` varchar(64) CHARACTER SET utf8 COLLATE utf8_bin DEFAULT NULL,
  `TASK_ID_` varchar(64) CHARACTER SET utf8 COLLATE utf8_bin DEFAULT NULL,
  `NAME_` varchar(255) CHARACTER SET utf8 COLLATE utf8_bin NOT NULL,
  `VAR_TYPE_` varchar(100) CHARACTER SET utf8 COLLATE utf8_bin DEFAULT NULL,
  `REV_` int DEFAULT NULL,
  `BYTEARRAY_ID_` varchar(64) CHARACTER SET utf8 COLLATE utf8_bin DEFAULT NULL,
  `DOUBLE_` double DEFAULT NULL,
  `LONG_` bigint DEFAULT NULL,
  `TEXT_` varchar(4000) CHARACTER SET utf8 COLLATE utf8_bin DEFAULT NULL,
  `TEXT2_` varchar(4000) CHARACTER SET utf8 COLLATE utf8_bin DEFAULT NULL,
  `CREATE_TIME_` datetime(3) DEFAULT NULL,
  `LAST_UPDATED_TIME_` datetime(3) DEFAULT NULL,
  PRIMARY KEY (`ID_`),
  KEY `ACT_IDX_HI_PROCVAR_PROC_INST` (`PROC_INST_ID_`),
  KEY `ACT_IDX_HI_PROCVAR_NAME_TYPE` (`NAME_`,`VAR_TYPE_`),
  KEY `ACT_IDX_HI_PROCVAR_TASK_ID` (`TASK_ID_`)
) ENGINE=InnoDB DEFAULT CHARSET=utf8mb3 COLLATE=utf8_bin;

-- ----------------------------
-- Records of ACT_HI_VARINST
-- ----------------------------
BEGIN;
INSERT INTO `ACT_HI_VARINST` VALUES ('01c79124-3185-11ec-9f40-f20b812c0662', 'ec6ca594-3184-11ec-9f40-f20b812c0662', 'ec6ca59c-3184-11ec-9f40-f20b812c0662', '01c79123-3185-11ec-9f40-f20b812c0662', 'startUserName', 'string', 0, NULL, NULL, NULL, 'userD', NULL, '2021-10-20 17:06:27.191', '2021-10-20 17:06:27.191');
INSERT INTO `ACT_HI_VARINST` VALUES ('01c7b836-3185-11ec-9f40-f20b812c0662', 'ec6ca594-3184-11ec-9f40-f20b812c0662', 'ec6ca59c-3184-11ec-9f40-f20b812c0662', '01c79123-3185-11ec-9f40-f20b812c0662', 'initiator', 'string', 0, NULL, NULL, NULL, 'userD', NULL, '2021-10-20 17:06:27.192', '2021-10-20 17:06:27.192');
INSERT INTO `ACT_HI_VARINST` VALUES ('01c7b838-3185-11ec-9f40-f20b812c0662', 'ec6ca594-3184-11ec-9f40-f20b812c0662', 'ec6ca59c-3184-11ec-9f40-f20b812c0662', '01c79123-3185-11ec-9f40-f20b812c0662', 'operationType', 'string', 1, NULL, NULL, NULL, 'agree', NULL, '2021-10-20 17:06:27.192', '2021-10-20 17:07:49.543');
INSERT INTO `ACT_HI_VARINST` VALUES ('01c7b83a-3185-11ec-9f40-f20b812c0662', 'ec6ca594-3184-11ec-9f40-f20b812c0662', 'ec6ca59c-3184-11ec-9f40-f20b812c0662', '01c79123-3185-11ec-9f40-f20b812c0662', 'deptPostLeader', 'string', 0, NULL, NULL, NULL, '1440964519391137792', NULL, '2021-10-20 17:06:27.192', '2021-10-20 17:06:27.192');
INSERT INTO `ACT_HI_VARINST` VALUES ('04b2aec7-317b-11ec-9438-f20b812c0662', '04b2aec5-317b-11ec-9438-f20b812c0662', '04b2aec5-317b-11ec-9438-f20b812c0662', NULL, 'startUserName', 'string', 2, NULL, NULL, NULL, 'userD', NULL, '2021-10-20 15:54:57.120', '2021-10-20 15:55:28.467');
INSERT INTO `ACT_HI_VARINST` VALUES ('04b2aec9-317b-11ec-9438-f20b812c0662', '04b2aec5-317b-11ec-9438-f20b812c0662', '04b2aec5-317b-11ec-9438-f20b812c0662', NULL, 'initiator', 'string', 2, NULL, NULL, NULL, 'userD', NULL, '2021-10-20 15:54:57.120', '2021-10-20 15:55:28.468');
INSERT INTO `ACT_HI_VARINST` VALUES ('04b2d5df-317b-11ec-9438-f20b812c0662', '04b2aec5-317b-11ec-9438-f20b812c0662', '04b2aecb-317b-11ec-9438-f20b812c0662', '04b2d5de-317b-11ec-9438-f20b812c0662', 'startUserName', 'string', 0, NULL, NULL, NULL, 'userD', NULL, '2021-10-20 15:54:57.121', '2021-10-20 15:54:57.121');
INSERT INTO `ACT_HI_VARINST` VALUES ('04b2fcf1-317b-11ec-9438-f20b812c0662', '04b2aec5-317b-11ec-9438-f20b812c0662', '04b2aecb-317b-11ec-9438-f20b812c0662', '04b2d5de-317b-11ec-9438-f20b812c0662', 'initiator', 'string', 0, NULL, NULL, NULL, 'userD', NULL, '2021-10-20 15:54:57.122', '2021-10-20 15:54:57.122');
INSERT INTO `ACT_HI_VARINST` VALUES ('04b63143-317b-11ec-9438-f20b812c0662', '04b2aec5-317b-11ec-9438-f20b812c0662', '04b2aecb-317b-11ec-9438-f20b812c0662', '04b2d5de-317b-11ec-9438-f20b812c0662', 'operationType', 'string', 0, NULL, NULL, NULL, 'agree', NULL, '2021-10-20 15:54:57.143', '2021-10-20 15:54:57.143');
INSERT INTO `ACT_HI_VARINST` VALUES ('04b6f495-317b-11ec-9438-f20b812c0662', '04b2aec5-317b-11ec-9438-f20b812c0662', '04b2aec5-317b-11ec-9438-f20b812c0662', NULL, 'operationType', 'string', 1, NULL, NULL, NULL, 'agree', NULL, '2021-10-20 15:54:57.148', '2021-10-20 15:55:28.467');
INSERT INTO `ACT_HI_VARINST` VALUES ('04b769cb-317b-11ec-9438-f20b812c0662', '04b2aec5-317b-11ec-9438-f20b812c0662', '04b2aecb-317b-11ec-9438-f20b812c0662', '04b742ba-317b-11ec-9438-f20b812c0662', 'startUserName', 'string', 0, NULL, NULL, NULL, 'userD', NULL, '2021-10-20 15:54:57.151', '2021-10-20 15:54:57.151');
INSERT INTO `ACT_HI_VARINST` VALUES ('04b769cd-317b-11ec-9438-f20b812c0662', '04b2aec5-317b-11ec-9438-f20b812c0662', '04b2aecb-317b-11ec-9438-f20b812c0662', '04b742ba-317b-11ec-9438-f20b812c0662', 'initiator', 'string', 0, NULL, NULL, NULL, 'userD', NULL, '2021-10-20 15:54:57.151', '2021-10-20 15:54:57.151');
INSERT INTO `ACT_HI_VARINST` VALUES ('04b769cf-317b-11ec-9438-f20b812c0662', '04b2aec5-317b-11ec-9438-f20b812c0662', '04b2aecb-317b-11ec-9438-f20b812c0662', '04b742ba-317b-11ec-9438-f20b812c0662', 'operationType', 'string', 1, NULL, NULL, NULL, 'agree', NULL, '2021-10-20 15:54:57.151', '2021-10-20 15:55:28.460');
INSERT INTO `ACT_HI_VARINST` VALUES ('190058ec-3184-11ec-ad5a-f20b812c0662', '190031da-3184-11ec-ad5a-f20b812c0662', '190031da-3184-11ec-ad5a-f20b812c0662', NULL, 'startUserName', 'string', 3, NULL, NULL, NULL, 'userD', NULL, '2021-10-20 16:59:56.654', '2021-10-20 17:00:40.564');
INSERT INTO `ACT_HI_VARINST` VALUES ('190058ee-3184-11ec-ad5a-f20b812c0662', '190031da-3184-11ec-ad5a-f20b812c0662', '190031da-3184-11ec-ad5a-f20b812c0662', NULL, 'deptPostLeader', 'string', 3, NULL, NULL, NULL, '1440969551792574464', NULL, '2021-10-20 16:59:56.654', '2021-10-20 17:00:40.563');
INSERT INTO `ACT_HI_VARINST` VALUES ('190058f0-3184-11ec-ad5a-f20b812c0662', '190031da-3184-11ec-ad5a-f20b812c0662', '190031da-3184-11ec-ad5a-f20b812c0662', NULL, 'initiator', 'string', 3, NULL, NULL, NULL, 'userD', NULL, '2021-10-20 16:59:56.654', '2021-10-20 17:00:40.564');
INSERT INTO `ACT_HI_VARINST` VALUES ('1900a716-3184-11ec-ad5a-f20b812c0662', '190031da-3184-11ec-ad5a-f20b812c0662', '190058f2-3184-11ec-ad5a-f20b812c0662', '19008005-3184-11ec-ad5a-f20b812c0662', 'startUserName', 'string', 0, NULL, NULL, NULL, 'userD', NULL, '2021-10-20 16:59:56.656', '2021-10-20 16:59:56.656');
INSERT INTO `ACT_HI_VARINST` VALUES ('1900a718-3184-11ec-ad5a-f20b812c0662', '190031da-3184-11ec-ad5a-f20b812c0662', '190058f2-3184-11ec-ad5a-f20b812c0662', '19008005-3184-11ec-ad5a-f20b812c0662', 'initiator', 'string', 0, NULL, NULL, NULL, 'userD', NULL, '2021-10-20 16:59:56.656', '2021-10-20 16:59:56.656');
INSERT INTO `ACT_HI_VARINST` VALUES ('1900a71a-3184-11ec-ad5a-f20b812c0662', '190031da-3184-11ec-ad5a-f20b812c0662', '190058f2-3184-11ec-ad5a-f20b812c0662', '19008005-3184-11ec-ad5a-f20b812c0662', 'deptPostLeader', 'string', 1, NULL, NULL, NULL, '1440964519391137792', NULL, '2021-10-20 16:59:56.656', '2021-10-20 16:59:56.677');
INSERT INTO `ACT_HI_VARINST` VALUES ('1903b45c-3184-11ec-ad5a-f20b812c0662', '190031da-3184-11ec-ad5a-f20b812c0662', '190058f2-3184-11ec-ad5a-f20b812c0662', '19008005-3184-11ec-ad5a-f20b812c0662', 'operationType', 'string', 0, NULL, NULL, NULL, 'agree', NULL, '2021-10-20 16:59:56.676', '2021-10-20 16:59:56.676');
INSERT INTO `ACT_HI_VARINST` VALUES ('190477b0-3184-11ec-ad5a-f20b812c0662', '190031da-3184-11ec-ad5a-f20b812c0662', '190031da-3184-11ec-ad5a-f20b812c0662', NULL, 'operationType', 'string', 2, NULL, NULL, NULL, 'agree', NULL, '2021-10-20 16:59:56.681', '2021-10-20 17:00:40.563');
INSERT INTO `ACT_HI_VARINST` VALUES ('1904ece6-3184-11ec-ad5a-f20b812c0662', '190031da-3184-11ec-ad5a-f20b812c0662', '190058f2-3184-11ec-ad5a-f20b812c0662', '1904c5d5-3184-11ec-ad5a-f20b812c0662', 'startUserName', 'string', 0, NULL, NULL, NULL, 'userD', NULL, '2021-10-20 16:59:56.684', '2021-10-20 16:59:56.684');
INSERT INTO `ACT_HI_VARINST` VALUES ('1904ece8-3184-11ec-ad5a-f20b812c0662', '190031da-3184-11ec-ad5a-f20b812c0662', '190058f2-3184-11ec-ad5a-f20b812c0662', '1904c5d5-3184-11ec-ad5a-f20b812c0662', 'initiator', 'string', 0, NULL, NULL, NULL, 'userD', NULL, '2021-10-20 16:59:56.684', '2021-10-20 16:59:56.684');
INSERT INTO `ACT_HI_VARINST` VALUES ('1904ecea-3184-11ec-ad5a-f20b812c0662', '190031da-3184-11ec-ad5a-f20b812c0662', '190058f2-3184-11ec-ad5a-f20b812c0662', '1904c5d5-3184-11ec-ad5a-f20b812c0662', 'deptPostLeader', 'string', 1, NULL, NULL, NULL, '1440964519391137792', NULL, '2021-10-20 16:59:56.684', '2021-10-20 17:00:17.398');
INSERT INTO `ACT_HI_VARINST` VALUES ('1904ecec-3184-11ec-ad5a-f20b812c0662', '190031da-3184-11ec-ad5a-f20b812c0662', '190058f2-3184-11ec-ad5a-f20b812c0662', '1904c5d5-3184-11ec-ad5a-f20b812c0662', 'operationType', 'string', 1, NULL, NULL, NULL, 'agree', NULL, '2021-10-20 16:59:56.684', '2021-10-20 17:00:17.398');
INSERT INTO `ACT_HI_VARINST` VALUES ('255d7a80-3184-11ec-ad5a-f20b812c0662', '190031da-3184-11ec-ad5a-f20b812c0662', '190058f2-3184-11ec-ad5a-f20b812c0662', '1904c5d5-3184-11ec-ad5a-f20b812c0662', 'totalAmount', 'integer', 0, NULL, NULL, 1200, '1200', NULL, '2021-10-20 17:00:17.397', '2021-10-20 17:00:17.397');
INSERT INTO `ACT_HI_VARINST` VALUES ('255e3dd4-3184-11ec-ad5a-f20b812c0662', '190031da-3184-11ec-ad5a-f20b812c0662', '190031da-3184-11ec-ad5a-f20b812c0662', NULL, 'totalAmount', 'integer', 1, NULL, NULL, 1200, '1200', NULL, '2021-10-20 17:00:17.402', '2021-10-20 17:00:40.562');
INSERT INTO `ACT_HI_VARINST` VALUES ('255f765d-3184-11ec-ad5a-f20b812c0662', '190031da-3184-11ec-ad5a-f20b812c0662', '190058f2-3184-11ec-ad5a-f20b812c0662', '255f765c-3184-11ec-ad5a-f20b812c0662', 'totalAmount', 'integer', 0, NULL, NULL, 1200, '1200', NULL, '2021-10-20 17:00:17.410', '2021-10-20 17:00:17.410');
INSERT INTO `ACT_HI_VARINST` VALUES ('255f765f-3184-11ec-ad5a-f20b812c0662', '190031da-3184-11ec-ad5a-f20b812c0662', '190058f2-3184-11ec-ad5a-f20b812c0662', '255f765c-3184-11ec-ad5a-f20b812c0662', 'startUserName', 'string', 0, NULL, NULL, NULL, 'userD', NULL, '2021-10-20 17:00:17.410', '2021-10-20 17:00:17.410');
INSERT INTO `ACT_HI_VARINST` VALUES ('255f7661-3184-11ec-ad5a-f20b812c0662', '190031da-3184-11ec-ad5a-f20b812c0662', '190058f2-3184-11ec-ad5a-f20b812c0662', '255f765c-3184-11ec-ad5a-f20b812c0662', 'initiator', 'string', 0, NULL, NULL, NULL, 'userD', NULL, '2021-10-20 17:00:17.410', '2021-10-20 17:00:17.410');
INSERT INTO `ACT_HI_VARINST` VALUES ('255f7663-3184-11ec-ad5a-f20b812c0662', '190031da-3184-11ec-ad5a-f20b812c0662', '190058f2-3184-11ec-ad5a-f20b812c0662', '255f765c-3184-11ec-ad5a-f20b812c0662', 'operationType', 'string', 1, NULL, NULL, NULL, 'agree', NULL, '2021-10-20 17:00:17.410', '2021-10-20 17:00:40.554');
INSERT INTO `ACT_HI_VARINST` VALUES ('255f7665-3184-11ec-ad5a-f20b812c0662', '190031da-3184-11ec-ad5a-f20b812c0662', '190058f2-3184-11ec-ad5a-f20b812c0662', '255f765c-3184-11ec-ad5a-f20b812c0662', 'deptPostLeader', 'string', 1, NULL, NULL, NULL, '1440969551792574464', NULL, '2021-10-20 17:00:17.410', '2021-10-20 17:00:40.555');
INSERT INTO `ACT_HI_VARINST` VALUES ('32dedbc6-3185-11ec-9f40-f20b812c0662', 'ec6ca594-3184-11ec-9f40-f20b812c0662', 'ec6ca59c-3184-11ec-9f40-f20b812c0662', '32dedbc5-3185-11ec-9f40-f20b812c0662', 'startUserName', 'string', 0, NULL, NULL, NULL, 'userD', NULL, '2021-10-20 17:07:49.552', '2021-10-20 17:07:49.552');
INSERT INTO `ACT_HI_VARINST` VALUES ('32dedbc8-3185-11ec-9f40-f20b812c0662', 'ec6ca594-3184-11ec-9f40-f20b812c0662', 'ec6ca59c-3184-11ec-9f40-f20b812c0662', '32dedbc5-3185-11ec-9f40-f20b812c0662', 'initiator', 'string', 0, NULL, NULL, NULL, 'userD', NULL, '2021-10-20 17:07:49.552', '2021-10-20 17:07:49.552');
INSERT INTO `ACT_HI_VARINST` VALUES ('32dedbca-3185-11ec-9f40-f20b812c0662', 'ec6ca594-3184-11ec-9f40-f20b812c0662', 'ec6ca59c-3184-11ec-9f40-f20b812c0662', '32dedbc5-3185-11ec-9f40-f20b812c0662', 'operationType', 'string', 1, NULL, NULL, NULL, 'multi_sign', NULL, '2021-10-20 17:07:49.552', '2021-10-20 17:08:31.542');
INSERT INTO `ACT_HI_VARINST` VALUES ('32dedbcc-3185-11ec-9f40-f20b812c0662', 'ec6ca594-3184-11ec-9f40-f20b812c0662', 'ec6ca59c-3184-11ec-9f40-f20b812c0662', '32dedbc5-3185-11ec-9f40-f20b812c0662', 'deptPostLeader', 'string', 0, NULL, NULL, NULL, '1440964519391137792', NULL, '2021-10-20 17:07:49.552', '2021-10-20 17:07:49.552');
INSERT INTO `ACT_HI_VARINST` VALUES ('4be4f4c0-3185-11ec-9f40-f20b812c0662', 'ec6ca594-3184-11ec-9f40-f20b812c0662', 'ec6ca59c-3184-11ec-9f40-f20b812c0662', '32dedbc5-3185-11ec-9f40-f20b812c0662', 'multiRefuseCount', 'integer', 0, NULL, NULL, 0, '0', NULL, '2021-10-20 17:08:31.535', '2021-10-20 17:08:31.535');
INSERT INTO `ACT_HI_VARINST` VALUES ('4be5b812-3185-11ec-9f40-f20b812c0662', 'ec6ca594-3184-11ec-9f40-f20b812c0662', 'ec6ca59c-3184-11ec-9f40-f20b812c0662', '32dedbc5-3185-11ec-9f40-f20b812c0662', 'assigneeList', 'json', 0, NULL, NULL, NULL, '[\"admin\",\"userD\"]', 'com.alibaba.fastjson.JSONArray', '2021-10-20 17:08:31.540', '2021-10-20 17:08:31.540');
INSERT INTO `ACT_HI_VARINST` VALUES ('4be5b814-3185-11ec-9f40-f20b812c0662', 'ec6ca594-3184-11ec-9f40-f20b812c0662', 'ec6ca59c-3184-11ec-9f40-f20b812c0662', '32dedbc5-3185-11ec-9f40-f20b812c0662', 'multiAbstainCount', 'integer', 0, NULL, NULL, 0, '0', NULL, '2021-10-20 17:08:31.540', '2021-10-20 17:08:31.540');
INSERT INTO `ACT_HI_VARINST` VALUES ('4be60637-3185-11ec-9f40-f20b812c0662', 'ec6ca594-3184-11ec-9f40-f20b812c0662', 'ec6ca59c-3184-11ec-9f40-f20b812c0662', '32dedbc5-3185-11ec-9f40-f20b812c0662', 'multiSignStartTask', 'string', 0, NULL, NULL, NULL, '32dedbc5-3185-11ec-9f40-f20b812c0662', NULL, '2021-10-20 17:08:31.542', '2021-10-20 17:08:31.542');
INSERT INTO `ACT_HI_VARINST` VALUES ('4be60639-3185-11ec-9f40-f20b812c0662', 'ec6ca594-3184-11ec-9f40-f20b812c0662', 'ec6ca59c-3184-11ec-9f40-f20b812c0662', '32dedbc5-3185-11ec-9f40-f20b812c0662', 'multiAgreeCount', 'integer', 0, NULL, NULL, 0, '0', NULL, '2021-10-20 17:08:31.542', '2021-10-20 17:08:31.542');
INSERT INTO `ACT_HI_VARINST` VALUES ('4be6063b-3185-11ec-9f40-f20b812c0662', 'ec6ca594-3184-11ec-9f40-f20b812c0662', 'ec6ca59c-3184-11ec-9f40-f20b812c0662', '32dedbc5-3185-11ec-9f40-f20b812c0662', 'multiNumOfInstances', 'integer', 0, NULL, NULL, 0, '0', NULL, '2021-10-20 17:08:31.542', '2021-10-20 17:08:31.542');
INSERT INTO `ACT_HI_VARINST` VALUES ('4be6c98d-3185-11ec-9f40-f20b812c0662', 'ec6ca594-3184-11ec-9f40-f20b812c0662', 'ec6ca594-3184-11ec-9f40-f20b812c0662', NULL, 'multiRefuseCount', 'integer', 3, NULL, NULL, 0, '0', NULL, '2021-10-20 17:08:31.547', '2021-10-20 17:09:53.020');
INSERT INTO `ACT_HI_VARINST` VALUES ('4be6c98f-3185-11ec-9f40-f20b812c0662', 'ec6ca594-3184-11ec-9f40-f20b812c0662', 'ec6ca594-3184-11ec-9f40-f20b812c0662', NULL, 'assigneeList', 'json', 3, NULL, NULL, NULL, '[\"admin\",\"userD\"]', 'java.util.LinkedList', '2021-10-20 17:08:31.547', '2021-10-20 17:09:53.021');
INSERT INTO `ACT_HI_VARINST` VALUES ('4be6f0a3-3185-11ec-9f40-f20b812c0662', 'ec6ca594-3184-11ec-9f40-f20b812c0662', 'ec6ca594-3184-11ec-9f40-f20b812c0662', NULL, 'multiAbstainCount', 'integer', 3, NULL, NULL, 0, '0', NULL, '2021-10-20 17:08:31.548', '2021-10-20 17:09:53.022');
INSERT INTO `ACT_HI_VARINST` VALUES ('4be717b7-3185-11ec-9f40-f20b812c0662', 'ec6ca594-3184-11ec-9f40-f20b812c0662', 'ec6ca594-3184-11ec-9f40-f20b812c0662', NULL, 'multiSignStartTask', 'string', 3, NULL, NULL, NULL, '32dedbc5-3185-11ec-9f40-f20b812c0662', NULL, '2021-10-20 17:08:31.549', '2021-10-20 17:09:53.023');
INSERT INTO `ACT_HI_VARINST` VALUES ('4be717b9-3185-11ec-9f40-f20b812c0662', 'ec6ca594-3184-11ec-9f40-f20b812c0662', 'ec6ca594-3184-11ec-9f40-f20b812c0662', NULL, 'multiAgreeCount', 'integer', 3, NULL, NULL, 2, '2', NULL, '2021-10-20 17:08:31.549', '2021-10-20 17:09:53.025');
INSERT INTO `ACT_HI_VARINST` VALUES ('4be717bb-3185-11ec-9f40-f20b812c0662', 'ec6ca594-3184-11ec-9f40-f20b812c0662', 'ec6ca594-3184-11ec-9f40-f20b812c0662', NULL, 'multiNumOfInstances', 'integer', 3, NULL, NULL, 2, '2', NULL, '2021-10-20 17:08:31.549', '2021-10-20 17:09:53.023');
INSERT INTO `ACT_HI_VARINST` VALUES ('4be73ecd-3185-11ec-9f40-f20b812c0662', 'ec6ca594-3184-11ec-9f40-f20b812c0662', 'ec6ca59c-3184-11ec-9f40-f20b812c0662', NULL, 'nrOfInstances', 'integer', 0, NULL, NULL, 2, '2', NULL, '2021-10-20 17:08:31.550', '2021-10-20 17:08:31.550');
INSERT INTO `ACT_HI_VARINST` VALUES ('4be73ecf-3185-11ec-9f40-f20b812c0662', 'ec6ca594-3184-11ec-9f40-f20b812c0662', 'ec6ca59c-3184-11ec-9f40-f20b812c0662', NULL, 'nrOfCompletedInstances', 'integer', 2, NULL, NULL, 2, '2', NULL, '2021-10-20 17:08:31.550', '2021-10-20 17:09:07.160');
INSERT INTO `ACT_HI_VARINST` VALUES ('4be73ed1-3185-11ec-9f40-f20b812c0662', 'ec6ca594-3184-11ec-9f40-f20b812c0662', 'ec6ca59c-3184-11ec-9f40-f20b812c0662', NULL, 'nrOfActiveInstances', 'integer', 2, NULL, NULL, 0, '0', NULL, '2021-10-20 17:08:31.550', '2021-10-20 17:09:07.160');
INSERT INTO `ACT_HI_VARINST` VALUES ('4be765e5-3185-11ec-9f40-f20b812c0662', 'ec6ca594-3184-11ec-9f40-f20b812c0662', '4be765e3-3185-11ec-9f40-f20b812c0662', NULL, 'loopCounter', 'integer', 0, NULL, NULL, 0, '0', NULL, '2021-10-20 17:08:31.551', '2021-10-20 17:08:31.551');
INSERT INTO `ACT_HI_VARINST` VALUES ('4be765e7-3185-11ec-9f40-f20b812c0662', 'ec6ca594-3184-11ec-9f40-f20b812c0662', '4be765e3-3185-11ec-9f40-f20b812c0662', NULL, 'assignee', 'string', 0, NULL, NULL, NULL, 'admin', NULL, '2021-10-20 17:08:31.551', '2021-10-20 17:08:31.551');
INSERT INTO `ACT_HI_VARINST` VALUES ('4be78cf9-3185-11ec-9f40-f20b812c0662', 'ec6ca594-3184-11ec-9f40-f20b812c0662', '4be765e4-3185-11ec-9f40-f20b812c0662', NULL, 'loopCounter', 'integer', 0, NULL, NULL, 1, '1', NULL, '2021-10-20 17:08:31.552', '2021-10-20 17:08:31.552');
INSERT INTO `ACT_HI_VARINST` VALUES ('4be78cfb-3185-11ec-9f40-f20b812c0662', 'ec6ca594-3184-11ec-9f40-f20b812c0662', '4be765e4-3185-11ec-9f40-f20b812c0662', NULL, 'assignee', 'string', 0, NULL, NULL, NULL, 'userD', NULL, '2021-10-20 17:08:31.552', '2021-10-20 17:08:31.552');
INSERT INTO `ACT_HI_VARINST` VALUES ('4be7b311-3185-11ec-9f40-f20b812c0662', 'ec6ca594-3184-11ec-9f40-f20b812c0662', '4be765e4-3185-11ec-9f40-f20b812c0662', '4be78d00-3185-11ec-9f40-f20b812c0662', 'multiRefuseCount', 'integer', 1, NULL, NULL, 0, '0', NULL, '2021-10-20 17:08:31.553', '2021-10-20 17:08:47.901');
INSERT INTO `ACT_HI_VARINST` VALUES ('4be7b313-3185-11ec-9f40-f20b812c0662', 'ec6ca594-3184-11ec-9f40-f20b812c0662', '4be765e4-3185-11ec-9f40-f20b812c0662', '4be78d00-3185-11ec-9f40-f20b812c0662', 'nrOfActiveInstances', 'integer', 0, NULL, NULL, 2, '2', NULL, '2021-10-20 17:08:31.553', '2021-10-20 17:08:31.553');
INSERT INTO `ACT_HI_VARINST` VALUES ('4be7da25-3185-11ec-9f40-f20b812c0662', 'ec6ca594-3184-11ec-9f40-f20b812c0662', '4be765e4-3185-11ec-9f40-f20b812c0662', '4be78d00-3185-11ec-9f40-f20b812c0662', 'assigneeList', 'json', 0, NULL, NULL, NULL, '[\"admin\",\"userD\"]', 'java.util.LinkedList', '2021-10-20 17:08:31.554', '2021-10-20 17:08:31.554');
INSERT INTO `ACT_HI_VARINST` VALUES ('4be7da27-3185-11ec-9f40-f20b812c0662', 'ec6ca594-3184-11ec-9f40-f20b812c0662', '4be765e4-3185-11ec-9f40-f20b812c0662', '4be78d00-3185-11ec-9f40-f20b812c0662', 'initiator', 'string', 0, NULL, NULL, NULL, 'userD', NULL, '2021-10-20 17:08:31.554', '2021-10-20 17:08:31.554');
INSERT INTO `ACT_HI_VARINST` VALUES ('4be7da29-3185-11ec-9f40-f20b812c0662', 'ec6ca594-3184-11ec-9f40-f20b812c0662', '4be765e4-3185-11ec-9f40-f20b812c0662', '4be78d00-3185-11ec-9f40-f20b812c0662', 'multiAbstainCount', 'integer', 1, NULL, NULL, 0, '0', NULL, '2021-10-20 17:08:31.554', '2021-10-20 17:08:47.902');
INSERT INTO `ACT_HI_VARINST` VALUES ('4be7da2b-3185-11ec-9f40-f20b812c0662', 'ec6ca594-3184-11ec-9f40-f20b812c0662', '4be765e4-3185-11ec-9f40-f20b812c0662', '4be78d00-3185-11ec-9f40-f20b812c0662', 'loopCounter', 'integer', 0, NULL, NULL, 1, '1', NULL, '2021-10-20 17:08:31.554', '2021-10-20 17:08:31.554');
INSERT INTO `ACT_HI_VARINST` VALUES ('4be7da2d-3185-11ec-9f40-f20b812c0662', 'ec6ca594-3184-11ec-9f40-f20b812c0662', '4be765e4-3185-11ec-9f40-f20b812c0662', '4be78d00-3185-11ec-9f40-f20b812c0662', 'multiSignStartTask', 'string', 0, NULL, NULL, NULL, '32dedbc5-3185-11ec-9f40-f20b812c0662', NULL, '2021-10-20 17:08:31.554', '2021-10-20 17:08:31.554');
INSERT INTO `ACT_HI_VARINST` VALUES ('4be7da2f-3185-11ec-9f40-f20b812c0662', 'ec6ca594-3184-11ec-9f40-f20b812c0662', '4be765e4-3185-11ec-9f40-f20b812c0662', '4be78d00-3185-11ec-9f40-f20b812c0662', 'multiNumOfInstances', 'integer', 1, NULL, NULL, 2, '2', NULL, '2021-10-20 17:08:31.554', '2021-10-20 17:08:47.903');
INSERT INTO `ACT_HI_VARINST` VALUES ('4be7da31-3185-11ec-9f40-f20b812c0662', 'ec6ca594-3184-11ec-9f40-f20b812c0662', '4be765e4-3185-11ec-9f40-f20b812c0662', '4be78d00-3185-11ec-9f40-f20b812c0662', 'nrOfInstances', 'integer', 0, NULL, NULL, 2, '2', NULL, '2021-10-20 17:08:31.554', '2021-10-20 17:08:31.554');
INSERT INTO `ACT_HI_VARINST` VALUES ('4be7da33-3185-11ec-9f40-f20b812c0662', 'ec6ca594-3184-11ec-9f40-f20b812c0662', '4be765e4-3185-11ec-9f40-f20b812c0662', '4be78d00-3185-11ec-9f40-f20b812c0662', 'startUserName', 'string', 0, NULL, NULL, NULL, 'userD', NULL, '2021-10-20 17:08:31.554', '2021-10-20 17:08:31.554');
INSERT INTO `ACT_HI_VARINST` VALUES ('4be7da35-3185-11ec-9f40-f20b812c0662', 'ec6ca594-3184-11ec-9f40-f20b812c0662', '4be765e4-3185-11ec-9f40-f20b812c0662', '4be78d00-3185-11ec-9f40-f20b812c0662', 'operationType', 'string', 1, NULL, NULL, NULL, 'multi_agree', NULL, '2021-10-20 17:08:31.554', '2021-10-20 17:08:47.902');
INSERT INTO `ACT_HI_VARINST` VALUES ('4be7da37-3185-11ec-9f40-f20b812c0662', 'ec6ca594-3184-11ec-9f40-f20b812c0662', '4be765e4-3185-11ec-9f40-f20b812c0662', '4be78d00-3185-11ec-9f40-f20b812c0662', 'deptPostLeader', 'string', 0, NULL, NULL, NULL, '1440964519391137792', NULL, '2021-10-20 17:08:31.554', '2021-10-20 17:08:31.554');
INSERT INTO `ACT_HI_VARINST` VALUES ('4be7da39-3185-11ec-9f40-f20b812c0662', 'ec6ca594-3184-11ec-9f40-f20b812c0662', '4be765e4-3185-11ec-9f40-f20b812c0662', '4be78d00-3185-11ec-9f40-f20b812c0662', 'assignee', 'string', 0, NULL, NULL, NULL, 'userD', NULL, '2021-10-20 17:08:31.554', '2021-10-20 17:08:31.554');
INSERT INTO `ACT_HI_VARINST` VALUES ('4be7da3b-3185-11ec-9f40-f20b812c0662', 'ec6ca594-3184-11ec-9f40-f20b812c0662', '4be765e4-3185-11ec-9f40-f20b812c0662', '4be78d00-3185-11ec-9f40-f20b812c0662', 'multiAgreeCount', 'integer', 1, NULL, NULL, 1, '1', NULL, '2021-10-20 17:08:31.554', '2021-10-20 17:08:47.903');
INSERT INTO `ACT_HI_VARINST` VALUES ('4be7da3d-3185-11ec-9f40-f20b812c0662', 'ec6ca594-3184-11ec-9f40-f20b812c0662', '4be765e4-3185-11ec-9f40-f20b812c0662', '4be78d00-3185-11ec-9f40-f20b812c0662', 'nrOfCompletedInstances', 'integer', 0, NULL, NULL, 0, '0', NULL, '2021-10-20 17:08:31.554', '2021-10-20 17:08:31.554');
INSERT INTO `ACT_HI_VARINST` VALUES ('4be8285f-3185-11ec-9f40-f20b812c0662', 'ec6ca594-3184-11ec-9f40-f20b812c0662', '4be765e3-3185-11ec-9f40-f20b812c0662', '4be78cfe-3185-11ec-9f40-f20b812c0662', 'multiRefuseCount', 'integer', 1, NULL, NULL, 0, '0', NULL, '2021-10-20 17:08:31.556', '2021-10-20 17:09:07.148');
INSERT INTO `ACT_HI_VARINST` VALUES ('4be82861-3185-11ec-9f40-f20b812c0662', 'ec6ca594-3184-11ec-9f40-f20b812c0662', '4be765e3-3185-11ec-9f40-f20b812c0662', '4be78cfe-3185-11ec-9f40-f20b812c0662', 'nrOfActiveInstances', 'integer', 0, NULL, NULL, 2, '2', NULL, '2021-10-20 17:08:31.556', '2021-10-20 17:08:31.556');
INSERT INTO `ACT_HI_VARINST` VALUES ('4be82863-3185-11ec-9f40-f20b812c0662', 'ec6ca594-3184-11ec-9f40-f20b812c0662', '4be765e3-3185-11ec-9f40-f20b812c0662', '4be78cfe-3185-11ec-9f40-f20b812c0662', 'assigneeList', 'json', 0, NULL, NULL, NULL, '[\"admin\",\"userD\"]', 'java.util.LinkedList', '2021-10-20 17:08:31.556', '2021-10-20 17:08:31.556');
INSERT INTO `ACT_HI_VARINST` VALUES ('4be82865-3185-11ec-9f40-f20b812c0662', 'ec6ca594-3184-11ec-9f40-f20b812c0662', '4be765e3-3185-11ec-9f40-f20b812c0662', '4be78cfe-3185-11ec-9f40-f20b812c0662', 'initiator', 'string', 0, NULL, NULL, NULL, 'userD', NULL, '2021-10-20 17:08:31.556', '2021-10-20 17:08:31.556');
INSERT INTO `ACT_HI_VARINST` VALUES ('4be82867-3185-11ec-9f40-f20b812c0662', 'ec6ca594-3184-11ec-9f40-f20b812c0662', '4be765e3-3185-11ec-9f40-f20b812c0662', '4be78cfe-3185-11ec-9f40-f20b812c0662', 'multiAbstainCount', 'integer', 1, NULL, NULL, 0, '0', NULL, '2021-10-20 17:08:31.556', '2021-10-20 17:09:07.148');
INSERT INTO `ACT_HI_VARINST` VALUES ('4be82869-3185-11ec-9f40-f20b812c0662', 'ec6ca594-3184-11ec-9f40-f20b812c0662', '4be765e3-3185-11ec-9f40-f20b812c0662', '4be78cfe-3185-11ec-9f40-f20b812c0662', 'loopCounter', 'integer', 0, NULL, NULL, 0, '0', NULL, '2021-10-20 17:08:31.556', '2021-10-20 17:08:31.556');
INSERT INTO `ACT_HI_VARINST` VALUES ('4be8286b-3185-11ec-9f40-f20b812c0662', 'ec6ca594-3184-11ec-9f40-f20b812c0662', '4be765e3-3185-11ec-9f40-f20b812c0662', '4be78cfe-3185-11ec-9f40-f20b812c0662', 'multiSignStartTask', 'string', 0, NULL, NULL, NULL, '32dedbc5-3185-11ec-9f40-f20b812c0662', NULL, '2021-10-20 17:08:31.556', '2021-10-20 17:08:31.556');
INSERT INTO `ACT_HI_VARINST` VALUES ('4be8286d-3185-11ec-9f40-f20b812c0662', 'ec6ca594-3184-11ec-9f40-f20b812c0662', '4be765e3-3185-11ec-9f40-f20b812c0662', '4be78cfe-3185-11ec-9f40-f20b812c0662', 'multiNumOfInstances', 'integer', 1, NULL, NULL, 2, '2', NULL, '2021-10-20 17:08:31.556', '2021-10-20 17:09:07.150');
INSERT INTO `ACT_HI_VARINST` VALUES ('4be8286f-3185-11ec-9f40-f20b812c0662', 'ec6ca594-3184-11ec-9f40-f20b812c0662', '4be765e3-3185-11ec-9f40-f20b812c0662', '4be78cfe-3185-11ec-9f40-f20b812c0662', 'nrOfInstances', 'integer', 0, NULL, NULL, 2, '2', NULL, '2021-10-20 17:08:31.556', '2021-10-20 17:08:31.556');
INSERT INTO `ACT_HI_VARINST` VALUES ('4be84f81-3185-11ec-9f40-f20b812c0662', 'ec6ca594-3184-11ec-9f40-f20b812c0662', '4be765e3-3185-11ec-9f40-f20b812c0662', '4be78cfe-3185-11ec-9f40-f20b812c0662', 'startUserName', 'string', 0, NULL, NULL, NULL, 'userD', NULL, '2021-10-20 17:08:31.557', '2021-10-20 17:08:31.557');
INSERT INTO `ACT_HI_VARINST` VALUES ('4be84f83-3185-11ec-9f40-f20b812c0662', 'ec6ca594-3184-11ec-9f40-f20b812c0662', '4be765e3-3185-11ec-9f40-f20b812c0662', '4be78cfe-3185-11ec-9f40-f20b812c0662', 'operationType', 'string', 1, NULL, NULL, NULL, 'multi_agree', NULL, '2021-10-20 17:08:31.557', '2021-10-20 17:09:07.149');
INSERT INTO `ACT_HI_VARINST` VALUES ('4be84f85-3185-11ec-9f40-f20b812c0662', 'ec6ca594-3184-11ec-9f40-f20b812c0662', '4be765e3-3185-11ec-9f40-f20b812c0662', '4be78cfe-3185-11ec-9f40-f20b812c0662', 'deptPostLeader', 'string', 0, NULL, NULL, NULL, '1440964519391137792', NULL, '2021-10-20 17:08:31.557', '2021-10-20 17:08:31.557');
INSERT INTO `ACT_HI_VARINST` VALUES ('4be84f87-3185-11ec-9f40-f20b812c0662', 'ec6ca594-3184-11ec-9f40-f20b812c0662', '4be765e3-3185-11ec-9f40-f20b812c0662', '4be78cfe-3185-11ec-9f40-f20b812c0662', 'assignee', 'string', 0, NULL, NULL, NULL, 'admin', NULL, '2021-10-20 17:08:31.557', '2021-10-20 17:08:31.557');
INSERT INTO `ACT_HI_VARINST` VALUES ('4be84f89-3185-11ec-9f40-f20b812c0662', 'ec6ca594-3184-11ec-9f40-f20b812c0662', '4be765e3-3185-11ec-9f40-f20b812c0662', '4be78cfe-3185-11ec-9f40-f20b812c0662', 'multiAgreeCount', 'integer', 1, NULL, NULL, 2, '2', NULL, '2021-10-20 17:08:31.557', '2021-10-20 17:09:07.149');
INSERT INTO `ACT_HI_VARINST` VALUES ('4be84f8b-3185-11ec-9f40-f20b812c0662', 'ec6ca594-3184-11ec-9f40-f20b812c0662', '4be765e3-3185-11ec-9f40-f20b812c0662', '4be78cfe-3185-11ec-9f40-f20b812c0662', 'nrOfCompletedInstances', 'integer', 0, NULL, NULL, 0, '0', NULL, '2021-10-20 17:08:31.557', '2021-10-20 17:08:31.557');
INSERT INTO `ACT_HI_VARINST` VALUES ('55a76d93-3185-11ec-9f40-f20b812c0662', 'ec6ca594-3184-11ec-9f40-f20b812c0662', 'ec6ca594-3184-11ec-9f40-f20b812c0662', NULL, 'nrOfActiveInstances', 'integer', 2, NULL, NULL, 0, '0', NULL, '2021-10-20 17:08:47.909', '2021-10-20 17:09:53.020');
INSERT INTO `ACT_HI_VARINST` VALUES ('55a794a8-3185-11ec-9f40-f20b812c0662', 'ec6ca594-3184-11ec-9f40-f20b812c0662', 'ec6ca594-3184-11ec-9f40-f20b812c0662', NULL, 'loopCounter', 'integer', 2, NULL, NULL, 0, '0', NULL, '2021-10-20 17:08:47.910', '2021-10-20 17:09:53.022');
INSERT INTO `ACT_HI_VARINST` VALUES ('55a7bbbc-3185-11ec-9f40-f20b812c0662', 'ec6ca594-3184-11ec-9f40-f20b812c0662', 'ec6ca594-3184-11ec-9f40-f20b812c0662', NULL, 'nrOfInstances', 'integer', 2, NULL, NULL, 2, '2', NULL, '2021-10-20 17:08:47.911', '2021-10-20 17:09:53.023');
INSERT INTO `ACT_HI_VARINST` VALUES ('55a7e2d1-3185-11ec-9f40-f20b812c0662', 'ec6ca594-3184-11ec-9f40-f20b812c0662', 'ec6ca594-3184-11ec-9f40-f20b812c0662', NULL, 'assignee', 'string', 2, NULL, NULL, NULL, 'admin', NULL, '2021-10-20 17:08:47.912', '2021-10-20 17:09:53.025');
INSERT INTO `ACT_HI_VARINST` VALUES ('55a809e4-3185-11ec-9f40-f20b812c0662', 'ec6ca594-3184-11ec-9f40-f20b812c0662', 'ec6ca594-3184-11ec-9f40-f20b812c0662', NULL, 'nrOfCompletedInstances', 'integer', 2, NULL, NULL, 2, '2', NULL, '2021-10-20 17:08:47.913', '2021-10-20 17:09:53.026');
INSERT INTO `ACT_HI_VARINST` VALUES ('5b6bc99c-3183-11ec-ad5a-f20b812c0662', '5b6b546a-3183-11ec-ad5a-f20b812c0662', '5b6b546a-3183-11ec-ad5a-f20b812c0662', NULL, 'startUserName', 'string', 5, NULL, NULL, NULL, 'userD', NULL, '2021-10-20 16:54:38.591', '2021-10-20 16:57:52.365');
INSERT INTO `ACT_HI_VARINST` VALUES ('5b6c17be-3183-11ec-ad5a-f20b812c0662', '5b6b546a-3183-11ec-ad5a-f20b812c0662', '5b6b546a-3183-11ec-ad5a-f20b812c0662', NULL, 'deptPostLeader', 'string', 5, NULL, NULL, NULL, '1440964221780103168', NULL, '2021-10-20 16:54:38.593', '2021-10-20 16:57:52.365');
INSERT INTO `ACT_HI_VARINST` VALUES ('5b6c17c0-3183-11ec-ad5a-f20b812c0662', '5b6b546a-3183-11ec-ad5a-f20b812c0662', '5b6b546a-3183-11ec-ad5a-f20b812c0662', NULL, 'initiator', 'string', 5, NULL, NULL, NULL, 'userD', NULL, '2021-10-20 16:54:38.593', '2021-10-20 16:57:52.366');
INSERT INTO `ACT_HI_VARINST` VALUES ('5b6efdf6-3183-11ec-ad5a-f20b812c0662', '5b6b546a-3183-11ec-ad5a-f20b812c0662', '5b6c3ed2-3183-11ec-ad5a-f20b812c0662', '5b6e61b5-3183-11ec-ad5a-f20b812c0662', 'startUserName', 'string', 0, NULL, NULL, NULL, 'userD', NULL, '2021-10-20 16:54:38.612', '2021-10-20 16:54:38.612');
INSERT INTO `ACT_HI_VARINST` VALUES ('5b6efdf8-3183-11ec-ad5a-f20b812c0662', '5b6b546a-3183-11ec-ad5a-f20b812c0662', '5b6c3ed2-3183-11ec-ad5a-f20b812c0662', '5b6e61b5-3183-11ec-ad5a-f20b812c0662', 'initiator', 'string', 0, NULL, NULL, NULL, 'userD', NULL, '2021-10-20 16:54:38.612', '2021-10-20 16:54:38.612');
INSERT INTO `ACT_HI_VARINST` VALUES ('5b6efdfa-3183-11ec-ad5a-f20b812c0662', '5b6b546a-3183-11ec-ad5a-f20b812c0662', '5b6c3ed2-3183-11ec-ad5a-f20b812c0662', '5b6e61b5-3183-11ec-ad5a-f20b812c0662', 'deptPostLeader', 'string', 1, NULL, NULL, NULL, '1440964519391137792', NULL, '2021-10-20 16:54:38.612', '2021-10-20 16:54:44.779');
INSERT INTO `ACT_HI_VARINST` VALUES ('5f1bd95c-3183-11ec-ad5a-f20b812c0662', '5b6b546a-3183-11ec-ad5a-f20b812c0662', '5b6c3ed2-3183-11ec-ad5a-f20b812c0662', '5b6e61b5-3183-11ec-ad5a-f20b812c0662', 'operationType', 'string', 0, NULL, NULL, NULL, 'agree', NULL, '2021-10-20 16:54:44.778', '2021-10-20 16:54:44.778');
INSERT INTO `ACT_HI_VARINST` VALUES ('5f1e7170-3183-11ec-ad5a-f20b812c0662', '5b6b546a-3183-11ec-ad5a-f20b812c0662', '5b6b546a-3183-11ec-ad5a-f20b812c0662', NULL, 'operationType', 'string', 4, NULL, NULL, NULL, 'agree', NULL, '2021-10-20 16:54:44.795', '2021-10-20 16:57:52.365');
INSERT INTO `ACT_HI_VARINST` VALUES ('5f1f0db6-3183-11ec-ad5a-f20b812c0662', '5b6b546a-3183-11ec-ad5a-f20b812c0662', '5b6c3ed2-3183-11ec-ad5a-f20b812c0662', '5f1ee6a5-3183-11ec-ad5a-f20b812c0662', 'startUserName', 'string', 0, NULL, NULL, NULL, 'userD', NULL, '2021-10-20 16:54:44.799', '2021-10-20 16:54:44.799');
INSERT INTO `ACT_HI_VARINST` VALUES ('5f1f0db8-3183-11ec-ad5a-f20b812c0662', '5b6b546a-3183-11ec-ad5a-f20b812c0662', '5b6c3ed2-3183-11ec-ad5a-f20b812c0662', '5f1ee6a5-3183-11ec-ad5a-f20b812c0662', 'initiator', 'string', 0, NULL, NULL, NULL, 'userD', NULL, '2021-10-20 16:54:44.799', '2021-10-20 16:54:44.799');
INSERT INTO `ACT_HI_VARINST` VALUES ('5f1f0dba-3183-11ec-ad5a-f20b812c0662', '5b6b546a-3183-11ec-ad5a-f20b812c0662', '5b6c3ed2-3183-11ec-ad5a-f20b812c0662', '5f1ee6a5-3183-11ec-ad5a-f20b812c0662', 'deptPostLeader', 'string', 1, NULL, NULL, NULL, '1440964519391137792', NULL, '2021-10-20 16:54:44.799', '2021-10-20 16:55:59.266');
INSERT INTO `ACT_HI_VARINST` VALUES ('5f1f0dbc-3183-11ec-ad5a-f20b812c0662', '5b6b546a-3183-11ec-ad5a-f20b812c0662', '5b6c3ed2-3183-11ec-ad5a-f20b812c0662', '5f1ee6a5-3183-11ec-ad5a-f20b812c0662', 'operationType', 'string', 1, NULL, NULL, NULL, 'refuse', NULL, '2021-10-20 16:54:44.799', '2021-10-20 16:55:59.265');
INSERT INTO `ACT_HI_VARINST` VALUES ('61221e71-3185-11ec-9f40-f20b812c0662', 'ec6ca594-3184-11ec-9f40-f20b812c0662', 'ec6ca59c-3184-11ec-9f40-f20b812c0662', '6121f760-3185-11ec-9f40-f20b812c0662', 'multiRefuseCount', 'integer', 0, NULL, NULL, 0, '0', NULL, '2021-10-20 17:09:07.168', '2021-10-20 17:09:07.168');
INSERT INTO `ACT_HI_VARINST` VALUES ('61221e73-3185-11ec-9f40-f20b812c0662', 'ec6ca594-3184-11ec-9f40-f20b812c0662', 'ec6ca59c-3184-11ec-9f40-f20b812c0662', '6121f760-3185-11ec-9f40-f20b812c0662', 'nrOfActiveInstances', 'integer', 0, NULL, NULL, 0, '0', NULL, '2021-10-20 17:09:07.168', '2021-10-20 17:09:07.168');
INSERT INTO `ACT_HI_VARINST` VALUES ('61221e75-3185-11ec-9f40-f20b812c0662', 'ec6ca594-3184-11ec-9f40-f20b812c0662', 'ec6ca59c-3184-11ec-9f40-f20b812c0662', '6121f760-3185-11ec-9f40-f20b812c0662', 'assigneeList', 'json', 0, NULL, NULL, NULL, '[\"admin\",\"userD\"]', 'java.util.LinkedList', '2021-10-20 17:09:07.168', '2021-10-20 17:09:07.168');
INSERT INTO `ACT_HI_VARINST` VALUES ('61221e77-3185-11ec-9f40-f20b812c0662', 'ec6ca594-3184-11ec-9f40-f20b812c0662', 'ec6ca59c-3184-11ec-9f40-f20b812c0662', '6121f760-3185-11ec-9f40-f20b812c0662', 'initiator', 'string', 0, NULL, NULL, NULL, 'userD', NULL, '2021-10-20 17:09:07.168', '2021-10-20 17:09:07.168');
INSERT INTO `ACT_HI_VARINST` VALUES ('61221e79-3185-11ec-9f40-f20b812c0662', 'ec6ca594-3184-11ec-9f40-f20b812c0662', 'ec6ca59c-3184-11ec-9f40-f20b812c0662', '6121f760-3185-11ec-9f40-f20b812c0662', 'multiAbstainCount', 'integer', 0, NULL, NULL, 0, '0', NULL, '2021-10-20 17:09:07.168', '2021-10-20 17:09:07.168');
INSERT INTO `ACT_HI_VARINST` VALUES ('61221e7b-3185-11ec-9f40-f20b812c0662', 'ec6ca594-3184-11ec-9f40-f20b812c0662', 'ec6ca59c-3184-11ec-9f40-f20b812c0662', '6121f760-3185-11ec-9f40-f20b812c0662', 'loopCounter', 'integer', 0, NULL, NULL, 0, '0', NULL, '2021-10-20 17:09:07.168', '2021-10-20 17:09:07.168');
INSERT INTO `ACT_HI_VARINST` VALUES ('61221e7d-3185-11ec-9f40-f20b812c0662', 'ec6ca594-3184-11ec-9f40-f20b812c0662', 'ec6ca59c-3184-11ec-9f40-f20b812c0662', '6121f760-3185-11ec-9f40-f20b812c0662', 'multiSignStartTask', 'string', 0, NULL, NULL, NULL, '32dedbc5-3185-11ec-9f40-f20b812c0662', NULL, '2021-10-20 17:09:07.168', '2021-10-20 17:09:07.168');
INSERT INTO `ACT_HI_VARINST` VALUES ('61221e7f-3185-11ec-9f40-f20b812c0662', 'ec6ca594-3184-11ec-9f40-f20b812c0662', 'ec6ca59c-3184-11ec-9f40-f20b812c0662', '6121f760-3185-11ec-9f40-f20b812c0662', 'nrOfInstances', 'integer', 0, NULL, NULL, 2, '2', NULL, '2021-10-20 17:09:07.168', '2021-10-20 17:09:07.168');
INSERT INTO `ACT_HI_VARINST` VALUES ('61221e81-3185-11ec-9f40-f20b812c0662', 'ec6ca594-3184-11ec-9f40-f20b812c0662', 'ec6ca59c-3184-11ec-9f40-f20b812c0662', '6121f760-3185-11ec-9f40-f20b812c0662', 'multiNumOfInstances', 'integer', 0, NULL, NULL, 2, '2', NULL, '2021-10-20 17:09:07.168', '2021-10-20 17:09:07.168');
INSERT INTO `ACT_HI_VARINST` VALUES ('61221e83-3185-11ec-9f40-f20b812c0662', 'ec6ca594-3184-11ec-9f40-f20b812c0662', 'ec6ca59c-3184-11ec-9f40-f20b812c0662', '6121f760-3185-11ec-9f40-f20b812c0662', 'startUserName', 'string', 0, NULL, NULL, NULL, 'userD', NULL, '2021-10-20 17:09:07.168', '2021-10-20 17:09:07.168');
INSERT INTO `ACT_HI_VARINST` VALUES ('61221e85-3185-11ec-9f40-f20b812c0662', 'ec6ca594-3184-11ec-9f40-f20b812c0662', 'ec6ca59c-3184-11ec-9f40-f20b812c0662', '6121f760-3185-11ec-9f40-f20b812c0662', 'operationType', 'string', 1, NULL, NULL, NULL, 'agree', NULL, '2021-10-20 17:09:07.168', '2021-10-20 17:09:53.015');
INSERT INTO `ACT_HI_VARINST` VALUES ('61221e87-3185-11ec-9f40-f20b812c0662', 'ec6ca594-3184-11ec-9f40-f20b812c0662', 'ec6ca59c-3184-11ec-9f40-f20b812c0662', '6121f760-3185-11ec-9f40-f20b812c0662', 'deptPostLeader', 'string', 0, NULL, NULL, NULL, '1440964519391137792', NULL, '2021-10-20 17:09:07.168', '2021-10-20 17:09:07.168');
INSERT INTO `ACT_HI_VARINST` VALUES ('61221e89-3185-11ec-9f40-f20b812c0662', 'ec6ca594-3184-11ec-9f40-f20b812c0662', 'ec6ca59c-3184-11ec-9f40-f20b812c0662', '6121f760-3185-11ec-9f40-f20b812c0662', 'assignee', 'string', 0, NULL, NULL, NULL, 'admin', NULL, '2021-10-20 17:09:07.168', '2021-10-20 17:09:07.168');
INSERT INTO `ACT_HI_VARINST` VALUES ('61221e8b-3185-11ec-9f40-f20b812c0662', 'ec6ca594-3184-11ec-9f40-f20b812c0662', 'ec6ca59c-3184-11ec-9f40-f20b812c0662', '6121f760-3185-11ec-9f40-f20b812c0662', 'multiAgreeCount', 'integer', 0, NULL, NULL, 2, '2', NULL, '2021-10-20 17:09:07.168', '2021-10-20 17:09:07.168');
INSERT INTO `ACT_HI_VARINST` VALUES ('61221e8d-3185-11ec-9f40-f20b812c0662', 'ec6ca594-3184-11ec-9f40-f20b812c0662', 'ec6ca59c-3184-11ec-9f40-f20b812c0662', '6121f760-3185-11ec-9f40-f20b812c0662', 'nrOfCompletedInstances', 'integer', 0, NULL, NULL, 2, '2', NULL, '2021-10-20 17:09:07.168', '2021-10-20 17:09:07.168');
INSERT INTO `ACT_HI_VARINST` VALUES ('8b85c898-3183-11ec-ad5a-f20b812c0662', '5b6b546a-3183-11ec-ad5a-f20b812c0662', '5b6c3ed2-3183-11ec-ad5a-f20b812c0662', '8b85a187-3183-11ec-ad5a-f20b812c0662', 'startUserName', 'string', 0, NULL, NULL, NULL, 'userD', NULL, '2021-10-20 16:55:59.292', '2021-10-20 16:55:59.292');
INSERT INTO `ACT_HI_VARINST` VALUES ('8b85c89a-3183-11ec-ad5a-f20b812c0662', '5b6b546a-3183-11ec-ad5a-f20b812c0662', '5b6c3ed2-3183-11ec-ad5a-f20b812c0662', '8b85a187-3183-11ec-ad5a-f20b812c0662', 'initiator', 'string', 0, NULL, NULL, NULL, 'userD', NULL, '2021-10-20 16:55:59.292', '2021-10-20 16:55:59.292');
INSERT INTO `ACT_HI_VARINST` VALUES ('8b85c89c-3183-11ec-ad5a-f20b812c0662', '5b6b546a-3183-11ec-ad5a-f20b812c0662', '5b6c3ed2-3183-11ec-ad5a-f20b812c0662', '8b85a187-3183-11ec-ad5a-f20b812c0662', 'operationType', 'string', 1, NULL, NULL, NULL, 'agree', NULL, '2021-10-20 16:55:59.292', '2021-10-20 16:56:19.426');
INSERT INTO `ACT_HI_VARINST` VALUES ('8b85c89e-3183-11ec-ad5a-f20b812c0662', '5b6b546a-3183-11ec-ad5a-f20b812c0662', '5b6c3ed2-3183-11ec-ad5a-f20b812c0662', '8b85a187-3183-11ec-ad5a-f20b812c0662', 'deptPostLeader', 'string', 1, NULL, NULL, NULL, '1440964519391137792', NULL, '2021-10-20 16:55:59.292', '2021-10-20 16:56:19.427');
INSERT INTO `ACT_HI_VARINST` VALUES ('8de9028e-3182-11ec-a0b7-f20b812c0662', '8de8b46c-3182-11ec-a0b7-f20b812c0662', '8de8b46c-3182-11ec-a0b7-f20b812c0662', NULL, 'startUserName', 'string', 1, NULL, NULL, NULL, 'userD', NULL, '2021-10-20 16:48:53.801', '2021-10-20 16:49:17.584');
INSERT INTO `ACT_HI_VARINST` VALUES ('8de94fb0-3182-11ec-a0b7-f20b812c0662', '8de8b46c-3182-11ec-a0b7-f20b812c0662', '8de8b46c-3182-11ec-a0b7-f20b812c0662', NULL, 'deptPostLeader', 'string', 1, NULL, NULL, NULL, '1440964519391137792', NULL, '2021-10-20 16:48:53.804', '2021-10-20 16:49:17.583');
INSERT INTO `ACT_HI_VARINST` VALUES ('8de976c2-3182-11ec-a0b7-f20b812c0662', '8de8b46c-3182-11ec-a0b7-f20b812c0662', '8de8b46c-3182-11ec-a0b7-f20b812c0662', NULL, 'initiator', 'string', 1, NULL, NULL, NULL, 'userD', NULL, '2021-10-20 16:48:53.804', '2021-10-20 16:49:17.585');
INSERT INTO `ACT_HI_VARINST` VALUES ('8dec0ed8-3182-11ec-a0b7-f20b812c0662', '8de8b46c-3182-11ec-a0b7-f20b812c0662', '8de976c4-3182-11ec-a0b7-f20b812c0662', '8deb99a7-3182-11ec-a0b7-f20b812c0662', 'startUserName', 'string', 0, NULL, NULL, NULL, 'userD', NULL, '2021-10-20 16:48:53.822', '2021-10-20 16:48:53.822');
INSERT INTO `ACT_HI_VARINST` VALUES ('8dec35ea-3182-11ec-a0b7-f20b812c0662', '8de8b46c-3182-11ec-a0b7-f20b812c0662', '8de976c4-3182-11ec-a0b7-f20b812c0662', '8deb99a7-3182-11ec-a0b7-f20b812c0662', 'initiator', 'string', 0, NULL, NULL, NULL, 'userD', NULL, '2021-10-20 16:48:53.822', '2021-10-20 16:48:53.822');
INSERT INTO `ACT_HI_VARINST` VALUES ('8dec35ec-3182-11ec-a0b7-f20b812c0662', '8de8b46c-3182-11ec-a0b7-f20b812c0662', '8de976c4-3182-11ec-a0b7-f20b812c0662', '8deb99a7-3182-11ec-a0b7-f20b812c0662', 'deptPostLeader', 'string', 1, NULL, NULL, NULL, '1440964519391137792', NULL, '2021-10-20 16:48:53.822', '2021-10-20 16:49:17.565');
INSERT INTO `ACT_HI_VARINST` VALUES ('8edfd2ea-3184-11ec-9f40-f20b812c0662', '8edf84c8-3184-11ec-9f40-f20b812c0662', '8edf84c8-3184-11ec-9f40-f20b812c0662', NULL, 'startUserName', 'string', 3, NULL, NULL, NULL, 'userD', NULL, '2021-10-20 17:03:14.412', '2021-10-20 17:03:59.165');
INSERT INTO `ACT_HI_VARINST` VALUES ('8ee0481c-3184-11ec-9f40-f20b812c0662', '8edf84c8-3184-11ec-9f40-f20b812c0662', '8edf84c8-3184-11ec-9f40-f20b812c0662', NULL, 'deptPostLeader', 'string', 3, NULL, NULL, NULL, '1440964519391137792', NULL, '2021-10-20 17:03:14.415', '2021-10-20 17:03:59.164');
INSERT INTO `ACT_HI_VARINST` VALUES ('8ee0481e-3184-11ec-9f40-f20b812c0662', '8edf84c8-3184-11ec-9f40-f20b812c0662', '8edf84c8-3184-11ec-9f40-f20b812c0662', NULL, 'initiator', 'string', 3, NULL, NULL, NULL, 'userD', NULL, '2021-10-20 17:03:14.415', '2021-10-20 17:03:59.165');
INSERT INTO `ACT_HI_VARINST` VALUES ('8ee3ca94-3184-11ec-9f40-f20b812c0662', '8edf84c8-3184-11ec-9f40-f20b812c0662', '8ee06f30-3184-11ec-9f40-f20b812c0662', '8ee35563-3184-11ec-9f40-f20b812c0662', 'startUserName', 'string', 0, NULL, NULL, NULL, 'userD', NULL, '2021-10-20 17:03:14.438', '2021-10-20 17:03:14.438');
INSERT INTO `ACT_HI_VARINST` VALUES ('8ee3f1a6-3184-11ec-9f40-f20b812c0662', '8edf84c8-3184-11ec-9f40-f20b812c0662', '8ee06f30-3184-11ec-9f40-f20b812c0662', '8ee35563-3184-11ec-9f40-f20b812c0662', 'initiator', 'string', 0, NULL, NULL, NULL, 'userD', NULL, '2021-10-20 17:03:14.439', '2021-10-20 17:03:14.439');
INSERT INTO `ACT_HI_VARINST` VALUES ('8ee3f1a8-3184-11ec-9f40-f20b812c0662', '8edf84c8-3184-11ec-9f40-f20b812c0662', '8ee06f30-3184-11ec-9f40-f20b812c0662', '8ee35563-3184-11ec-9f40-f20b812c0662', 'deptPostLeader', 'string', 0, NULL, NULL, NULL, '1440964519391137792', NULL, '2021-10-20 17:03:14.439', '2021-10-20 17:03:14.439');
INSERT INTO `ACT_HI_VARINST` VALUES ('8ee948da-3184-11ec-9f40-f20b812c0662', '8edf84c8-3184-11ec-9f40-f20b812c0662', '8ee06f30-3184-11ec-9f40-f20b812c0662', '8ee35563-3184-11ec-9f40-f20b812c0662', 'operationType', 'string', 0, NULL, NULL, NULL, 'agree', NULL, '2021-10-20 17:03:14.475', '2021-10-20 17:03:14.475');
INSERT INTO `ACT_HI_VARINST` VALUES ('8eeb1d9d-3184-11ec-9f40-f20b812c0662', '8edf84c8-3184-11ec-9f40-f20b812c0662', '8edf84c8-3184-11ec-9f40-f20b812c0662', NULL, 'operationType', 'string', 2, NULL, NULL, NULL, 'agree', NULL, '2021-10-20 17:03:14.486', '2021-10-20 17:03:59.164');
INSERT INTO `ACT_HI_VARINST` VALUES ('8eebb9e3-3184-11ec-9f40-f20b812c0662', '8edf84c8-3184-11ec-9f40-f20b812c0662', '8ee06f30-3184-11ec-9f40-f20b812c0662', '8eeb92d2-3184-11ec-9f40-f20b812c0662', 'startUserName', 'string', 0, NULL, NULL, NULL, 'userD', NULL, '2021-10-20 17:03:14.490', '2021-10-20 17:03:14.490');
INSERT INTO `ACT_HI_VARINST` VALUES ('8eebb9e5-3184-11ec-9f40-f20b812c0662', '8edf84c8-3184-11ec-9f40-f20b812c0662', '8ee06f30-3184-11ec-9f40-f20b812c0662', '8eeb92d2-3184-11ec-9f40-f20b812c0662', 'initiator', 'string', 0, NULL, NULL, NULL, 'userD', NULL, '2021-10-20 17:03:14.490', '2021-10-20 17:03:14.490');
INSERT INTO `ACT_HI_VARINST` VALUES ('8eebb9e7-3184-11ec-9f40-f20b812c0662', '8edf84c8-3184-11ec-9f40-f20b812c0662', '8ee06f30-3184-11ec-9f40-f20b812c0662', '8eeb92d2-3184-11ec-9f40-f20b812c0662', 'deptPostLeader', 'string', 0, NULL, NULL, NULL, '1440964519391137792', NULL, '2021-10-20 17:03:14.490', '2021-10-20 17:03:14.490');
INSERT INTO `ACT_HI_VARINST` VALUES ('8eebb9e9-3184-11ec-9f40-f20b812c0662', '8edf84c8-3184-11ec-9f40-f20b812c0662', '8ee06f30-3184-11ec-9f40-f20b812c0662', '8eeb92d2-3184-11ec-9f40-f20b812c0662', 'operationType', 'string', 1, NULL, NULL, NULL, 'agree', NULL, '2021-10-20 17:03:14.490', '2021-10-20 17:03:35.199');
INSERT INTO `ACT_HI_VARINST` VALUES ('9787f8d8-3183-11ec-ad5a-f20b812c0662', '5b6b546a-3183-11ec-ad5a-f20b812c0662', '5b6c3ed2-3183-11ec-ad5a-f20b812c0662', '9787d1c7-3183-11ec-ad5a-f20b812c0662', 'startUserName', 'string', 0, NULL, NULL, NULL, 'userD', NULL, '2021-10-20 16:56:19.439', '2021-10-20 16:56:19.439');
INSERT INTO `ACT_HI_VARINST` VALUES ('9787f8da-3183-11ec-ad5a-f20b812c0662', '5b6b546a-3183-11ec-ad5a-f20b812c0662', '5b6c3ed2-3183-11ec-ad5a-f20b812c0662', '9787d1c7-3183-11ec-ad5a-f20b812c0662', 'initiator', 'string', 0, NULL, NULL, NULL, 'userD', NULL, '2021-10-20 16:56:19.439', '2021-10-20 16:56:19.439');
INSERT INTO `ACT_HI_VARINST` VALUES ('9787f8dc-3183-11ec-ad5a-f20b812c0662', '5b6b546a-3183-11ec-ad5a-f20b812c0662', '5b6c3ed2-3183-11ec-ad5a-f20b812c0662', '9787d1c7-3183-11ec-ad5a-f20b812c0662', 'operationType', 'string', 1, NULL, NULL, NULL, 'agree', NULL, '2021-10-20 16:56:19.439', '2021-10-20 16:56:36.163');
INSERT INTO `ACT_HI_VARINST` VALUES ('97881fee-3183-11ec-ad5a-f20b812c0662', '5b6b546a-3183-11ec-ad5a-f20b812c0662', '5b6c3ed2-3183-11ec-ad5a-f20b812c0662', '9787d1c7-3183-11ec-ad5a-f20b812c0662', 'deptPostLeader', 'string', 1, NULL, NULL, NULL, '1440964519391137792', NULL, '2021-10-20 16:56:19.440', '2021-10-20 16:56:36.163');
INSERT INTO `ACT_HI_VARINST` VALUES ('9b45f534-3184-11ec-9f40-f20b812c0662', '8edf84c8-3184-11ec-9f40-f20b812c0662', '8ee06f30-3184-11ec-9f40-f20b812c0662', '9b45ce23-3184-11ec-9f40-f20b812c0662', 'startUserName', 'string', 0, NULL, NULL, NULL, 'userD', NULL, '2021-10-20 17:03:35.214', '2021-10-20 17:03:35.214');
INSERT INTO `ACT_HI_VARINST` VALUES ('9b45f536-3184-11ec-9f40-f20b812c0662', '8edf84c8-3184-11ec-9f40-f20b812c0662', '8ee06f30-3184-11ec-9f40-f20b812c0662', '9b45ce23-3184-11ec-9f40-f20b812c0662', 'initiator', 'string', 0, NULL, NULL, NULL, 'userD', NULL, '2021-10-20 17:03:35.214', '2021-10-20 17:03:35.214');
INSERT INTO `ACT_HI_VARINST` VALUES ('9b45f538-3184-11ec-9f40-f20b812c0662', '8edf84c8-3184-11ec-9f40-f20b812c0662', '8ee06f30-3184-11ec-9f40-f20b812c0662', '9b45ce23-3184-11ec-9f40-f20b812c0662', 'deptPostLeader', 'string', 0, NULL, NULL, NULL, '1440964519391137792', NULL, '2021-10-20 17:03:35.214', '2021-10-20 17:03:35.214');
INSERT INTO `ACT_HI_VARINST` VALUES ('9b461c4a-3184-11ec-9f40-f20b812c0662', '8edf84c8-3184-11ec-9f40-f20b812c0662', '8ee06f30-3184-11ec-9f40-f20b812c0662', '9b45ce23-3184-11ec-9f40-f20b812c0662', 'operationType', 'string', 1, NULL, NULL, NULL, 'agree', NULL, '2021-10-20 17:03:35.215', '2021-10-20 17:03:59.158');
INSERT INTO `ACT_HI_VARINST` VALUES ('9c12a5ae-3182-11ec-a0b7-f20b812c0662', '8de8b46c-3182-11ec-a0b7-f20b812c0662', '8de976c4-3182-11ec-a0b7-f20b812c0662', '8deb99a7-3182-11ec-a0b7-f20b812c0662', 'operationType', 'string', 0, NULL, NULL, NULL, 'agree', NULL, '2021-10-20 16:49:17.562', '2021-10-20 16:49:17.562');
INSERT INTO `ACT_HI_VARINST` VALUES ('9c15da02-3182-11ec-a0b7-f20b812c0662', '8de8b46c-3182-11ec-a0b7-f20b812c0662', '8de8b46c-3182-11ec-a0b7-f20b812c0662', NULL, 'operationType', 'string', 0, NULL, NULL, NULL, 'agree', NULL, '2021-10-20 16:49:17.583', '2021-10-20 16:49:17.583');
INSERT INTO `ACT_HI_VARINST` VALUES ('9c169d58-3182-11ec-a0b7-f20b812c0662', '8de8b46c-3182-11ec-a0b7-f20b812c0662', '8de976c4-3182-11ec-a0b7-f20b812c0662', '9c164f37-3182-11ec-a0b7-f20b812c0662', 'startUserName', 'string', 0, NULL, NULL, NULL, 'userD', NULL, '2021-10-20 16:49:17.588', '2021-10-20 16:49:17.588');
INSERT INTO `ACT_HI_VARINST` VALUES ('9c169d5a-3182-11ec-a0b7-f20b812c0662', '8de8b46c-3182-11ec-a0b7-f20b812c0662', '8de976c4-3182-11ec-a0b7-f20b812c0662', '9c164f37-3182-11ec-a0b7-f20b812c0662', 'initiator', 'string', 0, NULL, NULL, NULL, 'userD', NULL, '2021-10-20 16:49:17.588', '2021-10-20 16:49:17.588');
INSERT INTO `ACT_HI_VARINST` VALUES ('9c169d5c-3182-11ec-a0b7-f20b812c0662', '8de8b46c-3182-11ec-a0b7-f20b812c0662', '8de976c4-3182-11ec-a0b7-f20b812c0662', '9c164f37-3182-11ec-a0b7-f20b812c0662', 'deptPostLeader', 'string', 0, NULL, NULL, NULL, '1440964519391137792', NULL, '2021-10-20 16:49:17.588', '2021-10-20 16:49:17.588');
INSERT INTO `ACT_HI_VARINST` VALUES ('9c169d5e-3182-11ec-a0b7-f20b812c0662', '8de8b46c-3182-11ec-a0b7-f20b812c0662', '8de976c4-3182-11ec-a0b7-f20b812c0662', '9c164f37-3182-11ec-a0b7-f20b812c0662', 'operationType', 'string', 0, NULL, NULL, NULL, 'agree', NULL, '2021-10-20 16:49:17.588', '2021-10-20 16:49:17.588');
INSERT INTO `ACT_HI_VARINST` VALUES ('a18112a9-3183-11ec-ad5a-f20b812c0662', '5b6b546a-3183-11ec-ad5a-f20b812c0662', '5b6c3ed2-3183-11ec-ad5a-f20b812c0662', 'a18112a8-3183-11ec-ad5a-f20b812c0662', 'startUserName', 'string', 0, NULL, NULL, NULL, 'userD', NULL, '2021-10-20 16:56:36.171', '2021-10-20 16:56:36.171');
INSERT INTO `ACT_HI_VARINST` VALUES ('a18112ab-3183-11ec-ad5a-f20b812c0662', '5b6b546a-3183-11ec-ad5a-f20b812c0662', '5b6c3ed2-3183-11ec-ad5a-f20b812c0662', 'a18112a8-3183-11ec-ad5a-f20b812c0662', 'initiator', 'string', 0, NULL, NULL, NULL, 'userD', NULL, '2021-10-20 16:56:36.171', '2021-10-20 16:56:36.171');
INSERT INTO `ACT_HI_VARINST` VALUES ('a18112ad-3183-11ec-ad5a-f20b812c0662', '5b6b546a-3183-11ec-ad5a-f20b812c0662', '5b6c3ed2-3183-11ec-ad5a-f20b812c0662', 'a18112a8-3183-11ec-ad5a-f20b812c0662', 'operationType', 'string', 1, NULL, NULL, NULL, 'agree', NULL, '2021-10-20 16:56:36.172', '2021-10-20 16:57:52.359');
INSERT INTO `ACT_HI_VARINST` VALUES ('a18139bf-3183-11ec-ad5a-f20b812c0662', '5b6b546a-3183-11ec-ad5a-f20b812c0662', '5b6c3ed2-3183-11ec-ad5a-f20b812c0662', 'a18112a8-3183-11ec-ad5a-f20b812c0662', 'deptPostLeader', 'string', 1, NULL, NULL, NULL, '1440964221780103168', NULL, '2021-10-20 16:56:36.172', '2021-10-20 16:57:52.360');
INSERT INTO `ACT_HI_VARINST` VALUES ('a3971993-3186-11ec-bf2d-f20b812c0662', 'a396f281-3186-11ec-bf2d-f20b812c0662', 'a396f281-3186-11ec-bf2d-f20b812c0662', NULL, 'startUserName', 'string', 1, NULL, NULL, NULL, 'userD', NULL, '2021-10-20 17:18:08.161', '2021-10-20 17:18:08.232');
INSERT INTO `ACT_HI_VARINST` VALUES ('a39767b5-3186-11ec-bf2d-f20b812c0662', 'a396f281-3186-11ec-bf2d-f20b812c0662', 'a396f281-3186-11ec-bf2d-f20b812c0662', NULL, 'deptPostLeader', 'string', 1, NULL, NULL, NULL, '1440964519391137792', NULL, '2021-10-20 17:18:08.163', '2021-10-20 17:18:08.230');
INSERT INTO `ACT_HI_VARINST` VALUES ('a39767b7-3186-11ec-bf2d-f20b812c0662', 'a396f281-3186-11ec-bf2d-f20b812c0662', 'a396f281-3186-11ec-bf2d-f20b812c0662', NULL, 'initiator', 'string', 1, NULL, NULL, NULL, 'userD', NULL, '2021-10-20 17:18:08.163', '2021-10-20 17:18:08.232');
INSERT INTO `ACT_HI_VARINST` VALUES ('a39a26dd-3186-11ec-bf2d-f20b812c0662', 'a396f281-3186-11ec-bf2d-f20b812c0662', 'a3978ec9-3186-11ec-bf2d-f20b812c0662', 'a399b1ac-3186-11ec-bf2d-f20b812c0662', 'startUserName', 'string', 0, NULL, NULL, NULL, 'userD', NULL, '2021-10-20 17:18:08.181', '2021-10-20 17:18:08.181');
INSERT INTO `ACT_HI_VARINST` VALUES ('a39a4def-3186-11ec-bf2d-f20b812c0662', 'a396f281-3186-11ec-bf2d-f20b812c0662', 'a3978ec9-3186-11ec-bf2d-f20b812c0662', 'a399b1ac-3186-11ec-bf2d-f20b812c0662', 'initiator', 'string', 0, NULL, NULL, NULL, 'userD', NULL, '2021-10-20 17:18:08.182', '2021-10-20 17:18:08.182');
INSERT INTO `ACT_HI_VARINST` VALUES ('a39a4df1-3186-11ec-bf2d-f20b812c0662', 'a396f281-3186-11ec-bf2d-f20b812c0662', 'a3978ec9-3186-11ec-bf2d-f20b812c0662', 'a399b1ac-3186-11ec-bf2d-f20b812c0662', 'deptPostLeader', 'string', 0, NULL, NULL, NULL, '1440964519391137792', NULL, '2021-10-20 17:18:08.182', '2021-10-20 17:18:08.182');
INSERT INTO `ACT_HI_VARINST` VALUES ('a3a04163-3186-11ec-bf2d-f20b812c0662', 'a396f281-3186-11ec-bf2d-f20b812c0662', 'a3978ec9-3186-11ec-bf2d-f20b812c0662', 'a399b1ac-3186-11ec-bf2d-f20b812c0662', 'operationType', 'string', 0, NULL, NULL, NULL, 'agree', NULL, '2021-10-20 17:18:08.222', '2021-10-20 17:18:08.222');
INSERT INTO `ACT_HI_VARINST` VALUES ('a3a1c806-3186-11ec-bf2d-f20b812c0662', 'a396f281-3186-11ec-bf2d-f20b812c0662', 'a396f281-3186-11ec-bf2d-f20b812c0662', NULL, 'operationType', 'string', 0, NULL, NULL, NULL, 'agree', NULL, '2021-10-20 17:18:08.231', '2021-10-20 17:18:08.231');
INSERT INTO `ACT_HI_VARINST` VALUES ('a3a23d3c-3186-11ec-bf2d-f20b812c0662', 'a396f281-3186-11ec-bf2d-f20b812c0662', 'a3978ec9-3186-11ec-bf2d-f20b812c0662', 'a3a2162b-3186-11ec-bf2d-f20b812c0662', 'startUserName', 'string', 0, NULL, NULL, NULL, 'userD', NULL, '2021-10-20 17:18:08.234', '2021-10-20 17:18:08.234');
INSERT INTO `ACT_HI_VARINST` VALUES ('a3a2644e-3186-11ec-bf2d-f20b812c0662', 'a396f281-3186-11ec-bf2d-f20b812c0662', 'a3978ec9-3186-11ec-bf2d-f20b812c0662', 'a3a2162b-3186-11ec-bf2d-f20b812c0662', 'initiator', 'string', 0, NULL, NULL, NULL, 'userD', NULL, '2021-10-20 17:18:08.235', '2021-10-20 17:18:08.235');
INSERT INTO `ACT_HI_VARINST` VALUES ('a3a26450-3186-11ec-bf2d-f20b812c0662', 'a396f281-3186-11ec-bf2d-f20b812c0662', 'a3978ec9-3186-11ec-bf2d-f20b812c0662', 'a3a2162b-3186-11ec-bf2d-f20b812c0662', 'deptPostLeader', 'string', 0, NULL, NULL, NULL, '1440964519391137792', NULL, '2021-10-20 17:18:08.235', '2021-10-20 17:18:08.235');
INSERT INTO `ACT_HI_VARINST` VALUES ('a3a26452-3186-11ec-bf2d-f20b812c0662', 'a396f281-3186-11ec-bf2d-f20b812c0662', 'a3978ec9-3186-11ec-bf2d-f20b812c0662', 'a3a2162b-3186-11ec-bf2d-f20b812c0662', 'operationType', 'string', 0, NULL, NULL, NULL, 'agree', NULL, '2021-10-20 17:18:08.235', '2021-10-20 17:18:08.235');
INSERT INTO `ACT_HI_VARINST` VALUES ('d64281ab-69e6-11ec-bb85-0235bf949cb9', 'd6423389-69e6-11ec-bb85-0235bf949cb9', 'd6423389-69e6-11ec-bb85-0235bf949cb9', NULL, 'startUserName', 'string', 1, NULL, NULL, NULL, 'admin', NULL, '2021-12-31 11:07:49.972', '2021-12-31 11:07:50.048');
INSERT INTO `ACT_HI_VARINST` VALUES ('d642cfcd-69e6-11ec-bb85-0235bf949cb9', 'd6423389-69e6-11ec-bb85-0235bf949cb9', 'd6423389-69e6-11ec-bb85-0235bf949cb9', NULL, 'deptPostLeader', 'string', 1, NULL, NULL, NULL, '1440969551792574464', NULL, '2021-12-31 11:07:49.974', '2021-12-31 11:07:50.046');
INSERT INTO `ACT_HI_VARINST` VALUES ('d642cfcf-69e6-11ec-bb85-0235bf949cb9', 'd6423389-69e6-11ec-bb85-0235bf949cb9', 'd6423389-69e6-11ec-bb85-0235bf949cb9', NULL, 'initiator', 'string', 1, NULL, NULL, NULL, 'admin', NULL, '2021-12-31 11:07:49.974', '2021-12-31 11:07:50.049');
INSERT INTO `ACT_HI_VARINST` VALUES ('d64567e5-69e6-11ec-bb85-0235bf949cb9', 'd6423389-69e6-11ec-bb85-0235bf949cb9', 'd642f6e1-69e6-11ec-bb85-0235bf949cb9', 'd644f2b4-69e6-11ec-bb85-0235bf949cb9', 'startUserName', 'string', 0, NULL, NULL, NULL, 'admin', NULL, '2021-12-31 11:07:49.992', '2021-12-31 11:07:49.992');
INSERT INTO `ACT_HI_VARINST` VALUES ('d6458ef7-69e6-11ec-bb85-0235bf949cb9', 'd6423389-69e6-11ec-bb85-0235bf949cb9', 'd642f6e1-69e6-11ec-bb85-0235bf949cb9', 'd644f2b4-69e6-11ec-bb85-0235bf949cb9', 'initiator', 'string', 0, NULL, NULL, NULL, 'admin', NULL, '2021-12-31 11:07:49.992', '2021-12-31 11:07:49.992');
INSERT INTO `ACT_HI_VARINST` VALUES ('d6458ef9-69e6-11ec-bb85-0235bf949cb9', 'd6423389-69e6-11ec-bb85-0235bf949cb9', 'd642f6e1-69e6-11ec-bb85-0235bf949cb9', 'd644f2b4-69e6-11ec-bb85-0235bf949cb9', 'deptPostLeader', 'string', 0, NULL, NULL, NULL, '1440969551792574464', NULL, '2021-12-31 11:07:49.992', '2021-12-31 11:07:49.992');
INSERT INTO `ACT_HI_VARINST` VALUES ('d64c45bb-69e6-11ec-bb85-0235bf949cb9', 'd6423389-69e6-11ec-bb85-0235bf949cb9', 'd642f6e1-69e6-11ec-bb85-0235bf949cb9', 'd644f2b4-69e6-11ec-bb85-0235bf949cb9', 'operationType', 'string', 0, NULL, NULL, NULL, 'agree', NULL, '2021-12-31 11:07:50.036', '2021-12-31 11:07:50.036');
INSERT INTO `ACT_HI_VARINST` VALUES ('d64df36e-69e6-11ec-bb85-0235bf949cb9', 'd6423389-69e6-11ec-bb85-0235bf949cb9', 'd6423389-69e6-11ec-bb85-0235bf949cb9', NULL, 'operationType', 'string', 0, NULL, NULL, NULL, 'agree', NULL, '2021-12-31 11:07:50.047', '2021-12-31 11:07:50.047');
INSERT INTO `ACT_HI_VARINST` VALUES ('d64e8fb4-69e6-11ec-bb85-0235bf949cb9', 'd6423389-69e6-11ec-bb85-0235bf949cb9', 'd642f6e1-69e6-11ec-bb85-0235bf949cb9', 'd64e68a3-69e6-11ec-bb85-0235bf949cb9', 'startUserName', 'string', 0, NULL, NULL, NULL, 'admin', NULL, '2021-12-31 11:07:50.051', '2021-12-31 11:07:50.051');
INSERT INTO `ACT_HI_VARINST` VALUES ('d64e8fb6-69e6-11ec-bb85-0235bf949cb9', 'd6423389-69e6-11ec-bb85-0235bf949cb9', 'd642f6e1-69e6-11ec-bb85-0235bf949cb9', 'd64e68a3-69e6-11ec-bb85-0235bf949cb9', 'initiator', 'string', 0, NULL, NULL, NULL, 'admin', NULL, '2021-12-31 11:07:50.051', '2021-12-31 11:07:50.051');
INSERT INTO `ACT_HI_VARINST` VALUES ('d64e8fb8-69e6-11ec-bb85-0235bf949cb9', 'd6423389-69e6-11ec-bb85-0235bf949cb9', 'd642f6e1-69e6-11ec-bb85-0235bf949cb9', 'd64e68a3-69e6-11ec-bb85-0235bf949cb9', 'deptPostLeader', 'string', 0, NULL, NULL, NULL, '1440969551792574464', NULL, '2021-12-31 11:07:50.051', '2021-12-31 11:07:50.051');
INSERT INTO `ACT_HI_VARINST` VALUES ('d64e8fba-69e6-11ec-bb85-0235bf949cb9', 'd6423389-69e6-11ec-bb85-0235bf949cb9', 'd642f6e1-69e6-11ec-bb85-0235bf949cb9', 'd64e68a3-69e6-11ec-bb85-0235bf949cb9', 'operationType', 'string', 0, NULL, NULL, NULL, 'agree', NULL, '2021-12-31 11:07:50.051', '2021-12-31 11:07:50.051');
INSERT INTO `ACT_HI_VARINST` VALUES ('dc101a4f-69e6-11ec-bb85-0235bf949cb9', 'dc101a4d-69e6-11ec-bb85-0235bf949cb9', 'dc101a4d-69e6-11ec-bb85-0235bf949cb9', NULL, 'startUserName', 'string', 1, NULL, NULL, NULL, 'admin', NULL, '2021-12-31 11:07:59.708', '2021-12-31 11:07:59.739');
INSERT INTO `ACT_HI_VARINST` VALUES ('dc101a51-69e6-11ec-bb85-0235bf949cb9', 'dc101a4d-69e6-11ec-bb85-0235bf949cb9', 'dc101a4d-69e6-11ec-bb85-0235bf949cb9', NULL, 'deptPostLeader', 'string', 1, NULL, NULL, NULL, '1440969551792574464', NULL, '2021-12-31 11:07:59.708', '2021-12-31 11:07:59.738');
INSERT INTO `ACT_HI_VARINST` VALUES ('dc101a53-69e6-11ec-bb85-0235bf949cb9', 'dc101a4d-69e6-11ec-bb85-0235bf949cb9', 'dc101a4d-69e6-11ec-bb85-0235bf949cb9', NULL, 'initiator', 'string', 1, NULL, NULL, NULL, 'admin', NULL, '2021-12-31 11:07:59.708', '2021-12-31 11:07:59.740');
INSERT INTO `ACT_HI_VARINST` VALUES ('dc104169-69e6-11ec-bb85-0235bf949cb9', 'dc101a4d-69e6-11ec-bb85-0235bf949cb9', 'dc101a55-69e6-11ec-bb85-0235bf949cb9', 'dc104168-69e6-11ec-bb85-0235bf949cb9', 'startUserName', 'string', 0, NULL, NULL, NULL, 'admin', NULL, '2021-12-31 11:07:59.710', '2021-12-31 11:07:59.710');
INSERT INTO `ACT_HI_VARINST` VALUES ('dc10687b-69e6-11ec-bb85-0235bf949cb9', 'dc101a4d-69e6-11ec-bb85-0235bf949cb9', 'dc101a55-69e6-11ec-bb85-0235bf949cb9', 'dc104168-69e6-11ec-bb85-0235bf949cb9', 'initiator', 'string', 0, NULL, NULL, NULL, 'admin', NULL, '2021-12-31 11:07:59.710', '2021-12-31 11:07:59.710');
INSERT INTO `ACT_HI_VARINST` VALUES ('dc10687d-69e6-11ec-bb85-0235bf949cb9', 'dc101a4d-69e6-11ec-bb85-0235bf949cb9', 'dc101a55-69e6-11ec-bb85-0235bf949cb9', 'dc104168-69e6-11ec-bb85-0235bf949cb9', 'deptPostLeader', 'string', 0, NULL, NULL, NULL, '1440969551792574464', NULL, '2021-12-31 11:07:59.710', '2021-12-31 11:07:59.710');
INSERT INTO `ACT_HI_VARINST` VALUES ('dc13eaef-69e6-11ec-bb85-0235bf949cb9', 'dc101a4d-69e6-11ec-bb85-0235bf949cb9', 'dc101a55-69e6-11ec-bb85-0235bf949cb9', 'dc104168-69e6-11ec-bb85-0235bf949cb9', 'operationType', 'string', 0, NULL, NULL, NULL, 'agree', NULL, '2021-12-31 11:07:59.733', '2021-12-31 11:07:59.733');
INSERT INTO `ACT_HI_VARINST` VALUES ('dc14ae42-69e6-11ec-bb85-0235bf949cb9', 'dc101a4d-69e6-11ec-bb85-0235bf949cb9', 'dc101a4d-69e6-11ec-bb85-0235bf949cb9', NULL, 'operationType', 'string', 0, NULL, NULL, NULL, 'agree', NULL, '2021-12-31 11:07:59.738', '2021-12-31 11:07:59.738');
INSERT INTO `ACT_HI_VARINST` VALUES ('dc154a88-69e6-11ec-bb85-0235bf949cb9', 'dc101a4d-69e6-11ec-bb85-0235bf949cb9', 'dc101a55-69e6-11ec-bb85-0235bf949cb9', 'dc14fc67-69e6-11ec-bb85-0235bf949cb9', 'startUserName', 'string', 0, NULL, NULL, NULL, 'admin', NULL, '2021-12-31 11:07:59.742', '2021-12-31 11:07:59.742');
INSERT INTO `ACT_HI_VARINST` VALUES ('dc154a8a-69e6-11ec-bb85-0235bf949cb9', 'dc101a4d-69e6-11ec-bb85-0235bf949cb9', 'dc101a55-69e6-11ec-bb85-0235bf949cb9', 'dc14fc67-69e6-11ec-bb85-0235bf949cb9', 'initiator', 'string', 0, NULL, NULL, NULL, 'admin', NULL, '2021-12-31 11:07:59.742', '2021-12-31 11:07:59.742');
INSERT INTO `ACT_HI_VARINST` VALUES ('dc154a8c-69e6-11ec-bb85-0235bf949cb9', 'dc101a4d-69e6-11ec-bb85-0235bf949cb9', 'dc101a55-69e6-11ec-bb85-0235bf949cb9', 'dc14fc67-69e6-11ec-bb85-0235bf949cb9', 'deptPostLeader', 'string', 0, NULL, NULL, NULL, '1440969551792574464', NULL, '2021-12-31 11:07:59.742', '2021-12-31 11:07:59.742');
INSERT INTO `ACT_HI_VARINST` VALUES ('dc154a8e-69e6-11ec-bb85-0235bf949cb9', 'dc101a4d-69e6-11ec-bb85-0235bf949cb9', 'dc101a55-69e6-11ec-bb85-0235bf949cb9', 'dc14fc67-69e6-11ec-bb85-0235bf949cb9', 'operationType', 'string', 0, NULL, NULL, NULL, 'agree', NULL, '2021-12-31 11:07:59.742', '2021-12-31 11:07:59.742');
INSERT INTO `ACT_HI_VARINST` VALUES ('e214ef93-69e6-11ec-bb85-0235bf949cb9', 'e214ef91-69e6-11ec-bb85-0235bf949cb9', 'e214ef91-69e6-11ec-bb85-0235bf949cb9', NULL, 'startUserName', 'string', 2, NULL, NULL, NULL, 'admin', NULL, '2021-12-31 11:08:09.806', '2021-12-31 11:13:54.219');
INSERT INTO `ACT_HI_VARINST` VALUES ('e214ef95-69e6-11ec-bb85-0235bf949cb9', 'e214ef91-69e6-11ec-bb85-0235bf949cb9', 'e214ef91-69e6-11ec-bb85-0235bf949cb9', NULL, 'deptPostLeader', 'string', 2, NULL, NULL, NULL, '1440969551792574464', NULL, '2021-12-31 11:08:09.806', '2021-12-31 11:13:54.218');
INSERT INTO `ACT_HI_VARINST` VALUES ('e214ef97-69e6-11ec-bb85-0235bf949cb9', 'e214ef91-69e6-11ec-bb85-0235bf949cb9', 'e214ef91-69e6-11ec-bb85-0235bf949cb9', NULL, 'initiator', 'string', 2, NULL, NULL, NULL, 'admin', NULL, '2021-12-31 11:08:09.806', '2021-12-31 11:13:54.220');
INSERT INTO `ACT_HI_VARINST` VALUES ('e2153dbd-69e6-11ec-bb85-0235bf949cb9', 'e214ef91-69e6-11ec-bb85-0235bf949cb9', 'e214ef99-69e6-11ec-bb85-0235bf949cb9', 'e21516ac-69e6-11ec-bb85-0235bf949cb9', 'startUserName', 'string', 0, NULL, NULL, NULL, 'admin', NULL, '2021-12-31 11:08:09.808', '2021-12-31 11:08:09.808');
INSERT INTO `ACT_HI_VARINST` VALUES ('e2153dbf-69e6-11ec-bb85-0235bf949cb9', 'e214ef91-69e6-11ec-bb85-0235bf949cb9', 'e214ef99-69e6-11ec-bb85-0235bf949cb9', 'e21516ac-69e6-11ec-bb85-0235bf949cb9', 'initiator', 'string', 0, NULL, NULL, NULL, 'admin', NULL, '2021-12-31 11:08:09.808', '2021-12-31 11:08:09.808');
INSERT INTO `ACT_HI_VARINST` VALUES ('e2153dc1-69e6-11ec-bb85-0235bf949cb9', 'e214ef91-69e6-11ec-bb85-0235bf949cb9', 'e214ef99-69e6-11ec-bb85-0235bf949cb9', 'e21516ac-69e6-11ec-bb85-0235bf949cb9', 'deptPostLeader', 'string', 0, NULL, NULL, NULL, '1440969551792574464', NULL, '2021-12-31 11:08:09.808', '2021-12-31 11:08:09.808');
INSERT INTO `ACT_HI_VARINST` VALUES ('e217d5d3-69e6-11ec-bb85-0235bf949cb9', 'e214ef91-69e6-11ec-bb85-0235bf949cb9', 'e214ef99-69e6-11ec-bb85-0235bf949cb9', 'e21516ac-69e6-11ec-bb85-0235bf949cb9', 'operationType', 'string', 0, NULL, NULL, NULL, 'agree', NULL, '2021-12-31 11:08:09.825', '2021-12-31 11:08:09.825');
INSERT INTO `ACT_HI_VARINST` VALUES ('e218c036-69e6-11ec-bb85-0235bf949cb9', 'e214ef91-69e6-11ec-bb85-0235bf949cb9', 'e214ef91-69e6-11ec-bb85-0235bf949cb9', NULL, 'operationType', 'string', 1, NULL, NULL, NULL, 'agree', NULL, '2021-12-31 11:08:09.832', '2021-12-31 11:13:54.219');
INSERT INTO `ACT_HI_VARINST` VALUES ('e2195c7c-69e6-11ec-bb85-0235bf949cb9', 'e214ef91-69e6-11ec-bb85-0235bf949cb9', 'e214ef99-69e6-11ec-bb85-0235bf949cb9', 'e219356b-69e6-11ec-bb85-0235bf949cb9', 'startUserName', 'string', 0, NULL, NULL, NULL, 'admin', NULL, '2021-12-31 11:08:09.835', '2021-12-31 11:08:09.835');
INSERT INTO `ACT_HI_VARINST` VALUES ('e2195c7e-69e6-11ec-bb85-0235bf949cb9', 'e214ef91-69e6-11ec-bb85-0235bf949cb9', 'e214ef99-69e6-11ec-bb85-0235bf949cb9', 'e219356b-69e6-11ec-bb85-0235bf949cb9', 'initiator', 'string', 0, NULL, NULL, NULL, 'admin', NULL, '2021-12-31 11:08:09.835', '2021-12-31 11:08:09.835');
INSERT INTO `ACT_HI_VARINST` VALUES ('e2195c80-69e6-11ec-bb85-0235bf949cb9', 'e214ef91-69e6-11ec-bb85-0235bf949cb9', 'e214ef99-69e6-11ec-bb85-0235bf949cb9', 'e219356b-69e6-11ec-bb85-0235bf949cb9', 'deptPostLeader', 'string', 0, NULL, NULL, NULL, '1440969551792574464', NULL, '2021-12-31 11:08:09.835', '2021-12-31 11:08:09.835');
INSERT INTO `ACT_HI_VARINST` VALUES ('e2195c82-69e6-11ec-bb85-0235bf949cb9', 'e214ef91-69e6-11ec-bb85-0235bf949cb9', 'e214ef99-69e6-11ec-bb85-0235bf949cb9', 'e219356b-69e6-11ec-bb85-0235bf949cb9', 'operationType', 'string', 0, NULL, NULL, NULL, 'agree', NULL, '2021-12-31 11:08:09.835', '2021-12-31 11:08:09.835');
INSERT INTO `ACT_HI_VARINST` VALUES ('ec6ca596-3184-11ec-9f40-f20b812c0662', 'ec6ca594-3184-11ec-9f40-f20b812c0662', 'ec6ca594-3184-11ec-9f40-f20b812c0662', NULL, 'startUserName', 'string', 9, NULL, NULL, NULL, 'userD', NULL, '2021-10-20 17:05:51.363', '2021-10-20 17:09:53.024');
INSERT INTO `ACT_HI_VARINST` VALUES ('ec6ca598-3184-11ec-9f40-f20b812c0662', 'ec6ca594-3184-11ec-9f40-f20b812c0662', 'ec6ca594-3184-11ec-9f40-f20b812c0662', NULL, 'deptPostLeader', 'string', 9, NULL, NULL, NULL, '1440964519391137792', NULL, '2021-10-20 17:05:51.363', '2021-10-20 17:09:53.024');
INSERT INTO `ACT_HI_VARINST` VALUES ('ec6ca59a-3184-11ec-9f40-f20b812c0662', 'ec6ca594-3184-11ec-9f40-f20b812c0662', 'ec6ca594-3184-11ec-9f40-f20b812c0662', NULL, 'initiator', 'string', 9, NULL, NULL, NULL, 'userD', NULL, '2021-10-20 17:05:51.363', '2021-10-20 17:09:53.021');
INSERT INTO `ACT_HI_VARINST` VALUES ('ec6cccb0-3184-11ec-9f40-f20b812c0662', 'ec6ca594-3184-11ec-9f40-f20b812c0662', 'ec6ca59c-3184-11ec-9f40-f20b812c0662', 'ec6cccaf-3184-11ec-9f40-f20b812c0662', 'startUserName', 'string', 0, NULL, NULL, NULL, 'userD', NULL, '2021-10-20 17:05:51.364', '2021-10-20 17:05:51.364');
INSERT INTO `ACT_HI_VARINST` VALUES ('ec6cccb2-3184-11ec-9f40-f20b812c0662', 'ec6ca594-3184-11ec-9f40-f20b812c0662', 'ec6ca59c-3184-11ec-9f40-f20b812c0662', 'ec6cccaf-3184-11ec-9f40-f20b812c0662', 'initiator', 'string', 0, NULL, NULL, NULL, 'userD', NULL, '2021-10-20 17:05:51.364', '2021-10-20 17:05:51.364');
INSERT INTO `ACT_HI_VARINST` VALUES ('ec6cccb4-3184-11ec-9f40-f20b812c0662', 'ec6ca594-3184-11ec-9f40-f20b812c0662', 'ec6ca59c-3184-11ec-9f40-f20b812c0662', 'ec6cccaf-3184-11ec-9f40-f20b812c0662', 'deptPostLeader', 'string', 0, NULL, NULL, NULL, '1440964519391137792', NULL, '2021-10-20 17:05:51.364', '2021-10-20 17:05:51.364');
INSERT INTO `ACT_HI_VARINST` VALUES ('ec6eef96-3184-11ec-9f40-f20b812c0662', 'ec6ca594-3184-11ec-9f40-f20b812c0662', 'ec6ca59c-3184-11ec-9f40-f20b812c0662', 'ec6cccaf-3184-11ec-9f40-f20b812c0662', 'operationType', 'string', 0, NULL, NULL, NULL, 'agree', NULL, '2021-10-20 17:05:51.378', '2021-10-20 17:05:51.378');
INSERT INTO `ACT_HI_VARINST` VALUES ('ec6f8bd9-3184-11ec-9f40-f20b812c0662', 'ec6ca594-3184-11ec-9f40-f20b812c0662', 'ec6ca594-3184-11ec-9f40-f20b812c0662', NULL, 'operationType', 'string', 8, NULL, NULL, NULL, 'agree', NULL, '2021-10-20 17:05:51.382', '2021-10-20 17:09:53.024');
INSERT INTO `ACT_HI_VARINST` VALUES ('ec70281f-3184-11ec-9f40-f20b812c0662', 'ec6ca594-3184-11ec-9f40-f20b812c0662', 'ec6ca59c-3184-11ec-9f40-f20b812c0662', 'ec70010e-3184-11ec-9f40-f20b812c0662', 'startUserName', 'string', 0, NULL, NULL, NULL, 'userD', NULL, '2021-10-20 17:05:51.386', '2021-10-20 17:05:51.386');
INSERT INTO `ACT_HI_VARINST` VALUES ('ec702821-3184-11ec-9f40-f20b812c0662', 'ec6ca594-3184-11ec-9f40-f20b812c0662', 'ec6ca59c-3184-11ec-9f40-f20b812c0662', 'ec70010e-3184-11ec-9f40-f20b812c0662', 'initiator', 'string', 0, NULL, NULL, NULL, 'userD', NULL, '2021-10-20 17:05:51.386', '2021-10-20 17:05:51.386');
INSERT INTO `ACT_HI_VARINST` VALUES ('ec702823-3184-11ec-9f40-f20b812c0662', 'ec6ca594-3184-11ec-9f40-f20b812c0662', 'ec6ca59c-3184-11ec-9f40-f20b812c0662', 'ec70010e-3184-11ec-9f40-f20b812c0662', 'deptPostLeader', 'string', 0, NULL, NULL, NULL, '1440964519391137792', NULL, '2021-10-20 17:05:51.386', '2021-10-20 17:05:51.386');
INSERT INTO `ACT_HI_VARINST` VALUES ('ec702825-3184-11ec-9f40-f20b812c0662', 'ec6ca594-3184-11ec-9f40-f20b812c0662', 'ec6ca59c-3184-11ec-9f40-f20b812c0662', 'ec70010e-3184-11ec-9f40-f20b812c0662', 'operationType', 'string', 1, NULL, NULL, NULL, 'agree', NULL, '2021-10-20 17:05:51.386', '2021-10-20 17:06:05.906');
INSERT INTO `ACT_HI_VARINST` VALUES ('f5191b44-3184-11ec-9f40-f20b812c0662', 'ec6ca594-3184-11ec-9f40-f20b812c0662', 'f518f42f-3184-11ec-9f40-f20b812c0662', 'f518f433-3184-11ec-9f40-f20b812c0662', 'startUserName', 'string', 0, NULL, NULL, NULL, 'userD', NULL, '2021-10-20 17:06:05.915', '2021-10-20 17:06:05.915');
INSERT INTO `ACT_HI_VARINST` VALUES ('f5191b46-3184-11ec-9f40-f20b812c0662', 'ec6ca594-3184-11ec-9f40-f20b812c0662', 'f518f42f-3184-11ec-9f40-f20b812c0662', 'f518f433-3184-11ec-9f40-f20b812c0662', 'initiator', 'string', 0, NULL, NULL, NULL, 'userD', NULL, '2021-10-20 17:06:05.915', '2021-10-20 17:06:05.915');
INSERT INTO `ACT_HI_VARINST` VALUES ('f5191b48-3184-11ec-9f40-f20b812c0662', 'ec6ca594-3184-11ec-9f40-f20b812c0662', 'f518f42f-3184-11ec-9f40-f20b812c0662', 'f518f433-3184-11ec-9f40-f20b812c0662', 'operationType', 'string', 1, NULL, NULL, NULL, 'agree', NULL, '2021-10-20 17:06:05.915', '2021-10-20 17:06:20.897');
INSERT INTO `ACT_HI_VARINST` VALUES ('f5191b4a-3184-11ec-9f40-f20b812c0662', 'ec6ca594-3184-11ec-9f40-f20b812c0662', 'f518f42f-3184-11ec-9f40-f20b812c0662', 'f518f433-3184-11ec-9f40-f20b812c0662', 'deptPostLeader', 'string', 0, NULL, NULL, NULL, '1440964519391137792', NULL, '2021-10-20 17:06:05.915', '2021-10-20 17:06:05.915');
INSERT INTO `ACT_HI_VARINST` VALUES ('f519907e-3184-11ec-9f40-f20b812c0662', 'ec6ca594-3184-11ec-9f40-f20b812c0662', 'ec6ca59c-3184-11ec-9f40-f20b812c0662', 'f518f431-3184-11ec-9f40-f20b812c0662', 'startUserName', 'string', 0, NULL, NULL, NULL, 'userD', NULL, '2021-10-20 17:06:05.918', '2021-10-20 17:06:05.918');
INSERT INTO `ACT_HI_VARINST` VALUES ('f5199080-3184-11ec-9f40-f20b812c0662', 'ec6ca594-3184-11ec-9f40-f20b812c0662', 'ec6ca59c-3184-11ec-9f40-f20b812c0662', 'f518f431-3184-11ec-9f40-f20b812c0662', 'initiator', 'string', 0, NULL, NULL, NULL, 'userD', NULL, '2021-10-20 17:06:05.918', '2021-10-20 17:06:05.918');
INSERT INTO `ACT_HI_VARINST` VALUES ('f5199082-3184-11ec-9f40-f20b812c0662', 'ec6ca594-3184-11ec-9f40-f20b812c0662', 'ec6ca59c-3184-11ec-9f40-f20b812c0662', 'f518f431-3184-11ec-9f40-f20b812c0662', 'operationType', 'string', 1, NULL, NULL, NULL, 'agree', NULL, '2021-10-20 17:06:05.918', '2021-10-20 17:06:27.182');
INSERT INTO `ACT_HI_VARINST` VALUES ('f5199084-3184-11ec-9f40-f20b812c0662', 'ec6ca594-3184-11ec-9f40-f20b812c0662', 'ec6ca59c-3184-11ec-9f40-f20b812c0662', 'f518f431-3184-11ec-9f40-f20b812c0662', 'deptPostLeader', 'string', 0, NULL, NULL, NULL, '1440964519391137792', NULL, '2021-10-20 17:06:05.918', '2021-10-20 17:06:05.918');
COMMIT;

-- ----------------------------
-- Table structure for ACT_PROCDEF_INFO
-- ----------------------------
DROP TABLE IF EXISTS `ACT_PROCDEF_INFO`;
CREATE TABLE `ACT_PROCDEF_INFO` (
  `ID_` varchar(64) CHARACTER SET utf8 COLLATE utf8_bin NOT NULL,
  `PROC_DEF_ID_` varchar(64) CHARACTER SET utf8 COLLATE utf8_bin NOT NULL,
  `REV_` int DEFAULT NULL,
  `INFO_JSON_ID_` varchar(64) CHARACTER SET utf8 COLLATE utf8_bin DEFAULT NULL,
  PRIMARY KEY (`ID_`),
  UNIQUE KEY `ACT_UNIQ_INFO_PROCDEF` (`PROC_DEF_ID_`),
  KEY `ACT_IDX_INFO_PROCDEF` (`PROC_DEF_ID_`),
  KEY `ACT_FK_INFO_JSON_BA` (`INFO_JSON_ID_`),
  CONSTRAINT `ACT_FK_INFO_JSON_BA` FOREIGN KEY (`INFO_JSON_ID_`) REFERENCES `ACT_GE_BYTEARRAY` (`ID_`),
  CONSTRAINT `ACT_FK_INFO_PROCDEF` FOREIGN KEY (`PROC_DEF_ID_`) REFERENCES `ACT_RE_PROCDEF` (`ID_`)
) ENGINE=InnoDB DEFAULT CHARSET=utf8mb3 COLLATE=utf8_bin;

-- ----------------------------
-- Table structure for ACT_RE_DEPLOYMENT
-- ----------------------------
DROP TABLE IF EXISTS `ACT_RE_DEPLOYMENT`;
CREATE TABLE `ACT_RE_DEPLOYMENT` (
  `ID_` varchar(64) CHARACTER SET utf8 COLLATE utf8_bin NOT NULL,
  `NAME_` varchar(255) CHARACTER SET utf8 COLLATE utf8_bin DEFAULT NULL,
  `CATEGORY_` varchar(255) CHARACTER SET utf8 COLLATE utf8_bin DEFAULT NULL,
  `KEY_` varchar(255) CHARACTER SET utf8 COLLATE utf8_bin DEFAULT NULL,
  `TENANT_ID_` varchar(255) CHARACTER SET utf8 COLLATE utf8_bin DEFAULT '',
  `DEPLOY_TIME_` timestamp(3) NULL DEFAULT NULL,
  `ENGINE_VERSION_` varchar(255) CHARACTER SET utf8 COLLATE utf8_bin DEFAULT NULL,
  `VERSION_` int DEFAULT '1',
  `PROJECT_RELEASE_VERSION_` varchar(255) CHARACTER SET utf8 COLLATE utf8_bin DEFAULT NULL,
  PRIMARY KEY (`ID_`)
) ENGINE=InnoDB DEFAULT CHARSET=utf8mb3 COLLATE=utf8_bin;

-- ----------------------------
-- Records of ACT_RE_DEPLOYMENT
-- ----------------------------
BEGIN;
INSERT INTO `ACT_RE_DEPLOYMENT` VALUES ('0aab3953-3179-11ec-9438-f20b812c0662', '请假申请', 'HR', 'flowLeave', '', '2021-10-20 15:40:48.144', NULL, 1, NULL);
INSERT INTO `ACT_RE_DEPLOYMENT` VALUES ('1', 'SpringAutoDeployment', NULL, NULL, '', '2021-07-11 14:23:02.241', NULL, 1, NULL);
INSERT INTO `ACT_RE_DEPLOYMENT` VALUES ('1a96e449-5e6f-11ec-9355-5e4c369e54c1', '请假申请', 'HR', 'flowLeave', '', '2021-12-16 20:53:02.212', NULL, 1, NULL);
INSERT INTO `ACT_RE_DEPLOYMENT` VALUES ('357dbb16-3180-11ec-9a8f-f20b812c0662', 'SpringAutoDeployment', NULL, NULL, '', '2021-10-20 16:32:06.463', NULL, 5, NULL);
INSERT INTO `ACT_RE_DEPLOYMENT` VALUES ('3895c933-3183-11ec-baea-f20b812c0662', 'SpringAutoDeployment', NULL, NULL, '', '2021-10-20 16:53:40.145', NULL, 9, NULL);
INSERT INTO `ACT_RE_DEPLOYMENT` VALUES ('39a52dbc-5e6f-11ec-9355-5e4c369e54c1', '报销申请', 'CW', 'flowSubmit', '', '2021-12-16 20:53:54.314', NULL, 1, NULL);
INSERT INTO `ACT_RE_DEPLOYMENT` VALUES ('3a623096-3179-11ec-9438-f20b812c0662', '请假申请', 'HR', 'flowLeave', '', '2021-10-20 15:42:08.196', NULL, 1, NULL);
INSERT INTO `ACT_RE_DEPLOYMENT` VALUES ('3ee7468e-317d-11ec-9438-f20b812c0662', '请假申请', 'HR', 'flowLeave', '', '2021-10-20 16:10:53.766', NULL, 1, NULL);
INSERT INTO `ACT_RE_DEPLOYMENT` VALUES ('4127d3cf-5e70-11ec-9355-5e4c369e54c1', '合同审批', 'XM', 'flowContract', '', '2021-12-16 21:01:16.412', NULL, 1, NULL);
INSERT INTO `ACT_RE_DEPLOYMENT` VALUES ('5219c549-3183-11ec-ad5a-f20b812c0662', 'SpringAutoDeployment', NULL, NULL, '', '2021-10-20 16:54:22.953', NULL, 10, NULL);
INSERT INTO `ACT_RE_DEPLOYMENT` VALUES ('54994e3e-3184-11ec-9f40-f20b812c0662', 'SpringAutoDeployment', NULL, NULL, '', '2021-10-20 17:01:36.640', NULL, 11, NULL);
INSERT INTO `ACT_RE_DEPLOYMENT` VALUES ('58b617ce-3186-11ec-b18e-f20b812c0662', 'SpringAutoDeployment', NULL, NULL, '', '2021-10-20 17:16:02.532', NULL, 12, NULL);
INSERT INTO `ACT_RE_DEPLOYMENT` VALUES ('661b337d-3186-11ec-bf2d-f20b812c0662', 'SpringAutoDeployment', NULL, NULL, '', '2021-10-20 17:16:25.006', NULL, 13, NULL);
INSERT INTO `ACT_RE_DEPLOYMENT` VALUES ('778892c2-5e70-11ec-9355-5e4c369e54c1', '多实例加签', 'HR', 'flowConsign', '', '2021-12-16 21:02:47.642', NULL, 1, NULL);
INSERT INTO `ACT_RE_DEPLOYMENT` VALUES ('79a037cf-3184-11ec-9f40-f20b812c0662', '请假申请', 'HR', 'flowLeave', '', '2021-10-20 17:02:38.762', NULL, 1, NULL);
INSERT INTO `ACT_RE_DEPLOYMENT` VALUES ('7b628142-3184-11ec-9f40-f20b812c0662', '报销申请', 'CW', 'flowSubmit', '', '2021-10-20 17:02:41.714', NULL, 1, NULL);
INSERT INTO `ACT_RE_DEPLOYMENT` VALUES ('7cdc7715-3184-11ec-9f40-f20b812c0662', '合同审批', 'XM', 'flowContract', '', '2021-10-20 17:02:44.191', NULL, 1, NULL);
INSERT INTO `ACT_RE_DEPLOYMENT` VALUES ('7ce6126a-69e6-11ec-bb85-0235bf949cb9', '请假申请', 'HR', 'flowLeave', '', '2021-12-31 11:05:20.049', NULL, 1, NULL);
INSERT INTO `ACT_RE_DEPLOYMENT` VALUES ('86abad6b-3182-11ec-a0b7-f20b812c0662', 'SpringAutoDeployment', NULL, NULL, '', '2021-10-20 16:48:41.651', NULL, 7, NULL);
INSERT INTO `ACT_RE_DEPLOYMENT` VALUES ('87e159ed-69e6-11ec-bb85-0235bf949cb9', '报销申请', 'CW', 'flowSubmit', '', '2021-12-31 11:05:38.473', NULL, 1, NULL);
INSERT INTO `ACT_RE_DEPLOYMENT` VALUES ('8ab49015-5e70-11ec-9355-5e4c369e54c1', '转办流程', 'HR', 'flowTranslate', '', '2021-12-16 21:03:19.808', NULL, 1, NULL);
INSERT INTO `ACT_RE_DEPLOYMENT` VALUES ('8e3e3ce9-3179-11ec-9438-f20b812c0662', '请假申请', 'HR', 'flowLeave', '', '2021-10-20 15:44:28.889', NULL, 1, NULL);
INSERT INTO `ACT_RE_DEPLOYMENT` VALUES ('916d0be0-69e6-11ec-bb85-0235bf949cb9', '合同审批', 'XM', 'flowContract', '', '2021-12-31 11:05:54.488', NULL, 1, NULL);
INSERT INTO `ACT_RE_DEPLOYMENT` VALUES ('95ae050a-317f-11ec-8139-f20b812c0662', 'SpringAutoDeployment', NULL, NULL, '', '2021-10-20 16:27:38.345', NULL, 4, NULL);
INSERT INTO `ACT_RE_DEPLOYMENT` VALUES ('97e6169e-3186-11ec-bf2d-f20b812c0662', '请假申请', 'HR', 'flowLeave', '', '2021-10-20 17:17:48.538', NULL, 1, NULL);
INSERT INTO `ACT_RE_DEPLOYMENT` VALUES ('98ea5033-69e6-11ec-bb85-0235bf949cb9', '多实例加签', 'HR', 'flowConsign', '', '2021-12-31 11:06:07.052', NULL, 1, NULL);
INSERT INTO `ACT_RE_DEPLOYMENT` VALUES ('9dc01ef5-5e6e-11ec-9355-5e4c369e54c1', 'SpringAutoDeployment', NULL, NULL, '', '2021-12-16 20:49:32.759', NULL, 14, NULL);
INSERT INTO `ACT_RE_DEPLOYMENT` VALUES ('a0864016-69e6-11ec-bb85-0235bf949cb9', '转办流程', 'HR', 'flowTranslate', '', '2021-12-31 11:06:19.819', NULL, 1, NULL);
INSERT INTO `ACT_RE_DEPLOYMENT` VALUES ('a1c53324-69e7-11ec-b9c4-0235bf949cb9', 'SpringAutoDeployment', NULL, NULL, '', '2021-12-31 11:13:31.404', NULL, 16, NULL);
INSERT INTO `ACT_RE_DEPLOYMENT` VALUES ('ad3d6858-3175-11ec-9438-f20b812c0662', '请假申请', 'HR', 'flowLeave', '', '2021-10-20 15:16:42.906', NULL, 1, NULL);
INSERT INTO `ACT_RE_DEPLOYMENT` VALUES ('ae82b99b-3175-11ec-9438-f20b812c0662', '报销申请', 'CW', 'flowSubmit', '', '2021-10-20 15:16:45.038', NULL, 1, NULL);
INSERT INTO `ACT_RE_DEPLOYMENT` VALUES ('af9bf1ce-3175-11ec-9438-f20b812c0662', '合同审批', 'XM', 'flowContract', '', '2021-10-20 15:16:46.881', NULL, 1, NULL);
INSERT INTO `ACT_RE_DEPLOYMENT` VALUES ('b132e581-3175-11ec-9438-f20b812c0662', '多实例加签', 'HR', 'flowConsign', '', '2021-10-20 15:16:49.548', NULL, 1, NULL);
INSERT INTO `ACT_RE_DEPLOYMENT` VALUES ('b28a3824-3175-11ec-9438-f20b812c0662', '转办流程', 'HR', 'flowTranslate', '', '2021-10-20 15:16:51.798', NULL, 1, NULL);
INSERT INTO `ACT_RE_DEPLOYMENT` VALUES ('b5e8fcda-3181-11ec-bd11-f20b812c0662', 'SpringAutoDeployment', NULL, NULL, '', '2021-10-20 16:42:51.411', NULL, 6, NULL);
INSERT INTO `ACT_RE_DEPLOYMENT` VALUES ('b747d44f-3182-11ec-a7fa-f20b812c0662', 'SpringAutoDeployment', NULL, NULL, '', '2021-10-20 16:50:03.207', NULL, 8, NULL);
INSERT INTO `ACT_RE_DEPLOYMENT` VALUES ('c48f8957-316d-11ec-9438-f20b812c0662', 'SpringAutoDeployment', NULL, NULL, '', '2021-10-20 14:20:06.057', NULL, 3, NULL);
INSERT INTO `ACT_RE_DEPLOYMENT` VALUES ('c61ae019-69e5-11ec-bb85-0235bf949cb9', 'SpringAutoDeployment', NULL, NULL, '', '2021-12-31 11:00:13.367', NULL, 15, NULL);
INSERT INTO `ACT_RE_DEPLOYMENT` VALUES ('f0f03b73-316b-11ec-a79f-f20b812c0662', 'SpringAutoDeployment', NULL, NULL, '', '2021-10-20 14:07:01.517', NULL, 2, NULL);
COMMIT;

-- ----------------------------
-- Table structure for ACT_RE_MODEL
-- ----------------------------
DROP TABLE IF EXISTS `ACT_RE_MODEL`;
CREATE TABLE `ACT_RE_MODEL` (
  `ID_` varchar(64) CHARACTER SET utf8 COLLATE utf8_bin NOT NULL,
  `REV_` int DEFAULT NULL,
  `NAME_` varchar(255) CHARACTER SET utf8 COLLATE utf8_bin DEFAULT NULL,
  `KEY_` varchar(255) CHARACTER SET utf8 COLLATE utf8_bin DEFAULT NULL,
  `CATEGORY_` varchar(255) CHARACTER SET utf8 COLLATE utf8_bin DEFAULT NULL,
  `CREATE_TIME_` timestamp(3) NULL DEFAULT NULL,
  `LAST_UPDATE_TIME_` timestamp(3) NULL DEFAULT NULL,
  `VERSION_` int DEFAULT NULL,
  `META_INFO_` varchar(4000) CHARACTER SET utf8 COLLATE utf8_bin DEFAULT NULL,
  `DEPLOYMENT_ID_` varchar(64) CHARACTER SET utf8 COLLATE utf8_bin DEFAULT NULL,
  `EDITOR_SOURCE_VALUE_ID_` varchar(64) CHARACTER SET utf8 COLLATE utf8_bin DEFAULT NULL,
  `EDITOR_SOURCE_EXTRA_VALUE_ID_` varchar(64) CHARACTER SET utf8 COLLATE utf8_bin DEFAULT NULL,
  `TENANT_ID_` varchar(255) CHARACTER SET utf8 COLLATE utf8_bin DEFAULT '',
  PRIMARY KEY (`ID_`),
  KEY `ACT_FK_MODEL_SOURCE` (`EDITOR_SOURCE_VALUE_ID_`),
  KEY `ACT_FK_MODEL_SOURCE_EXTRA` (`EDITOR_SOURCE_EXTRA_VALUE_ID_`),
  KEY `ACT_FK_MODEL_DEPLOYMENT` (`DEPLOYMENT_ID_`),
  CONSTRAINT `ACT_FK_MODEL_DEPLOYMENT` FOREIGN KEY (`DEPLOYMENT_ID_`) REFERENCES `ACT_RE_DEPLOYMENT` (`ID_`),
  CONSTRAINT `ACT_FK_MODEL_SOURCE` FOREIGN KEY (`EDITOR_SOURCE_VALUE_ID_`) REFERENCES `ACT_GE_BYTEARRAY` (`ID_`),
  CONSTRAINT `ACT_FK_MODEL_SOURCE_EXTRA` FOREIGN KEY (`EDITOR_SOURCE_EXTRA_VALUE_ID_`) REFERENCES `ACT_GE_BYTEARRAY` (`ID_`)
) ENGINE=InnoDB DEFAULT CHARSET=utf8mb3 COLLATE=utf8_bin;

-- ----------------------------
-- Table structure for ACT_RE_PROCDEF
-- ----------------------------
DROP TABLE IF EXISTS `ACT_RE_PROCDEF`;
CREATE TABLE `ACT_RE_PROCDEF` (
  `ID_` varchar(64) CHARACTER SET utf8 COLLATE utf8_bin NOT NULL,
  `REV_` int DEFAULT NULL,
  `CATEGORY_` varchar(255) CHARACTER SET utf8 COLLATE utf8_bin DEFAULT NULL,
  `NAME_` varchar(255) CHARACTER SET utf8 COLLATE utf8_bin DEFAULT NULL,
  `KEY_` varchar(255) CHARACTER SET utf8 COLLATE utf8_bin NOT NULL,
  `VERSION_` int NOT NULL,
  `DEPLOYMENT_ID_` varchar(64) CHARACTER SET utf8 COLLATE utf8_bin DEFAULT NULL,
  `RESOURCE_NAME_` varchar(4000) CHARACTER SET utf8 COLLATE utf8_bin DEFAULT NULL,
  `DGRM_RESOURCE_NAME_` varchar(4000) CHARACTER SET utf8 COLLATE utf8_bin DEFAULT NULL,
  `DESCRIPTION_` varchar(4000) CHARACTER SET utf8 COLLATE utf8_bin DEFAULT NULL,
  `HAS_START_FORM_KEY_` tinyint DEFAULT NULL,
  `HAS_GRAPHICAL_NOTATION_` tinyint DEFAULT NULL,
  `SUSPENSION_STATE_` int DEFAULT NULL,
  `TENANT_ID_` varchar(255) CHARACTER SET utf8 COLLATE utf8_bin DEFAULT '',
  `ENGINE_VERSION_` varchar(255) CHARACTER SET utf8 COLLATE utf8_bin DEFAULT NULL,
  `APP_VERSION_` int DEFAULT NULL,
  PRIMARY KEY (`ID_`),
  UNIQUE KEY `ACT_UNIQ_PROCDEF` (`KEY_`,`VERSION_`,`TENANT_ID_`)
) ENGINE=InnoDB DEFAULT CHARSET=utf8mb3 COLLATE=utf8_bin;

-- ----------------------------
-- Records of ACT_RE_PROCDEF
-- ----------------------------
BEGIN;
INSERT INTO `ACT_RE_PROCDEF` VALUES ('flowConsign:1:b1375253-3175-11ec-9438-f20b812c0662', 1, 'http://activiti.org/bpmn', '多实例加签', 'flowConsign', 1, 'b132e581-3175-11ec-9438-f20b812c0662', 'flowConsign.bpmn', NULL, NULL, 0, 1, 1, '', NULL, NULL);
INSERT INTO `ACT_RE_PROCDEF` VALUES ('flowConsign:2:778c3c44-5e70-11ec-9355-5e4c369e54c1', 1, 'http://activiti.org/bpmn', '多实例加签', 'flowConsign', 2, '778892c2-5e70-11ec-9355-5e4c369e54c1', 'flowConsign.bpmn', NULL, NULL, 0, 1, 1, '', NULL, NULL);
INSERT INTO `ACT_RE_PROCDEF` VALUES ('flowConsign:3:98ed0f55-69e6-11ec-bb85-0235bf949cb9', 1, 'http://activiti.org/bpmn', '多实例加签', 'flowConsign', 3, '98ea5033-69e6-11ec-bb85-0235bf949cb9', 'flowConsign.bpmn', NULL, NULL, 0, 1, 1, '', NULL, NULL);
INSERT INTO `ACT_RE_PROCDEF` VALUES ('flowContract:1:afa45640-3175-11ec-9438-f20b812c0662', 1, 'http://activiti.org/bpmn', '合同审批', 'flowContract', 1, 'af9bf1ce-3175-11ec-9438-f20b812c0662', 'flowContract.bpmn', NULL, NULL, 0, 1, 1, '', NULL, NULL);
INSERT INTO `ACT_RE_PROCDEF` VALUES ('flowContract:2:7ce26a87-3184-11ec-9f40-f20b812c0662', 1, 'http://activiti.org/bpmn', '合同审批', 'flowContract', 2, '7cdc7715-3184-11ec-9f40-f20b812c0662', 'flowContract.bpmn', NULL, NULL, 0, 1, 1, '', NULL, NULL);
INSERT INTO `ACT_RE_PROCDEF` VALUES ('flowContract:3:412c67b1-5e70-11ec-9355-5e4c369e54c1', 1, 'http://activiti.org/bpmn', '合同审批', 'flowContract', 3, '4127d3cf-5e70-11ec-9355-5e4c369e54c1', 'flowContract.bpmn', NULL, NULL, 0, 1, 1, '', NULL, NULL);
INSERT INTO `ACT_RE_PROCDEF` VALUES ('flowContract:4:9170b562-69e6-11ec-bb85-0235bf949cb9', 1, 'http://activiti.org/bpmn', '合同审批', 'flowContract', 4, '916d0be0-69e6-11ec-bb85-0235bf949cb9', 'flowContract.bpmn', NULL, NULL, 0, 1, 1, '', NULL, NULL);
INSERT INTO `ACT_RE_PROCDEF` VALUES ('flowLeave:1:ad52c51a-3175-11ec-9438-f20b812c0662', 1, 'http://activiti.org/bpmn', '请假申请', 'flowLeave', 1, 'ad3d6858-3175-11ec-9438-f20b812c0662', 'flowLeave.bpmn', NULL, NULL, 0, 1, 1, '', NULL, NULL);
INSERT INTO `ACT_RE_PROCDEF` VALUES ('flowLeave:2:0aaff445-3179-11ec-9438-f20b812c0662', 1, 'http://activiti.org/bpmn', '请假申请', 'flowLeave', 2, '0aab3953-3179-11ec-9438-f20b812c0662', 'flowLeave.bpmn', NULL, NULL, 0, 1, 1, '', NULL, NULL);
INSERT INTO `ACT_RE_PROCDEF` VALUES ('flowLeave:3:3a65da18-3179-11ec-9438-f20b812c0662', 1, 'http://activiti.org/bpmn', '请假申请', 'flowLeave', 3, '3a623096-3179-11ec-9438-f20b812c0662', 'flowLeave.bpmn', NULL, NULL, 0, 1, 1, '', NULL, NULL);
INSERT INTO `ACT_RE_PROCDEF` VALUES ('flowLeave:4:8e42a9bb-3179-11ec-9438-f20b812c0662', 1, 'http://activiti.org/bpmn', '请假申请', 'flowLeave', 4, '8e3e3ce9-3179-11ec-9438-f20b812c0662', 'flowLeave.bpmn', NULL, NULL, 0, 1, 1, '', NULL, NULL);
INSERT INTO `ACT_RE_PROCDEF` VALUES ('flowLeave:5:3eea05b0-317d-11ec-9438-f20b812c0662', 1, 'http://activiti.org/bpmn', '请假申请', 'flowLeave', 5, '3ee7468e-317d-11ec-9438-f20b812c0662', 'flowLeave.bpmn', NULL, NULL, 0, 1, 1, '', NULL, NULL);
INSERT INTO `ACT_RE_PROCDEF` VALUES ('flowLeave:6:79b100b1-3184-11ec-9f40-f20b812c0662', 1, 'http://activiti.org/bpmn', '请假申请', 'flowLeave', 6, '79a037cf-3184-11ec-9f40-f20b812c0662', 'flowLeave.bpmn', NULL, NULL, 0, 1, 1, '', NULL, NULL);
INSERT INTO `ACT_RE_PROCDEF` VALUES ('flowLeave:7:98337350-3186-11ec-bf2d-f20b812c0662', 1, 'http://activiti.org/bpmn', '请假申请', 'flowLeave', 7, '97e6169e-3186-11ec-bf2d-f20b812c0662', 'flowLeave.bpmn', NULL, NULL, 0, 1, 1, '', NULL, NULL);
INSERT INTO `ACT_RE_PROCDEF` VALUES ('flowLeave:8:1a9b02fb-5e6f-11ec-9355-5e4c369e54c1', 1, 'http://activiti.org/bpmn', '请假申请', 'flowLeave', 8, '1a96e449-5e6f-11ec-9355-5e4c369e54c1', 'flowLeave.bpmn', NULL, NULL, 0, 1, 1, '', NULL, NULL);
INSERT INTO `ACT_RE_PROCDEF` VALUES ('flowLeave:9:7d23427c-69e6-11ec-bb85-0235bf949cb9', 1, 'http://activiti.org/bpmn', '请假申请', 'flowLeave', 9, '7ce6126a-69e6-11ec-bb85-0235bf949cb9', 'flowLeave.bpmn', NULL, NULL, 0, 1, 1, '', NULL, NULL);
INSERT INTO `ACT_RE_PROCDEF` VALUES ('flowSubmit:1:ae87c2ad-3175-11ec-9438-f20b812c0662', 1, 'http://activiti.org/bpmn', '报销申请', 'flowSubmit', 1, 'ae82b99b-3175-11ec-9438-f20b812c0662', 'flowSubmit.bpmn', NULL, NULL, 0, 1, 1, '', NULL, NULL);
INSERT INTO `ACT_RE_PROCDEF` VALUES ('flowSubmit:2:7b6651d4-3184-11ec-9f40-f20b812c0662', 1, 'http://activiti.org/bpmn', '报销申请', 'flowSubmit', 2, '7b628142-3184-11ec-9f40-f20b812c0662', 'flowSubmit.bpmn', NULL, NULL, 0, 1, 1, '', NULL, NULL);
INSERT INTO `ACT_RE_PROCDEF` VALUES ('flowSubmit:3:39b2742e-5e6f-11ec-9355-5e4c369e54c1', 1, 'http://activiti.org/bpmn', '报销申请', 'flowSubmit', 3, '39a52dbc-5e6f-11ec-9355-5e4c369e54c1', 'flowSubmit.bpmn', NULL, NULL, 0, 1, 1, '', NULL, NULL);
INSERT INTO `ACT_RE_PROCDEF` VALUES ('flowSubmit:4:87e59faf-69e6-11ec-bb85-0235bf949cb9', 1, 'http://activiti.org/bpmn', '报销申请', 'flowSubmit', 4, '87e159ed-69e6-11ec-bb85-0235bf949cb9', 'flowSubmit.bpmn', NULL, NULL, 0, 1, 1, '', NULL, NULL);
INSERT INTO `ACT_RE_PROCDEF` VALUES ('flowTranslate:1:b28cd036-3175-11ec-9438-f20b812c0662', 1, 'http://activiti.org/bpmn', '转办流程', 'flowTranslate', 1, 'b28a3824-3175-11ec-9438-f20b812c0662', 'flowTranslate.bpmn', NULL, NULL, 0, 1, 1, '', NULL, NULL);
INSERT INTO `ACT_RE_PROCDEF` VALUES ('flowTranslate:2:8ab7c467-5e70-11ec-9355-5e4c369e54c1', 1, 'http://activiti.org/bpmn', '转办流程', 'flowTranslate', 2, '8ab49015-5e70-11ec-9355-5e4c369e54c1', 'flowTranslate.bpmn', NULL, NULL, 0, 1, 1, '', NULL, NULL);
INSERT INTO `ACT_RE_PROCDEF` VALUES ('flowTranslate:3:a0888a08-69e6-11ec-bb85-0235bf949cb9', 1, 'http://activiti.org/bpmn', '转办流程', 'flowTranslate', 3, 'a0864016-69e6-11ec-bb85-0235bf949cb9', 'flowTranslate.bpmn', NULL, NULL, 0, 1, 1, '', NULL, NULL);
COMMIT;

-- ----------------------------
-- Table structure for ACT_RU_DEADLETTER_JOB
-- ----------------------------
DROP TABLE IF EXISTS `ACT_RU_DEADLETTER_JOB`;
CREATE TABLE `ACT_RU_DEADLETTER_JOB` (
  `ID_` varchar(64) CHARACTER SET utf8 COLLATE utf8_bin NOT NULL,
  `REV_` int DEFAULT NULL,
  `TYPE_` varchar(255) CHARACTER SET utf8 COLLATE utf8_bin NOT NULL,
  `EXCLUSIVE_` tinyint(1) DEFAULT NULL,
  `EXECUTION_ID_` varchar(64) CHARACTER SET utf8 COLLATE utf8_bin DEFAULT NULL,
  `PROCESS_INSTANCE_ID_` varchar(64) CHARACTER SET utf8 COLLATE utf8_bin DEFAULT NULL,
  `PROC_DEF_ID_` varchar(64) CHARACTER SET utf8 COLLATE utf8_bin DEFAULT NULL,
  `EXCEPTION_STACK_ID_` varchar(64) CHARACTER SET utf8 COLLATE utf8_bin DEFAULT NULL,
  `EXCEPTION_MSG_` varchar(4000) CHARACTER SET utf8 COLLATE utf8_bin DEFAULT NULL,
  `DUEDATE_` timestamp(3) NULL DEFAULT NULL,
  `REPEAT_` varchar(255) CHARACTER SET utf8 COLLATE utf8_bin DEFAULT NULL,
  `HANDLER_TYPE_` varchar(255) CHARACTER SET utf8 COLLATE utf8_bin DEFAULT NULL,
  `HANDLER_CFG_` varchar(4000) CHARACTER SET utf8 COLLATE utf8_bin DEFAULT NULL,
  `TENANT_ID_` varchar(255) CHARACTER SET utf8 COLLATE utf8_bin DEFAULT '',
  PRIMARY KEY (`ID_`),
  KEY `ACT_FK_DEADLETTER_JOB_EXECUTION` (`EXECUTION_ID_`),
  KEY `ACT_FK_DEADLETTER_JOB_PROCESS_INSTANCE` (`PROCESS_INSTANCE_ID_`),
  KEY `ACT_FK_DEADLETTER_JOB_PROC_DEF` (`PROC_DEF_ID_`),
  KEY `ACT_FK_DEADLETTER_JOB_EXCEPTION` (`EXCEPTION_STACK_ID_`),
  CONSTRAINT `ACT_FK_DEADLETTER_JOB_EXCEPTION` FOREIGN KEY (`EXCEPTION_STACK_ID_`) REFERENCES `ACT_GE_BYTEARRAY` (`ID_`),
  CONSTRAINT `ACT_FK_DEADLETTER_JOB_EXECUTION` FOREIGN KEY (`EXECUTION_ID_`) REFERENCES `ACT_RU_EXECUTION` (`ID_`),
  CONSTRAINT `ACT_FK_DEADLETTER_JOB_PROC_DEF` FOREIGN KEY (`PROC_DEF_ID_`) REFERENCES `ACT_RE_PROCDEF` (`ID_`),
  CONSTRAINT `ACT_FK_DEADLETTER_JOB_PROCESS_INSTANCE` FOREIGN KEY (`PROCESS_INSTANCE_ID_`) REFERENCES `ACT_RU_EXECUTION` (`ID_`)
) ENGINE=InnoDB DEFAULT CHARSET=utf8mb3 COLLATE=utf8_bin;

-- ----------------------------
-- Table structure for ACT_RU_EVENT_SUBSCR
-- ----------------------------
DROP TABLE IF EXISTS `ACT_RU_EVENT_SUBSCR`;
CREATE TABLE `ACT_RU_EVENT_SUBSCR` (
  `ID_` varchar(64) CHARACTER SET utf8 COLLATE utf8_bin NOT NULL,
  `REV_` int DEFAULT NULL,
  `EVENT_TYPE_` varchar(255) CHARACTER SET utf8 COLLATE utf8_bin NOT NULL,
  `EVENT_NAME_` varchar(255) CHARACTER SET utf8 COLLATE utf8_bin DEFAULT NULL,
  `EXECUTION_ID_` varchar(64) CHARACTER SET utf8 COLLATE utf8_bin DEFAULT NULL,
  `PROC_INST_ID_` varchar(64) CHARACTER SET utf8 COLLATE utf8_bin DEFAULT NULL,
  `ACTIVITY_ID_` varchar(64) CHARACTER SET utf8 COLLATE utf8_bin DEFAULT NULL,
  `CONFIGURATION_` varchar(255) CHARACTER SET utf8 COLLATE utf8_bin DEFAULT NULL,
  `CREATED_` timestamp(3) NOT NULL DEFAULT CURRENT_TIMESTAMP(3),
  `PROC_DEF_ID_` varchar(64) CHARACTER SET utf8 COLLATE utf8_bin DEFAULT NULL,
  `TENANT_ID_` varchar(255) CHARACTER SET utf8 COLLATE utf8_bin DEFAULT '',
  PRIMARY KEY (`ID_`),
  KEY `ACT_IDX_EVENT_SUBSCR_CONFIG_` (`CONFIGURATION_`),
  KEY `ACT_FK_EVENT_EXEC` (`EXECUTION_ID_`),
  CONSTRAINT `ACT_FK_EVENT_EXEC` FOREIGN KEY (`EXECUTION_ID_`) REFERENCES `ACT_RU_EXECUTION` (`ID_`)
) ENGINE=InnoDB DEFAULT CHARSET=utf8mb3 COLLATE=utf8_bin;

-- ----------------------------
-- Table structure for ACT_RU_EXECUTION
-- ----------------------------
DROP TABLE IF EXISTS `ACT_RU_EXECUTION`;
CREATE TABLE `ACT_RU_EXECUTION` (
  `ID_` varchar(64) CHARACTER SET utf8 COLLATE utf8_bin NOT NULL,
  `REV_` int DEFAULT NULL,
  `PROC_INST_ID_` varchar(64) CHARACTER SET utf8 COLLATE utf8_bin DEFAULT NULL,
  `BUSINESS_KEY_` varchar(255) CHARACTER SET utf8 COLLATE utf8_bin DEFAULT NULL,
  `PARENT_ID_` varchar(64) CHARACTER SET utf8 COLLATE utf8_bin DEFAULT NULL,
  `PROC_DEF_ID_` varchar(64) CHARACTER SET utf8 COLLATE utf8_bin DEFAULT NULL,
  `SUPER_EXEC_` varchar(64) CHARACTER SET utf8 COLLATE utf8_bin DEFAULT NULL,
  `ROOT_PROC_INST_ID_` varchar(64) CHARACTER SET utf8 COLLATE utf8_bin DEFAULT NULL,
  `ACT_ID_` varchar(255) CHARACTER SET utf8 COLLATE utf8_bin DEFAULT NULL,
  `IS_ACTIVE_` tinyint DEFAULT NULL,
  `IS_CONCURRENT_` tinyint DEFAULT NULL,
  `IS_SCOPE_` tinyint DEFAULT NULL,
  `IS_EVENT_SCOPE_` tinyint DEFAULT NULL,
  `IS_MI_ROOT_` tinyint DEFAULT NULL,
  `SUSPENSION_STATE_` int DEFAULT NULL,
  `CACHED_ENT_STATE_` int DEFAULT NULL,
  `TENANT_ID_` varchar(255) CHARACTER SET utf8 COLLATE utf8_bin DEFAULT '',
  `NAME_` varchar(255) CHARACTER SET utf8 COLLATE utf8_bin DEFAULT NULL,
  `START_TIME_` datetime(3) DEFAULT NULL,
  `START_USER_ID_` varchar(255) CHARACTER SET utf8 COLLATE utf8_bin DEFAULT NULL,
  `LOCK_TIME_` timestamp(3) NULL DEFAULT NULL,
  `IS_COUNT_ENABLED_` tinyint DEFAULT NULL,
  `EVT_SUBSCR_COUNT_` int DEFAULT NULL,
  `TASK_COUNT_` int DEFAULT NULL,
  `JOB_COUNT_` int DEFAULT NULL,
  `TIMER_JOB_COUNT_` int DEFAULT NULL,
  `SUSP_JOB_COUNT_` int DEFAULT NULL,
  `DEADLETTER_JOB_COUNT_` int DEFAULT NULL,
  `VAR_COUNT_` int DEFAULT NULL,
  `ID_LINK_COUNT_` int DEFAULT NULL,
  `APP_VERSION_` int DEFAULT NULL,
  PRIMARY KEY (`ID_`),
  KEY `ACT_IDX_EXEC_BUSKEY` (`BUSINESS_KEY_`),
  KEY `ACT_IDC_EXEC_ROOT` (`ROOT_PROC_INST_ID_`),
  KEY `ACT_FK_EXE_PROCINST` (`PROC_INST_ID_`),
  KEY `ACT_FK_EXE_PARENT` (`PARENT_ID_`),
  KEY `ACT_FK_EXE_SUPER` (`SUPER_EXEC_`),
  KEY `ACT_FK_EXE_PROCDEF` (`PROC_DEF_ID_`),
  CONSTRAINT `ACT_FK_EXE_PARENT` FOREIGN KEY (`PARENT_ID_`) REFERENCES `ACT_RU_EXECUTION` (`ID_`) ON DELETE CASCADE,
  CONSTRAINT `ACT_FK_EXE_PROCDEF` FOREIGN KEY (`PROC_DEF_ID_`) REFERENCES `ACT_RE_PROCDEF` (`ID_`),
  CONSTRAINT `ACT_FK_EXE_PROCINST` FOREIGN KEY (`PROC_INST_ID_`) REFERENCES `ACT_RU_EXECUTION` (`ID_`) ON DELETE CASCADE ON UPDATE CASCADE,
  CONSTRAINT `ACT_FK_EXE_SUPER` FOREIGN KEY (`SUPER_EXEC_`) REFERENCES `ACT_RU_EXECUTION` (`ID_`) ON DELETE CASCADE
) ENGINE=InnoDB DEFAULT CHARSET=utf8mb3 COLLATE=utf8_bin;

-- ----------------------------
-- Records of ACT_RU_EXECUTION
-- ----------------------------
BEGIN;
INSERT INTO `ACT_RU_EXECUTION` VALUES ('8de8b46c-3182-11ec-a0b7-f20b812c0662', 1, '8de8b46c-3182-11ec-a0b7-f20b812c0662', '1450745828686696448', NULL, 'flowLeave:4:8e42a9bb-3179-11ec-9438-f20b812c0662', NULL, '8de8b46c-3182-11ec-a0b7-f20b812c0662', NULL, 1, 0, 1, 0, 0, 1, NULL, '', NULL, '2021-10-20 16:48:53.798', 'userD', NULL, 0, 0, 0, 0, 0, 0, 0, 0, 0, NULL);
INSERT INTO `ACT_RU_EXECUTION` VALUES ('8de976c4-3182-11ec-a0b7-f20b812c0662', 2, '8de8b46c-3182-11ec-a0b7-f20b812c0662', NULL, '8de8b46c-3182-11ec-a0b7-f20b812c0662', 'flowLeave:4:8e42a9bb-3179-11ec-9438-f20b812c0662', NULL, '8de8b46c-3182-11ec-a0b7-f20b812c0662', 'Activity_11jr0px', 1, 0, 0, 0, 0, 1, NULL, '', NULL, '2021-10-20 16:48:53.804', NULL, NULL, 0, 0, 0, 0, 0, 0, 0, 0, 0, NULL);
INSERT INTO `ACT_RU_EXECUTION` VALUES ('a396f281-3186-11ec-bf2d-f20b812c0662', 1, 'a396f281-3186-11ec-bf2d-f20b812c0662', '1450753187064582144', NULL, 'flowLeave:7:98337350-3186-11ec-bf2d-f20b812c0662', NULL, 'a396f281-3186-11ec-bf2d-f20b812c0662', NULL, 1, 0, 1, 0, 0, 1, NULL, '', NULL, '2021-10-20 17:18:08.160', 'userD', NULL, 0, 0, 0, 0, 0, 0, 0, 0, 0, NULL);
INSERT INTO `ACT_RU_EXECUTION` VALUES ('a3978ec9-3186-11ec-bf2d-f20b812c0662', 2, 'a396f281-3186-11ec-bf2d-f20b812c0662', NULL, 'a396f281-3186-11ec-bf2d-f20b812c0662', 'flowLeave:7:98337350-3186-11ec-bf2d-f20b812c0662', NULL, 'a396f281-3186-11ec-bf2d-f20b812c0662', 'Activity_11jr0px', 1, 0, 0, 0, 0, 1, NULL, '', NULL, '2021-10-20 17:18:08.164', NULL, NULL, 0, 0, 0, 0, 0, 0, 0, 0, 0, NULL);
INSERT INTO `ACT_RU_EXECUTION` VALUES ('d6423389-69e6-11ec-bb85-0235bf949cb9', 1, 'd6423389-69e6-11ec-bb85-0235bf949cb9', '1476751923557175296', NULL, 'flowLeave:9:7d23427c-69e6-11ec-bb85-0235bf949cb9', NULL, 'd6423389-69e6-11ec-bb85-0235bf949cb9', NULL, 1, 0, 1, 0, 0, 1, NULL, '', NULL, '2021-12-31 11:07:49.970', 'admin', NULL, 0, 0, 0, 0, 0, 0, 0, 0, 0, NULL);
INSERT INTO `ACT_RU_EXECUTION` VALUES ('d642f6e1-69e6-11ec-bb85-0235bf949cb9', 2, 'd6423389-69e6-11ec-bb85-0235bf949cb9', NULL, 'd6423389-69e6-11ec-bb85-0235bf949cb9', 'flowLeave:9:7d23427c-69e6-11ec-bb85-0235bf949cb9', NULL, 'd6423389-69e6-11ec-bb85-0235bf949cb9', 'Activity_11jr0px', 1, 0, 0, 0, 0, 1, NULL, '', NULL, '2021-12-31 11:07:49.974', NULL, NULL, 0, 0, 0, 0, 0, 0, 0, 0, 0, NULL);
INSERT INTO `ACT_RU_EXECUTION` VALUES ('dc101a4d-69e6-11ec-bb85-0235bf949cb9', 1, 'dc101a4d-69e6-11ec-bb85-0235bf949cb9', '1476751964434862080', NULL, 'flowSubmit:4:87e59faf-69e6-11ec-bb85-0235bf949cb9', NULL, 'dc101a4d-69e6-11ec-bb85-0235bf949cb9', NULL, 1, 0, 1, 0, 0, 1, NULL, '', NULL, '2021-12-31 11:07:59.708', 'admin', NULL, 0, 0, 0, 0, 0, 0, 0, 0, 0, NULL);
INSERT INTO `ACT_RU_EXECUTION` VALUES ('dc101a55-69e6-11ec-bb85-0235bf949cb9', 2, 'dc101a4d-69e6-11ec-bb85-0235bf949cb9', NULL, 'dc101a4d-69e6-11ec-bb85-0235bf949cb9', 'flowSubmit:4:87e59faf-69e6-11ec-bb85-0235bf949cb9', NULL, 'dc101a4d-69e6-11ec-bb85-0235bf949cb9', 'Activity_04scn2o', 1, 0, 0, 0, 0, 1, NULL, '', NULL, '2021-12-31 11:07:59.708', NULL, NULL, 0, 0, 0, 0, 0, 0, 0, 0, 0, NULL);
COMMIT;

-- ----------------------------
-- Table structure for ACT_RU_IDENTITYLINK
-- ----------------------------
DROP TABLE IF EXISTS `ACT_RU_IDENTITYLINK`;
CREATE TABLE `ACT_RU_IDENTITYLINK` (
  `ID_` varchar(64) CHARACTER SET utf8 COLLATE utf8_bin NOT NULL,
  `REV_` int DEFAULT NULL,
  `GROUP_ID_` varchar(255) CHARACTER SET utf8 COLLATE utf8_bin DEFAULT NULL,
  `TYPE_` varchar(255) CHARACTER SET utf8 COLLATE utf8_bin DEFAULT NULL,
  `USER_ID_` varchar(255) CHARACTER SET utf8 COLLATE utf8_bin DEFAULT NULL,
  `TASK_ID_` varchar(64) CHARACTER SET utf8 COLLATE utf8_bin DEFAULT NULL,
  `PROC_INST_ID_` varchar(64) CHARACTER SET utf8 COLLATE utf8_bin DEFAULT NULL,
  `PROC_DEF_ID_` varchar(64) CHARACTER SET utf8 COLLATE utf8_bin DEFAULT NULL,
  PRIMARY KEY (`ID_`),
  KEY `ACT_IDX_IDENT_LNK_USER` (`USER_ID_`),
  KEY `ACT_IDX_IDENT_LNK_GROUP` (`GROUP_ID_`),
  KEY `ACT_IDX_ATHRZ_PROCEDEF` (`PROC_DEF_ID_`),
  KEY `ACT_FK_TSKASS_TASK` (`TASK_ID_`),
  KEY `ACT_FK_IDL_PROCINST` (`PROC_INST_ID_`),
  CONSTRAINT `ACT_FK_ATHRZ_PROCEDEF` FOREIGN KEY (`PROC_DEF_ID_`) REFERENCES `ACT_RE_PROCDEF` (`ID_`),
  CONSTRAINT `ACT_FK_IDL_PROCINST` FOREIGN KEY (`PROC_INST_ID_`) REFERENCES `ACT_RU_EXECUTION` (`ID_`),
  CONSTRAINT `ACT_FK_TSKASS_TASK` FOREIGN KEY (`TASK_ID_`) REFERENCES `ACT_RU_TASK` (`ID_`)
) ENGINE=InnoDB DEFAULT CHARSET=utf8mb3 COLLATE=utf8_bin;

-- ----------------------------
-- Records of ACT_RU_IDENTITYLINK
-- ----------------------------
BEGIN;
INSERT INTO `ACT_RU_IDENTITYLINK` VALUES ('8de8b46d-3182-11ec-a0b7-f20b812c0662', 1, NULL, 'starter', 'userD', NULL, '8de8b46c-3182-11ec-a0b7-f20b812c0662', NULL);
INSERT INTO `ACT_RU_IDENTITYLINK` VALUES ('9c16c470-3182-11ec-a0b7-f20b812c0662', 1, '1440964519391137792', 'candidate', NULL, '9c164f37-3182-11ec-a0b7-f20b812c0662', NULL, NULL);
INSERT INTO `ACT_RU_IDENTITYLINK` VALUES ('a396f282-3186-11ec-bf2d-f20b812c0662', 1, NULL, 'starter', 'userD', NULL, 'a396f281-3186-11ec-bf2d-f20b812c0662', NULL);
INSERT INTO `ACT_RU_IDENTITYLINK` VALUES ('a3a26454-3186-11ec-bf2d-f20b812c0662', 1, '1440964519391137792', 'candidate', NULL, 'a3a2162b-3186-11ec-bf2d-f20b812c0662', NULL, NULL);
INSERT INTO `ACT_RU_IDENTITYLINK` VALUES ('d6425a9a-69e6-11ec-bb85-0235bf949cb9', 1, NULL, 'starter', 'admin', NULL, 'd6423389-69e6-11ec-bb85-0235bf949cb9', NULL);
INSERT INTO `ACT_RU_IDENTITYLINK` VALUES ('d64eb6cc-69e6-11ec-bb85-0235bf949cb9', 1, '1440969551792574464', 'candidate', NULL, 'd64e68a3-69e6-11ec-bb85-0235bf949cb9', NULL, NULL);
INSERT INTO `ACT_RU_IDENTITYLINK` VALUES ('dc101a4e-69e6-11ec-bb85-0235bf949cb9', 1, NULL, 'starter', 'admin', NULL, 'dc101a4d-69e6-11ec-bb85-0235bf949cb9', NULL);
INSERT INTO `ACT_RU_IDENTITYLINK` VALUES ('dc154a90-69e6-11ec-bb85-0235bf949cb9', 1, '1440969551792574464', 'candidate', NULL, 'dc14fc67-69e6-11ec-bb85-0235bf949cb9', NULL, NULL);
COMMIT;

-- ----------------------------
-- Table structure for ACT_RU_INTEGRATION
-- ----------------------------
DROP TABLE IF EXISTS `ACT_RU_INTEGRATION`;
CREATE TABLE `ACT_RU_INTEGRATION` (
  `ID_` varchar(64) CHARACTER SET utf8 COLLATE utf8_bin NOT NULL,
  `EXECUTION_ID_` varchar(64) CHARACTER SET utf8 COLLATE utf8_bin DEFAULT NULL,
  `PROCESS_INSTANCE_ID_` varchar(64) CHARACTER SET utf8 COLLATE utf8_bin DEFAULT NULL,
  `PROC_DEF_ID_` varchar(64) CHARACTER SET utf8 COLLATE utf8_bin DEFAULT NULL,
  `FLOW_NODE_ID_` varchar(64) CHARACTER SET utf8 COLLATE utf8_bin DEFAULT NULL,
  `CREATED_DATE_` timestamp(3) NOT NULL DEFAULT CURRENT_TIMESTAMP(3) ON UPDATE CURRENT_TIMESTAMP(3),
  PRIMARY KEY (`ID_`),
  KEY `ACT_FK_INT_EXECUTION` (`EXECUTION_ID_`),
  KEY `ACT_FK_INT_PROC_INST` (`PROCESS_INSTANCE_ID_`),
  KEY `ACT_FK_INT_PROC_DEF` (`PROC_DEF_ID_`),
  CONSTRAINT `ACT_FK_INT_EXECUTION` FOREIGN KEY (`EXECUTION_ID_`) REFERENCES `ACT_RU_EXECUTION` (`ID_`) ON DELETE CASCADE,
  CONSTRAINT `ACT_FK_INT_PROC_DEF` FOREIGN KEY (`PROC_DEF_ID_`) REFERENCES `ACT_RE_PROCDEF` (`ID_`),
  CONSTRAINT `ACT_FK_INT_PROC_INST` FOREIGN KEY (`PROCESS_INSTANCE_ID_`) REFERENCES `ACT_RU_EXECUTION` (`ID_`)
) ENGINE=InnoDB DEFAULT CHARSET=utf8mb3 COLLATE=utf8_bin;

-- ----------------------------
-- Table structure for ACT_RU_JOB
-- ----------------------------
DROP TABLE IF EXISTS `ACT_RU_JOB`;
CREATE TABLE `ACT_RU_JOB` (
  `ID_` varchar(64) CHARACTER SET utf8 COLLATE utf8_bin NOT NULL,
  `REV_` int DEFAULT NULL,
  `TYPE_` varchar(255) CHARACTER SET utf8 COLLATE utf8_bin NOT NULL,
  `LOCK_EXP_TIME_` timestamp(3) NULL DEFAULT NULL,
  `LOCK_OWNER_` varchar(255) CHARACTER SET utf8 COLLATE utf8_bin DEFAULT NULL,
  `EXCLUSIVE_` tinyint(1) DEFAULT NULL,
  `EXECUTION_ID_` varchar(64) CHARACTER SET utf8 COLLATE utf8_bin DEFAULT NULL,
  `PROCESS_INSTANCE_ID_` varchar(64) CHARACTER SET utf8 COLLATE utf8_bin DEFAULT NULL,
  `PROC_DEF_ID_` varchar(64) CHARACTER SET utf8 COLLATE utf8_bin DEFAULT NULL,
  `RETRIES_` int DEFAULT NULL,
  `EXCEPTION_STACK_ID_` varchar(64) CHARACTER SET utf8 COLLATE utf8_bin DEFAULT NULL,
  `EXCEPTION_MSG_` varchar(4000) CHARACTER SET utf8 COLLATE utf8_bin DEFAULT NULL,
  `DUEDATE_` timestamp(3) NULL DEFAULT NULL,
  `REPEAT_` varchar(255) CHARACTER SET utf8 COLLATE utf8_bin DEFAULT NULL,
  `HANDLER_TYPE_` varchar(255) CHARACTER SET utf8 COLLATE utf8_bin DEFAULT NULL,
  `HANDLER_CFG_` varchar(4000) CHARACTER SET utf8 COLLATE utf8_bin DEFAULT NULL,
  `TENANT_ID_` varchar(255) CHARACTER SET utf8 COLLATE utf8_bin DEFAULT '',
  PRIMARY KEY (`ID_`),
  KEY `ACT_FK_JOB_EXECUTION` (`EXECUTION_ID_`),
  KEY `ACT_FK_JOB_PROCESS_INSTANCE` (`PROCESS_INSTANCE_ID_`),
  KEY `ACT_FK_JOB_PROC_DEF` (`PROC_DEF_ID_`),
  KEY `ACT_FK_JOB_EXCEPTION` (`EXCEPTION_STACK_ID_`),
  CONSTRAINT `ACT_FK_JOB_EXCEPTION` FOREIGN KEY (`EXCEPTION_STACK_ID_`) REFERENCES `ACT_GE_BYTEARRAY` (`ID_`),
  CONSTRAINT `ACT_FK_JOB_EXECUTION` FOREIGN KEY (`EXECUTION_ID_`) REFERENCES `ACT_RU_EXECUTION` (`ID_`),
  CONSTRAINT `ACT_FK_JOB_PROC_DEF` FOREIGN KEY (`PROC_DEF_ID_`) REFERENCES `ACT_RE_PROCDEF` (`ID_`),
  CONSTRAINT `ACT_FK_JOB_PROCESS_INSTANCE` FOREIGN KEY (`PROCESS_INSTANCE_ID_`) REFERENCES `ACT_RU_EXECUTION` (`ID_`)
) ENGINE=InnoDB DEFAULT CHARSET=utf8mb3 COLLATE=utf8_bin;

-- ----------------------------
-- Table structure for ACT_RU_SUSPENDED_JOB
-- ----------------------------
DROP TABLE IF EXISTS `ACT_RU_SUSPENDED_JOB`;
CREATE TABLE `ACT_RU_SUSPENDED_JOB` (
  `ID_` varchar(64) CHARACTER SET utf8 COLLATE utf8_bin NOT NULL,
  `REV_` int DEFAULT NULL,
  `TYPE_` varchar(255) CHARACTER SET utf8 COLLATE utf8_bin NOT NULL,
  `EXCLUSIVE_` tinyint(1) DEFAULT NULL,
  `EXECUTION_ID_` varchar(64) CHARACTER SET utf8 COLLATE utf8_bin DEFAULT NULL,
  `PROCESS_INSTANCE_ID_` varchar(64) CHARACTER SET utf8 COLLATE utf8_bin DEFAULT NULL,
  `PROC_DEF_ID_` varchar(64) CHARACTER SET utf8 COLLATE utf8_bin DEFAULT NULL,
  `RETRIES_` int DEFAULT NULL,
  `EXCEPTION_STACK_ID_` varchar(64) CHARACTER SET utf8 COLLATE utf8_bin DEFAULT NULL,
  `EXCEPTION_MSG_` varchar(4000) CHARACTER SET utf8 COLLATE utf8_bin DEFAULT NULL,
  `DUEDATE_` timestamp(3) NULL DEFAULT NULL,
  `REPEAT_` varchar(255) CHARACTER SET utf8 COLLATE utf8_bin DEFAULT NULL,
  `HANDLER_TYPE_` varchar(255) CHARACTER SET utf8 COLLATE utf8_bin DEFAULT NULL,
  `HANDLER_CFG_` varchar(4000) CHARACTER SET utf8 COLLATE utf8_bin DEFAULT NULL,
  `TENANT_ID_` varchar(255) CHARACTER SET utf8 COLLATE utf8_bin DEFAULT '',
  PRIMARY KEY (`ID_`),
  KEY `ACT_FK_SUSPENDED_JOB_EXECUTION` (`EXECUTION_ID_`),
  KEY `ACT_FK_SUSPENDED_JOB_PROCESS_INSTANCE` (`PROCESS_INSTANCE_ID_`),
  KEY `ACT_FK_SUSPENDED_JOB_PROC_DEF` (`PROC_DEF_ID_`),
  KEY `ACT_FK_SUSPENDED_JOB_EXCEPTION` (`EXCEPTION_STACK_ID_`),
  CONSTRAINT `ACT_FK_SUSPENDED_JOB_EXCEPTION` FOREIGN KEY (`EXCEPTION_STACK_ID_`) REFERENCES `ACT_GE_BYTEARRAY` (`ID_`),
  CONSTRAINT `ACT_FK_SUSPENDED_JOB_EXECUTION` FOREIGN KEY (`EXECUTION_ID_`) REFERENCES `ACT_RU_EXECUTION` (`ID_`),
  CONSTRAINT `ACT_FK_SUSPENDED_JOB_PROC_DEF` FOREIGN KEY (`PROC_DEF_ID_`) REFERENCES `ACT_RE_PROCDEF` (`ID_`),
  CONSTRAINT `ACT_FK_SUSPENDED_JOB_PROCESS_INSTANCE` FOREIGN KEY (`PROCESS_INSTANCE_ID_`) REFERENCES `ACT_RU_EXECUTION` (`ID_`)
) ENGINE=InnoDB DEFAULT CHARSET=utf8mb3 COLLATE=utf8_bin;

-- ----------------------------
-- Table structure for ACT_RU_TASK
-- ----------------------------
DROP TABLE IF EXISTS `ACT_RU_TASK`;
CREATE TABLE `ACT_RU_TASK` (
  `ID_` varchar(64) CHARACTER SET utf8 COLLATE utf8_bin NOT NULL,
  `REV_` int DEFAULT NULL,
  `EXECUTION_ID_` varchar(64) CHARACTER SET utf8 COLLATE utf8_bin DEFAULT NULL,
  `PROC_INST_ID_` varchar(64) CHARACTER SET utf8 COLLATE utf8_bin DEFAULT NULL,
  `PROC_DEF_ID_` varchar(64) CHARACTER SET utf8 COLLATE utf8_bin DEFAULT NULL,
  `NAME_` varchar(255) CHARACTER SET utf8 COLLATE utf8_bin DEFAULT NULL,
  `BUSINESS_KEY_` varchar(255) CHARACTER SET utf8 COLLATE utf8_bin DEFAULT NULL,
  `PARENT_TASK_ID_` varchar(64) CHARACTER SET utf8 COLLATE utf8_bin DEFAULT NULL,
  `DESCRIPTION_` varchar(4000) CHARACTER SET utf8 COLLATE utf8_bin DEFAULT NULL,
  `TASK_DEF_KEY_` varchar(255) CHARACTER SET utf8 COLLATE utf8_bin DEFAULT NULL,
  `OWNER_` varchar(255) CHARACTER SET utf8 COLLATE utf8_bin DEFAULT NULL,
  `ASSIGNEE_` varchar(255) CHARACTER SET utf8 COLLATE utf8_bin DEFAULT NULL,
  `DELEGATION_` varchar(64) CHARACTER SET utf8 COLLATE utf8_bin DEFAULT NULL,
  `PRIORITY_` int DEFAULT NULL,
  `CREATE_TIME_` timestamp(3) NULL DEFAULT NULL,
  `DUE_DATE_` datetime(3) DEFAULT NULL,
  `CATEGORY_` varchar(255) CHARACTER SET utf8 COLLATE utf8_bin DEFAULT NULL,
  `SUSPENSION_STATE_` int DEFAULT NULL,
  `TENANT_ID_` varchar(255) CHARACTER SET utf8 COLLATE utf8_bin DEFAULT '',
  `FORM_KEY_` varchar(255) CHARACTER SET utf8 COLLATE utf8_bin DEFAULT NULL,
  `CLAIM_TIME_` datetime(3) DEFAULT NULL,
  `APP_VERSION_` int DEFAULT NULL,
  PRIMARY KEY (`ID_`),
  KEY `ACT_IDX_TASK_CREATE` (`CREATE_TIME_`),
  KEY `ACT_FK_TASK_EXE` (`EXECUTION_ID_`),
  KEY `ACT_FK_TASK_PROCINST` (`PROC_INST_ID_`),
  KEY `ACT_FK_TASK_PROCDEF` (`PROC_DEF_ID_`),
  CONSTRAINT `ACT_FK_TASK_EXE` FOREIGN KEY (`EXECUTION_ID_`) REFERENCES `ACT_RU_EXECUTION` (`ID_`),
  CONSTRAINT `ACT_FK_TASK_PROCDEF` FOREIGN KEY (`PROC_DEF_ID_`) REFERENCES `ACT_RE_PROCDEF` (`ID_`),
  CONSTRAINT `ACT_FK_TASK_PROCINST` FOREIGN KEY (`PROC_INST_ID_`) REFERENCES `ACT_RU_EXECUTION` (`ID_`)
) ENGINE=InnoDB DEFAULT CHARSET=utf8mb3 COLLATE=utf8_bin;

-- ----------------------------
-- Records of ACT_RU_TASK
-- ----------------------------
BEGIN;
INSERT INTO `ACT_RU_TASK` VALUES ('9c164f37-3182-11ec-a0b7-f20b812c0662', 1, '8de976c4-3182-11ec-a0b7-f20b812c0662', '8de8b46c-3182-11ec-a0b7-f20b812c0662', 'flowLeave:4:8e42a9bb-3179-11ec-9438-f20b812c0662', '部门领导审批', '1450745828686696448', NULL, NULL, 'Activity_11jr0px', NULL, NULL, NULL, 50, '2021-10-20 16:49:17.586', NULL, NULL, 1, '', '{\"formId\":\"1440945411354267648\",\"readOnly\":true,\"groupType\":\"DEPT_POST_LEADER\"}', NULL, NULL);
INSERT INTO `ACT_RU_TASK` VALUES ('a3a2162b-3186-11ec-bf2d-f20b812c0662', 1, 'a3978ec9-3186-11ec-bf2d-f20b812c0662', 'a396f281-3186-11ec-bf2d-f20b812c0662', 'flowLeave:7:98337350-3186-11ec-bf2d-f20b812c0662', '部门领导审批', '1450753187064582144', NULL, NULL, 'Activity_11jr0px', NULL, NULL, NULL, 50, '2021-10-20 17:18:08.233', NULL, NULL, 1, '', '{\"formId\":\"1440945411354267648\",\"readOnly\":true,\"groupType\":\"DEPT_POST_LEADER\"}', NULL, NULL);
INSERT INTO `ACT_RU_TASK` VALUES ('d64e68a3-69e6-11ec-bb85-0235bf949cb9', 1, 'd642f6e1-69e6-11ec-bb85-0235bf949cb9', 'd6423389-69e6-11ec-bb85-0235bf949cb9', 'flowLeave:9:7d23427c-69e6-11ec-bb85-0235bf949cb9', '部门领导审批', '1476751923557175296', NULL, NULL, 'Activity_11jr0px', NULL, NULL, NULL, 50, '2021-12-31 11:07:50.050', NULL, NULL, 1, '', '{\"formId\":\"1440945411354267648\",\"readOnly\":true,\"groupType\":\"DEPT_POST_LEADER\"}', NULL, NULL);
INSERT INTO `ACT_RU_TASK` VALUES ('dc14fc67-69e6-11ec-bb85-0235bf949cb9', 1, 'dc101a55-69e6-11ec-bb85-0235bf949cb9', 'dc101a4d-69e6-11ec-bb85-0235bf949cb9', 'flowSubmit:4:87e59faf-69e6-11ec-bb85-0235bf949cb9', '部门领导审批', '1476751964434862080', NULL, NULL, 'Activity_04scn2o', NULL, NULL, NULL, 50, '2021-12-31 11:07:59.740', NULL, NULL, 1, '', '{\"formId\":\"1440947675041107968\",\"readOnly\":true,\"groupType\":\"DEPT_POST_LEADER\"}', NULL, NULL);
COMMIT;

-- ----------------------------
-- Table structure for ACT_RU_TIMER_JOB
-- ----------------------------
DROP TABLE IF EXISTS `ACT_RU_TIMER_JOB`;
CREATE TABLE `ACT_RU_TIMER_JOB` (
  `ID_` varchar(64) CHARACTER SET utf8 COLLATE utf8_bin NOT NULL,
  `REV_` int DEFAULT NULL,
  `TYPE_` varchar(255) CHARACTER SET utf8 COLLATE utf8_bin NOT NULL,
  `LOCK_EXP_TIME_` timestamp(3) NULL DEFAULT NULL,
  `LOCK_OWNER_` varchar(255) CHARACTER SET utf8 COLLATE utf8_bin DEFAULT NULL,
  `EXCLUSIVE_` tinyint(1) DEFAULT NULL,
  `EXECUTION_ID_` varchar(64) CHARACTER SET utf8 COLLATE utf8_bin DEFAULT NULL,
  `PROCESS_INSTANCE_ID_` varchar(64) CHARACTER SET utf8 COLLATE utf8_bin DEFAULT NULL,
  `PROC_DEF_ID_` varchar(64) CHARACTER SET utf8 COLLATE utf8_bin DEFAULT NULL,
  `RETRIES_` int DEFAULT NULL,
  `EXCEPTION_STACK_ID_` varchar(64) CHARACTER SET utf8 COLLATE utf8_bin DEFAULT NULL,
  `EXCEPTION_MSG_` varchar(4000) CHARACTER SET utf8 COLLATE utf8_bin DEFAULT NULL,
  `DUEDATE_` timestamp(3) NULL DEFAULT NULL,
  `REPEAT_` varchar(255) CHARACTER SET utf8 COLLATE utf8_bin DEFAULT NULL,
  `HANDLER_TYPE_` varchar(255) CHARACTER SET utf8 COLLATE utf8_bin DEFAULT NULL,
  `HANDLER_CFG_` varchar(4000) CHARACTER SET utf8 COLLATE utf8_bin DEFAULT NULL,
  `TENANT_ID_` varchar(255) CHARACTER SET utf8 COLLATE utf8_bin DEFAULT '',
  PRIMARY KEY (`ID_`),
  KEY `ACT_FK_TIMER_JOB_EXECUTION` (`EXECUTION_ID_`),
  KEY `ACT_FK_TIMER_JOB_PROCESS_INSTANCE` (`PROCESS_INSTANCE_ID_`),
  KEY `ACT_FK_TIMER_JOB_PROC_DEF` (`PROC_DEF_ID_`),
  KEY `ACT_FK_TIMER_JOB_EXCEPTION` (`EXCEPTION_STACK_ID_`),
  CONSTRAINT `ACT_FK_TIMER_JOB_EXCEPTION` FOREIGN KEY (`EXCEPTION_STACK_ID_`) REFERENCES `ACT_GE_BYTEARRAY` (`ID_`),
  CONSTRAINT `ACT_FK_TIMER_JOB_EXECUTION` FOREIGN KEY (`EXECUTION_ID_`) REFERENCES `ACT_RU_EXECUTION` (`ID_`),
  CONSTRAINT `ACT_FK_TIMER_JOB_PROC_DEF` FOREIGN KEY (`PROC_DEF_ID_`) REFERENCES `ACT_RE_PROCDEF` (`ID_`),
  CONSTRAINT `ACT_FK_TIMER_JOB_PROCESS_INSTANCE` FOREIGN KEY (`PROCESS_INSTANCE_ID_`) REFERENCES `ACT_RU_EXECUTION` (`ID_`)
) ENGINE=InnoDB DEFAULT CHARSET=utf8mb3 COLLATE=utf8_bin;

-- ----------------------------
-- Table structure for ACT_RU_VARIABLE
-- ----------------------------
DROP TABLE IF EXISTS `ACT_RU_VARIABLE`;
CREATE TABLE `ACT_RU_VARIABLE` (
  `ID_` varchar(64) CHARACTER SET utf8 COLLATE utf8_bin NOT NULL,
  `REV_` int DEFAULT NULL,
  `TYPE_` varchar(255) CHARACTER SET utf8 COLLATE utf8_bin NOT NULL,
  `NAME_` varchar(255) CHARACTER SET utf8 COLLATE utf8_bin NOT NULL,
  `EXECUTION_ID_` varchar(64) CHARACTER SET utf8 COLLATE utf8_bin DEFAULT NULL,
  `PROC_INST_ID_` varchar(64) CHARACTER SET utf8 COLLATE utf8_bin DEFAULT NULL,
  `TASK_ID_` varchar(64) CHARACTER SET utf8 COLLATE utf8_bin DEFAULT NULL,
  `BYTEARRAY_ID_` varchar(64) CHARACTER SET utf8 COLLATE utf8_bin DEFAULT NULL,
  `DOUBLE_` double DEFAULT NULL,
  `LONG_` bigint DEFAULT NULL,
  `TEXT_` varchar(4000) CHARACTER SET utf8 COLLATE utf8_bin DEFAULT NULL,
  `TEXT2_` varchar(4000) CHARACTER SET utf8 COLLATE utf8_bin DEFAULT NULL,
  PRIMARY KEY (`ID_`),
  KEY `ACT_IDX_VARIABLE_TASK_ID` (`TASK_ID_`),
  KEY `ACT_FK_VAR_EXE` (`EXECUTION_ID_`),
  KEY `ACT_FK_VAR_PROCINST` (`PROC_INST_ID_`),
  KEY `ACT_FK_VAR_BYTEARRAY` (`BYTEARRAY_ID_`),
  CONSTRAINT `ACT_FK_VAR_BYTEARRAY` FOREIGN KEY (`BYTEARRAY_ID_`) REFERENCES `ACT_GE_BYTEARRAY` (`ID_`),
  CONSTRAINT `ACT_FK_VAR_EXE` FOREIGN KEY (`EXECUTION_ID_`) REFERENCES `ACT_RU_EXECUTION` (`ID_`),
  CONSTRAINT `ACT_FK_VAR_PROCINST` FOREIGN KEY (`PROC_INST_ID_`) REFERENCES `ACT_RU_EXECUTION` (`ID_`)
) ENGINE=InnoDB DEFAULT CHARSET=utf8mb3 COLLATE=utf8_bin;

-- ----------------------------
-- Records of ACT_RU_VARIABLE
-- ----------------------------
BEGIN;
INSERT INTO `ACT_RU_VARIABLE` VALUES ('8de9028e-3182-11ec-a0b7-f20b812c0662', 1, 'string', 'startUserName', '8de8b46c-3182-11ec-a0b7-f20b812c0662', '8de8b46c-3182-11ec-a0b7-f20b812c0662', NULL, NULL, NULL, NULL, 'userD', NULL);
INSERT INTO `ACT_RU_VARIABLE` VALUES ('8de94fb0-3182-11ec-a0b7-f20b812c0662', 2, 'string', 'deptPostLeader', '8de8b46c-3182-11ec-a0b7-f20b812c0662', '8de8b46c-3182-11ec-a0b7-f20b812c0662', NULL, NULL, NULL, NULL, '1440964519391137792', NULL);
INSERT INTO `ACT_RU_VARIABLE` VALUES ('8de976c2-3182-11ec-a0b7-f20b812c0662', 1, 'string', 'initiator', '8de8b46c-3182-11ec-a0b7-f20b812c0662', '8de8b46c-3182-11ec-a0b7-f20b812c0662', NULL, NULL, NULL, NULL, 'userD', NULL);
INSERT INTO `ACT_RU_VARIABLE` VALUES ('9c15da02-3182-11ec-a0b7-f20b812c0662', 1, 'string', 'operationType', '8de8b46c-3182-11ec-a0b7-f20b812c0662', '8de8b46c-3182-11ec-a0b7-f20b812c0662', NULL, NULL, NULL, NULL, 'agree', NULL);
INSERT INTO `ACT_RU_VARIABLE` VALUES ('9c169d58-3182-11ec-a0b7-f20b812c0662', 1, 'string', 'startUserName', '8de976c4-3182-11ec-a0b7-f20b812c0662', '8de8b46c-3182-11ec-a0b7-f20b812c0662', '9c164f37-3182-11ec-a0b7-f20b812c0662', NULL, NULL, NULL, 'userD', NULL);
INSERT INTO `ACT_RU_VARIABLE` VALUES ('9c169d5a-3182-11ec-a0b7-f20b812c0662', 1, 'string', 'initiator', '8de976c4-3182-11ec-a0b7-f20b812c0662', '8de8b46c-3182-11ec-a0b7-f20b812c0662', '9c164f37-3182-11ec-a0b7-f20b812c0662', NULL, NULL, NULL, 'userD', NULL);
INSERT INTO `ACT_RU_VARIABLE` VALUES ('9c169d5c-3182-11ec-a0b7-f20b812c0662', 1, 'string', 'deptPostLeader', '8de976c4-3182-11ec-a0b7-f20b812c0662', '8de8b46c-3182-11ec-a0b7-f20b812c0662', '9c164f37-3182-11ec-a0b7-f20b812c0662', NULL, NULL, NULL, '1440964519391137792', NULL);
INSERT INTO `ACT_RU_VARIABLE` VALUES ('9c169d5e-3182-11ec-a0b7-f20b812c0662', 1, 'string', 'operationType', '8de976c4-3182-11ec-a0b7-f20b812c0662', '8de8b46c-3182-11ec-a0b7-f20b812c0662', '9c164f37-3182-11ec-a0b7-f20b812c0662', NULL, NULL, NULL, 'agree', NULL);
INSERT INTO `ACT_RU_VARIABLE` VALUES ('a3971993-3186-11ec-bf2d-f20b812c0662', 1, 'string', 'startUserName', 'a396f281-3186-11ec-bf2d-f20b812c0662', 'a396f281-3186-11ec-bf2d-f20b812c0662', NULL, NULL, NULL, NULL, 'userD', NULL);
INSERT INTO `ACT_RU_VARIABLE` VALUES ('a39767b5-3186-11ec-bf2d-f20b812c0662', 1, 'string', 'deptPostLeader', 'a396f281-3186-11ec-bf2d-f20b812c0662', 'a396f281-3186-11ec-bf2d-f20b812c0662', NULL, NULL, NULL, NULL, '1440964519391137792', NULL);
INSERT INTO `ACT_RU_VARIABLE` VALUES ('a39767b7-3186-11ec-bf2d-f20b812c0662', 1, 'string', 'initiator', 'a396f281-3186-11ec-bf2d-f20b812c0662', 'a396f281-3186-11ec-bf2d-f20b812c0662', NULL, NULL, NULL, NULL, 'userD', NULL);
INSERT INTO `ACT_RU_VARIABLE` VALUES ('a3a1c806-3186-11ec-bf2d-f20b812c0662', 1, 'string', 'operationType', 'a396f281-3186-11ec-bf2d-f20b812c0662', 'a396f281-3186-11ec-bf2d-f20b812c0662', NULL, NULL, NULL, NULL, 'agree', NULL);
INSERT INTO `ACT_RU_VARIABLE` VALUES ('a3a23d3c-3186-11ec-bf2d-f20b812c0662', 1, 'string', 'startUserName', 'a3978ec9-3186-11ec-bf2d-f20b812c0662', 'a396f281-3186-11ec-bf2d-f20b812c0662', 'a3a2162b-3186-11ec-bf2d-f20b812c0662', NULL, NULL, NULL, 'userD', NULL);
INSERT INTO `ACT_RU_VARIABLE` VALUES ('a3a2644e-3186-11ec-bf2d-f20b812c0662', 1, 'string', 'initiator', 'a3978ec9-3186-11ec-bf2d-f20b812c0662', 'a396f281-3186-11ec-bf2d-f20b812c0662', 'a3a2162b-3186-11ec-bf2d-f20b812c0662', NULL, NULL, NULL, 'userD', NULL);
INSERT INTO `ACT_RU_VARIABLE` VALUES ('a3a26450-3186-11ec-bf2d-f20b812c0662', 1, 'string', 'deptPostLeader', 'a3978ec9-3186-11ec-bf2d-f20b812c0662', 'a396f281-3186-11ec-bf2d-f20b812c0662', 'a3a2162b-3186-11ec-bf2d-f20b812c0662', NULL, NULL, NULL, '1440964519391137792', NULL);
INSERT INTO `ACT_RU_VARIABLE` VALUES ('a3a26452-3186-11ec-bf2d-f20b812c0662', 1, 'string', 'operationType', 'a3978ec9-3186-11ec-bf2d-f20b812c0662', 'a396f281-3186-11ec-bf2d-f20b812c0662', 'a3a2162b-3186-11ec-bf2d-f20b812c0662', NULL, NULL, NULL, 'agree', NULL);
INSERT INTO `ACT_RU_VARIABLE` VALUES ('d64281ab-69e6-11ec-bb85-0235bf949cb9', 1, 'string', 'startUserName', 'd6423389-69e6-11ec-bb85-0235bf949cb9', 'd6423389-69e6-11ec-bb85-0235bf949cb9', NULL, NULL, NULL, NULL, 'admin', NULL);
INSERT INTO `ACT_RU_VARIABLE` VALUES ('d642cfcd-69e6-11ec-bb85-0235bf949cb9', 1, 'string', 'deptPostLeader', 'd6423389-69e6-11ec-bb85-0235bf949cb9', 'd6423389-69e6-11ec-bb85-0235bf949cb9', NULL, NULL, NULL, NULL, '1440969551792574464', NULL);
INSERT INTO `ACT_RU_VARIABLE` VALUES ('d642cfcf-69e6-11ec-bb85-0235bf949cb9', 1, 'string', 'initiator', 'd6423389-69e6-11ec-bb85-0235bf949cb9', 'd6423389-69e6-11ec-bb85-0235bf949cb9', NULL, NULL, NULL, NULL, 'admin', NULL);
INSERT INTO `ACT_RU_VARIABLE` VALUES ('d64df36e-69e6-11ec-bb85-0235bf949cb9', 1, 'string', 'operationType', 'd6423389-69e6-11ec-bb85-0235bf949cb9', 'd6423389-69e6-11ec-bb85-0235bf949cb9', NULL, NULL, NULL, NULL, 'agree', NULL);
INSERT INTO `ACT_RU_VARIABLE` VALUES ('d64e8fb4-69e6-11ec-bb85-0235bf949cb9', 1, 'string', 'startUserName', 'd642f6e1-69e6-11ec-bb85-0235bf949cb9', 'd6423389-69e6-11ec-bb85-0235bf949cb9', 'd64e68a3-69e6-11ec-bb85-0235bf949cb9', NULL, NULL, NULL, 'admin', NULL);
INSERT INTO `ACT_RU_VARIABLE` VALUES ('d64e8fb6-69e6-11ec-bb85-0235bf949cb9', 1, 'string', 'initiator', 'd642f6e1-69e6-11ec-bb85-0235bf949cb9', 'd6423389-69e6-11ec-bb85-0235bf949cb9', 'd64e68a3-69e6-11ec-bb85-0235bf949cb9', NULL, NULL, NULL, 'admin', NULL);
INSERT INTO `ACT_RU_VARIABLE` VALUES ('d64e8fb8-69e6-11ec-bb85-0235bf949cb9', 1, 'string', 'deptPostLeader', 'd642f6e1-69e6-11ec-bb85-0235bf949cb9', 'd6423389-69e6-11ec-bb85-0235bf949cb9', 'd64e68a3-69e6-11ec-bb85-0235bf949cb9', NULL, NULL, NULL, '1440969551792574464', NULL);
INSERT INTO `ACT_RU_VARIABLE` VALUES ('d64e8fba-69e6-11ec-bb85-0235bf949cb9', 1, 'string', 'operationType', 'd642f6e1-69e6-11ec-bb85-0235bf949cb9', 'd6423389-69e6-11ec-bb85-0235bf949cb9', 'd64e68a3-69e6-11ec-bb85-0235bf949cb9', NULL, NULL, NULL, 'agree', NULL);
INSERT INTO `ACT_RU_VARIABLE` VALUES ('dc101a4f-69e6-11ec-bb85-0235bf949cb9', 1, 'string', 'startUserName', 'dc101a4d-69e6-11ec-bb85-0235bf949cb9', 'dc101a4d-69e6-11ec-bb85-0235bf949cb9', NULL, NULL, NULL, NULL, 'admin', NULL);
INSERT INTO `ACT_RU_VARIABLE` VALUES ('dc101a51-69e6-11ec-bb85-0235bf949cb9', 1, 'string', 'deptPostLeader', 'dc101a4d-69e6-11ec-bb85-0235bf949cb9', 'dc101a4d-69e6-11ec-bb85-0235bf949cb9', NULL, NULL, NULL, NULL, '1440969551792574464', NULL);
INSERT INTO `ACT_RU_VARIABLE` VALUES ('dc101a53-69e6-11ec-bb85-0235bf949cb9', 1, 'string', 'initiator', 'dc101a4d-69e6-11ec-bb85-0235bf949cb9', 'dc101a4d-69e6-11ec-bb85-0235bf949cb9', NULL, NULL, NULL, NULL, 'admin', NULL);
INSERT INTO `ACT_RU_VARIABLE` VALUES ('dc14ae42-69e6-11ec-bb85-0235bf949cb9', 1, 'string', 'operationType', 'dc101a4d-69e6-11ec-bb85-0235bf949cb9', 'dc101a4d-69e6-11ec-bb85-0235bf949cb9', NULL, NULL, NULL, NULL, 'agree', NULL);
INSERT INTO `ACT_RU_VARIABLE` VALUES ('dc154a88-69e6-11ec-bb85-0235bf949cb9', 1, 'string', 'startUserName', 'dc101a55-69e6-11ec-bb85-0235bf949cb9', 'dc101a4d-69e6-11ec-bb85-0235bf949cb9', 'dc14fc67-69e6-11ec-bb85-0235bf949cb9', NULL, NULL, NULL, 'admin', NULL);
INSERT INTO `ACT_RU_VARIABLE` VALUES ('dc154a8a-69e6-11ec-bb85-0235bf949cb9', 1, 'string', 'initiator', 'dc101a55-69e6-11ec-bb85-0235bf949cb9', 'dc101a4d-69e6-11ec-bb85-0235bf949cb9', 'dc14fc67-69e6-11ec-bb85-0235bf949cb9', NULL, NULL, NULL, 'admin', NULL);
INSERT INTO `ACT_RU_VARIABLE` VALUES ('dc154a8c-69e6-11ec-bb85-0235bf949cb9', 1, 'string', 'deptPostLeader', 'dc101a55-69e6-11ec-bb85-0235bf949cb9', 'dc101a4d-69e6-11ec-bb85-0235bf949cb9', 'dc14fc67-69e6-11ec-bb85-0235bf949cb9', NULL, NULL, NULL, '1440969551792574464', NULL);
INSERT INTO `ACT_RU_VARIABLE` VALUES ('dc154a8e-69e6-11ec-bb85-0235bf949cb9', 1, 'string', 'operationType', 'dc101a55-69e6-11ec-bb85-0235bf949cb9', 'dc101a4d-69e6-11ec-bb85-0235bf949cb9', 'dc14fc67-69e6-11ec-bb85-0235bf949cb9', NULL, NULL, NULL, 'agree', NULL);
COMMIT;

-- ----------------------------
-- Table structure for zz_area_code
-- ----------------------------
DROP TABLE IF EXISTS `zz_area_code`;
CREATE TABLE `zz_area_code` (
  `area_id` bigint unsigned NOT NULL COMMENT '行政区划主键Id',
  `area_name` varchar(128) CHARACTER SET utf8mb4 COLLATE utf8mb4_bin NOT NULL DEFAULT '' COMMENT '行政区划名称',
  `area_level` int NOT NULL COMMENT '行政区划级别 (1: 省级别 2: 市级别 3: 区级别)',
  `parent_id` bigint DEFAULT NULL COMMENT '父级行政区划Id',
  PRIMARY KEY (`area_id`) USING BTREE,
  KEY `idx_level` (`area_level`) USING BTREE,
  KEY `idx_area_name` (`area_name`) USING BTREE,
  KEY `idx_parent_id` (`parent_id`) USING BTREE
) ENGINE=InnoDB DEFAULT CHARSET=utf8mb4 COLLATE=utf8mb4_bin COMMENT='行政区划表';

-- ----------------------------
-- Records of zz_area_code
-- ----------------------------
BEGIN;
INSERT INTO `zz_area_code` VALUES (110000000000, '北京市', 1, NULL);
INSERT INTO `zz_area_code` VALUES (110100000000, '市辖区', 2, 110000000000);
INSERT INTO `zz_area_code` VALUES (110101000000, '东城区', 3, 110100000000);
INSERT INTO `zz_area_code` VALUES (110102000000, '西城区', 3, 110100000000);
INSERT INTO `zz_area_code` VALUES (110105000000, '朝阳区', 3, 110100000000);
INSERT INTO `zz_area_code` VALUES (110106000000, '丰台区', 3, 110100000000);
INSERT INTO `zz_area_code` VALUES (110107000000, '石景山区', 3, 110100000000);
INSERT INTO `zz_area_code` VALUES (110108000000, '海淀区', 3, 110100000000);
INSERT INTO `zz_area_code` VALUES (110109000000, '门头沟区', 3, 110100000000);
INSERT INTO `zz_area_code` VALUES (110111000000, '房山区', 3, 110100000000);
INSERT INTO `zz_area_code` VALUES (110112000000, '通州区', 3, 110100000000);
INSERT INTO `zz_area_code` VALUES (110113000000, '顺义区', 3, 110100000000);
INSERT INTO `zz_area_code` VALUES (110114000000, '昌平区', 3, 110100000000);
INSERT INTO `zz_area_code` VALUES (110115000000, '大兴区', 3, 110100000000);
INSERT INTO `zz_area_code` VALUES (110116000000, '怀柔区', 3, 110100000000);
INSERT INTO `zz_area_code` VALUES (110117000000, '平谷区', 3, 110100000000);
INSERT INTO `zz_area_code` VALUES (110118000000, '密云区', 3, 110100000000);
INSERT INTO `zz_area_code` VALUES (110119000000, '延庆区', 3, 110100000000);
INSERT INTO `zz_area_code` VALUES (120000000000, '天津市', 1, NULL);
INSERT INTO `zz_area_code` VALUES (120100000000, '市辖区', 2, 120000000000);
INSERT INTO `zz_area_code` VALUES (120101000000, '和平区', 3, 120100000000);
INSERT INTO `zz_area_code` VALUES (120102000000, '河东区', 3, 120100000000);
INSERT INTO `zz_area_code` VALUES (120103000000, '河西区', 3, 120100000000);
INSERT INTO `zz_area_code` VALUES (120104000000, '南开区', 3, 120100000000);
INSERT INTO `zz_area_code` VALUES (120105000000, '河北区', 3, 120100000000);
INSERT INTO `zz_area_code` VALUES (120106000000, '红桥区', 3, 120100000000);
INSERT INTO `zz_area_code` VALUES (120110000000, '东丽区', 3, 120100000000);
INSERT INTO `zz_area_code` VALUES (120111000000, '西青区', 3, 120100000000);
INSERT INTO `zz_area_code` VALUES (120112000000, '津南区', 3, 120100000000);
INSERT INTO `zz_area_code` VALUES (120113000000, '北辰区', 3, 120100000000);
INSERT INTO `zz_area_code` VALUES (120114000000, '武清区', 3, 120100000000);
INSERT INTO `zz_area_code` VALUES (120115000000, '宝坻区', 3, 120100000000);
INSERT INTO `zz_area_code` VALUES (120116000000, '滨海新区', 3, 120100000000);
INSERT INTO `zz_area_code` VALUES (120117000000, '宁河区', 3, 120100000000);
INSERT INTO `zz_area_code` VALUES (120118000000, '静海区', 3, 120100000000);
INSERT INTO `zz_area_code` VALUES (120119000000, '蓟州区', 3, 120100000000);
INSERT INTO `zz_area_code` VALUES (130000000000, '河北省', 1, NULL);
INSERT INTO `zz_area_code` VALUES (130100000000, '石家庄市', 2, 130000000000);
INSERT INTO `zz_area_code` VALUES (130101000000, '市辖区', 3, 130100000000);
INSERT INTO `zz_area_code` VALUES (130102000000, '长安区', 3, 130100000000);
INSERT INTO `zz_area_code` VALUES (130104000000, '桥西区', 3, 130100000000);
INSERT INTO `zz_area_code` VALUES (130105000000, '新华区', 3, 130100000000);
INSERT INTO `zz_area_code` VALUES (130107000000, '井陉矿区', 3, 130100000000);
INSERT INTO `zz_area_code` VALUES (130108000000, '裕华区', 3, 130100000000);
INSERT INTO `zz_area_code` VALUES (130109000000, '藁城区', 3, 130100000000);
INSERT INTO `zz_area_code` VALUES (130110000000, '鹿泉区', 3, 130100000000);
INSERT INTO `zz_area_code` VALUES (130111000000, '栾城区', 3, 130100000000);
INSERT INTO `zz_area_code` VALUES (130121000000, '井陉县', 3, 130100000000);
INSERT INTO `zz_area_code` VALUES (130123000000, '正定县', 3, 130100000000);
INSERT INTO `zz_area_code` VALUES (130125000000, '行唐县', 3, 130100000000);
INSERT INTO `zz_area_code` VALUES (130126000000, '灵寿县', 3, 130100000000);
INSERT INTO `zz_area_code` VALUES (130127000000, '高邑县', 3, 130100000000);
INSERT INTO `zz_area_code` VALUES (130128000000, '深泽县', 3, 130100000000);
INSERT INTO `zz_area_code` VALUES (130129000000, '赞皇县', 3, 130100000000);
INSERT INTO `zz_area_code` VALUES (130130000000, '无极县', 3, 130100000000);
INSERT INTO `zz_area_code` VALUES (130131000000, '平山县', 3, 130100000000);
INSERT INTO `zz_area_code` VALUES (130132000000, '元氏县', 3, 130100000000);
INSERT INTO `zz_area_code` VALUES (130133000000, '赵县', 3, 130100000000);
INSERT INTO `zz_area_code` VALUES (130171000000, '石家庄高新技术产业开发区', 3, 130100000000);
INSERT INTO `zz_area_code` VALUES (130172000000, '石家庄循环化工园区', 3, 130100000000);
INSERT INTO `zz_area_code` VALUES (130181000000, '辛集市', 3, 130100000000);
INSERT INTO `zz_area_code` VALUES (130183000000, '晋州市', 3, 130100000000);
INSERT INTO `zz_area_code` VALUES (130184000000, '新乐市', 3, 130100000000);
INSERT INTO `zz_area_code` VALUES (130200000000, '唐山市', 2, 130000000000);
INSERT INTO `zz_area_code` VALUES (130201000000, '市辖区', 3, 130200000000);
INSERT INTO `zz_area_code` VALUES (130202000000, '路南区', 3, 130200000000);
INSERT INTO `zz_area_code` VALUES (130203000000, '路北区', 3, 130200000000);
INSERT INTO `zz_area_code` VALUES (130204000000, '古冶区', 3, 130200000000);
INSERT INTO `zz_area_code` VALUES (130205000000, '开平区', 3, 130200000000);
INSERT INTO `zz_area_code` VALUES (130207000000, '丰南区', 3, 130200000000);
INSERT INTO `zz_area_code` VALUES (130208000000, '丰润区', 3, 130200000000);
INSERT INTO `zz_area_code` VALUES (130209000000, '曹妃甸区', 3, 130200000000);
INSERT INTO `zz_area_code` VALUES (130224000000, '滦南县', 3, 130200000000);
INSERT INTO `zz_area_code` VALUES (130225000000, '乐亭县', 3, 130200000000);
INSERT INTO `zz_area_code` VALUES (130227000000, '迁西县', 3, 130200000000);
INSERT INTO `zz_area_code` VALUES (130229000000, '玉田县', 3, 130200000000);
INSERT INTO `zz_area_code` VALUES (130271000000, '唐山市芦台经济技术开发区', 3, 130200000000);
INSERT INTO `zz_area_code` VALUES (130272000000, '唐山市汉沽管理区', 3, 130200000000);
INSERT INTO `zz_area_code` VALUES (130273000000, '唐山高新技术产业开发区', 3, 130200000000);
INSERT INTO `zz_area_code` VALUES (130274000000, '河北唐山海港经济开发区', 3, 130200000000);
INSERT INTO `zz_area_code` VALUES (130281000000, '遵化市', 3, 130200000000);
INSERT INTO `zz_area_code` VALUES (130283000000, '迁安市', 3, 130200000000);
INSERT INTO `zz_area_code` VALUES (130284000000, '滦州市', 3, 130200000000);
INSERT INTO `zz_area_code` VALUES (130300000000, '秦皇岛市', 2, 130000000000);
INSERT INTO `zz_area_code` VALUES (130301000000, '市辖区', 3, 130300000000);
INSERT INTO `zz_area_code` VALUES (130302000000, '海港区', 3, 130300000000);
INSERT INTO `zz_area_code` VALUES (130303000000, '山海关区', 3, 130300000000);
INSERT INTO `zz_area_code` VALUES (130304000000, '北戴河区', 3, 130300000000);
INSERT INTO `zz_area_code` VALUES (130306000000, '抚宁区', 3, 130300000000);
INSERT INTO `zz_area_code` VALUES (130321000000, '青龙满族自治县', 3, 130300000000);
INSERT INTO `zz_area_code` VALUES (130322000000, '昌黎县', 3, 130300000000);
INSERT INTO `zz_area_code` VALUES (130324000000, '卢龙县', 3, 130300000000);
INSERT INTO `zz_area_code` VALUES (130371000000, '秦皇岛市经济技术开发区', 3, 130300000000);
INSERT INTO `zz_area_code` VALUES (130372000000, '北戴河新区', 3, 130300000000);
INSERT INTO `zz_area_code` VALUES (130400000000, '邯郸市', 2, 130000000000);
INSERT INTO `zz_area_code` VALUES (130401000000, '市辖区', 3, 130400000000);
INSERT INTO `zz_area_code` VALUES (130402000000, '邯山区', 3, 130400000000);
INSERT INTO `zz_area_code` VALUES (130403000000, '丛台区', 3, 130400000000);
INSERT INTO `zz_area_code` VALUES (130404000000, '复兴区', 3, 130400000000);
INSERT INTO `zz_area_code` VALUES (130406000000, '峰峰矿区', 3, 130400000000);
INSERT INTO `zz_area_code` VALUES (130407000000, '肥乡区', 3, 130400000000);
INSERT INTO `zz_area_code` VALUES (130408000000, '永年区', 3, 130400000000);
INSERT INTO `zz_area_code` VALUES (130423000000, '临漳县', 3, 130400000000);
INSERT INTO `zz_area_code` VALUES (130424000000, '成安县', 3, 130400000000);
INSERT INTO `zz_area_code` VALUES (130425000000, '大名县', 3, 130400000000);
INSERT INTO `zz_area_code` VALUES (130426000000, '涉县', 3, 130400000000);
INSERT INTO `zz_area_code` VALUES (130427000000, '磁县', 3, 130400000000);
INSERT INTO `zz_area_code` VALUES (130430000000, '邱县', 3, 130400000000);
INSERT INTO `zz_area_code` VALUES (130431000000, '鸡泽县', 3, 130400000000);
INSERT INTO `zz_area_code` VALUES (130432000000, '广平县', 3, 130400000000);
INSERT INTO `zz_area_code` VALUES (130433000000, '馆陶县', 3, 130400000000);
INSERT INTO `zz_area_code` VALUES (130434000000, '魏县', 3, 130400000000);
INSERT INTO `zz_area_code` VALUES (130435000000, '曲周县', 3, 130400000000);
INSERT INTO `zz_area_code` VALUES (130471000000, '邯郸经济技术开发区', 3, 130400000000);
INSERT INTO `zz_area_code` VALUES (130473000000, '邯郸冀南新区', 3, 130400000000);
INSERT INTO `zz_area_code` VALUES (130481000000, '武安市', 3, 130400000000);
INSERT INTO `zz_area_code` VALUES (130500000000, '邢台市', 2, 130000000000);
INSERT INTO `zz_area_code` VALUES (130501000000, '市辖区', 3, 130500000000);
INSERT INTO `zz_area_code` VALUES (130502000000, '桥东区', 3, 130500000000);
INSERT INTO `zz_area_code` VALUES (130503000000, '桥西区', 3, 130500000000);
INSERT INTO `zz_area_code` VALUES (130521000000, '邢台县', 3, 130500000000);
INSERT INTO `zz_area_code` VALUES (130522000000, '临城县', 3, 130500000000);
INSERT INTO `zz_area_code` VALUES (130523000000, '内丘县', 3, 130500000000);
INSERT INTO `zz_area_code` VALUES (130524000000, '柏乡县', 3, 130500000000);
INSERT INTO `zz_area_code` VALUES (130525000000, '隆尧县', 3, 130500000000);
INSERT INTO `zz_area_code` VALUES (130526000000, '任县', 3, 130500000000);
INSERT INTO `zz_area_code` VALUES (130527000000, '南和县', 3, 130500000000);
INSERT INTO `zz_area_code` VALUES (130528000000, '宁晋县', 3, 130500000000);
INSERT INTO `zz_area_code` VALUES (130529000000, '巨鹿县', 3, 130500000000);
INSERT INTO `zz_area_code` VALUES (130530000000, '新河县', 3, 130500000000);
INSERT INTO `zz_area_code` VALUES (130531000000, '广宗县', 3, 130500000000);
INSERT INTO `zz_area_code` VALUES (130532000000, '平乡县', 3, 130500000000);
INSERT INTO `zz_area_code` VALUES (130533000000, '威县', 3, 130500000000);
INSERT INTO `zz_area_code` VALUES (130534000000, '清河县', 3, 130500000000);
INSERT INTO `zz_area_code` VALUES (130535000000, '临西县', 3, 130500000000);
INSERT INTO `zz_area_code` VALUES (130571000000, '河北邢台经济开发区', 3, 130500000000);
INSERT INTO `zz_area_code` VALUES (130581000000, '南宫市', 3, 130500000000);
INSERT INTO `zz_area_code` VALUES (130582000000, '沙河市', 3, 130500000000);
INSERT INTO `zz_area_code` VALUES (130600000000, '保定市', 2, 130000000000);
INSERT INTO `zz_area_code` VALUES (130601000000, '市辖区', 3, 130600000000);
INSERT INTO `zz_area_code` VALUES (130602000000, '竞秀区', 3, 130600000000);
INSERT INTO `zz_area_code` VALUES (130606000000, '莲池区', 3, 130600000000);
INSERT INTO `zz_area_code` VALUES (130607000000, '满城区', 3, 130600000000);
INSERT INTO `zz_area_code` VALUES (130608000000, '清苑区', 3, 130600000000);
INSERT INTO `zz_area_code` VALUES (130609000000, '徐水区', 3, 130600000000);
INSERT INTO `zz_area_code` VALUES (130623000000, '涞水县', 3, 130600000000);
INSERT INTO `zz_area_code` VALUES (130624000000, '阜平县', 3, 130600000000);
INSERT INTO `zz_area_code` VALUES (130626000000, '定兴县', 3, 130600000000);
INSERT INTO `zz_area_code` VALUES (130627000000, '唐县', 3, 130600000000);
INSERT INTO `zz_area_code` VALUES (130628000000, '高阳县', 3, 130600000000);
INSERT INTO `zz_area_code` VALUES (130629000000, '容城县', 3, 130600000000);
INSERT INTO `zz_area_code` VALUES (130630000000, '涞源县', 3, 130600000000);
INSERT INTO `zz_area_code` VALUES (130631000000, '望都县', 3, 130600000000);
INSERT INTO `zz_area_code` VALUES (130632000000, '安新县', 3, 130600000000);
INSERT INTO `zz_area_code` VALUES (130633000000, '易县', 3, 130600000000);
INSERT INTO `zz_area_code` VALUES (130634000000, '曲阳县', 3, 130600000000);
INSERT INTO `zz_area_code` VALUES (130635000000, '蠡县', 3, 130600000000);
INSERT INTO `zz_area_code` VALUES (130636000000, '顺平县', 3, 130600000000);
INSERT INTO `zz_area_code` VALUES (130637000000, '博野县', 3, 130600000000);
INSERT INTO `zz_area_code` VALUES (130638000000, '雄县', 3, 130600000000);
INSERT INTO `zz_area_code` VALUES (130671000000, '保定高新技术产业开发区', 3, 130600000000);
INSERT INTO `zz_area_code` VALUES (130672000000, '保定白沟新城', 3, 130600000000);
INSERT INTO `zz_area_code` VALUES (130681000000, '涿州市', 3, 130600000000);
INSERT INTO `zz_area_code` VALUES (130682000000, '定州市', 3, 130600000000);
INSERT INTO `zz_area_code` VALUES (130683000000, '安国市', 3, 130600000000);
INSERT INTO `zz_area_code` VALUES (130684000000, '高碑店市', 3, 130600000000);
INSERT INTO `zz_area_code` VALUES (130700000000, '张家口市', 2, 130000000000);
INSERT INTO `zz_area_code` VALUES (130701000000, '市辖区', 3, 130700000000);
INSERT INTO `zz_area_code` VALUES (130702000000, '桥东区', 3, 130700000000);
INSERT INTO `zz_area_code` VALUES (130703000000, '桥西区', 3, 130700000000);
INSERT INTO `zz_area_code` VALUES (130705000000, '宣化区', 3, 130700000000);
INSERT INTO `zz_area_code` VALUES (130706000000, '下花园区', 3, 130700000000);
INSERT INTO `zz_area_code` VALUES (130708000000, '万全区', 3, 130700000000);
INSERT INTO `zz_area_code` VALUES (130709000000, '崇礼区', 3, 130700000000);
INSERT INTO `zz_area_code` VALUES (130722000000, '张北县', 3, 130700000000);
INSERT INTO `zz_area_code` VALUES (130723000000, '康保县', 3, 130700000000);
INSERT INTO `zz_area_code` VALUES (130724000000, '沽源县', 3, 130700000000);
INSERT INTO `zz_area_code` VALUES (130725000000, '尚义县', 3, 130700000000);
INSERT INTO `zz_area_code` VALUES (130726000000, '蔚县', 3, 130700000000);
INSERT INTO `zz_area_code` VALUES (130727000000, '阳原县', 3, 130700000000);
INSERT INTO `zz_area_code` VALUES (130728000000, '怀安县', 3, 130700000000);
INSERT INTO `zz_area_code` VALUES (130730000000, '怀来县', 3, 130700000000);
INSERT INTO `zz_area_code` VALUES (130731000000, '涿鹿县', 3, 130700000000);
INSERT INTO `zz_area_code` VALUES (130732000000, '赤城县', 3, 130700000000);
INSERT INTO `zz_area_code` VALUES (130771000000, '张家口市高新技术产业开发区', 3, 130700000000);
INSERT INTO `zz_area_code` VALUES (130772000000, '张家口市察北管理区', 3, 130700000000);
INSERT INTO `zz_area_code` VALUES (130773000000, '张家口市塞北管理区', 3, 130700000000);
INSERT INTO `zz_area_code` VALUES (130800000000, '承德市', 2, 130000000000);
INSERT INTO `zz_area_code` VALUES (130801000000, '市辖区', 3, 130800000000);
INSERT INTO `zz_area_code` VALUES (130802000000, '双桥区', 3, 130800000000);
INSERT INTO `zz_area_code` VALUES (130803000000, '双滦区', 3, 130800000000);
INSERT INTO `zz_area_code` VALUES (130804000000, '鹰手营子矿区', 3, 130800000000);
INSERT INTO `zz_area_code` VALUES (130821000000, '承德县', 3, 130800000000);
INSERT INTO `zz_area_code` VALUES (130822000000, '兴隆县', 3, 130800000000);
INSERT INTO `zz_area_code` VALUES (130824000000, '滦平县', 3, 130800000000);
INSERT INTO `zz_area_code` VALUES (130825000000, '隆化县', 3, 130800000000);
INSERT INTO `zz_area_code` VALUES (130826000000, '丰宁满族自治县', 3, 130800000000);
INSERT INTO `zz_area_code` VALUES (130827000000, '宽城满族自治县', 3, 130800000000);
INSERT INTO `zz_area_code` VALUES (130828000000, '围场满族蒙古族自治县', 3, 130800000000);
INSERT INTO `zz_area_code` VALUES (130871000000, '承德高新技术产业开发区', 3, 130800000000);
INSERT INTO `zz_area_code` VALUES (130881000000, '平泉市', 3, 130800000000);
INSERT INTO `zz_area_code` VALUES (130900000000, '沧州市', 2, 130000000000);
INSERT INTO `zz_area_code` VALUES (130901000000, '市辖区', 3, 130900000000);
INSERT INTO `zz_area_code` VALUES (130902000000, '新华区', 3, 130900000000);
INSERT INTO `zz_area_code` VALUES (130903000000, '运河区', 3, 130900000000);
INSERT INTO `zz_area_code` VALUES (130921000000, '沧县', 3, 130900000000);
INSERT INTO `zz_area_code` VALUES (130922000000, '青县', 3, 130900000000);
INSERT INTO `zz_area_code` VALUES (130923000000, '东光县', 3, 130900000000);
INSERT INTO `zz_area_code` VALUES (130924000000, '海兴县', 3, 130900000000);
INSERT INTO `zz_area_code` VALUES (130925000000, '盐山县', 3, 130900000000);
INSERT INTO `zz_area_code` VALUES (130926000000, '肃宁县', 3, 130900000000);
INSERT INTO `zz_area_code` VALUES (130927000000, '南皮县', 3, 130900000000);
INSERT INTO `zz_area_code` VALUES (130928000000, '吴桥县', 3, 130900000000);
INSERT INTO `zz_area_code` VALUES (130929000000, '献县', 3, 130900000000);
INSERT INTO `zz_area_code` VALUES (130930000000, '孟村回族自治县', 3, 130900000000);
INSERT INTO `zz_area_code` VALUES (130971000000, '河北沧州经济开发区', 3, 130900000000);
INSERT INTO `zz_area_code` VALUES (130972000000, '沧州高新技术产业开发区', 3, 130900000000);
INSERT INTO `zz_area_code` VALUES (130973000000, '沧州渤海新区', 3, 130900000000);
INSERT INTO `zz_area_code` VALUES (130981000000, '泊头市', 3, 130900000000);
INSERT INTO `zz_area_code` VALUES (130982000000, '任丘市', 3, 130900000000);
INSERT INTO `zz_area_code` VALUES (130983000000, '黄骅市', 3, 130900000000);
INSERT INTO `zz_area_code` VALUES (130984000000, '河间市', 3, 130900000000);
INSERT INTO `zz_area_code` VALUES (131000000000, '廊坊市', 2, 130000000000);
INSERT INTO `zz_area_code` VALUES (131001000000, '市辖区', 3, 131000000000);
INSERT INTO `zz_area_code` VALUES (131002000000, '安次区', 3, 131000000000);
INSERT INTO `zz_area_code` VALUES (131003000000, '广阳区', 3, 131000000000);
INSERT INTO `zz_area_code` VALUES (131022000000, '固安县', 3, 131000000000);
INSERT INTO `zz_area_code` VALUES (131023000000, '永清县', 3, 131000000000);
INSERT INTO `zz_area_code` VALUES (131024000000, '香河县', 3, 131000000000);
INSERT INTO `zz_area_code` VALUES (131025000000, '大城县', 3, 131000000000);
INSERT INTO `zz_area_code` VALUES (131026000000, '文安县', 3, 131000000000);
INSERT INTO `zz_area_code` VALUES (131028000000, '大厂回族自治县', 3, 131000000000);
INSERT INTO `zz_area_code` VALUES (131071000000, '廊坊经济技术开发区', 3, 131000000000);
INSERT INTO `zz_area_code` VALUES (131081000000, '霸州市', 3, 131000000000);
INSERT INTO `zz_area_code` VALUES (131082000000, '三河市', 3, 131000000000);
INSERT INTO `zz_area_code` VALUES (131100000000, '衡水市', 2, 130000000000);
INSERT INTO `zz_area_code` VALUES (131101000000, '市辖区', 3, 131100000000);
INSERT INTO `zz_area_code` VALUES (131102000000, '桃城区', 3, 131100000000);
INSERT INTO `zz_area_code` VALUES (131103000000, '冀州区', 3, 131100000000);
INSERT INTO `zz_area_code` VALUES (131121000000, '枣强县', 3, 131100000000);
INSERT INTO `zz_area_code` VALUES (131122000000, '武邑县', 3, 131100000000);
INSERT INTO `zz_area_code` VALUES (131123000000, '武强县', 3, 131100000000);
INSERT INTO `zz_area_code` VALUES (131124000000, '饶阳县', 3, 131100000000);
INSERT INTO `zz_area_code` VALUES (131125000000, '安平县', 3, 131100000000);
INSERT INTO `zz_area_code` VALUES (131126000000, '故城县', 3, 131100000000);
INSERT INTO `zz_area_code` VALUES (131127000000, '景县', 3, 131100000000);
INSERT INTO `zz_area_code` VALUES (131128000000, '阜城县', 3, 131100000000);
INSERT INTO `zz_area_code` VALUES (131171000000, '河北衡水高新技术产业开发区', 3, 131100000000);
INSERT INTO `zz_area_code` VALUES (131172000000, '衡水滨湖新区', 3, 131100000000);
INSERT INTO `zz_area_code` VALUES (131182000000, '深州市', 3, 131100000000);
INSERT INTO `zz_area_code` VALUES (140000000000, '山西省', 1, NULL);
INSERT INTO `zz_area_code` VALUES (140100000000, '太原市', 2, 140000000000);
INSERT INTO `zz_area_code` VALUES (140101000000, '市辖区', 3, 140100000000);
INSERT INTO `zz_area_code` VALUES (140105000000, '小店区', 3, 140100000000);
INSERT INTO `zz_area_code` VALUES (140106000000, '迎泽区', 3, 140100000000);
INSERT INTO `zz_area_code` VALUES (140107000000, '杏花岭区', 3, 140100000000);
INSERT INTO `zz_area_code` VALUES (140108000000, '尖草坪区', 3, 140100000000);
INSERT INTO `zz_area_code` VALUES (140109000000, '万柏林区', 3, 140100000000);
INSERT INTO `zz_area_code` VALUES (140110000000, '晋源区', 3, 140100000000);
INSERT INTO `zz_area_code` VALUES (140121000000, '清徐县', 3, 140100000000);
INSERT INTO `zz_area_code` VALUES (140122000000, '阳曲县', 3, 140100000000);
INSERT INTO `zz_area_code` VALUES (140123000000, '娄烦县', 3, 140100000000);
INSERT INTO `zz_area_code` VALUES (140171000000, '山西转型综合改革示范区', 3, 140100000000);
INSERT INTO `zz_area_code` VALUES (140181000000, '古交市', 3, 140100000000);
INSERT INTO `zz_area_code` VALUES (140200000000, '大同市', 2, 140000000000);
INSERT INTO `zz_area_code` VALUES (140201000000, '市辖区', 3, 140200000000);
INSERT INTO `zz_area_code` VALUES (140212000000, '新荣区', 3, 140200000000);
INSERT INTO `zz_area_code` VALUES (140213000000, '平城区', 3, 140200000000);
INSERT INTO `zz_area_code` VALUES (140214000000, '云冈区', 3, 140200000000);
INSERT INTO `zz_area_code` VALUES (140215000000, '云州区', 3, 140200000000);
INSERT INTO `zz_area_code` VALUES (140221000000, '阳高县', 3, 140200000000);
INSERT INTO `zz_area_code` VALUES (140222000000, '天镇县', 3, 140200000000);
INSERT INTO `zz_area_code` VALUES (140223000000, '广灵县', 3, 140200000000);
INSERT INTO `zz_area_code` VALUES (140224000000, '灵丘县', 3, 140200000000);
INSERT INTO `zz_area_code` VALUES (140225000000, '浑源县', 3, 140200000000);
INSERT INTO `zz_area_code` VALUES (140226000000, '左云县', 3, 140200000000);
INSERT INTO `zz_area_code` VALUES (140271000000, '山西大同经济开发区', 3, 140200000000);
INSERT INTO `zz_area_code` VALUES (140300000000, '阳泉市', 2, 140000000000);
INSERT INTO `zz_area_code` VALUES (140301000000, '市辖区', 3, 140300000000);
INSERT INTO `zz_area_code` VALUES (140302000000, '城区', 3, 140300000000);
INSERT INTO `zz_area_code` VALUES (140303000000, '矿区', 3, 140300000000);
INSERT INTO `zz_area_code` VALUES (140311000000, '郊区', 3, 140300000000);
INSERT INTO `zz_area_code` VALUES (140321000000, '平定县', 3, 140300000000);
INSERT INTO `zz_area_code` VALUES (140322000000, '盂县', 3, 140300000000);
INSERT INTO `zz_area_code` VALUES (140400000000, '长治市', 2, 140000000000);
INSERT INTO `zz_area_code` VALUES (140401000000, '市辖区', 3, 140400000000);
INSERT INTO `zz_area_code` VALUES (140403000000, '潞州区', 3, 140400000000);
INSERT INTO `zz_area_code` VALUES (140404000000, '上党区', 3, 140400000000);
INSERT INTO `zz_area_code` VALUES (140405000000, '屯留区', 3, 140400000000);
INSERT INTO `zz_area_code` VALUES (140406000000, '潞城区', 3, 140400000000);
INSERT INTO `zz_area_code` VALUES (140423000000, '襄垣县', 3, 140400000000);
INSERT INTO `zz_area_code` VALUES (140425000000, '平顺县', 3, 140400000000);
INSERT INTO `zz_area_code` VALUES (140426000000, '黎城县', 3, 140400000000);
INSERT INTO `zz_area_code` VALUES (140427000000, '壶关县', 3, 140400000000);
INSERT INTO `zz_area_code` VALUES (140428000000, '长子县', 3, 140400000000);
INSERT INTO `zz_area_code` VALUES (140429000000, '武乡县', 3, 140400000000);
INSERT INTO `zz_area_code` VALUES (140430000000, '沁县', 3, 140400000000);
INSERT INTO `zz_area_code` VALUES (140431000000, '沁源县', 3, 140400000000);
INSERT INTO `zz_area_code` VALUES (140471000000, '山西长治高新技术产业园区', 3, 140400000000);
INSERT INTO `zz_area_code` VALUES (140500000000, '晋城市', 2, 140000000000);
INSERT INTO `zz_area_code` VALUES (140501000000, '市辖区', 3, 140500000000);
INSERT INTO `zz_area_code` VALUES (140502000000, '城区', 3, 140500000000);
INSERT INTO `zz_area_code` VALUES (140521000000, '沁水县', 3, 140500000000);
INSERT INTO `zz_area_code` VALUES (140522000000, '阳城县', 3, 140500000000);
INSERT INTO `zz_area_code` VALUES (140524000000, '陵川县', 3, 140500000000);
INSERT INTO `zz_area_code` VALUES (140525000000, '泽州县', 3, 140500000000);
INSERT INTO `zz_area_code` VALUES (140581000000, '高平市', 3, 140500000000);
INSERT INTO `zz_area_code` VALUES (140600000000, '朔州市', 2, 140000000000);
INSERT INTO `zz_area_code` VALUES (140601000000, '市辖区', 3, 140600000000);
INSERT INTO `zz_area_code` VALUES (140602000000, '朔城区', 3, 140600000000);
INSERT INTO `zz_area_code` VALUES (140603000000, '平鲁区', 3, 140600000000);
INSERT INTO `zz_area_code` VALUES (140621000000, '山阴县', 3, 140600000000);
INSERT INTO `zz_area_code` VALUES (140622000000, '应县', 3, 140600000000);
INSERT INTO `zz_area_code` VALUES (140623000000, '右玉县', 3, 140600000000);
INSERT INTO `zz_area_code` VALUES (140671000000, '山西朔州经济开发区', 3, 140600000000);
INSERT INTO `zz_area_code` VALUES (140681000000, '怀仁市', 3, 140600000000);
INSERT INTO `zz_area_code` VALUES (140700000000, '晋中市', 2, 140000000000);
INSERT INTO `zz_area_code` VALUES (140701000000, '市辖区', 3, 140700000000);
INSERT INTO `zz_area_code` VALUES (140702000000, '榆次区', 3, 140700000000);
INSERT INTO `zz_area_code` VALUES (140721000000, '榆社县', 3, 140700000000);
INSERT INTO `zz_area_code` VALUES (140722000000, '左权县', 3, 140700000000);
INSERT INTO `zz_area_code` VALUES (140723000000, '和顺县', 3, 140700000000);
INSERT INTO `zz_area_code` VALUES (140724000000, '昔阳县', 3, 140700000000);
INSERT INTO `zz_area_code` VALUES (140725000000, '寿阳县', 3, 140700000000);
INSERT INTO `zz_area_code` VALUES (140726000000, '太谷县', 3, 140700000000);
INSERT INTO `zz_area_code` VALUES (140727000000, '祁县', 3, 140700000000);
INSERT INTO `zz_area_code` VALUES (140728000000, '平遥县', 3, 140700000000);
INSERT INTO `zz_area_code` VALUES (140729000000, '灵石县', 3, 140700000000);
INSERT INTO `zz_area_code` VALUES (140781000000, '介休市', 3, 140700000000);
INSERT INTO `zz_area_code` VALUES (140800000000, '运城市', 2, 140000000000);
INSERT INTO `zz_area_code` VALUES (140801000000, '市辖区', 3, 140800000000);
INSERT INTO `zz_area_code` VALUES (140802000000, '盐湖区', 3, 140800000000);
INSERT INTO `zz_area_code` VALUES (140821000000, '临猗县', 3, 140800000000);
INSERT INTO `zz_area_code` VALUES (140822000000, '万荣县', 3, 140800000000);
INSERT INTO `zz_area_code` VALUES (140823000000, '闻喜县', 3, 140800000000);
INSERT INTO `zz_area_code` VALUES (140824000000, '稷山县', 3, 140800000000);
INSERT INTO `zz_area_code` VALUES (140825000000, '新绛县', 3, 140800000000);
INSERT INTO `zz_area_code` VALUES (140826000000, '绛县', 3, 140800000000);
INSERT INTO `zz_area_code` VALUES (140827000000, '垣曲县', 3, 140800000000);
INSERT INTO `zz_area_code` VALUES (140828000000, '夏县', 3, 140800000000);
INSERT INTO `zz_area_code` VALUES (140829000000, '平陆县', 3, 140800000000);
INSERT INTO `zz_area_code` VALUES (140830000000, '芮城县', 3, 140800000000);
INSERT INTO `zz_area_code` VALUES (140881000000, '永济市', 3, 140800000000);
INSERT INTO `zz_area_code` VALUES (140882000000, '河津市', 3, 140800000000);
INSERT INTO `zz_area_code` VALUES (140900000000, '忻州市', 2, 140000000000);
INSERT INTO `zz_area_code` VALUES (140901000000, '市辖区', 3, 140900000000);
INSERT INTO `zz_area_code` VALUES (140902000000, '忻府区', 3, 140900000000);
INSERT INTO `zz_area_code` VALUES (140921000000, '定襄县', 3, 140900000000);
INSERT INTO `zz_area_code` VALUES (140922000000, '五台县', 3, 140900000000);
INSERT INTO `zz_area_code` VALUES (140923000000, '代县', 3, 140900000000);
INSERT INTO `zz_area_code` VALUES (140924000000, '繁峙县', 3, 140900000000);
INSERT INTO `zz_area_code` VALUES (140925000000, '宁武县', 3, 140900000000);
INSERT INTO `zz_area_code` VALUES (140926000000, '静乐县', 3, 140900000000);
INSERT INTO `zz_area_code` VALUES (140927000000, '神池县', 3, 140900000000);
INSERT INTO `zz_area_code` VALUES (140928000000, '五寨县', 3, 140900000000);
INSERT INTO `zz_area_code` VALUES (140929000000, '岢岚县', 3, 140900000000);
INSERT INTO `zz_area_code` VALUES (140930000000, '河曲县', 3, 140900000000);
INSERT INTO `zz_area_code` VALUES (140931000000, '保德县', 3, 140900000000);
INSERT INTO `zz_area_code` VALUES (140932000000, '偏关县', 3, 140900000000);
INSERT INTO `zz_area_code` VALUES (140971000000, '五台山风景名胜区', 3, 140900000000);
INSERT INTO `zz_area_code` VALUES (140981000000, '原平市', 3, 140900000000);
INSERT INTO `zz_area_code` VALUES (141000000000, '临汾市', 2, 140000000000);
INSERT INTO `zz_area_code` VALUES (141001000000, '市辖区', 3, 141000000000);
INSERT INTO `zz_area_code` VALUES (141002000000, '尧都区', 3, 141000000000);
INSERT INTO `zz_area_code` VALUES (141021000000, '曲沃县', 3, 141000000000);
INSERT INTO `zz_area_code` VALUES (141022000000, '翼城县', 3, 141000000000);
INSERT INTO `zz_area_code` VALUES (141023000000, '襄汾县', 3, 141000000000);
INSERT INTO `zz_area_code` VALUES (141024000000, '洪洞县', 3, 141000000000);
INSERT INTO `zz_area_code` VALUES (141025000000, '古县', 3, 141000000000);
INSERT INTO `zz_area_code` VALUES (141026000000, '安泽县', 3, 141000000000);
INSERT INTO `zz_area_code` VALUES (141027000000, '浮山县', 3, 141000000000);
INSERT INTO `zz_area_code` VALUES (141028000000, '吉县', 3, 141000000000);
INSERT INTO `zz_area_code` VALUES (141029000000, '乡宁县', 3, 141000000000);
INSERT INTO `zz_area_code` VALUES (141030000000, '大宁县', 3, 141000000000);
INSERT INTO `zz_area_code` VALUES (141031000000, '隰县', 3, 141000000000);
INSERT INTO `zz_area_code` VALUES (141032000000, '永和县', 3, 141000000000);
INSERT INTO `zz_area_code` VALUES (141033000000, '蒲县', 3, 141000000000);
INSERT INTO `zz_area_code` VALUES (141034000000, '汾西县', 3, 141000000000);
INSERT INTO `zz_area_code` VALUES (141081000000, '侯马市', 3, 141000000000);
INSERT INTO `zz_area_code` VALUES (141082000000, '霍州市', 3, 141000000000);
INSERT INTO `zz_area_code` VALUES (141100000000, '吕梁市', 2, 140000000000);
INSERT INTO `zz_area_code` VALUES (141101000000, '市辖区', 3, 141100000000);
INSERT INTO `zz_area_code` VALUES (141102000000, '离石区', 3, 141100000000);
INSERT INTO `zz_area_code` VALUES (141121000000, '文水县', 3, 141100000000);
INSERT INTO `zz_area_code` VALUES (141122000000, '交城县', 3, 141100000000);
INSERT INTO `zz_area_code` VALUES (141123000000, '兴县', 3, 141100000000);
INSERT INTO `zz_area_code` VALUES (141124000000, '临县', 3, 141100000000);
INSERT INTO `zz_area_code` VALUES (141125000000, '柳林县', 3, 141100000000);
INSERT INTO `zz_area_code` VALUES (141126000000, '石楼县', 3, 141100000000);
INSERT INTO `zz_area_code` VALUES (141127000000, '岚县', 3, 141100000000);
INSERT INTO `zz_area_code` VALUES (141128000000, '方山县', 3, 141100000000);
INSERT INTO `zz_area_code` VALUES (141129000000, '中阳县', 3, 141100000000);
INSERT INTO `zz_area_code` VALUES (141130000000, '交口县', 3, 141100000000);
INSERT INTO `zz_area_code` VALUES (141181000000, '孝义市', 3, 141100000000);
INSERT INTO `zz_area_code` VALUES (141182000000, '汾阳市', 3, 141100000000);
INSERT INTO `zz_area_code` VALUES (150000000000, '内蒙古自治区', 1, NULL);
INSERT INTO `zz_area_code` VALUES (150100000000, '呼和浩特市', 2, 150000000000);
INSERT INTO `zz_area_code` VALUES (150101000000, '市辖区', 3, 150100000000);
INSERT INTO `zz_area_code` VALUES (150102000000, '新城区', 3, 150100000000);
INSERT INTO `zz_area_code` VALUES (150103000000, '回民区', 3, 150100000000);
INSERT INTO `zz_area_code` VALUES (150104000000, '玉泉区', 3, 150100000000);
INSERT INTO `zz_area_code` VALUES (150105000000, '赛罕区', 3, 150100000000);
INSERT INTO `zz_area_code` VALUES (150121000000, '土默特左旗', 3, 150100000000);
INSERT INTO `zz_area_code` VALUES (150122000000, '托克托县', 3, 150100000000);
INSERT INTO `zz_area_code` VALUES (150123000000, '和林格尔县', 3, 150100000000);
INSERT INTO `zz_area_code` VALUES (150124000000, '清水河县', 3, 150100000000);
INSERT INTO `zz_area_code` VALUES (150125000000, '武川县', 3, 150100000000);
INSERT INTO `zz_area_code` VALUES (150171000000, '呼和浩特金海工业园区', 3, 150100000000);
INSERT INTO `zz_area_code` VALUES (150172000000, '呼和浩特经济技术开发区', 3, 150100000000);
INSERT INTO `zz_area_code` VALUES (150200000000, '包头市', 2, 150000000000);
INSERT INTO `zz_area_code` VALUES (150201000000, '市辖区', 3, 150200000000);
INSERT INTO `zz_area_code` VALUES (150202000000, '东河区', 3, 150200000000);
INSERT INTO `zz_area_code` VALUES (150203000000, '昆都仑区', 3, 150200000000);
INSERT INTO `zz_area_code` VALUES (150204000000, '青山区', 3, 150200000000);
INSERT INTO `zz_area_code` VALUES (150205000000, '石拐区', 3, 150200000000);
INSERT INTO `zz_area_code` VALUES (150206000000, '白云鄂博矿区', 3, 150200000000);
INSERT INTO `zz_area_code` VALUES (150207000000, '九原区', 3, 150200000000);
INSERT INTO `zz_area_code` VALUES (150221000000, '土默特右旗', 3, 150200000000);
INSERT INTO `zz_area_code` VALUES (150222000000, '固阳县', 3, 150200000000);
INSERT INTO `zz_area_code` VALUES (150223000000, '达尔罕茂明安联合旗', 3, 150200000000);
INSERT INTO `zz_area_code` VALUES (150271000000, '包头稀土高新技术产业开发区', 3, 150200000000);
INSERT INTO `zz_area_code` VALUES (150300000000, '乌海市', 2, 150000000000);
INSERT INTO `zz_area_code` VALUES (150301000000, '市辖区', 3, 150300000000);
INSERT INTO `zz_area_code` VALUES (150302000000, '海勃湾区', 3, 150300000000);
INSERT INTO `zz_area_code` VALUES (150303000000, '海南区', 3, 150300000000);
INSERT INTO `zz_area_code` VALUES (150304000000, '乌达区', 3, 150300000000);
INSERT INTO `zz_area_code` VALUES (150400000000, '赤峰市', 2, 150000000000);
INSERT INTO `zz_area_code` VALUES (150401000000, '市辖区', 3, 150400000000);
INSERT INTO `zz_area_code` VALUES (150402000000, '红山区', 3, 150400000000);
INSERT INTO `zz_area_code` VALUES (150403000000, '元宝山区', 3, 150400000000);
INSERT INTO `zz_area_code` VALUES (150404000000, '松山区', 3, 150400000000);
INSERT INTO `zz_area_code` VALUES (150421000000, '阿鲁科尔沁旗', 3, 150400000000);
INSERT INTO `zz_area_code` VALUES (150422000000, '巴林左旗', 3, 150400000000);
INSERT INTO `zz_area_code` VALUES (150423000000, '巴林右旗', 3, 150400000000);
INSERT INTO `zz_area_code` VALUES (150424000000, '林西县', 3, 150400000000);
INSERT INTO `zz_area_code` VALUES (150425000000, '克什克腾旗', 3, 150400000000);
INSERT INTO `zz_area_code` VALUES (150426000000, '翁牛特旗', 3, 150400000000);
INSERT INTO `zz_area_code` VALUES (150428000000, '喀喇沁旗', 3, 150400000000);
INSERT INTO `zz_area_code` VALUES (150429000000, '宁城县', 3, 150400000000);
INSERT INTO `zz_area_code` VALUES (150430000000, '敖汉旗', 3, 150400000000);
INSERT INTO `zz_area_code` VALUES (150500000000, '通辽市', 2, 150000000000);
INSERT INTO `zz_area_code` VALUES (150501000000, '市辖区', 3, 150500000000);
INSERT INTO `zz_area_code` VALUES (150502000000, '科尔沁区', 3, 150500000000);
INSERT INTO `zz_area_code` VALUES (150521000000, '科尔沁左翼中旗', 3, 150500000000);
INSERT INTO `zz_area_code` VALUES (150522000000, '科尔沁左翼后旗', 3, 150500000000);
INSERT INTO `zz_area_code` VALUES (150523000000, '开鲁县', 3, 150500000000);
INSERT INTO `zz_area_code` VALUES (150524000000, '库伦旗', 3, 150500000000);
INSERT INTO `zz_area_code` VALUES (150525000000, '奈曼旗', 3, 150500000000);
INSERT INTO `zz_area_code` VALUES (150526000000, '扎鲁特旗', 3, 150500000000);
INSERT INTO `zz_area_code` VALUES (150571000000, '通辽经济技术开发区', 3, 150500000000);
INSERT INTO `zz_area_code` VALUES (150581000000, '霍林郭勒市', 3, 150500000000);
INSERT INTO `zz_area_code` VALUES (150600000000, '鄂尔多斯市', 2, 150000000000);
INSERT INTO `zz_area_code` VALUES (150601000000, '市辖区', 3, 150600000000);
INSERT INTO `zz_area_code` VALUES (150602000000, '东胜区', 3, 150600000000);
INSERT INTO `zz_area_code` VALUES (150603000000, '康巴什区', 3, 150600000000);
INSERT INTO `zz_area_code` VALUES (150621000000, '达拉特旗', 3, 150600000000);
INSERT INTO `zz_area_code` VALUES (150622000000, '准格尔旗', 3, 150600000000);
INSERT INTO `zz_area_code` VALUES (150623000000, '鄂托克前旗', 3, 150600000000);
INSERT INTO `zz_area_code` VALUES (150624000000, '鄂托克旗', 3, 150600000000);
INSERT INTO `zz_area_code` VALUES (150625000000, '杭锦旗', 3, 150600000000);
INSERT INTO `zz_area_code` VALUES (150626000000, '乌审旗', 3, 150600000000);
INSERT INTO `zz_area_code` VALUES (150627000000, '伊金霍洛旗', 3, 150600000000);
INSERT INTO `zz_area_code` VALUES (150700000000, '呼伦贝尔市', 2, 150000000000);
INSERT INTO `zz_area_code` VALUES (150701000000, '市辖区', 3, 150700000000);
INSERT INTO `zz_area_code` VALUES (150702000000, '海拉尔区', 3, 150700000000);
INSERT INTO `zz_area_code` VALUES (150703000000, '扎赉诺尔区', 3, 150700000000);
INSERT INTO `zz_area_code` VALUES (150721000000, '阿荣旗', 3, 150700000000);
INSERT INTO `zz_area_code` VALUES (150722000000, '莫力达瓦达斡尔族自治旗', 3, 150700000000);
INSERT INTO `zz_area_code` VALUES (150723000000, '鄂伦春自治旗', 3, 150700000000);
INSERT INTO `zz_area_code` VALUES (150724000000, '鄂温克族自治旗', 3, 150700000000);
INSERT INTO `zz_area_code` VALUES (150725000000, '陈巴尔虎旗', 3, 150700000000);
INSERT INTO `zz_area_code` VALUES (150726000000, '新巴尔虎左旗', 3, 150700000000);
INSERT INTO `zz_area_code` VALUES (150727000000, '新巴尔虎右旗', 3, 150700000000);
INSERT INTO `zz_area_code` VALUES (150781000000, '满洲里市', 3, 150700000000);
INSERT INTO `zz_area_code` VALUES (150782000000, '牙克石市', 3, 150700000000);
INSERT INTO `zz_area_code` VALUES (150783000000, '扎兰屯市', 3, 150700000000);
INSERT INTO `zz_area_code` VALUES (150784000000, '额尔古纳市', 3, 150700000000);
INSERT INTO `zz_area_code` VALUES (150785000000, '根河市', 3, 150700000000);
INSERT INTO `zz_area_code` VALUES (150800000000, '巴彦淖尔市', 2, 150000000000);
INSERT INTO `zz_area_code` VALUES (150801000000, '市辖区', 3, 150800000000);
INSERT INTO `zz_area_code` VALUES (150802000000, '临河区', 3, 150800000000);
INSERT INTO `zz_area_code` VALUES (150821000000, '五原县', 3, 150800000000);
INSERT INTO `zz_area_code` VALUES (150822000000, '磴口县', 3, 150800000000);
INSERT INTO `zz_area_code` VALUES (150823000000, '乌拉特前旗', 3, 150800000000);
INSERT INTO `zz_area_code` VALUES (150824000000, '乌拉特中旗', 3, 150800000000);
INSERT INTO `zz_area_code` VALUES (150825000000, '乌拉特后旗', 3, 150800000000);
INSERT INTO `zz_area_code` VALUES (150826000000, '杭锦后旗', 3, 150800000000);
INSERT INTO `zz_area_code` VALUES (150900000000, '乌兰察布市', 2, 150000000000);
INSERT INTO `zz_area_code` VALUES (150901000000, '市辖区', 3, 150900000000);
INSERT INTO `zz_area_code` VALUES (150902000000, '集宁区', 3, 150900000000);
INSERT INTO `zz_area_code` VALUES (150921000000, '卓资县', 3, 150900000000);
INSERT INTO `zz_area_code` VALUES (150922000000, '化德县', 3, 150900000000);
INSERT INTO `zz_area_code` VALUES (150923000000, '商都县', 3, 150900000000);
INSERT INTO `zz_area_code` VALUES (150924000000, '兴和县', 3, 150900000000);
INSERT INTO `zz_area_code` VALUES (150925000000, '凉城县', 3, 150900000000);
INSERT INTO `zz_area_code` VALUES (150926000000, '察哈尔右翼前旗', 3, 150900000000);
INSERT INTO `zz_area_code` VALUES (150927000000, '察哈尔右翼中旗', 3, 150900000000);
INSERT INTO `zz_area_code` VALUES (150928000000, '察哈尔右翼后旗', 3, 150900000000);
INSERT INTO `zz_area_code` VALUES (150929000000, '四子王旗', 3, 150900000000);
INSERT INTO `zz_area_code` VALUES (150981000000, '丰镇市', 3, 150900000000);
INSERT INTO `zz_area_code` VALUES (152200000000, '兴安盟', 2, 150000000000);
INSERT INTO `zz_area_code` VALUES (152201000000, '乌兰浩特市', 3, 152200000000);
INSERT INTO `zz_area_code` VALUES (152202000000, '阿尔山市', 3, 152200000000);
INSERT INTO `zz_area_code` VALUES (152221000000, '科尔沁右翼前旗', 3, 152200000000);
INSERT INTO `zz_area_code` VALUES (152222000000, '科尔沁右翼中旗', 3, 152200000000);
INSERT INTO `zz_area_code` VALUES (152223000000, '扎赉特旗', 3, 152200000000);
INSERT INTO `zz_area_code` VALUES (152224000000, '突泉县', 3, 152200000000);
INSERT INTO `zz_area_code` VALUES (152500000000, '锡林郭勒盟', 2, 150000000000);
INSERT INTO `zz_area_code` VALUES (152501000000, '二连浩特市', 3, 152500000000);
INSERT INTO `zz_area_code` VALUES (152502000000, '锡林浩特市', 3, 152500000000);
INSERT INTO `zz_area_code` VALUES (152522000000, '阿巴嘎旗', 3, 152500000000);
INSERT INTO `zz_area_code` VALUES (152523000000, '苏尼特左旗', 3, 152500000000);
INSERT INTO `zz_area_code` VALUES (152524000000, '苏尼特右旗', 3, 152500000000);
INSERT INTO `zz_area_code` VALUES (152525000000, '东乌珠穆沁旗', 3, 152500000000);
INSERT INTO `zz_area_code` VALUES (152526000000, '西乌珠穆沁旗', 3, 152500000000);
INSERT INTO `zz_area_code` VALUES (152527000000, '太仆寺旗', 3, 152500000000);
INSERT INTO `zz_area_code` VALUES (152528000000, '镶黄旗', 3, 152500000000);
INSERT INTO `zz_area_code` VALUES (152529000000, '正镶白旗', 3, 152500000000);
INSERT INTO `zz_area_code` VALUES (152530000000, '正蓝旗', 3, 152500000000);
INSERT INTO `zz_area_code` VALUES (152531000000, '多伦县', 3, 152500000000);
INSERT INTO `zz_area_code` VALUES (152571000000, '乌拉盖管委会', 3, 152500000000);
INSERT INTO `zz_area_code` VALUES (152900000000, '阿拉善盟', 2, 150000000000);
INSERT INTO `zz_area_code` VALUES (152921000000, '阿拉善左旗', 3, 152900000000);
INSERT INTO `zz_area_code` VALUES (152922000000, '阿拉善右旗', 3, 152900000000);
INSERT INTO `zz_area_code` VALUES (152923000000, '额济纳旗', 3, 152900000000);
INSERT INTO `zz_area_code` VALUES (152971000000, '内蒙古阿拉善经济开发区', 3, 152900000000);
INSERT INTO `zz_area_code` VALUES (210000000000, '辽宁省', 1, NULL);
INSERT INTO `zz_area_code` VALUES (210100000000, '沈阳市', 2, 210000000000);
INSERT INTO `zz_area_code` VALUES (210101000000, '市辖区', 3, 210100000000);
INSERT INTO `zz_area_code` VALUES (210102000000, '和平区', 3, 210100000000);
INSERT INTO `zz_area_code` VALUES (210103000000, '沈河区', 3, 210100000000);
INSERT INTO `zz_area_code` VALUES (210104000000, '大东区', 3, 210100000000);
INSERT INTO `zz_area_code` VALUES (210105000000, '皇姑区', 3, 210100000000);
INSERT INTO `zz_area_code` VALUES (210106000000, '铁西区', 3, 210100000000);
INSERT INTO `zz_area_code` VALUES (210111000000, '苏家屯区', 3, 210100000000);
INSERT INTO `zz_area_code` VALUES (210112000000, '浑南区', 3, 210100000000);
INSERT INTO `zz_area_code` VALUES (210113000000, '沈北新区', 3, 210100000000);
INSERT INTO `zz_area_code` VALUES (210114000000, '于洪区', 3, 210100000000);
INSERT INTO `zz_area_code` VALUES (210115000000, '辽中区', 3, 210100000000);
INSERT INTO `zz_area_code` VALUES (210123000000, '康平县', 3, 210100000000);
INSERT INTO `zz_area_code` VALUES (210124000000, '法库县', 3, 210100000000);
INSERT INTO `zz_area_code` VALUES (210181000000, '新民市', 3, 210100000000);
INSERT INTO `zz_area_code` VALUES (210200000000, '大连市', 2, 210000000000);
INSERT INTO `zz_area_code` VALUES (210201000000, '市辖区', 3, 210200000000);
INSERT INTO `zz_area_code` VALUES (210202000000, '中山区', 3, 210200000000);
INSERT INTO `zz_area_code` VALUES (210203000000, '西岗区', 3, 210200000000);
INSERT INTO `zz_area_code` VALUES (210204000000, '沙河口区', 3, 210200000000);
INSERT INTO `zz_area_code` VALUES (210211000000, '甘井子区', 3, 210200000000);
INSERT INTO `zz_area_code` VALUES (210212000000, '旅顺口区', 3, 210200000000);
INSERT INTO `zz_area_code` VALUES (210213000000, '金州区', 3, 210200000000);
INSERT INTO `zz_area_code` VALUES (210214000000, '普兰店区', 3, 210200000000);
INSERT INTO `zz_area_code` VALUES (210224000000, '长海县', 3, 210200000000);
INSERT INTO `zz_area_code` VALUES (210281000000, '瓦房店市', 3, 210200000000);
INSERT INTO `zz_area_code` VALUES (210283000000, '庄河市', 3, 210200000000);
INSERT INTO `zz_area_code` VALUES (210300000000, '鞍山市', 2, 210000000000);
INSERT INTO `zz_area_code` VALUES (210301000000, '市辖区', 3, 210300000000);
INSERT INTO `zz_area_code` VALUES (210302000000, '铁东区', 3, 210300000000);
INSERT INTO `zz_area_code` VALUES (210303000000, '铁西区', 3, 210300000000);
INSERT INTO `zz_area_code` VALUES (210304000000, '立山区', 3, 210300000000);
INSERT INTO `zz_area_code` VALUES (210311000000, '千山区', 3, 210300000000);
INSERT INTO `zz_area_code` VALUES (210321000000, '台安县', 3, 210300000000);
INSERT INTO `zz_area_code` VALUES (210323000000, '岫岩满族自治县', 3, 210300000000);
INSERT INTO `zz_area_code` VALUES (210381000000, '海城市', 3, 210300000000);
INSERT INTO `zz_area_code` VALUES (210400000000, '抚顺市', 2, 210000000000);
INSERT INTO `zz_area_code` VALUES (210401000000, '市辖区', 3, 210400000000);
INSERT INTO `zz_area_code` VALUES (210402000000, '新抚区', 3, 210400000000);
INSERT INTO `zz_area_code` VALUES (210403000000, '东洲区', 3, 210400000000);
INSERT INTO `zz_area_code` VALUES (210404000000, '望花区', 3, 210400000000);
INSERT INTO `zz_area_code` VALUES (210411000000, '顺城区', 3, 210400000000);
INSERT INTO `zz_area_code` VALUES (210421000000, '抚顺县', 3, 210400000000);
INSERT INTO `zz_area_code` VALUES (210422000000, '新宾满族自治县', 3, 210400000000);
INSERT INTO `zz_area_code` VALUES (210423000000, '清原满族自治县', 3, 210400000000);
INSERT INTO `zz_area_code` VALUES (210500000000, '本溪市', 2, 210000000000);
INSERT INTO `zz_area_code` VALUES (210501000000, '市辖区', 3, 210500000000);
INSERT INTO `zz_area_code` VALUES (210502000000, '平山区', 3, 210500000000);
INSERT INTO `zz_area_code` VALUES (210503000000, '溪湖区', 3, 210500000000);
INSERT INTO `zz_area_code` VALUES (210504000000, '明山区', 3, 210500000000);
INSERT INTO `zz_area_code` VALUES (210505000000, '南芬区', 3, 210500000000);
INSERT INTO `zz_area_code` VALUES (210521000000, '本溪满族自治县', 3, 210500000000);
INSERT INTO `zz_area_code` VALUES (210522000000, '桓仁满族自治县', 3, 210500000000);
INSERT INTO `zz_area_code` VALUES (210600000000, '丹东市', 2, 210000000000);
INSERT INTO `zz_area_code` VALUES (210601000000, '市辖区', 3, 210600000000);
INSERT INTO `zz_area_code` VALUES (210602000000, '元宝区', 3, 210600000000);
INSERT INTO `zz_area_code` VALUES (210603000000, '振兴区', 3, 210600000000);
INSERT INTO `zz_area_code` VALUES (210604000000, '振安区', 3, 210600000000);
INSERT INTO `zz_area_code` VALUES (210624000000, '宽甸满族自治县', 3, 210600000000);
INSERT INTO `zz_area_code` VALUES (210681000000, '东港市', 3, 210600000000);
INSERT INTO `zz_area_code` VALUES (210682000000, '凤城市', 3, 210600000000);
INSERT INTO `zz_area_code` VALUES (210700000000, '锦州市', 2, 210000000000);
INSERT INTO `zz_area_code` VALUES (210701000000, '市辖区', 3, 210700000000);
INSERT INTO `zz_area_code` VALUES (210702000000, '古塔区', 3, 210700000000);
INSERT INTO `zz_area_code` VALUES (210703000000, '凌河区', 3, 210700000000);
INSERT INTO `zz_area_code` VALUES (210711000000, '太和区', 3, 210700000000);
INSERT INTO `zz_area_code` VALUES (210726000000, '黑山县', 3, 210700000000);
INSERT INTO `zz_area_code` VALUES (210727000000, '义县', 3, 210700000000);
INSERT INTO `zz_area_code` VALUES (210781000000, '凌海市', 3, 210700000000);
INSERT INTO `zz_area_code` VALUES (210782000000, '北镇市', 3, 210700000000);
INSERT INTO `zz_area_code` VALUES (210800000000, '营口市', 2, 210000000000);
INSERT INTO `zz_area_code` VALUES (210801000000, '市辖区', 3, 210800000000);
INSERT INTO `zz_area_code` VALUES (210802000000, '站前区', 3, 210800000000);
INSERT INTO `zz_area_code` VALUES (210803000000, '西市区', 3, 210800000000);
INSERT INTO `zz_area_code` VALUES (210804000000, '鲅鱼圈区', 3, 210800000000);
INSERT INTO `zz_area_code` VALUES (210811000000, '老边区', 3, 210800000000);
INSERT INTO `zz_area_code` VALUES (210881000000, '盖州市', 3, 210800000000);
INSERT INTO `zz_area_code` VALUES (210882000000, '大石桥市', 3, 210800000000);
INSERT INTO `zz_area_code` VALUES (210900000000, '阜新市', 2, 210000000000);
INSERT INTO `zz_area_code` VALUES (210901000000, '市辖区', 3, 210900000000);
INSERT INTO `zz_area_code` VALUES (210902000000, '海州区', 3, 210900000000);
INSERT INTO `zz_area_code` VALUES (210903000000, '新邱区', 3, 210900000000);
INSERT INTO `zz_area_code` VALUES (210904000000, '太平区', 3, 210900000000);
INSERT INTO `zz_area_code` VALUES (210905000000, '清河门区', 3, 210900000000);
INSERT INTO `zz_area_code` VALUES (210911000000, '细河区', 3, 210900000000);
INSERT INTO `zz_area_code` VALUES (210921000000, '阜新蒙古族自治县', 3, 210900000000);
INSERT INTO `zz_area_code` VALUES (210922000000, '彰武县', 3, 210900000000);
INSERT INTO `zz_area_code` VALUES (211000000000, '辽阳市', 2, 210000000000);
INSERT INTO `zz_area_code` VALUES (211001000000, '市辖区', 3, 211000000000);
INSERT INTO `zz_area_code` VALUES (211002000000, '白塔区', 3, 211000000000);
INSERT INTO `zz_area_code` VALUES (211003000000, '文圣区', 3, 211000000000);
INSERT INTO `zz_area_code` VALUES (211004000000, '宏伟区', 3, 211000000000);
INSERT INTO `zz_area_code` VALUES (211005000000, '弓长岭区', 3, 211000000000);
INSERT INTO `zz_area_code` VALUES (211011000000, '太子河区', 3, 211000000000);
INSERT INTO `zz_area_code` VALUES (211021000000, '辽阳县', 3, 211000000000);
INSERT INTO `zz_area_code` VALUES (211081000000, '灯塔市', 3, 211000000000);
INSERT INTO `zz_area_code` VALUES (211100000000, '盘锦市', 2, 210000000000);
INSERT INTO `zz_area_code` VALUES (211101000000, '市辖区', 3, 211100000000);
INSERT INTO `zz_area_code` VALUES (211102000000, '双台子区', 3, 211100000000);
INSERT INTO `zz_area_code` VALUES (211103000000, '兴隆台区', 3, 211100000000);
INSERT INTO `zz_area_code` VALUES (211104000000, '大洼区', 3, 211100000000);
INSERT INTO `zz_area_code` VALUES (211122000000, '盘山县', 3, 211100000000);
INSERT INTO `zz_area_code` VALUES (211200000000, '铁岭市', 2, 210000000000);
INSERT INTO `zz_area_code` VALUES (211201000000, '市辖区', 3, 211200000000);
INSERT INTO `zz_area_code` VALUES (211202000000, '银州区', 3, 211200000000);
INSERT INTO `zz_area_code` VALUES (211204000000, '清河区', 3, 211200000000);
INSERT INTO `zz_area_code` VALUES (211221000000, '铁岭县', 3, 211200000000);
INSERT INTO `zz_area_code` VALUES (211223000000, '西丰县', 3, 211200000000);
INSERT INTO `zz_area_code` VALUES (211224000000, '昌图县', 3, 211200000000);
INSERT INTO `zz_area_code` VALUES (211281000000, '调兵山市', 3, 211200000000);
INSERT INTO `zz_area_code` VALUES (211282000000, '开原市', 3, 211200000000);
INSERT INTO `zz_area_code` VALUES (211300000000, '朝阳市', 2, 210000000000);
INSERT INTO `zz_area_code` VALUES (211301000000, '市辖区', 3, 211300000000);
INSERT INTO `zz_area_code` VALUES (211302000000, '双塔区', 3, 211300000000);
INSERT INTO `zz_area_code` VALUES (211303000000, '龙城区', 3, 211300000000);
INSERT INTO `zz_area_code` VALUES (211321000000, '朝阳县', 3, 211300000000);
INSERT INTO `zz_area_code` VALUES (211322000000, '建平县', 3, 211300000000);
INSERT INTO `zz_area_code` VALUES (211324000000, '喀喇沁左翼蒙古族自治县', 3, 211300000000);
INSERT INTO `zz_area_code` VALUES (211381000000, '北票市', 3, 211300000000);
INSERT INTO `zz_area_code` VALUES (211382000000, '凌源市', 3, 211300000000);
INSERT INTO `zz_area_code` VALUES (211400000000, '葫芦岛市', 2, 210000000000);
INSERT INTO `zz_area_code` VALUES (211401000000, '市辖区', 3, 211400000000);
INSERT INTO `zz_area_code` VALUES (211402000000, '连山区', 3, 211400000000);
INSERT INTO `zz_area_code` VALUES (211403000000, '龙港区', 3, 211400000000);
INSERT INTO `zz_area_code` VALUES (211404000000, '南票区', 3, 211400000000);
INSERT INTO `zz_area_code` VALUES (211421000000, '绥中县', 3, 211400000000);
INSERT INTO `zz_area_code` VALUES (211422000000, '建昌县', 3, 211400000000);
INSERT INTO `zz_area_code` VALUES (211481000000, '兴城市', 3, 211400000000);
INSERT INTO `zz_area_code` VALUES (220000000000, '吉林省', 1, NULL);
INSERT INTO `zz_area_code` VALUES (220100000000, '长春市', 2, 220000000000);
INSERT INTO `zz_area_code` VALUES (220101000000, '市辖区', 3, 220100000000);
INSERT INTO `zz_area_code` VALUES (220102000000, '南关区', 3, 220100000000);
INSERT INTO `zz_area_code` VALUES (220103000000, '宽城区', 3, 220100000000);
INSERT INTO `zz_area_code` VALUES (220104000000, '朝阳区', 3, 220100000000);
INSERT INTO `zz_area_code` VALUES (220105000000, '二道区', 3, 220100000000);
INSERT INTO `zz_area_code` VALUES (220106000000, '绿园区', 3, 220100000000);
INSERT INTO `zz_area_code` VALUES (220112000000, '双阳区', 3, 220100000000);
INSERT INTO `zz_area_code` VALUES (220113000000, '九台区', 3, 220100000000);
INSERT INTO `zz_area_code` VALUES (220122000000, '农安县', 3, 220100000000);
INSERT INTO `zz_area_code` VALUES (220171000000, '长春经济技术开发区', 3, 220100000000);
INSERT INTO `zz_area_code` VALUES (220172000000, '长春净月高新技术产业开发区', 3, 220100000000);
INSERT INTO `zz_area_code` VALUES (220173000000, '长春高新技术产业开发区', 3, 220100000000);
INSERT INTO `zz_area_code` VALUES (220174000000, '长春汽车经济技术开发区', 3, 220100000000);
INSERT INTO `zz_area_code` VALUES (220182000000, '榆树市', 3, 220100000000);
INSERT INTO `zz_area_code` VALUES (220183000000, '德惠市', 3, 220100000000);
INSERT INTO `zz_area_code` VALUES (220200000000, '吉林市', 2, 220000000000);
INSERT INTO `zz_area_code` VALUES (220201000000, '市辖区', 3, 220200000000);
INSERT INTO `zz_area_code` VALUES (220202000000, '昌邑区', 3, 220200000000);
INSERT INTO `zz_area_code` VALUES (220203000000, '龙潭区', 3, 220200000000);
INSERT INTO `zz_area_code` VALUES (220204000000, '船营区', 3, 220200000000);
INSERT INTO `zz_area_code` VALUES (220211000000, '丰满区', 3, 220200000000);
INSERT INTO `zz_area_code` VALUES (220221000000, '永吉县', 3, 220200000000);
INSERT INTO `zz_area_code` VALUES (220271000000, '吉林经济开发区', 3, 220200000000);
INSERT INTO `zz_area_code` VALUES (220272000000, '吉林高新技术产业开发区', 3, 220200000000);
INSERT INTO `zz_area_code` VALUES (220273000000, '吉林中国新加坡食品区', 3, 220200000000);
INSERT INTO `zz_area_code` VALUES (220281000000, '蛟河市', 3, 220200000000);
INSERT INTO `zz_area_code` VALUES (220282000000, '桦甸市', 3, 220200000000);
INSERT INTO `zz_area_code` VALUES (220283000000, '舒兰市', 3, 220200000000);
INSERT INTO `zz_area_code` VALUES (220284000000, '磐石市', 3, 220200000000);
INSERT INTO `zz_area_code` VALUES (220300000000, '四平市', 2, 220000000000);
INSERT INTO `zz_area_code` VALUES (220301000000, '市辖区', 3, 220300000000);
INSERT INTO `zz_area_code` VALUES (220302000000, '铁西区', 3, 220300000000);
INSERT INTO `zz_area_code` VALUES (220303000000, '铁东区', 3, 220300000000);
INSERT INTO `zz_area_code` VALUES (220322000000, '梨树县', 3, 220300000000);
INSERT INTO `zz_area_code` VALUES (220323000000, '伊通满族自治县', 3, 220300000000);
INSERT INTO `zz_area_code` VALUES (220381000000, '公主岭市', 3, 220300000000);
INSERT INTO `zz_area_code` VALUES (220382000000, '双辽市', 3, 220300000000);
INSERT INTO `zz_area_code` VALUES (220400000000, '辽源市', 2, 220000000000);
INSERT INTO `zz_area_code` VALUES (220401000000, '市辖区', 3, 220400000000);
INSERT INTO `zz_area_code` VALUES (220402000000, '龙山区', 3, 220400000000);
INSERT INTO `zz_area_code` VALUES (220403000000, '西安区', 3, 220400000000);
INSERT INTO `zz_area_code` VALUES (220421000000, '东丰县', 3, 220400000000);
INSERT INTO `zz_area_code` VALUES (220422000000, '东辽县', 3, 220400000000);
INSERT INTO `zz_area_code` VALUES (220500000000, '通化市', 2, 220000000000);
INSERT INTO `zz_area_code` VALUES (220501000000, '市辖区', 3, 220500000000);
INSERT INTO `zz_area_code` VALUES (220502000000, '东昌区', 3, 220500000000);
INSERT INTO `zz_area_code` VALUES (220503000000, '二道江区', 3, 220500000000);
INSERT INTO `zz_area_code` VALUES (220521000000, '通化县', 3, 220500000000);
INSERT INTO `zz_area_code` VALUES (220523000000, '辉南县', 3, 220500000000);
INSERT INTO `zz_area_code` VALUES (220524000000, '柳河县', 3, 220500000000);
INSERT INTO `zz_area_code` VALUES (220581000000, '梅河口市', 3, 220500000000);
INSERT INTO `zz_area_code` VALUES (220582000000, '集安市', 3, 220500000000);
INSERT INTO `zz_area_code` VALUES (220600000000, '白山市', 2, 220000000000);
INSERT INTO `zz_area_code` VALUES (220601000000, '市辖区', 3, 220600000000);
INSERT INTO `zz_area_code` VALUES (220602000000, '浑江区', 3, 220600000000);
INSERT INTO `zz_area_code` VALUES (220605000000, '江源区', 3, 220600000000);
INSERT INTO `zz_area_code` VALUES (220621000000, '抚松县', 3, 220600000000);
INSERT INTO `zz_area_code` VALUES (220622000000, '靖宇县', 3, 220600000000);
INSERT INTO `zz_area_code` VALUES (220623000000, '长白朝鲜族自治县', 3, 220600000000);
INSERT INTO `zz_area_code` VALUES (220681000000, '临江市', 3, 220600000000);
INSERT INTO `zz_area_code` VALUES (220700000000, '松原市', 2, 220000000000);
INSERT INTO `zz_area_code` VALUES (220701000000, '市辖区', 3, 220700000000);
INSERT INTO `zz_area_code` VALUES (220702000000, '宁江区', 3, 220700000000);
INSERT INTO `zz_area_code` VALUES (220721000000, '前郭尔罗斯蒙古族自治县', 3, 220700000000);
INSERT INTO `zz_area_code` VALUES (220722000000, '长岭县', 3, 220700000000);
INSERT INTO `zz_area_code` VALUES (220723000000, '乾安县', 3, 220700000000);
INSERT INTO `zz_area_code` VALUES (220771000000, '吉林松原经济开发区', 3, 220700000000);
INSERT INTO `zz_area_code` VALUES (220781000000, '扶余市', 3, 220700000000);
INSERT INTO `zz_area_code` VALUES (220800000000, '白城市', 2, 220000000000);
INSERT INTO `zz_area_code` VALUES (220801000000, '市辖区', 3, 220800000000);
INSERT INTO `zz_area_code` VALUES (220802000000, '洮北区', 3, 220800000000);
INSERT INTO `zz_area_code` VALUES (220821000000, '镇赉县', 3, 220800000000);
INSERT INTO `zz_area_code` VALUES (220822000000, '通榆县', 3, 220800000000);
INSERT INTO `zz_area_code` VALUES (220871000000, '吉林白城经济开发区', 3, 220800000000);
INSERT INTO `zz_area_code` VALUES (220881000000, '洮南市', 3, 220800000000);
INSERT INTO `zz_area_code` VALUES (220882000000, '大安市', 3, 220800000000);
INSERT INTO `zz_area_code` VALUES (222400000000, '延边朝鲜族自治州', 2, 220000000000);
INSERT INTO `zz_area_code` VALUES (222401000000, '延吉市', 3, 222400000000);
INSERT INTO `zz_area_code` VALUES (222402000000, '图们市', 3, 222400000000);
INSERT INTO `zz_area_code` VALUES (222403000000, '敦化市', 3, 222400000000);
INSERT INTO `zz_area_code` VALUES (222404000000, '珲春市', 3, 222400000000);
INSERT INTO `zz_area_code` VALUES (222405000000, '龙井市', 3, 222400000000);
INSERT INTO `zz_area_code` VALUES (222406000000, '和龙市', 3, 222400000000);
INSERT INTO `zz_area_code` VALUES (222424000000, '汪清县', 3, 222400000000);
INSERT INTO `zz_area_code` VALUES (222426000000, '安图县', 3, 222400000000);
INSERT INTO `zz_area_code` VALUES (230000000000, '黑龙江省', 1, NULL);
INSERT INTO `zz_area_code` VALUES (230100000000, '哈尔滨市', 2, 230000000000);
INSERT INTO `zz_area_code` VALUES (230101000000, '市辖区', 3, 230100000000);
INSERT INTO `zz_area_code` VALUES (230102000000, '道里区', 3, 230100000000);
INSERT INTO `zz_area_code` VALUES (230103000000, '南岗区', 3, 230100000000);
INSERT INTO `zz_area_code` VALUES (230104000000, '道外区', 3, 230100000000);
INSERT INTO `zz_area_code` VALUES (230108000000, '平房区', 3, 230100000000);
INSERT INTO `zz_area_code` VALUES (230109000000, '松北区', 3, 230100000000);
INSERT INTO `zz_area_code` VALUES (230110000000, '香坊区', 3, 230100000000);
INSERT INTO `zz_area_code` VALUES (230111000000, '呼兰区', 3, 230100000000);
INSERT INTO `zz_area_code` VALUES (230112000000, '阿城区', 3, 230100000000);
INSERT INTO `zz_area_code` VALUES (230113000000, '双城区', 3, 230100000000);
INSERT INTO `zz_area_code` VALUES (230123000000, '依兰县', 3, 230100000000);
INSERT INTO `zz_area_code` VALUES (230124000000, '方正县', 3, 230100000000);
INSERT INTO `zz_area_code` VALUES (230125000000, '宾县', 3, 230100000000);
INSERT INTO `zz_area_code` VALUES (230126000000, '巴彦县', 3, 230100000000);
INSERT INTO `zz_area_code` VALUES (230127000000, '木兰县', 3, 230100000000);
INSERT INTO `zz_area_code` VALUES (230128000000, '通河县', 3, 230100000000);
INSERT INTO `zz_area_code` VALUES (230129000000, '延寿县', 3, 230100000000);
INSERT INTO `zz_area_code` VALUES (230183000000, '尚志市', 3, 230100000000);
INSERT INTO `zz_area_code` VALUES (230184000000, '五常市', 3, 230100000000);
INSERT INTO `zz_area_code` VALUES (230200000000, '齐齐哈尔市', 2, 230000000000);
INSERT INTO `zz_area_code` VALUES (230201000000, '市辖区', 3, 230200000000);
INSERT INTO `zz_area_code` VALUES (230202000000, '龙沙区', 3, 230200000000);
INSERT INTO `zz_area_code` VALUES (230203000000, '建华区', 3, 230200000000);
INSERT INTO `zz_area_code` VALUES (230204000000, '铁锋区', 3, 230200000000);
INSERT INTO `zz_area_code` VALUES (230205000000, '昂昂溪区', 3, 230200000000);
INSERT INTO `zz_area_code` VALUES (230206000000, '富拉尔基区', 3, 230200000000);
INSERT INTO `zz_area_code` VALUES (230207000000, '碾子山区', 3, 230200000000);
INSERT INTO `zz_area_code` VALUES (230208000000, '梅里斯达斡尔族区', 3, 230200000000);
INSERT INTO `zz_area_code` VALUES (230221000000, '龙江县', 3, 230200000000);
INSERT INTO `zz_area_code` VALUES (230223000000, '依安县', 3, 230200000000);
INSERT INTO `zz_area_code` VALUES (230224000000, '泰来县', 3, 230200000000);
INSERT INTO `zz_area_code` VALUES (230225000000, '甘南县', 3, 230200000000);
INSERT INTO `zz_area_code` VALUES (230227000000, '富裕县', 3, 230200000000);
INSERT INTO `zz_area_code` VALUES (230229000000, '克山县', 3, 230200000000);
INSERT INTO `zz_area_code` VALUES (230230000000, '克东县', 3, 230200000000);
INSERT INTO `zz_area_code` VALUES (230231000000, '拜泉县', 3, 230200000000);
INSERT INTO `zz_area_code` VALUES (230281000000, '讷河市', 3, 230200000000);
INSERT INTO `zz_area_code` VALUES (230300000000, '鸡西市', 2, 230000000000);
INSERT INTO `zz_area_code` VALUES (230301000000, '市辖区', 3, 230300000000);
INSERT INTO `zz_area_code` VALUES (230302000000, '鸡冠区', 3, 230300000000);
INSERT INTO `zz_area_code` VALUES (230303000000, '恒山区', 3, 230300000000);
INSERT INTO `zz_area_code` VALUES (230304000000, '滴道区', 3, 230300000000);
INSERT INTO `zz_area_code` VALUES (230305000000, '梨树区', 3, 230300000000);
INSERT INTO `zz_area_code` VALUES (230306000000, '城子河区', 3, 230300000000);
INSERT INTO `zz_area_code` VALUES (230307000000, '麻山区', 3, 230300000000);
INSERT INTO `zz_area_code` VALUES (230321000000, '鸡东县', 3, 230300000000);
INSERT INTO `zz_area_code` VALUES (230381000000, '虎林市', 3, 230300000000);
INSERT INTO `zz_area_code` VALUES (230382000000, '密山市', 3, 230300000000);
INSERT INTO `zz_area_code` VALUES (230400000000, '鹤岗市', 2, 230000000000);
INSERT INTO `zz_area_code` VALUES (230401000000, '市辖区', 3, 230400000000);
INSERT INTO `zz_area_code` VALUES (230402000000, '向阳区', 3, 230400000000);
INSERT INTO `zz_area_code` VALUES (230403000000, '工农区', 3, 230400000000);
INSERT INTO `zz_area_code` VALUES (230404000000, '南山区', 3, 230400000000);
INSERT INTO `zz_area_code` VALUES (230405000000, '兴安区', 3, 230400000000);
INSERT INTO `zz_area_code` VALUES (230406000000, '东山区', 3, 230400000000);
INSERT INTO `zz_area_code` VALUES (230407000000, '兴山区', 3, 230400000000);
INSERT INTO `zz_area_code` VALUES (230421000000, '萝北县', 3, 230400000000);
INSERT INTO `zz_area_code` VALUES (230422000000, '绥滨县', 3, 230400000000);
INSERT INTO `zz_area_code` VALUES (230500000000, '双鸭山市', 2, 230000000000);
INSERT INTO `zz_area_code` VALUES (230501000000, '市辖区', 3, 230500000000);
INSERT INTO `zz_area_code` VALUES (230502000000, '尖山区', 3, 230500000000);
INSERT INTO `zz_area_code` VALUES (230503000000, '岭东区', 3, 230500000000);
INSERT INTO `zz_area_code` VALUES (230505000000, '四方台区', 3, 230500000000);
INSERT INTO `zz_area_code` VALUES (230506000000, '宝山区', 3, 230500000000);
INSERT INTO `zz_area_code` VALUES (230521000000, '集贤县', 3, 230500000000);
INSERT INTO `zz_area_code` VALUES (230522000000, '友谊县', 3, 230500000000);
INSERT INTO `zz_area_code` VALUES (230523000000, '宝清县', 3, 230500000000);
INSERT INTO `zz_area_code` VALUES (230524000000, '饶河县', 3, 230500000000);
INSERT INTO `zz_area_code` VALUES (230600000000, '大庆市', 2, 230000000000);
INSERT INTO `zz_area_code` VALUES (230601000000, '市辖区', 3, 230600000000);
INSERT INTO `zz_area_code` VALUES (230602000000, '萨尔图区', 3, 230600000000);
INSERT INTO `zz_area_code` VALUES (230603000000, '龙凤区', 3, 230600000000);
INSERT INTO `zz_area_code` VALUES (230604000000, '让胡路区', 3, 230600000000);
INSERT INTO `zz_area_code` VALUES (230605000000, '红岗区', 3, 230600000000);
INSERT INTO `zz_area_code` VALUES (230606000000, '大同区', 3, 230600000000);
INSERT INTO `zz_area_code` VALUES (230621000000, '肇州县', 3, 230600000000);
INSERT INTO `zz_area_code` VALUES (230622000000, '肇源县', 3, 230600000000);
INSERT INTO `zz_area_code` VALUES (230623000000, '林甸县', 3, 230600000000);
INSERT INTO `zz_area_code` VALUES (230624000000, '杜尔伯特蒙古族自治县', 3, 230600000000);
INSERT INTO `zz_area_code` VALUES (230671000000, '大庆高新技术产业开发区', 3, 230600000000);
INSERT INTO `zz_area_code` VALUES (230700000000, '伊春市', 2, 230000000000);
INSERT INTO `zz_area_code` VALUES (230701000000, '市辖区', 3, 230700000000);
INSERT INTO `zz_area_code` VALUES (230702000000, '伊春区', 3, 230700000000);
INSERT INTO `zz_area_code` VALUES (230703000000, '南岔区', 3, 230700000000);
INSERT INTO `zz_area_code` VALUES (230704000000, '友好区', 3, 230700000000);
INSERT INTO `zz_area_code` VALUES (230705000000, '西林区', 3, 230700000000);
INSERT INTO `zz_area_code` VALUES (230706000000, '翠峦区', 3, 230700000000);
INSERT INTO `zz_area_code` VALUES (230707000000, '新青区', 3, 230700000000);
INSERT INTO `zz_area_code` VALUES (230708000000, '美溪区', 3, 230700000000);
INSERT INTO `zz_area_code` VALUES (230709000000, '金山屯区', 3, 230700000000);
INSERT INTO `zz_area_code` VALUES (230710000000, '五营区', 3, 230700000000);
INSERT INTO `zz_area_code` VALUES (230711000000, '乌马河区', 3, 230700000000);
INSERT INTO `zz_area_code` VALUES (230712000000, '汤旺河区', 3, 230700000000);
INSERT INTO `zz_area_code` VALUES (230713000000, '带岭区', 3, 230700000000);
INSERT INTO `zz_area_code` VALUES (230714000000, '乌伊岭区', 3, 230700000000);
INSERT INTO `zz_area_code` VALUES (230715000000, '红星区', 3, 230700000000);
INSERT INTO `zz_area_code` VALUES (230716000000, '上甘岭区', 3, 230700000000);
INSERT INTO `zz_area_code` VALUES (230722000000, '嘉荫县', 3, 230700000000);
INSERT INTO `zz_area_code` VALUES (230781000000, '铁力市', 3, 230700000000);
INSERT INTO `zz_area_code` VALUES (230800000000, '佳木斯市', 2, 230000000000);
INSERT INTO `zz_area_code` VALUES (230801000000, '市辖区', 3, 230800000000);
INSERT INTO `zz_area_code` VALUES (230803000000, '向阳区', 3, 230800000000);
INSERT INTO `zz_area_code` VALUES (230804000000, '前进区', 3, 230800000000);
INSERT INTO `zz_area_code` VALUES (230805000000, '东风区', 3, 230800000000);
INSERT INTO `zz_area_code` VALUES (230811000000, '郊区', 3, 230800000000);
INSERT INTO `zz_area_code` VALUES (230822000000, '桦南县', 3, 230800000000);
INSERT INTO `zz_area_code` VALUES (230826000000, '桦川县', 3, 230800000000);
INSERT INTO `zz_area_code` VALUES (230828000000, '汤原县', 3, 230800000000);
INSERT INTO `zz_area_code` VALUES (230881000000, '同江市', 3, 230800000000);
INSERT INTO `zz_area_code` VALUES (230882000000, '富锦市', 3, 230800000000);
INSERT INTO `zz_area_code` VALUES (230883000000, '抚远市', 3, 230800000000);
INSERT INTO `zz_area_code` VALUES (230900000000, '七台河市', 2, 230000000000);
INSERT INTO `zz_area_code` VALUES (230901000000, '市辖区', 3, 230900000000);
INSERT INTO `zz_area_code` VALUES (230902000000, '新兴区', 3, 230900000000);
INSERT INTO `zz_area_code` VALUES (230903000000, '桃山区', 3, 230900000000);
INSERT INTO `zz_area_code` VALUES (230904000000, '茄子河区', 3, 230900000000);
INSERT INTO `zz_area_code` VALUES (230921000000, '勃利县', 3, 230900000000);
INSERT INTO `zz_area_code` VALUES (231000000000, '牡丹江市', 2, 230000000000);
INSERT INTO `zz_area_code` VALUES (231001000000, '市辖区', 3, 231000000000);
INSERT INTO `zz_area_code` VALUES (231002000000, '东安区', 3, 231000000000);
INSERT INTO `zz_area_code` VALUES (231003000000, '阳明区', 3, 231000000000);
INSERT INTO `zz_area_code` VALUES (231004000000, '爱民区', 3, 231000000000);
INSERT INTO `zz_area_code` VALUES (231005000000, '西安区', 3, 231000000000);
INSERT INTO `zz_area_code` VALUES (231025000000, '林口县', 3, 231000000000);
INSERT INTO `zz_area_code` VALUES (231071000000, '牡丹江经济技术开发区', 3, 231000000000);
INSERT INTO `zz_area_code` VALUES (231081000000, '绥芬河市', 3, 231000000000);
INSERT INTO `zz_area_code` VALUES (231083000000, '海林市', 3, 231000000000);
INSERT INTO `zz_area_code` VALUES (231084000000, '宁安市', 3, 231000000000);
INSERT INTO `zz_area_code` VALUES (231085000000, '穆棱市', 3, 231000000000);
INSERT INTO `zz_area_code` VALUES (231086000000, '东宁市', 3, 231000000000);
INSERT INTO `zz_area_code` VALUES (231100000000, '黑河市', 2, 230000000000);
INSERT INTO `zz_area_code` VALUES (231101000000, '市辖区', 3, 231100000000);
INSERT INTO `zz_area_code` VALUES (231102000000, '爱辉区', 3, 231100000000);
INSERT INTO `zz_area_code` VALUES (231121000000, '嫩江县', 3, 231100000000);
INSERT INTO `zz_area_code` VALUES (231123000000, '逊克县', 3, 231100000000);
INSERT INTO `zz_area_code` VALUES (231124000000, '孙吴县', 3, 231100000000);
INSERT INTO `zz_area_code` VALUES (231181000000, '北安市', 3, 231100000000);
INSERT INTO `zz_area_code` VALUES (231182000000, '五大连池市', 3, 231100000000);
INSERT INTO `zz_area_code` VALUES (231200000000, '绥化市', 2, 230000000000);
INSERT INTO `zz_area_code` VALUES (231201000000, '市辖区', 3, 231200000000);
INSERT INTO `zz_area_code` VALUES (231202000000, '北林区', 3, 231200000000);
INSERT INTO `zz_area_code` VALUES (231221000000, '望奎县', 3, 231200000000);
INSERT INTO `zz_area_code` VALUES (231222000000, '兰西县', 3, 231200000000);
INSERT INTO `zz_area_code` VALUES (231223000000, '青冈县', 3, 231200000000);
INSERT INTO `zz_area_code` VALUES (231224000000, '庆安县', 3, 231200000000);
INSERT INTO `zz_area_code` VALUES (231225000000, '明水县', 3, 231200000000);
INSERT INTO `zz_area_code` VALUES (231226000000, '绥棱县', 3, 231200000000);
INSERT INTO `zz_area_code` VALUES (231281000000, '安达市', 3, 231200000000);
INSERT INTO `zz_area_code` VALUES (231282000000, '肇东市', 3, 231200000000);
INSERT INTO `zz_area_code` VALUES (231283000000, '海伦市', 3, 231200000000);
INSERT INTO `zz_area_code` VALUES (232700000000, '大兴安岭地区', 2, 230000000000);
INSERT INTO `zz_area_code` VALUES (232701000000, '漠河市', 3, 232700000000);
INSERT INTO `zz_area_code` VALUES (232721000000, '呼玛县', 3, 232700000000);
INSERT INTO `zz_area_code` VALUES (232722000000, '塔河县', 3, 232700000000);
INSERT INTO `zz_area_code` VALUES (232761000000, '加格达奇区', 3, 232700000000);
INSERT INTO `zz_area_code` VALUES (232762000000, '松岭区', 3, 232700000000);
INSERT INTO `zz_area_code` VALUES (232763000000, '新林区', 3, 232700000000);
INSERT INTO `zz_area_code` VALUES (232764000000, '呼中区', 3, 232700000000);
INSERT INTO `zz_area_code` VALUES (310000000000, '上海市', 1, NULL);
INSERT INTO `zz_area_code` VALUES (310100000000, '市辖区', 2, 310000000000);
INSERT INTO `zz_area_code` VALUES (310101000000, '黄浦区', 3, 310100000000);
INSERT INTO `zz_area_code` VALUES (310104000000, '徐汇区', 3, 310100000000);
INSERT INTO `zz_area_code` VALUES (310105000000, '长宁区', 3, 310100000000);
INSERT INTO `zz_area_code` VALUES (310106000000, '静安区', 3, 310100000000);
INSERT INTO `zz_area_code` VALUES (310107000000, '普陀区', 3, 310100000000);
INSERT INTO `zz_area_code` VALUES (310109000000, '虹口区', 3, 310100000000);
INSERT INTO `zz_area_code` VALUES (310110000000, '杨浦区', 3, 310100000000);
INSERT INTO `zz_area_code` VALUES (310112000000, '闵行区', 3, 310100000000);
INSERT INTO `zz_area_code` VALUES (310113000000, '宝山区', 3, 310100000000);
INSERT INTO `zz_area_code` VALUES (310114000000, '嘉定区', 3, 310100000000);
INSERT INTO `zz_area_code` VALUES (310115000000, '浦东新区', 3, 310100000000);
INSERT INTO `zz_area_code` VALUES (310116000000, '金山区', 3, 310100000000);
INSERT INTO `zz_area_code` VALUES (310117000000, '松江区', 3, 310100000000);
INSERT INTO `zz_area_code` VALUES (310118000000, '青浦区', 3, 310100000000);
INSERT INTO `zz_area_code` VALUES (310120000000, '奉贤区', 3, 310100000000);
INSERT INTO `zz_area_code` VALUES (310151000000, '崇明区', 3, 310100000000);
INSERT INTO `zz_area_code` VALUES (320000000000, '江苏省', 1, NULL);
INSERT INTO `zz_area_code` VALUES (320100000000, '南京市', 2, 320000000000);
INSERT INTO `zz_area_code` VALUES (320101000000, '市辖区', 3, 320100000000);
INSERT INTO `zz_area_code` VALUES (320102000000, '玄武区', 3, 320100000000);
INSERT INTO `zz_area_code` VALUES (320104000000, '秦淮区', 3, 320100000000);
INSERT INTO `zz_area_code` VALUES (320105000000, '建邺区', 3, 320100000000);
INSERT INTO `zz_area_code` VALUES (320106000000, '鼓楼区', 3, 320100000000);
INSERT INTO `zz_area_code` VALUES (320111000000, '浦口区', 3, 320100000000);
INSERT INTO `zz_area_code` VALUES (320113000000, '栖霞区', 3, 320100000000);
INSERT INTO `zz_area_code` VALUES (320114000000, '雨花台区', 3, 320100000000);
INSERT INTO `zz_area_code` VALUES (320115000000, '江宁区', 3, 320100000000);
INSERT INTO `zz_area_code` VALUES (320116000000, '六合区', 3, 320100000000);
INSERT INTO `zz_area_code` VALUES (320117000000, '溧水区', 3, 320100000000);
INSERT INTO `zz_area_code` VALUES (320118000000, '高淳区', 3, 320100000000);
INSERT INTO `zz_area_code` VALUES (320200000000, '无锡市', 2, 320000000000);
INSERT INTO `zz_area_code` VALUES (320201000000, '市辖区', 3, 320200000000);
INSERT INTO `zz_area_code` VALUES (320205000000, '锡山区', 3, 320200000000);
INSERT INTO `zz_area_code` VALUES (320206000000, '惠山区', 3, 320200000000);
INSERT INTO `zz_area_code` VALUES (320211000000, '滨湖区', 3, 320200000000);
INSERT INTO `zz_area_code` VALUES (320213000000, '梁溪区', 3, 320200000000);
INSERT INTO `zz_area_code` VALUES (320214000000, '新吴区', 3, 320200000000);
INSERT INTO `zz_area_code` VALUES (320281000000, '江阴市', 3, 320200000000);
INSERT INTO `zz_area_code` VALUES (320282000000, '宜兴市', 3, 320200000000);
INSERT INTO `zz_area_code` VALUES (320300000000, '徐州市', 2, 320000000000);
INSERT INTO `zz_area_code` VALUES (320301000000, '市辖区', 3, 320300000000);
INSERT INTO `zz_area_code` VALUES (320302000000, '鼓楼区', 3, 320300000000);
INSERT INTO `zz_area_code` VALUES (320303000000, '云龙区', 3, 320300000000);
INSERT INTO `zz_area_code` VALUES (320305000000, '贾汪区', 3, 320300000000);
INSERT INTO `zz_area_code` VALUES (320311000000, '泉山区', 3, 320300000000);
INSERT INTO `zz_area_code` VALUES (320312000000, '铜山区', 3, 320300000000);
INSERT INTO `zz_area_code` VALUES (320321000000, '丰县', 3, 320300000000);
INSERT INTO `zz_area_code` VALUES (320322000000, '沛县', 3, 320300000000);
INSERT INTO `zz_area_code` VALUES (320324000000, '睢宁县', 3, 320300000000);
INSERT INTO `zz_area_code` VALUES (320371000000, '徐州经济技术开发区', 3, 320300000000);
INSERT INTO `zz_area_code` VALUES (320381000000, '新沂市', 3, 320300000000);
INSERT INTO `zz_area_code` VALUES (320382000000, '邳州市', 3, 320300000000);
INSERT INTO `zz_area_code` VALUES (320400000000, '常州市', 2, 320000000000);
INSERT INTO `zz_area_code` VALUES (320401000000, '市辖区', 3, 320400000000);
INSERT INTO `zz_area_code` VALUES (320402000000, '天宁区', 3, 320400000000);
INSERT INTO `zz_area_code` VALUES (320404000000, '钟楼区', 3, 320400000000);
INSERT INTO `zz_area_code` VALUES (320411000000, '新北区', 3, 320400000000);
INSERT INTO `zz_area_code` VALUES (320412000000, '武进区', 3, 320400000000);
INSERT INTO `zz_area_code` VALUES (320413000000, '金坛区', 3, 320400000000);
INSERT INTO `zz_area_code` VALUES (320481000000, '溧阳市', 3, 320400000000);
INSERT INTO `zz_area_code` VALUES (320500000000, '苏州市', 2, 320000000000);
INSERT INTO `zz_area_code` VALUES (320501000000, '市辖区', 3, 320500000000);
INSERT INTO `zz_area_code` VALUES (320505000000, '虎丘区', 3, 320500000000);
INSERT INTO `zz_area_code` VALUES (320506000000, '吴中区', 3, 320500000000);
INSERT INTO `zz_area_code` VALUES (320507000000, '相城区', 3, 320500000000);
INSERT INTO `zz_area_code` VALUES (320508000000, '姑苏区', 3, 320500000000);
INSERT INTO `zz_area_code` VALUES (320509000000, '吴江区', 3, 320500000000);
INSERT INTO `zz_area_code` VALUES (320571000000, '苏州工业园区', 3, 320500000000);
INSERT INTO `zz_area_code` VALUES (320581000000, '常熟市', 3, 320500000000);
INSERT INTO `zz_area_code` VALUES (320582000000, '张家港市', 3, 320500000000);
INSERT INTO `zz_area_code` VALUES (320583000000, '昆山市', 3, 320500000000);
INSERT INTO `zz_area_code` VALUES (320585000000, '太仓市', 3, 320500000000);
INSERT INTO `zz_area_code` VALUES (320600000000, '南通市', 2, 320000000000);
INSERT INTO `zz_area_code` VALUES (320601000000, '市辖区', 3, 320600000000);
INSERT INTO `zz_area_code` VALUES (320602000000, '崇川区', 3, 320600000000);
INSERT INTO `zz_area_code` VALUES (320611000000, '港闸区', 3, 320600000000);
INSERT INTO `zz_area_code` VALUES (320612000000, '通州区', 3, 320600000000);
INSERT INTO `zz_area_code` VALUES (320623000000, '如东县', 3, 320600000000);
INSERT INTO `zz_area_code` VALUES (320671000000, '南通经济技术开发区', 3, 320600000000);
INSERT INTO `zz_area_code` VALUES (320681000000, '启东市', 3, 320600000000);
INSERT INTO `zz_area_code` VALUES (320682000000, '如皋市', 3, 320600000000);
INSERT INTO `zz_area_code` VALUES (320684000000, '海门市', 3, 320600000000);
INSERT INTO `zz_area_code` VALUES (320685000000, '海安市', 3, 320600000000);
INSERT INTO `zz_area_code` VALUES (320700000000, '连云港市', 2, 320000000000);
INSERT INTO `zz_area_code` VALUES (320701000000, '市辖区', 3, 320700000000);
INSERT INTO `zz_area_code` VALUES (320703000000, '连云区', 3, 320700000000);
INSERT INTO `zz_area_code` VALUES (320706000000, '海州区', 3, 320700000000);
INSERT INTO `zz_area_code` VALUES (320707000000, '赣榆区', 3, 320700000000);
INSERT INTO `zz_area_code` VALUES (320722000000, '东海县', 3, 320700000000);
INSERT INTO `zz_area_code` VALUES (320723000000, '灌云县', 3, 320700000000);
INSERT INTO `zz_area_code` VALUES (320724000000, '灌南县', 3, 320700000000);
INSERT INTO `zz_area_code` VALUES (320771000000, '连云港经济技术开发区', 3, 320700000000);
INSERT INTO `zz_area_code` VALUES (320772000000, '连云港高新技术产业开发区', 3, 320700000000);
INSERT INTO `zz_area_code` VALUES (320800000000, '淮安市', 2, 320000000000);
INSERT INTO `zz_area_code` VALUES (320801000000, '市辖区', 3, 320800000000);
INSERT INTO `zz_area_code` VALUES (320803000000, '淮安区', 3, 320800000000);
INSERT INTO `zz_area_code` VALUES (320804000000, '淮阴区', 3, 320800000000);
INSERT INTO `zz_area_code` VALUES (320812000000, '清江浦区', 3, 320800000000);
INSERT INTO `zz_area_code` VALUES (320813000000, '洪泽区', 3, 320800000000);
INSERT INTO `zz_area_code` VALUES (320826000000, '涟水县', 3, 320800000000);
INSERT INTO `zz_area_code` VALUES (320830000000, '盱眙县', 3, 320800000000);
INSERT INTO `zz_area_code` VALUES (320831000000, '金湖县', 3, 320800000000);
INSERT INTO `zz_area_code` VALUES (320871000000, '淮安经济技术开发区', 3, 320800000000);
INSERT INTO `zz_area_code` VALUES (320900000000, '盐城市', 2, 320000000000);
INSERT INTO `zz_area_code` VALUES (320901000000, '市辖区', 3, 320900000000);
INSERT INTO `zz_area_code` VALUES (320902000000, '亭湖区', 3, 320900000000);
INSERT INTO `zz_area_code` VALUES (320903000000, '盐都区', 3, 320900000000);
INSERT INTO `zz_area_code` VALUES (320904000000, '大丰区', 3, 320900000000);
INSERT INTO `zz_area_code` VALUES (320921000000, '响水县', 3, 320900000000);
INSERT INTO `zz_area_code` VALUES (320922000000, '滨海县', 3, 320900000000);
INSERT INTO `zz_area_code` VALUES (320923000000, '阜宁县', 3, 320900000000);
INSERT INTO `zz_area_code` VALUES (320924000000, '射阳县', 3, 320900000000);
INSERT INTO `zz_area_code` VALUES (320925000000, '建湖县', 3, 320900000000);
INSERT INTO `zz_area_code` VALUES (320971000000, '盐城经济技术开发区', 3, 320900000000);
INSERT INTO `zz_area_code` VALUES (320981000000, '东台市', 3, 320900000000);
INSERT INTO `zz_area_code` VALUES (321000000000, '扬州市', 2, 320000000000);
INSERT INTO `zz_area_code` VALUES (321001000000, '市辖区', 3, 321000000000);
INSERT INTO `zz_area_code` VALUES (321002000000, '广陵区', 3, 321000000000);
INSERT INTO `zz_area_code` VALUES (321003000000, '邗江区', 3, 321000000000);
INSERT INTO `zz_area_code` VALUES (321012000000, '江都区', 3, 321000000000);
INSERT INTO `zz_area_code` VALUES (321023000000, '宝应县', 3, 321000000000);
INSERT INTO `zz_area_code` VALUES (321071000000, '扬州经济技术开发区', 3, 321000000000);
INSERT INTO `zz_area_code` VALUES (321081000000, '仪征市', 3, 321000000000);
INSERT INTO `zz_area_code` VALUES (321084000000, '高邮市', 3, 321000000000);
INSERT INTO `zz_area_code` VALUES (321100000000, '镇江市', 2, 320000000000);
INSERT INTO `zz_area_code` VALUES (321101000000, '市辖区', 3, 321100000000);
INSERT INTO `zz_area_code` VALUES (321102000000, '京口区', 3, 321100000000);
INSERT INTO `zz_area_code` VALUES (321111000000, '润州区', 3, 321100000000);
INSERT INTO `zz_area_code` VALUES (321112000000, '丹徒区', 3, 321100000000);
INSERT INTO `zz_area_code` VALUES (321171000000, '镇江新区', 3, 321100000000);
INSERT INTO `zz_area_code` VALUES (321181000000, '丹阳市', 3, 321100000000);
INSERT INTO `zz_area_code` VALUES (321182000000, '扬中市', 3, 321100000000);
INSERT INTO `zz_area_code` VALUES (321183000000, '句容市', 3, 321100000000);
INSERT INTO `zz_area_code` VALUES (321200000000, '泰州市', 2, 320000000000);
INSERT INTO `zz_area_code` VALUES (321201000000, '市辖区', 3, 321200000000);
INSERT INTO `zz_area_code` VALUES (321202000000, '海陵区', 3, 321200000000);
INSERT INTO `zz_area_code` VALUES (321203000000, '高港区', 3, 321200000000);
INSERT INTO `zz_area_code` VALUES (321204000000, '姜堰区', 3, 321200000000);
INSERT INTO `zz_area_code` VALUES (321271000000, '泰州医药高新技术产业开发区', 3, 321200000000);
INSERT INTO `zz_area_code` VALUES (321281000000, '兴化市', 3, 321200000000);
INSERT INTO `zz_area_code` VALUES (321282000000, '靖江市', 3, 321200000000);
INSERT INTO `zz_area_code` VALUES (321283000000, '泰兴市', 3, 321200000000);
INSERT INTO `zz_area_code` VALUES (321300000000, '宿迁市', 2, 320000000000);
INSERT INTO `zz_area_code` VALUES (321301000000, '市辖区', 3, 321300000000);
INSERT INTO `zz_area_code` VALUES (321302000000, '宿城区', 3, 321300000000);
INSERT INTO `zz_area_code` VALUES (321311000000, '宿豫区', 3, 321300000000);
INSERT INTO `zz_area_code` VALUES (321322000000, '沭阳县', 3, 321300000000);
INSERT INTO `zz_area_code` VALUES (321323000000, '泗阳县', 3, 321300000000);
INSERT INTO `zz_area_code` VALUES (321324000000, '泗洪县', 3, 321300000000);
INSERT INTO `zz_area_code` VALUES (321371000000, '宿迁经济技术开发区', 3, 321300000000);
INSERT INTO `zz_area_code` VALUES (330000000000, '浙江省', 1, NULL);
INSERT INTO `zz_area_code` VALUES (330100000000, '杭州市', 2, 330000000000);
INSERT INTO `zz_area_code` VALUES (330101000000, '市辖区', 3, 330100000000);
INSERT INTO `zz_area_code` VALUES (330102000000, '上城区', 3, 330100000000);
INSERT INTO `zz_area_code` VALUES (330103000000, '下城区', 3, 330100000000);
INSERT INTO `zz_area_code` VALUES (330104000000, '江干区', 3, 330100000000);
INSERT INTO `zz_area_code` VALUES (330105000000, '拱墅区', 3, 330100000000);
INSERT INTO `zz_area_code` VALUES (330106000000, '西湖区', 3, 330100000000);
INSERT INTO `zz_area_code` VALUES (330108000000, '滨江区', 3, 330100000000);
INSERT INTO `zz_area_code` VALUES (330109000000, '萧山区', 3, 330100000000);
INSERT INTO `zz_area_code` VALUES (330110000000, '余杭区', 3, 330100000000);
INSERT INTO `zz_area_code` VALUES (330111000000, '富阳区', 3, 330100000000);
INSERT INTO `zz_area_code` VALUES (330112000000, '临安区', 3, 330100000000);
INSERT INTO `zz_area_code` VALUES (330122000000, '桐庐县', 3, 330100000000);
INSERT INTO `zz_area_code` VALUES (330127000000, '淳安县', 3, 330100000000);
INSERT INTO `zz_area_code` VALUES (330182000000, '建德市', 3, 330100000000);
INSERT INTO `zz_area_code` VALUES (330200000000, '宁波市', 2, 330000000000);
INSERT INTO `zz_area_code` VALUES (330201000000, '市辖区', 3, 330200000000);
INSERT INTO `zz_area_code` VALUES (330203000000, '海曙区', 3, 330200000000);
INSERT INTO `zz_area_code` VALUES (330205000000, '江北区', 3, 330200000000);
INSERT INTO `zz_area_code` VALUES (330206000000, '北仑区', 3, 330200000000);
INSERT INTO `zz_area_code` VALUES (330211000000, '镇海区', 3, 330200000000);
INSERT INTO `zz_area_code` VALUES (330212000000, '鄞州区', 3, 330200000000);
INSERT INTO `zz_area_code` VALUES (330213000000, '奉化区', 3, 330200000000);
INSERT INTO `zz_area_code` VALUES (330225000000, '象山县', 3, 330200000000);
INSERT INTO `zz_area_code` VALUES (330226000000, '宁海县', 3, 330200000000);
INSERT INTO `zz_area_code` VALUES (330281000000, '余姚市', 3, 330200000000);
INSERT INTO `zz_area_code` VALUES (330282000000, '慈溪市', 3, 330200000000);
INSERT INTO `zz_area_code` VALUES (330300000000, '温州市', 2, 330000000000);
INSERT INTO `zz_area_code` VALUES (330301000000, '市辖区', 3, 330300000000);
INSERT INTO `zz_area_code` VALUES (330302000000, '鹿城区', 3, 330300000000);
INSERT INTO `zz_area_code` VALUES (330303000000, '龙湾区', 3, 330300000000);
INSERT INTO `zz_area_code` VALUES (330304000000, '瓯海区', 3, 330300000000);
INSERT INTO `zz_area_code` VALUES (330305000000, '洞头区', 3, 330300000000);
INSERT INTO `zz_area_code` VALUES (330324000000, '永嘉县', 3, 330300000000);
INSERT INTO `zz_area_code` VALUES (330326000000, '平阳县', 3, 330300000000);
INSERT INTO `zz_area_code` VALUES (330327000000, '苍南县', 3, 330300000000);
INSERT INTO `zz_area_code` VALUES (330328000000, '文成县', 3, 330300000000);
INSERT INTO `zz_area_code` VALUES (330329000000, '泰顺县', 3, 330300000000);
INSERT INTO `zz_area_code` VALUES (330371000000, '温州经济技术开发区', 3, 330300000000);
INSERT INTO `zz_area_code` VALUES (330381000000, '瑞安市', 3, 330300000000);
INSERT INTO `zz_area_code` VALUES (330382000000, '乐清市', 3, 330300000000);
INSERT INTO `zz_area_code` VALUES (330400000000, '嘉兴市', 2, 330000000000);
INSERT INTO `zz_area_code` VALUES (330401000000, '市辖区', 3, 330400000000);
INSERT INTO `zz_area_code` VALUES (330402000000, '南湖区', 3, 330400000000);
INSERT INTO `zz_area_code` VALUES (330411000000, '秀洲区', 3, 330400000000);
INSERT INTO `zz_area_code` VALUES (330421000000, '嘉善县', 3, 330400000000);
INSERT INTO `zz_area_code` VALUES (330424000000, '海盐县', 3, 330400000000);
INSERT INTO `zz_area_code` VALUES (330481000000, '海宁市', 3, 330400000000);
INSERT INTO `zz_area_code` VALUES (330482000000, '平湖市', 3, 330400000000);
INSERT INTO `zz_area_code` VALUES (330483000000, '桐乡市', 3, 330400000000);
INSERT INTO `zz_area_code` VALUES (330500000000, '湖州市', 2, 330000000000);
INSERT INTO `zz_area_code` VALUES (330501000000, '市辖区', 3, 330500000000);
INSERT INTO `zz_area_code` VALUES (330502000000, '吴兴区', 3, 330500000000);
INSERT INTO `zz_area_code` VALUES (330503000000, '南浔区', 3, 330500000000);
INSERT INTO `zz_area_code` VALUES (330521000000, '德清县', 3, 330500000000);
INSERT INTO `zz_area_code` VALUES (330522000000, '长兴县', 3, 330500000000);
INSERT INTO `zz_area_code` VALUES (330523000000, '安吉县', 3, 330500000000);
INSERT INTO `zz_area_code` VALUES (330600000000, '绍兴市', 2, 330000000000);
INSERT INTO `zz_area_code` VALUES (330601000000, '市辖区', 3, 330600000000);
INSERT INTO `zz_area_code` VALUES (330602000000, '越城区', 3, 330600000000);
INSERT INTO `zz_area_code` VALUES (330603000000, '柯桥区', 3, 330600000000);
INSERT INTO `zz_area_code` VALUES (330604000000, '上虞区', 3, 330600000000);
INSERT INTO `zz_area_code` VALUES (330624000000, '新昌县', 3, 330600000000);
INSERT INTO `zz_area_code` VALUES (330681000000, '诸暨市', 3, 330600000000);
INSERT INTO `zz_area_code` VALUES (330683000000, '嵊州市', 3, 330600000000);
INSERT INTO `zz_area_code` VALUES (330700000000, '金华市', 2, 330000000000);
INSERT INTO `zz_area_code` VALUES (330701000000, '市辖区', 3, 330700000000);
INSERT INTO `zz_area_code` VALUES (330702000000, '婺城区', 3, 330700000000);
INSERT INTO `zz_area_code` VALUES (330703000000, '金东区', 3, 330700000000);
INSERT INTO `zz_area_code` VALUES (330723000000, '武义县', 3, 330700000000);
INSERT INTO `zz_area_code` VALUES (330726000000, '浦江县', 3, 330700000000);
INSERT INTO `zz_area_code` VALUES (330727000000, '磐安县', 3, 330700000000);
INSERT INTO `zz_area_code` VALUES (330781000000, '兰溪市', 3, 330700000000);
INSERT INTO `zz_area_code` VALUES (330782000000, '义乌市', 3, 330700000000);
INSERT INTO `zz_area_code` VALUES (330783000000, '东阳市', 3, 330700000000);
INSERT INTO `zz_area_code` VALUES (330784000000, '永康市', 3, 330700000000);
INSERT INTO `zz_area_code` VALUES (330800000000, '衢州市', 2, 330000000000);
INSERT INTO `zz_area_code` VALUES (330801000000, '市辖区', 3, 330800000000);
INSERT INTO `zz_area_code` VALUES (330802000000, '柯城区', 3, 330800000000);
INSERT INTO `zz_area_code` VALUES (330803000000, '衢江区', 3, 330800000000);
INSERT INTO `zz_area_code` VALUES (330822000000, '常山县', 3, 330800000000);
INSERT INTO `zz_area_code` VALUES (330824000000, '开化县', 3, 330800000000);
INSERT INTO `zz_area_code` VALUES (330825000000, '龙游县', 3, 330800000000);
INSERT INTO `zz_area_code` VALUES (330881000000, '江山市', 3, 330800000000);
INSERT INTO `zz_area_code` VALUES (330900000000, '舟山市', 2, 330000000000);
INSERT INTO `zz_area_code` VALUES (330901000000, '市辖区', 3, 330900000000);
INSERT INTO `zz_area_code` VALUES (330902000000, '定海区', 3, 330900000000);
INSERT INTO `zz_area_code` VALUES (330903000000, '普陀区', 3, 330900000000);
INSERT INTO `zz_area_code` VALUES (330921000000, '岱山县', 3, 330900000000);
INSERT INTO `zz_area_code` VALUES (330922000000, '嵊泗县', 3, 330900000000);
INSERT INTO `zz_area_code` VALUES (331000000000, '台州市', 2, 330000000000);
INSERT INTO `zz_area_code` VALUES (331001000000, '市辖区', 3, 331000000000);
INSERT INTO `zz_area_code` VALUES (331002000000, '椒江区', 3, 331000000000);
INSERT INTO `zz_area_code` VALUES (331003000000, '黄岩区', 3, 331000000000);
INSERT INTO `zz_area_code` VALUES (331004000000, '路桥区', 3, 331000000000);
INSERT INTO `zz_area_code` VALUES (331022000000, '三门县', 3, 331000000000);
INSERT INTO `zz_area_code` VALUES (331023000000, '天台县', 3, 331000000000);
INSERT INTO `zz_area_code` VALUES (331024000000, '仙居县', 3, 331000000000);
INSERT INTO `zz_area_code` VALUES (331081000000, '温岭市', 3, 331000000000);
INSERT INTO `zz_area_code` VALUES (331082000000, '临海市', 3, 331000000000);
INSERT INTO `zz_area_code` VALUES (331083000000, '玉环市', 3, 331000000000);
INSERT INTO `zz_area_code` VALUES (331100000000, '丽水市', 2, 330000000000);
INSERT INTO `zz_area_code` VALUES (331101000000, '市辖区', 3, 331100000000);
INSERT INTO `zz_area_code` VALUES (331102000000, '莲都区', 3, 331100000000);
INSERT INTO `zz_area_code` VALUES (331121000000, '青田县', 3, 331100000000);
INSERT INTO `zz_area_code` VALUES (331122000000, '缙云县', 3, 331100000000);
INSERT INTO `zz_area_code` VALUES (331123000000, '遂昌县', 3, 331100000000);
INSERT INTO `zz_area_code` VALUES (331124000000, '松阳县', 3, 331100000000);
INSERT INTO `zz_area_code` VALUES (331125000000, '云和县', 3, 331100000000);
INSERT INTO `zz_area_code` VALUES (331126000000, '庆元县', 3, 331100000000);
INSERT INTO `zz_area_code` VALUES (331127000000, '景宁畲族自治县', 3, 331100000000);
INSERT INTO `zz_area_code` VALUES (331181000000, '龙泉市', 3, 331100000000);
INSERT INTO `zz_area_code` VALUES (340000000000, '安徽省', 1, NULL);
INSERT INTO `zz_area_code` VALUES (340100000000, '合肥市', 2, 340000000000);
INSERT INTO `zz_area_code` VALUES (340101000000, '市辖区', 3, 340100000000);
INSERT INTO `zz_area_code` VALUES (340102000000, '瑶海区', 3, 340100000000);
INSERT INTO `zz_area_code` VALUES (340103000000, '庐阳区', 3, 340100000000);
INSERT INTO `zz_area_code` VALUES (340104000000, '蜀山区', 3, 340100000000);
INSERT INTO `zz_area_code` VALUES (340111000000, '包河区', 3, 340100000000);
INSERT INTO `zz_area_code` VALUES (340121000000, '长丰县', 3, 340100000000);
INSERT INTO `zz_area_code` VALUES (340122000000, '肥东县', 3, 340100000000);
INSERT INTO `zz_area_code` VALUES (340123000000, '肥西县', 3, 340100000000);
INSERT INTO `zz_area_code` VALUES (340124000000, '庐江县', 3, 340100000000);
INSERT INTO `zz_area_code` VALUES (340171000000, '合肥高新技术产业开发区', 3, 340100000000);
INSERT INTO `zz_area_code` VALUES (340172000000, '合肥经济技术开发区', 3, 340100000000);
INSERT INTO `zz_area_code` VALUES (340173000000, '合肥新站高新技术产业开发区', 3, 340100000000);
INSERT INTO `zz_area_code` VALUES (340181000000, '巢湖市', 3, 340100000000);
INSERT INTO `zz_area_code` VALUES (340200000000, '芜湖市', 2, 340000000000);
INSERT INTO `zz_area_code` VALUES (340201000000, '市辖区', 3, 340200000000);
INSERT INTO `zz_area_code` VALUES (340202000000, '镜湖区', 3, 340200000000);
INSERT INTO `zz_area_code` VALUES (340203000000, '弋江区', 3, 340200000000);
INSERT INTO `zz_area_code` VALUES (340207000000, '鸠江区', 3, 340200000000);
INSERT INTO `zz_area_code` VALUES (340208000000, '三山区', 3, 340200000000);
INSERT INTO `zz_area_code` VALUES (340221000000, '芜湖县', 3, 340200000000);
INSERT INTO `zz_area_code` VALUES (340222000000, '繁昌县', 3, 340200000000);
INSERT INTO `zz_area_code` VALUES (340223000000, '南陵县', 3, 340200000000);
INSERT INTO `zz_area_code` VALUES (340225000000, '无为县', 3, 340200000000);
INSERT INTO `zz_area_code` VALUES (340271000000, '芜湖经济技术开发区', 3, 340200000000);
INSERT INTO `zz_area_code` VALUES (340272000000, '安徽芜湖长江大桥经济开发区', 3, 340200000000);
INSERT INTO `zz_area_code` VALUES (340300000000, '蚌埠市', 2, 340000000000);
INSERT INTO `zz_area_code` VALUES (340301000000, '市辖区', 3, 340300000000);
INSERT INTO `zz_area_code` VALUES (340302000000, '龙子湖区', 3, 340300000000);
INSERT INTO `zz_area_code` VALUES (340303000000, '蚌山区', 3, 340300000000);
INSERT INTO `zz_area_code` VALUES (340304000000, '禹会区', 3, 340300000000);
INSERT INTO `zz_area_code` VALUES (340311000000, '淮上区', 3, 340300000000);
INSERT INTO `zz_area_code` VALUES (340321000000, '怀远县', 3, 340300000000);
INSERT INTO `zz_area_code` VALUES (340322000000, '五河县', 3, 340300000000);
INSERT INTO `zz_area_code` VALUES (340323000000, '固镇县', 3, 340300000000);
INSERT INTO `zz_area_code` VALUES (340371000000, '蚌埠市高新技术开发区', 3, 340300000000);
INSERT INTO `zz_area_code` VALUES (340372000000, '蚌埠市经济开发区', 3, 340300000000);
INSERT INTO `zz_area_code` VALUES (340400000000, '淮南市', 2, 340000000000);
INSERT INTO `zz_area_code` VALUES (340401000000, '市辖区', 3, 340400000000);
INSERT INTO `zz_area_code` VALUES (340402000000, '大通区', 3, 340400000000);
INSERT INTO `zz_area_code` VALUES (340403000000, '田家庵区', 3, 340400000000);
INSERT INTO `zz_area_code` VALUES (340404000000, '谢家集区', 3, 340400000000);
INSERT INTO `zz_area_code` VALUES (340405000000, '八公山区', 3, 340400000000);
INSERT INTO `zz_area_code` VALUES (340406000000, '潘集区', 3, 340400000000);
INSERT INTO `zz_area_code` VALUES (340421000000, '凤台县', 3, 340400000000);
INSERT INTO `zz_area_code` VALUES (340422000000, '寿县', 3, 340400000000);
INSERT INTO `zz_area_code` VALUES (340500000000, '马鞍山市', 2, 340000000000);
INSERT INTO `zz_area_code` VALUES (340501000000, '市辖区', 3, 340500000000);
INSERT INTO `zz_area_code` VALUES (340503000000, '花山区', 3, 340500000000);
INSERT INTO `zz_area_code` VALUES (340504000000, '雨山区', 3, 340500000000);
INSERT INTO `zz_area_code` VALUES (340506000000, '博望区', 3, 340500000000);
INSERT INTO `zz_area_code` VALUES (340521000000, '当涂县', 3, 340500000000);
INSERT INTO `zz_area_code` VALUES (340522000000, '含山县', 3, 340500000000);
INSERT INTO `zz_area_code` VALUES (340523000000, '和县', 3, 340500000000);
INSERT INTO `zz_area_code` VALUES (340600000000, '淮北市', 2, 340000000000);
INSERT INTO `zz_area_code` VALUES (340601000000, '市辖区', 3, 340600000000);
INSERT INTO `zz_area_code` VALUES (340602000000, '杜集区', 3, 340600000000);
INSERT INTO `zz_area_code` VALUES (340603000000, '相山区', 3, 340600000000);
INSERT INTO `zz_area_code` VALUES (340604000000, '烈山区', 3, 340600000000);
INSERT INTO `zz_area_code` VALUES (340621000000, '濉溪县', 3, 340600000000);
INSERT INTO `zz_area_code` VALUES (340700000000, '铜陵市', 2, 340000000000);
INSERT INTO `zz_area_code` VALUES (340701000000, '市辖区', 3, 340700000000);
INSERT INTO `zz_area_code` VALUES (340705000000, '铜官区', 3, 340700000000);
INSERT INTO `zz_area_code` VALUES (340706000000, '义安区', 3, 340700000000);
INSERT INTO `zz_area_code` VALUES (340711000000, '郊区', 3, 340700000000);
INSERT INTO `zz_area_code` VALUES (340722000000, '枞阳县', 3, 340700000000);
INSERT INTO `zz_area_code` VALUES (340800000000, '安庆市', 2, 340000000000);
INSERT INTO `zz_area_code` VALUES (340801000000, '市辖区', 3, 340800000000);
INSERT INTO `zz_area_code` VALUES (340802000000, '迎江区', 3, 340800000000);
INSERT INTO `zz_area_code` VALUES (340803000000, '大观区', 3, 340800000000);
INSERT INTO `zz_area_code` VALUES (340811000000, '宜秀区', 3, 340800000000);
INSERT INTO `zz_area_code` VALUES (340822000000, '怀宁县', 3, 340800000000);
INSERT INTO `zz_area_code` VALUES (340825000000, '太湖县', 3, 340800000000);
INSERT INTO `zz_area_code` VALUES (340826000000, '宿松县', 3, 340800000000);
INSERT INTO `zz_area_code` VALUES (340827000000, '望江县', 3, 340800000000);
INSERT INTO `zz_area_code` VALUES (340828000000, '岳西县', 3, 340800000000);
INSERT INTO `zz_area_code` VALUES (340871000000, '安徽安庆经济开发区', 3, 340800000000);
INSERT INTO `zz_area_code` VALUES (340881000000, '桐城市', 3, 340800000000);
INSERT INTO `zz_area_code` VALUES (340882000000, '潜山市', 3, 340800000000);
INSERT INTO `zz_area_code` VALUES (341000000000, '黄山市', 2, 340000000000);
INSERT INTO `zz_area_code` VALUES (341001000000, '市辖区', 3, 341000000000);
INSERT INTO `zz_area_code` VALUES (341002000000, '屯溪区', 3, 341000000000);
INSERT INTO `zz_area_code` VALUES (341003000000, '黄山区', 3, 341000000000);
INSERT INTO `zz_area_code` VALUES (341004000000, '徽州区', 3, 341000000000);
INSERT INTO `zz_area_code` VALUES (341021000000, '歙县', 3, 341000000000);
INSERT INTO `zz_area_code` VALUES (341022000000, '休宁县', 3, 341000000000);
INSERT INTO `zz_area_code` VALUES (341023000000, '黟县', 3, 341000000000);
INSERT INTO `zz_area_code` VALUES (341024000000, '祁门县', 3, 341000000000);
INSERT INTO `zz_area_code` VALUES (341100000000, '滁州市', 2, 340000000000);
INSERT INTO `zz_area_code` VALUES (341101000000, '市辖区', 3, 341100000000);
INSERT INTO `zz_area_code` VALUES (341102000000, '琅琊区', 3, 341100000000);
INSERT INTO `zz_area_code` VALUES (341103000000, '南谯区', 3, 341100000000);
INSERT INTO `zz_area_code` VALUES (341122000000, '来安县', 3, 341100000000);
INSERT INTO `zz_area_code` VALUES (341124000000, '全椒县', 3, 341100000000);
INSERT INTO `zz_area_code` VALUES (341125000000, '定远县', 3, 341100000000);
INSERT INTO `zz_area_code` VALUES (341126000000, '凤阳县', 3, 341100000000);
INSERT INTO `zz_area_code` VALUES (341171000000, '苏滁现代产业园', 3, 341100000000);
INSERT INTO `zz_area_code` VALUES (341172000000, '滁州经济技术开发区', 3, 341100000000);
INSERT INTO `zz_area_code` VALUES (341181000000, '天长市', 3, 341100000000);
INSERT INTO `zz_area_code` VALUES (341182000000, '明光市', 3, 341100000000);
INSERT INTO `zz_area_code` VALUES (341200000000, '阜阳市', 2, 340000000000);
INSERT INTO `zz_area_code` VALUES (341201000000, '市辖区', 3, 341200000000);
INSERT INTO `zz_area_code` VALUES (341202000000, '颍州区', 3, 341200000000);
INSERT INTO `zz_area_code` VALUES (341203000000, '颍东区', 3, 341200000000);
INSERT INTO `zz_area_code` VALUES (341204000000, '颍泉区', 3, 341200000000);
INSERT INTO `zz_area_code` VALUES (341221000000, '临泉县', 3, 341200000000);
INSERT INTO `zz_area_code` VALUES (341222000000, '太和县', 3, 341200000000);
INSERT INTO `zz_area_code` VALUES (341225000000, '阜南县', 3, 341200000000);
INSERT INTO `zz_area_code` VALUES (341226000000, '颍上县', 3, 341200000000);
INSERT INTO `zz_area_code` VALUES (341271000000, '阜阳合肥现代产业园区', 3, 341200000000);
INSERT INTO `zz_area_code` VALUES (341272000000, '阜阳经济技术开发区', 3, 341200000000);
INSERT INTO `zz_area_code` VALUES (341282000000, '界首市', 3, 341200000000);
INSERT INTO `zz_area_code` VALUES (341300000000, '宿州市', 2, 340000000000);
INSERT INTO `zz_area_code` VALUES (341301000000, '市辖区', 3, 341300000000);
INSERT INTO `zz_area_code` VALUES (341302000000, '埇桥区', 3, 341300000000);
INSERT INTO `zz_area_code` VALUES (341321000000, '砀山县', 3, 341300000000);
INSERT INTO `zz_area_code` VALUES (341322000000, '萧县', 3, 341300000000);
INSERT INTO `zz_area_code` VALUES (341323000000, '灵璧县', 3, 341300000000);
INSERT INTO `zz_area_code` VALUES (341324000000, '泗县', 3, 341300000000);
INSERT INTO `zz_area_code` VALUES (341371000000, '宿州马鞍山现代产业园区', 3, 341300000000);
INSERT INTO `zz_area_code` VALUES (341372000000, '宿州经济技术开发区', 3, 341300000000);
INSERT INTO `zz_area_code` VALUES (341500000000, '六安市', 2, 340000000000);
INSERT INTO `zz_area_code` VALUES (341501000000, '市辖区', 3, 341500000000);
INSERT INTO `zz_area_code` VALUES (341502000000, '金安区', 3, 341500000000);
INSERT INTO `zz_area_code` VALUES (341503000000, '裕安区', 3, 341500000000);
INSERT INTO `zz_area_code` VALUES (341504000000, '叶集区', 3, 341500000000);
INSERT INTO `zz_area_code` VALUES (341522000000, '霍邱县', 3, 341500000000);
INSERT INTO `zz_area_code` VALUES (341523000000, '舒城县', 3, 341500000000);
INSERT INTO `zz_area_code` VALUES (341524000000, '金寨县', 3, 341500000000);
INSERT INTO `zz_area_code` VALUES (341525000000, '霍山县', 3, 341500000000);
INSERT INTO `zz_area_code` VALUES (341600000000, '亳州市', 2, 340000000000);
INSERT INTO `zz_area_code` VALUES (341601000000, '市辖区', 3, 341600000000);
INSERT INTO `zz_area_code` VALUES (341602000000, '谯城区', 3, 341600000000);
INSERT INTO `zz_area_code` VALUES (341621000000, '涡阳县', 3, 341600000000);
INSERT INTO `zz_area_code` VALUES (341622000000, '蒙城县', 3, 341600000000);
INSERT INTO `zz_area_code` VALUES (341623000000, '利辛县', 3, 341600000000);
INSERT INTO `zz_area_code` VALUES (341700000000, '池州市', 2, 340000000000);
INSERT INTO `zz_area_code` VALUES (341701000000, '市辖区', 3, 341700000000);
INSERT INTO `zz_area_code` VALUES (341702000000, '贵池区', 3, 341700000000);
INSERT INTO `zz_area_code` VALUES (341721000000, '东至县', 3, 341700000000);
INSERT INTO `zz_area_code` VALUES (341722000000, '石台县', 3, 341700000000);
INSERT INTO `zz_area_code` VALUES (341723000000, '青阳县', 3, 341700000000);
INSERT INTO `zz_area_code` VALUES (341800000000, '宣城市', 2, 340000000000);
INSERT INTO `zz_area_code` VALUES (341801000000, '市辖区', 3, 341800000000);
INSERT INTO `zz_area_code` VALUES (341802000000, '宣州区', 3, 341800000000);
INSERT INTO `zz_area_code` VALUES (341821000000, '郎溪县', 3, 341800000000);
INSERT INTO `zz_area_code` VALUES (341822000000, '广德县', 3, 341800000000);
INSERT INTO `zz_area_code` VALUES (341823000000, '泾县', 3, 341800000000);
INSERT INTO `zz_area_code` VALUES (341824000000, '绩溪县', 3, 341800000000);
INSERT INTO `zz_area_code` VALUES (341825000000, '旌德县', 3, 341800000000);
INSERT INTO `zz_area_code` VALUES (341871000000, '宣城市经济开发区', 3, 341800000000);
INSERT INTO `zz_area_code` VALUES (341881000000, '宁国市', 3, 341800000000);
INSERT INTO `zz_area_code` VALUES (350000000000, '福建省', 1, NULL);
INSERT INTO `zz_area_code` VALUES (350100000000, '福州市', 2, 350000000000);
INSERT INTO `zz_area_code` VALUES (350101000000, '市辖区', 3, 350100000000);
INSERT INTO `zz_area_code` VALUES (350102000000, '鼓楼区', 3, 350100000000);
INSERT INTO `zz_area_code` VALUES (350103000000, '台江区', 3, 350100000000);
INSERT INTO `zz_area_code` VALUES (350104000000, '仓山区', 3, 350100000000);
INSERT INTO `zz_area_code` VALUES (350105000000, '马尾区', 3, 350100000000);
INSERT INTO `zz_area_code` VALUES (350111000000, '晋安区', 3, 350100000000);
INSERT INTO `zz_area_code` VALUES (350112000000, '长乐区', 3, 350100000000);
INSERT INTO `zz_area_code` VALUES (350121000000, '闽侯县', 3, 350100000000);
INSERT INTO `zz_area_code` VALUES (350122000000, '连江县', 3, 350100000000);
INSERT INTO `zz_area_code` VALUES (350123000000, '罗源县', 3, 350100000000);
INSERT INTO `zz_area_code` VALUES (350124000000, '闽清县', 3, 350100000000);
INSERT INTO `zz_area_code` VALUES (350125000000, '永泰县', 3, 350100000000);
INSERT INTO `zz_area_code` VALUES (350128000000, '平潭县', 3, 350100000000);
INSERT INTO `zz_area_code` VALUES (350181000000, '福清市', 3, 350100000000);
INSERT INTO `zz_area_code` VALUES (350200000000, '厦门市', 2, 350000000000);
INSERT INTO `zz_area_code` VALUES (350201000000, '市辖区', 3, 350200000000);
INSERT INTO `zz_area_code` VALUES (350203000000, '思明区', 3, 350200000000);
INSERT INTO `zz_area_code` VALUES (350205000000, '海沧区', 3, 350200000000);
INSERT INTO `zz_area_code` VALUES (350206000000, '湖里区', 3, 350200000000);
INSERT INTO `zz_area_code` VALUES (350211000000, '集美区', 3, 350200000000);
INSERT INTO `zz_area_code` VALUES (350212000000, '同安区', 3, 350200000000);
INSERT INTO `zz_area_code` VALUES (350213000000, '翔安区', 3, 350200000000);
INSERT INTO `zz_area_code` VALUES (350300000000, '莆田市', 2, 350000000000);
INSERT INTO `zz_area_code` VALUES (350301000000, '市辖区', 3, 350300000000);
INSERT INTO `zz_area_code` VALUES (350302000000, '城厢区', 3, 350300000000);
INSERT INTO `zz_area_code` VALUES (350303000000, '涵江区', 3, 350300000000);
INSERT INTO `zz_area_code` VALUES (350304000000, '荔城区', 3, 350300000000);
INSERT INTO `zz_area_code` VALUES (350305000000, '秀屿区', 3, 350300000000);
INSERT INTO `zz_area_code` VALUES (350322000000, '仙游县', 3, 350300000000);
INSERT INTO `zz_area_code` VALUES (350400000000, '三明市', 2, 350000000000);
INSERT INTO `zz_area_code` VALUES (350401000000, '市辖区', 3, 350400000000);
INSERT INTO `zz_area_code` VALUES (350402000000, '梅列区', 3, 350400000000);
INSERT INTO `zz_area_code` VALUES (350403000000, '三元区', 3, 350400000000);
INSERT INTO `zz_area_code` VALUES (350421000000, '明溪县', 3, 350400000000);
INSERT INTO `zz_area_code` VALUES (350423000000, '清流县', 3, 350400000000);
INSERT INTO `zz_area_code` VALUES (350424000000, '宁化县', 3, 350400000000);
INSERT INTO `zz_area_code` VALUES (350425000000, '大田县', 3, 350400000000);
INSERT INTO `zz_area_code` VALUES (350426000000, '尤溪县', 3, 350400000000);
INSERT INTO `zz_area_code` VALUES (350427000000, '沙县', 3, 350400000000);
INSERT INTO `zz_area_code` VALUES (350428000000, '将乐县', 3, 350400000000);
INSERT INTO `zz_area_code` VALUES (350429000000, '泰宁县', 3, 350400000000);
INSERT INTO `zz_area_code` VALUES (350430000000, '建宁县', 3, 350400000000);
INSERT INTO `zz_area_code` VALUES (350481000000, '永安市', 3, 350400000000);
INSERT INTO `zz_area_code` VALUES (350500000000, '泉州市', 2, 350000000000);
INSERT INTO `zz_area_code` VALUES (350501000000, '市辖区', 3, 350500000000);
INSERT INTO `zz_area_code` VALUES (350502000000, '鲤城区', 3, 350500000000);
INSERT INTO `zz_area_code` VALUES (350503000000, '丰泽区', 3, 350500000000);
INSERT INTO `zz_area_code` VALUES (350504000000, '洛江区', 3, 350500000000);
INSERT INTO `zz_area_code` VALUES (350505000000, '泉港区', 3, 350500000000);
INSERT INTO `zz_area_code` VALUES (350521000000, '惠安县', 3, 350500000000);
INSERT INTO `zz_area_code` VALUES (350524000000, '安溪县', 3, 350500000000);
INSERT INTO `zz_area_code` VALUES (350525000000, '永春县', 3, 350500000000);
INSERT INTO `zz_area_code` VALUES (350526000000, '德化县', 3, 350500000000);
INSERT INTO `zz_area_code` VALUES (350527000000, '金门县', 3, 350500000000);
INSERT INTO `zz_area_code` VALUES (350581000000, '石狮市', 3, 350500000000);
INSERT INTO `zz_area_code` VALUES (350582000000, '晋江市', 3, 350500000000);
INSERT INTO `zz_area_code` VALUES (350583000000, '南安市', 3, 350500000000);
INSERT INTO `zz_area_code` VALUES (350600000000, '漳州市', 2, 350000000000);
INSERT INTO `zz_area_code` VALUES (350601000000, '市辖区', 3, 350600000000);
INSERT INTO `zz_area_code` VALUES (350602000000, '芗城区', 3, 350600000000);
INSERT INTO `zz_area_code` VALUES (350603000000, '龙文区', 3, 350600000000);
INSERT INTO `zz_area_code` VALUES (350622000000, '云霄县', 3, 350600000000);
INSERT INTO `zz_area_code` VALUES (350623000000, '漳浦县', 3, 350600000000);
INSERT INTO `zz_area_code` VALUES (350624000000, '诏安县', 3, 350600000000);
INSERT INTO `zz_area_code` VALUES (350625000000, '长泰县', 3, 350600000000);
INSERT INTO `zz_area_code` VALUES (350626000000, '东山县', 3, 350600000000);
INSERT INTO `zz_area_code` VALUES (350627000000, '南靖县', 3, 350600000000);
INSERT INTO `zz_area_code` VALUES (350628000000, '平和县', 3, 350600000000);
INSERT INTO `zz_area_code` VALUES (350629000000, '华安县', 3, 350600000000);
INSERT INTO `zz_area_code` VALUES (350681000000, '龙海市', 3, 350600000000);
INSERT INTO `zz_area_code` VALUES (350700000000, '南平市', 2, 350000000000);
INSERT INTO `zz_area_code` VALUES (350701000000, '市辖区', 3, 350700000000);
INSERT INTO `zz_area_code` VALUES (350702000000, '延平区', 3, 350700000000);
INSERT INTO `zz_area_code` VALUES (350703000000, '建阳区', 3, 350700000000);
INSERT INTO `zz_area_code` VALUES (350721000000, '顺昌县', 3, 350700000000);
INSERT INTO `zz_area_code` VALUES (350722000000, '浦城县', 3, 350700000000);
INSERT INTO `zz_area_code` VALUES (350723000000, '光泽县', 3, 350700000000);
INSERT INTO `zz_area_code` VALUES (350724000000, '松溪县', 3, 350700000000);
INSERT INTO `zz_area_code` VALUES (350725000000, '政和县', 3, 350700000000);
INSERT INTO `zz_area_code` VALUES (350781000000, '邵武市', 3, 350700000000);
INSERT INTO `zz_area_code` VALUES (350782000000, '武夷山市', 3, 350700000000);
INSERT INTO `zz_area_code` VALUES (350783000000, '建瓯市', 3, 350700000000);
INSERT INTO `zz_area_code` VALUES (350800000000, '龙岩市', 2, 350000000000);
INSERT INTO `zz_area_code` VALUES (350801000000, '市辖区', 3, 350800000000);
INSERT INTO `zz_area_code` VALUES (350802000000, '新罗区', 3, 350800000000);
INSERT INTO `zz_area_code` VALUES (350803000000, '永定区', 3, 350800000000);
INSERT INTO `zz_area_code` VALUES (350821000000, '长汀县', 3, 350800000000);
INSERT INTO `zz_area_code` VALUES (350823000000, '上杭县', 3, 350800000000);
INSERT INTO `zz_area_code` VALUES (350824000000, '武平县', 3, 350800000000);
INSERT INTO `zz_area_code` VALUES (350825000000, '连城县', 3, 350800000000);
INSERT INTO `zz_area_code` VALUES (350881000000, '漳平市', 3, 350800000000);
INSERT INTO `zz_area_code` VALUES (350900000000, '宁德市', 2, 350000000000);
INSERT INTO `zz_area_code` VALUES (350901000000, '市辖区', 3, 350900000000);
INSERT INTO `zz_area_code` VALUES (350902000000, '蕉城区', 3, 350900000000);
INSERT INTO `zz_area_code` VALUES (350921000000, '霞浦县', 3, 350900000000);
INSERT INTO `zz_area_code` VALUES (350922000000, '古田县', 3, 350900000000);
INSERT INTO `zz_area_code` VALUES (350923000000, '屏南县', 3, 350900000000);
INSERT INTO `zz_area_code` VALUES (350924000000, '寿宁县', 3, 350900000000);
INSERT INTO `zz_area_code` VALUES (350925000000, '周宁县', 3, 350900000000);
INSERT INTO `zz_area_code` VALUES (350926000000, '柘荣县', 3, 350900000000);
INSERT INTO `zz_area_code` VALUES (350981000000, '福安市', 3, 350900000000);
INSERT INTO `zz_area_code` VALUES (350982000000, '福鼎市', 3, 350900000000);
INSERT INTO `zz_area_code` VALUES (360000000000, '江西省', 1, NULL);
INSERT INTO `zz_area_code` VALUES (360100000000, '南昌市', 2, 360000000000);
INSERT INTO `zz_area_code` VALUES (360101000000, '市辖区', 3, 360100000000);
INSERT INTO `zz_area_code` VALUES (360102000000, '东湖区', 3, 360100000000);
INSERT INTO `zz_area_code` VALUES (360103000000, '西湖区', 3, 360100000000);
INSERT INTO `zz_area_code` VALUES (360104000000, '青云谱区', 3, 360100000000);
INSERT INTO `zz_area_code` VALUES (360105000000, '湾里区', 3, 360100000000);
INSERT INTO `zz_area_code` VALUES (360111000000, '青山湖区', 3, 360100000000);
INSERT INTO `zz_area_code` VALUES (360112000000, '新建区', 3, 360100000000);
INSERT INTO `zz_area_code` VALUES (360121000000, '南昌县', 3, 360100000000);
INSERT INTO `zz_area_code` VALUES (360123000000, '安义县', 3, 360100000000);
INSERT INTO `zz_area_code` VALUES (360124000000, '进贤县', 3, 360100000000);
INSERT INTO `zz_area_code` VALUES (360200000000, '景德镇市', 2, 360000000000);
INSERT INTO `zz_area_code` VALUES (360201000000, '市辖区', 3, 360200000000);
INSERT INTO `zz_area_code` VALUES (360202000000, '昌江区', 3, 360200000000);
INSERT INTO `zz_area_code` VALUES (360203000000, '珠山区', 3, 360200000000);
INSERT INTO `zz_area_code` VALUES (360222000000, '浮梁县', 3, 360200000000);
INSERT INTO `zz_area_code` VALUES (360281000000, '乐平市', 3, 360200000000);
INSERT INTO `zz_area_code` VALUES (360300000000, '萍乡市', 2, 360000000000);
INSERT INTO `zz_area_code` VALUES (360301000000, '市辖区', 3, 360300000000);
INSERT INTO `zz_area_code` VALUES (360302000000, '安源区', 3, 360300000000);
INSERT INTO `zz_area_code` VALUES (360313000000, '湘东区', 3, 360300000000);
INSERT INTO `zz_area_code` VALUES (360321000000, '莲花县', 3, 360300000000);
INSERT INTO `zz_area_code` VALUES (360322000000, '上栗县', 3, 360300000000);
INSERT INTO `zz_area_code` VALUES (360323000000, '芦溪县', 3, 360300000000);
INSERT INTO `zz_area_code` VALUES (360400000000, '九江市', 2, 360000000000);
INSERT INTO `zz_area_code` VALUES (360401000000, '市辖区', 3, 360400000000);
INSERT INTO `zz_area_code` VALUES (360402000000, '濂溪区', 3, 360400000000);
INSERT INTO `zz_area_code` VALUES (360403000000, '浔阳区', 3, 360400000000);
INSERT INTO `zz_area_code` VALUES (360404000000, '柴桑区', 3, 360400000000);
INSERT INTO `zz_area_code` VALUES (360423000000, '武宁县', 3, 360400000000);
INSERT INTO `zz_area_code` VALUES (360424000000, '修水县', 3, 360400000000);
INSERT INTO `zz_area_code` VALUES (360425000000, '永修县', 3, 360400000000);
INSERT INTO `zz_area_code` VALUES (360426000000, '德安县', 3, 360400000000);
INSERT INTO `zz_area_code` VALUES (360428000000, '都昌县', 3, 360400000000);
INSERT INTO `zz_area_code` VALUES (360429000000, '湖口县', 3, 360400000000);
INSERT INTO `zz_area_code` VALUES (360430000000, '彭泽县', 3, 360400000000);
INSERT INTO `zz_area_code` VALUES (360481000000, '瑞昌市', 3, 360400000000);
INSERT INTO `zz_area_code` VALUES (360482000000, '共青城市', 3, 360400000000);
INSERT INTO `zz_area_code` VALUES (360483000000, '庐山市', 3, 360400000000);
INSERT INTO `zz_area_code` VALUES (360500000000, '新余市', 2, 360000000000);
INSERT INTO `zz_area_code` VALUES (360501000000, '市辖区', 3, 360500000000);
INSERT INTO `zz_area_code` VALUES (360502000000, '渝水区', 3, 360500000000);
INSERT INTO `zz_area_code` VALUES (360521000000, '分宜县', 3, 360500000000);
INSERT INTO `zz_area_code` VALUES (360600000000, '鹰潭市', 2, 360000000000);
INSERT INTO `zz_area_code` VALUES (360601000000, '市辖区', 3, 360600000000);
INSERT INTO `zz_area_code` VALUES (360602000000, '月湖区', 3, 360600000000);
INSERT INTO `zz_area_code` VALUES (360603000000, '余江区', 3, 360600000000);
INSERT INTO `zz_area_code` VALUES (360681000000, '贵溪市', 3, 360600000000);
INSERT INTO `zz_area_code` VALUES (360700000000, '赣州市', 2, 360000000000);
INSERT INTO `zz_area_code` VALUES (360701000000, '市辖区', 3, 360700000000);
INSERT INTO `zz_area_code` VALUES (360702000000, '章贡区', 3, 360700000000);
INSERT INTO `zz_area_code` VALUES (360703000000, '南康区', 3, 360700000000);
INSERT INTO `zz_area_code` VALUES (360704000000, '赣县区', 3, 360700000000);
INSERT INTO `zz_area_code` VALUES (360722000000, '信丰县', 3, 360700000000);
INSERT INTO `zz_area_code` VALUES (360723000000, '大余县', 3, 360700000000);
INSERT INTO `zz_area_code` VALUES (360724000000, '上犹县', 3, 360700000000);
INSERT INTO `zz_area_code` VALUES (360725000000, '崇义县', 3, 360700000000);
INSERT INTO `zz_area_code` VALUES (360726000000, '安远县', 3, 360700000000);
INSERT INTO `zz_area_code` VALUES (360727000000, '龙南县', 3, 360700000000);
INSERT INTO `zz_area_code` VALUES (360728000000, '定南县', 3, 360700000000);
INSERT INTO `zz_area_code` VALUES (360729000000, '全南县', 3, 360700000000);
INSERT INTO `zz_area_code` VALUES (360730000000, '宁都县', 3, 360700000000);
INSERT INTO `zz_area_code` VALUES (360731000000, '于都县', 3, 360700000000);
INSERT INTO `zz_area_code` VALUES (360732000000, '兴国县', 3, 360700000000);
INSERT INTO `zz_area_code` VALUES (360733000000, '会昌县', 3, 360700000000);
INSERT INTO `zz_area_code` VALUES (360734000000, '寻乌县', 3, 360700000000);
INSERT INTO `zz_area_code` VALUES (360735000000, '石城县', 3, 360700000000);
INSERT INTO `zz_area_code` VALUES (360781000000, '瑞金市', 3, 360700000000);
INSERT INTO `zz_area_code` VALUES (360800000000, '吉安市', 2, 360000000000);
INSERT INTO `zz_area_code` VALUES (360801000000, '市辖区', 3, 360800000000);
INSERT INTO `zz_area_code` VALUES (360802000000, '吉州区', 3, 360800000000);
INSERT INTO `zz_area_code` VALUES (360803000000, '青原区', 3, 360800000000);
INSERT INTO `zz_area_code` VALUES (360821000000, '吉安县', 3, 360800000000);
INSERT INTO `zz_area_code` VALUES (360822000000, '吉水县', 3, 360800000000);
INSERT INTO `zz_area_code` VALUES (360823000000, '峡江县', 3, 360800000000);
INSERT INTO `zz_area_code` VALUES (360824000000, '新干县', 3, 360800000000);
INSERT INTO `zz_area_code` VALUES (360825000000, '永丰县', 3, 360800000000);
INSERT INTO `zz_area_code` VALUES (360826000000, '泰和县', 3, 360800000000);
INSERT INTO `zz_area_code` VALUES (360827000000, '遂川县', 3, 360800000000);
INSERT INTO `zz_area_code` VALUES (360828000000, '万安县', 3, 360800000000);
INSERT INTO `zz_area_code` VALUES (360829000000, '安福县', 3, 360800000000);
INSERT INTO `zz_area_code` VALUES (360830000000, '永新县', 3, 360800000000);
INSERT INTO `zz_area_code` VALUES (360881000000, '井冈山市', 3, 360800000000);
INSERT INTO `zz_area_code` VALUES (360900000000, '宜春市', 2, 360000000000);
INSERT INTO `zz_area_code` VALUES (360901000000, '市辖区', 3, 360900000000);
INSERT INTO `zz_area_code` VALUES (360902000000, '袁州区', 3, 360900000000);
INSERT INTO `zz_area_code` VALUES (360921000000, '奉新县', 3, 360900000000);
INSERT INTO `zz_area_code` VALUES (360922000000, '万载县', 3, 360900000000);
INSERT INTO `zz_area_code` VALUES (360923000000, '上高县', 3, 360900000000);
INSERT INTO `zz_area_code` VALUES (360924000000, '宜丰县', 3, 360900000000);
INSERT INTO `zz_area_code` VALUES (360925000000, '靖安县', 3, 360900000000);
INSERT INTO `zz_area_code` VALUES (360926000000, '铜鼓县', 3, 360900000000);
INSERT INTO `zz_area_code` VALUES (360981000000, '丰城市', 3, 360900000000);
INSERT INTO `zz_area_code` VALUES (360982000000, '樟树市', 3, 360900000000);
INSERT INTO `zz_area_code` VALUES (360983000000, '高安市', 3, 360900000000);
INSERT INTO `zz_area_code` VALUES (361000000000, '抚州市', 2, 360000000000);
INSERT INTO `zz_area_code` VALUES (361001000000, '市辖区', 3, 361000000000);
INSERT INTO `zz_area_code` VALUES (361002000000, '临川区', 3, 361000000000);
INSERT INTO `zz_area_code` VALUES (361003000000, '东乡区', 3, 361000000000);
INSERT INTO `zz_area_code` VALUES (361021000000, '南城县', 3, 361000000000);
INSERT INTO `zz_area_code` VALUES (361022000000, '黎川县', 3, 361000000000);
INSERT INTO `zz_area_code` VALUES (361023000000, '南丰县', 3, 361000000000);
INSERT INTO `zz_area_code` VALUES (361024000000, '崇仁县', 3, 361000000000);
INSERT INTO `zz_area_code` VALUES (361025000000, '乐安县', 3, 361000000000);
INSERT INTO `zz_area_code` VALUES (361026000000, '宜黄县', 3, 361000000000);
INSERT INTO `zz_area_code` VALUES (361027000000, '金溪县', 3, 361000000000);
INSERT INTO `zz_area_code` VALUES (361028000000, '资溪县', 3, 361000000000);
INSERT INTO `zz_area_code` VALUES (361030000000, '广昌县', 3, 361000000000);
INSERT INTO `zz_area_code` VALUES (361100000000, '上饶市', 2, 360000000000);
INSERT INTO `zz_area_code` VALUES (361101000000, '市辖区', 3, 361100000000);
INSERT INTO `zz_area_code` VALUES (361102000000, '信州区', 3, 361100000000);
INSERT INTO `zz_area_code` VALUES (361103000000, '广丰区', 3, 361100000000);
INSERT INTO `zz_area_code` VALUES (361121000000, '上饶县', 3, 361100000000);
INSERT INTO `zz_area_code` VALUES (361123000000, '玉山县', 3, 361100000000);
INSERT INTO `zz_area_code` VALUES (361124000000, '铅山县', 3, 361100000000);
INSERT INTO `zz_area_code` VALUES (361125000000, '横峰县', 3, 361100000000);
INSERT INTO `zz_area_code` VALUES (361126000000, '弋阳县', 3, 361100000000);
INSERT INTO `zz_area_code` VALUES (361127000000, '余干县', 3, 361100000000);
INSERT INTO `zz_area_code` VALUES (361128000000, '鄱阳县', 3, 361100000000);
INSERT INTO `zz_area_code` VALUES (361129000000, '万年县', 3, 361100000000);
INSERT INTO `zz_area_code` VALUES (361130000000, '婺源县', 3, 361100000000);
INSERT INTO `zz_area_code` VALUES (361181000000, '德兴市', 3, 361100000000);
INSERT INTO `zz_area_code` VALUES (370000000000, '山东省', 1, NULL);
INSERT INTO `zz_area_code` VALUES (370100000000, '济南市', 2, 370000000000);
INSERT INTO `zz_area_code` VALUES (370101000000, '市辖区', 3, 370100000000);
INSERT INTO `zz_area_code` VALUES (370102000000, '历下区', 3, 370100000000);
INSERT INTO `zz_area_code` VALUES (370103000000, '市中区', 3, 370100000000);
INSERT INTO `zz_area_code` VALUES (370104000000, '槐荫区', 3, 370100000000);
INSERT INTO `zz_area_code` VALUES (370105000000, '天桥区', 3, 370100000000);
INSERT INTO `zz_area_code` VALUES (370112000000, '历城区', 3, 370100000000);
INSERT INTO `zz_area_code` VALUES (370113000000, '长清区', 3, 370100000000);
INSERT INTO `zz_area_code` VALUES (370114000000, '章丘区', 3, 370100000000);
INSERT INTO `zz_area_code` VALUES (370115000000, '济阳区', 3, 370100000000);
INSERT INTO `zz_area_code` VALUES (370124000000, '平阴县', 3, 370100000000);
INSERT INTO `zz_area_code` VALUES (370126000000, '商河县', 3, 370100000000);
INSERT INTO `zz_area_code` VALUES (370171000000, '济南高新技术产业开发区', 3, 370100000000);
INSERT INTO `zz_area_code` VALUES (370200000000, '青岛市', 2, 370000000000);
INSERT INTO `zz_area_code` VALUES (370201000000, '市辖区', 3, 370200000000);
INSERT INTO `zz_area_code` VALUES (370202000000, '市南区', 3, 370200000000);
INSERT INTO `zz_area_code` VALUES (370203000000, '市北区', 3, 370200000000);
INSERT INTO `zz_area_code` VALUES (370211000000, '黄岛区', 3, 370200000000);
INSERT INTO `zz_area_code` VALUES (370212000000, '崂山区', 3, 370200000000);
INSERT INTO `zz_area_code` VALUES (370213000000, '李沧区', 3, 370200000000);
INSERT INTO `zz_area_code` VALUES (370214000000, '城阳区', 3, 370200000000);
INSERT INTO `zz_area_code` VALUES (370215000000, '即墨区', 3, 370200000000);
INSERT INTO `zz_area_code` VALUES (370271000000, '青岛高新技术产业开发区', 3, 370200000000);
INSERT INTO `zz_area_code` VALUES (370281000000, '胶州市', 3, 370200000000);
INSERT INTO `zz_area_code` VALUES (370283000000, '平度市', 3, 370200000000);
INSERT INTO `zz_area_code` VALUES (370285000000, '莱西市', 3, 370200000000);
INSERT INTO `zz_area_code` VALUES (370300000000, '淄博市', 2, 370000000000);
INSERT INTO `zz_area_code` VALUES (370301000000, '市辖区', 3, 370300000000);
INSERT INTO `zz_area_code` VALUES (370302000000, '淄川区', 3, 370300000000);
INSERT INTO `zz_area_code` VALUES (370303000000, '张店区', 3, 370300000000);
INSERT INTO `zz_area_code` VALUES (370304000000, '博山区', 3, 370300000000);
INSERT INTO `zz_area_code` VALUES (370305000000, '临淄区', 3, 370300000000);
INSERT INTO `zz_area_code` VALUES (370306000000, '周村区', 3, 370300000000);
INSERT INTO `zz_area_code` VALUES (370321000000, '桓台县', 3, 370300000000);
INSERT INTO `zz_area_code` VALUES (370322000000, '高青县', 3, 370300000000);
INSERT INTO `zz_area_code` VALUES (370323000000, '沂源县', 3, 370300000000);
INSERT INTO `zz_area_code` VALUES (370400000000, '枣庄市', 2, 370000000000);
INSERT INTO `zz_area_code` VALUES (370401000000, '市辖区', 3, 370400000000);
INSERT INTO `zz_area_code` VALUES (370402000000, '市中区', 3, 370400000000);
INSERT INTO `zz_area_code` VALUES (370403000000, '薛城区', 3, 370400000000);
INSERT INTO `zz_area_code` VALUES (370404000000, '峄城区', 3, 370400000000);
INSERT INTO `zz_area_code` VALUES (370405000000, '台儿庄区', 3, 370400000000);
INSERT INTO `zz_area_code` VALUES (370406000000, '山亭区', 3, 370400000000);
INSERT INTO `zz_area_code` VALUES (370481000000, '滕州市', 3, 370400000000);
INSERT INTO `zz_area_code` VALUES (370500000000, '东营市', 2, 370000000000);
INSERT INTO `zz_area_code` VALUES (370501000000, '市辖区', 3, 370500000000);
INSERT INTO `zz_area_code` VALUES (370502000000, '东营区', 3, 370500000000);
INSERT INTO `zz_area_code` VALUES (370503000000, '河口区', 3, 370500000000);
INSERT INTO `zz_area_code` VALUES (370505000000, '垦利区', 3, 370500000000);
INSERT INTO `zz_area_code` VALUES (370522000000, '利津县', 3, 370500000000);
INSERT INTO `zz_area_code` VALUES (370523000000, '广饶县', 3, 370500000000);
INSERT INTO `zz_area_code` VALUES (370571000000, '东营经济技术开发区', 3, 370500000000);
INSERT INTO `zz_area_code` VALUES (370572000000, '东营港经济开发区', 3, 370500000000);
INSERT INTO `zz_area_code` VALUES (370600000000, '烟台市', 2, 370000000000);
INSERT INTO `zz_area_code` VALUES (370601000000, '市辖区', 3, 370600000000);
INSERT INTO `zz_area_code` VALUES (370602000000, '芝罘区', 3, 370600000000);
INSERT INTO `zz_area_code` VALUES (370611000000, '福山区', 3, 370600000000);
INSERT INTO `zz_area_code` VALUES (370612000000, '牟平区', 3, 370600000000);
INSERT INTO `zz_area_code` VALUES (370613000000, '莱山区', 3, 370600000000);
INSERT INTO `zz_area_code` VALUES (370634000000, '长岛县', 3, 370600000000);
INSERT INTO `zz_area_code` VALUES (370671000000, '烟台高新技术产业开发区', 3, 370600000000);
INSERT INTO `zz_area_code` VALUES (370672000000, '烟台经济技术开发区', 3, 370600000000);
INSERT INTO `zz_area_code` VALUES (370681000000, '龙口市', 3, 370600000000);
INSERT INTO `zz_area_code` VALUES (370682000000, '莱阳市', 3, 370600000000);
INSERT INTO `zz_area_code` VALUES (370683000000, '莱州市', 3, 370600000000);
INSERT INTO `zz_area_code` VALUES (370684000000, '蓬莱市', 3, 370600000000);
INSERT INTO `zz_area_code` VALUES (370685000000, '招远市', 3, 370600000000);
INSERT INTO `zz_area_code` VALUES (370686000000, '栖霞市', 3, 370600000000);
INSERT INTO `zz_area_code` VALUES (370687000000, '海阳市', 3, 370600000000);
INSERT INTO `zz_area_code` VALUES (370700000000, '潍坊市', 2, 370000000000);
INSERT INTO `zz_area_code` VALUES (370701000000, '市辖区', 3, 370700000000);
INSERT INTO `zz_area_code` VALUES (370702000000, '潍城区', 3, 370700000000);
INSERT INTO `zz_area_code` VALUES (370703000000, '寒亭区', 3, 370700000000);
INSERT INTO `zz_area_code` VALUES (370704000000, '坊子区', 3, 370700000000);
INSERT INTO `zz_area_code` VALUES (370705000000, '奎文区', 3, 370700000000);
INSERT INTO `zz_area_code` VALUES (370724000000, '临朐县', 3, 370700000000);
INSERT INTO `zz_area_code` VALUES (370725000000, '昌乐县', 3, 370700000000);
INSERT INTO `zz_area_code` VALUES (370772000000, '潍坊滨海经济技术开发区', 3, 370700000000);
INSERT INTO `zz_area_code` VALUES (370781000000, '青州市', 3, 370700000000);
INSERT INTO `zz_area_code` VALUES (370782000000, '诸城市', 3, 370700000000);
INSERT INTO `zz_area_code` VALUES (370783000000, '寿光市', 3, 370700000000);
INSERT INTO `zz_area_code` VALUES (370784000000, '安丘市', 3, 370700000000);
INSERT INTO `zz_area_code` VALUES (370785000000, '高密市', 3, 370700000000);
INSERT INTO `zz_area_code` VALUES (370786000000, '昌邑市', 3, 370700000000);
INSERT INTO `zz_area_code` VALUES (370800000000, '济宁市', 2, 370000000000);
INSERT INTO `zz_area_code` VALUES (370801000000, '市辖区', 3, 370800000000);
INSERT INTO `zz_area_code` VALUES (370811000000, '任城区', 3, 370800000000);
INSERT INTO `zz_area_code` VALUES (370812000000, '兖州区', 3, 370800000000);
INSERT INTO `zz_area_code` VALUES (370826000000, '微山县', 3, 370800000000);
INSERT INTO `zz_area_code` VALUES (370827000000, '鱼台县', 3, 370800000000);
INSERT INTO `zz_area_code` VALUES (370828000000, '金乡县', 3, 370800000000);
INSERT INTO `zz_area_code` VALUES (370829000000, '嘉祥县', 3, 370800000000);
INSERT INTO `zz_area_code` VALUES (370830000000, '汶上县', 3, 370800000000);
INSERT INTO `zz_area_code` VALUES (370831000000, '泗水县', 3, 370800000000);
INSERT INTO `zz_area_code` VALUES (370832000000, '梁山县', 3, 370800000000);
INSERT INTO `zz_area_code` VALUES (370871000000, '济宁高新技术产业开发区', 3, 370800000000);
INSERT INTO `zz_area_code` VALUES (370881000000, '曲阜市', 3, 370800000000);
INSERT INTO `zz_area_code` VALUES (370883000000, '邹城市', 3, 370800000000);
INSERT INTO `zz_area_code` VALUES (370900000000, '泰安市', 2, 370000000000);
INSERT INTO `zz_area_code` VALUES (370901000000, '市辖区', 3, 370900000000);
INSERT INTO `zz_area_code` VALUES (370902000000, '泰山区', 3, 370900000000);
INSERT INTO `zz_area_code` VALUES (370911000000, '岱岳区', 3, 370900000000);
INSERT INTO `zz_area_code` VALUES (370921000000, '宁阳县', 3, 370900000000);
INSERT INTO `zz_area_code` VALUES (370923000000, '东平县', 3, 370900000000);
INSERT INTO `zz_area_code` VALUES (370982000000, '新泰市', 3, 370900000000);
INSERT INTO `zz_area_code` VALUES (370983000000, '肥城市', 3, 370900000000);
INSERT INTO `zz_area_code` VALUES (371000000000, '威海市', 2, 370000000000);
INSERT INTO `zz_area_code` VALUES (371001000000, '市辖区', 3, 371000000000);
INSERT INTO `zz_area_code` VALUES (371002000000, '环翠区', 3, 371000000000);
INSERT INTO `zz_area_code` VALUES (371003000000, '文登区', 3, 371000000000);
INSERT INTO `zz_area_code` VALUES (371071000000, '威海火炬高技术产业开发区', 3, 371000000000);
INSERT INTO `zz_area_code` VALUES (371072000000, '威海经济技术开发区', 3, 371000000000);
INSERT INTO `zz_area_code` VALUES (371073000000, '威海临港经济技术开发区', 3, 371000000000);
INSERT INTO `zz_area_code` VALUES (371082000000, '荣成市', 3, 371000000000);
INSERT INTO `zz_area_code` VALUES (371083000000, '乳山市', 3, 371000000000);
INSERT INTO `zz_area_code` VALUES (371100000000, '日照市', 2, 370000000000);
INSERT INTO `zz_area_code` VALUES (371101000000, '市辖区', 3, 371100000000);
INSERT INTO `zz_area_code` VALUES (371102000000, '东港区', 3, 371100000000);
INSERT INTO `zz_area_code` VALUES (371103000000, '岚山区', 3, 371100000000);
INSERT INTO `zz_area_code` VALUES (371121000000, '五莲县', 3, 371100000000);
INSERT INTO `zz_area_code` VALUES (371122000000, '莒县', 3, 371100000000);
INSERT INTO `zz_area_code` VALUES (371171000000, '日照经济技术开发区', 3, 371100000000);
INSERT INTO `zz_area_code` VALUES (371200000000, '莱芜市', 2, 370000000000);
INSERT INTO `zz_area_code` VALUES (371201000000, '市辖区', 3, 371200000000);
INSERT INTO `zz_area_code` VALUES (371202000000, '莱城区', 3, 371200000000);
INSERT INTO `zz_area_code` VALUES (371203000000, '钢城区', 3, 371200000000);
INSERT INTO `zz_area_code` VALUES (371300000000, '临沂市', 2, 370000000000);
INSERT INTO `zz_area_code` VALUES (371301000000, '市辖区', 3, 371300000000);
INSERT INTO `zz_area_code` VALUES (371302000000, '兰山区', 3, 371300000000);
INSERT INTO `zz_area_code` VALUES (371311000000, '罗庄区', 3, 371300000000);
INSERT INTO `zz_area_code` VALUES (371312000000, '河东区', 3, 371300000000);
INSERT INTO `zz_area_code` VALUES (371321000000, '沂南县', 3, 371300000000);
INSERT INTO `zz_area_code` VALUES (371322000000, '郯城县', 3, 371300000000);
INSERT INTO `zz_area_code` VALUES (371323000000, '沂水县', 3, 371300000000);
INSERT INTO `zz_area_code` VALUES (371324000000, '兰陵县', 3, 371300000000);
INSERT INTO `zz_area_code` VALUES (371325000000, '费县', 3, 371300000000);
INSERT INTO `zz_area_code` VALUES (371326000000, '平邑县', 3, 371300000000);
INSERT INTO `zz_area_code` VALUES (371327000000, '莒南县', 3, 371300000000);
INSERT INTO `zz_area_code` VALUES (371328000000, '蒙阴县', 3, 371300000000);
INSERT INTO `zz_area_code` VALUES (371329000000, '临沭县', 3, 371300000000);
INSERT INTO `zz_area_code` VALUES (371371000000, '临沂高新技术产业开发区', 3, 371300000000);
INSERT INTO `zz_area_code` VALUES (371372000000, '临沂经济技术开发区', 3, 371300000000);
INSERT INTO `zz_area_code` VALUES (371373000000, '临沂临港经济开发区', 3, 371300000000);
INSERT INTO `zz_area_code` VALUES (371400000000, '德州市', 2, 370000000000);
INSERT INTO `zz_area_code` VALUES (371401000000, '市辖区', 3, 371400000000);
INSERT INTO `zz_area_code` VALUES (371402000000, '德城区', 3, 371400000000);
INSERT INTO `zz_area_code` VALUES (371403000000, '陵城区', 3, 371400000000);
INSERT INTO `zz_area_code` VALUES (371422000000, '宁津县', 3, 371400000000);
INSERT INTO `zz_area_code` VALUES (371423000000, '庆云县', 3, 371400000000);
INSERT INTO `zz_area_code` VALUES (371424000000, '临邑县', 3, 371400000000);
INSERT INTO `zz_area_code` VALUES (371425000000, '齐河县', 3, 371400000000);
INSERT INTO `zz_area_code` VALUES (371426000000, '平原县', 3, 371400000000);
INSERT INTO `zz_area_code` VALUES (371427000000, '夏津县', 3, 371400000000);
INSERT INTO `zz_area_code` VALUES (371428000000, '武城县', 3, 371400000000);
INSERT INTO `zz_area_code` VALUES (371471000000, '德州经济技术开发区', 3, 371400000000);
INSERT INTO `zz_area_code` VALUES (371472000000, '德州运河经济开发区', 3, 371400000000);
INSERT INTO `zz_area_code` VALUES (371481000000, '乐陵市', 3, 371400000000);
INSERT INTO `zz_area_code` VALUES (371482000000, '禹城市', 3, 371400000000);
INSERT INTO `zz_area_code` VALUES (371500000000, '聊城市', 2, 370000000000);
INSERT INTO `zz_area_code` VALUES (371501000000, '市辖区', 3, 371500000000);
INSERT INTO `zz_area_code` VALUES (371502000000, '东昌府区', 3, 371500000000);
INSERT INTO `zz_area_code` VALUES (371521000000, '阳谷县', 3, 371500000000);
INSERT INTO `zz_area_code` VALUES (371522000000, '莘县', 3, 371500000000);
INSERT INTO `zz_area_code` VALUES (371523000000, '茌平县', 3, 371500000000);
INSERT INTO `zz_area_code` VALUES (371524000000, '东阿县', 3, 371500000000);
INSERT INTO `zz_area_code` VALUES (371525000000, '冠县', 3, 371500000000);
INSERT INTO `zz_area_code` VALUES (371526000000, '高唐县', 3, 371500000000);
INSERT INTO `zz_area_code` VALUES (371581000000, '临清市', 3, 371500000000);
INSERT INTO `zz_area_code` VALUES (371600000000, '滨州市', 2, 370000000000);
INSERT INTO `zz_area_code` VALUES (371601000000, '市辖区', 3, 371600000000);
INSERT INTO `zz_area_code` VALUES (371602000000, '滨城区', 3, 371600000000);
INSERT INTO `zz_area_code` VALUES (371603000000, '沾化区', 3, 371600000000);
INSERT INTO `zz_area_code` VALUES (371621000000, '惠民县', 3, 371600000000);
INSERT INTO `zz_area_code` VALUES (371622000000, '阳信县', 3, 371600000000);
INSERT INTO `zz_area_code` VALUES (371623000000, '无棣县', 3, 371600000000);
INSERT INTO `zz_area_code` VALUES (371625000000, '博兴县', 3, 371600000000);
INSERT INTO `zz_area_code` VALUES (371681000000, '邹平市', 3, 371600000000);
INSERT INTO `zz_area_code` VALUES (371700000000, '菏泽市', 2, 370000000000);
INSERT INTO `zz_area_code` VALUES (371701000000, '市辖区', 3, 371700000000);
INSERT INTO `zz_area_code` VALUES (371702000000, '牡丹区', 3, 371700000000);
INSERT INTO `zz_area_code` VALUES (371703000000, '定陶区', 3, 371700000000);
INSERT INTO `zz_area_code` VALUES (371721000000, '曹县', 3, 371700000000);
INSERT INTO `zz_area_code` VALUES (371722000000, '单县', 3, 371700000000);
INSERT INTO `zz_area_code` VALUES (371723000000, '成武县', 3, 371700000000);
INSERT INTO `zz_area_code` VALUES (371724000000, '巨野县', 3, 371700000000);
INSERT INTO `zz_area_code` VALUES (371725000000, '郓城县', 3, 371700000000);
INSERT INTO `zz_area_code` VALUES (371726000000, '鄄城县', 3, 371700000000);
INSERT INTO `zz_area_code` VALUES (371728000000, '东明县', 3, 371700000000);
INSERT INTO `zz_area_code` VALUES (371771000000, '菏泽经济技术开发区', 3, 371700000000);
INSERT INTO `zz_area_code` VALUES (371772000000, '菏泽高新技术开发区', 3, 371700000000);
INSERT INTO `zz_area_code` VALUES (410000000000, '河南省', 1, NULL);
INSERT INTO `zz_area_code` VALUES (410100000000, '郑州市', 2, 410000000000);
INSERT INTO `zz_area_code` VALUES (410101000000, '市辖区', 3, 410100000000);
INSERT INTO `zz_area_code` VALUES (410102000000, '中原区', 3, 410100000000);
INSERT INTO `zz_area_code` VALUES (410103000000, '二七区', 3, 410100000000);
INSERT INTO `zz_area_code` VALUES (410104000000, '管城回族区', 3, 410100000000);
INSERT INTO `zz_area_code` VALUES (410105000000, '金水区', 3, 410100000000);
INSERT INTO `zz_area_code` VALUES (410106000000, '上街区', 3, 410100000000);
INSERT INTO `zz_area_code` VALUES (410108000000, '惠济区', 3, 410100000000);
INSERT INTO `zz_area_code` VALUES (410122000000, '中牟县', 3, 410100000000);
INSERT INTO `zz_area_code` VALUES (410171000000, '郑州经济技术开发区', 3, 410100000000);
INSERT INTO `zz_area_code` VALUES (410172000000, '郑州高新技术产业开发区', 3, 410100000000);
INSERT INTO `zz_area_code` VALUES (410173000000, '郑州航空港经济综合实验区', 3, 410100000000);
INSERT INTO `zz_area_code` VALUES (410181000000, '巩义市', 3, 410100000000);
INSERT INTO `zz_area_code` VALUES (410182000000, '荥阳市', 3, 410100000000);
INSERT INTO `zz_area_code` VALUES (410183000000, '新密市', 3, 410100000000);
INSERT INTO `zz_area_code` VALUES (410184000000, '新郑市', 3, 410100000000);
INSERT INTO `zz_area_code` VALUES (410185000000, '登封市', 3, 410100000000);
INSERT INTO `zz_area_code` VALUES (410200000000, '开封市', 2, 410000000000);
INSERT INTO `zz_area_code` VALUES (410201000000, '市辖区', 3, 410200000000);
INSERT INTO `zz_area_code` VALUES (410202000000, '龙亭区', 3, 410200000000);
INSERT INTO `zz_area_code` VALUES (410203000000, '顺河回族区', 3, 410200000000);
INSERT INTO `zz_area_code` VALUES (410204000000, '鼓楼区', 3, 410200000000);
INSERT INTO `zz_area_code` VALUES (410205000000, '禹王台区', 3, 410200000000);
INSERT INTO `zz_area_code` VALUES (410212000000, '祥符区', 3, 410200000000);
INSERT INTO `zz_area_code` VALUES (410221000000, '杞县', 3, 410200000000);
INSERT INTO `zz_area_code` VALUES (410222000000, '通许县', 3, 410200000000);
INSERT INTO `zz_area_code` VALUES (410223000000, '尉氏县', 3, 410200000000);
INSERT INTO `zz_area_code` VALUES (410225000000, '兰考县', 3, 410200000000);
INSERT INTO `zz_area_code` VALUES (410300000000, '洛阳市', 2, 410000000000);
INSERT INTO `zz_area_code` VALUES (410301000000, '市辖区', 3, 410300000000);
INSERT INTO `zz_area_code` VALUES (410302000000, '老城区', 3, 410300000000);
INSERT INTO `zz_area_code` VALUES (410303000000, '西工区', 3, 410300000000);
INSERT INTO `zz_area_code` VALUES (410304000000, '瀍河回族区', 3, 410300000000);
INSERT INTO `zz_area_code` VALUES (410305000000, '涧西区', 3, 410300000000);
INSERT INTO `zz_area_code` VALUES (410306000000, '吉利区', 3, 410300000000);
INSERT INTO `zz_area_code` VALUES (410311000000, '洛龙区', 3, 410300000000);
INSERT INTO `zz_area_code` VALUES (410322000000, '孟津县', 3, 410300000000);
INSERT INTO `zz_area_code` VALUES (410323000000, '新安县', 3, 410300000000);
INSERT INTO `zz_area_code` VALUES (410324000000, '栾川县', 3, 410300000000);
INSERT INTO `zz_area_code` VALUES (410325000000, '嵩县', 3, 410300000000);
INSERT INTO `zz_area_code` VALUES (410326000000, '汝阳县', 3, 410300000000);
INSERT INTO `zz_area_code` VALUES (410327000000, '宜阳县', 3, 410300000000);
INSERT INTO `zz_area_code` VALUES (410328000000, '洛宁县', 3, 410300000000);
INSERT INTO `zz_area_code` VALUES (410329000000, '伊川县', 3, 410300000000);
INSERT INTO `zz_area_code` VALUES (410371000000, '洛阳高新技术产业开发区', 3, 410300000000);
INSERT INTO `zz_area_code` VALUES (410381000000, '偃师市', 3, 410300000000);
INSERT INTO `zz_area_code` VALUES (410400000000, '平顶山市', 2, 410000000000);
INSERT INTO `zz_area_code` VALUES (410401000000, '市辖区', 3, 410400000000);
INSERT INTO `zz_area_code` VALUES (410402000000, '新华区', 3, 410400000000);
INSERT INTO `zz_area_code` VALUES (410403000000, '卫东区', 3, 410400000000);
INSERT INTO `zz_area_code` VALUES (410404000000, '石龙区', 3, 410400000000);
INSERT INTO `zz_area_code` VALUES (410411000000, '湛河区', 3, 410400000000);
INSERT INTO `zz_area_code` VALUES (410421000000, '宝丰县', 3, 410400000000);
INSERT INTO `zz_area_code` VALUES (410422000000, '叶县', 3, 410400000000);
INSERT INTO `zz_area_code` VALUES (410423000000, '鲁山县', 3, 410400000000);
INSERT INTO `zz_area_code` VALUES (410425000000, '郏县', 3, 410400000000);
INSERT INTO `zz_area_code` VALUES (410471000000, '平顶山高新技术产业开发区', 3, 410400000000);
INSERT INTO `zz_area_code` VALUES (410472000000, '平顶山市新城区', 3, 410400000000);
INSERT INTO `zz_area_code` VALUES (410481000000, '舞钢市', 3, 410400000000);
INSERT INTO `zz_area_code` VALUES (410482000000, '汝州市', 3, 410400000000);
INSERT INTO `zz_area_code` VALUES (410500000000, '安阳市', 2, 410000000000);
INSERT INTO `zz_area_code` VALUES (410501000000, '市辖区', 3, 410500000000);
INSERT INTO `zz_area_code` VALUES (410502000000, '文峰区', 3, 410500000000);
INSERT INTO `zz_area_code` VALUES (410503000000, '北关区', 3, 410500000000);
INSERT INTO `zz_area_code` VALUES (410505000000, '殷都区', 3, 410500000000);
INSERT INTO `zz_area_code` VALUES (410506000000, '龙安区', 3, 410500000000);
INSERT INTO `zz_area_code` VALUES (410522000000, '安阳县', 3, 410500000000);
INSERT INTO `zz_area_code` VALUES (410523000000, '汤阴县', 3, 410500000000);
INSERT INTO `zz_area_code` VALUES (410526000000, '滑县', 3, 410500000000);
INSERT INTO `zz_area_code` VALUES (410527000000, '内黄县', 3, 410500000000);
INSERT INTO `zz_area_code` VALUES (410571000000, '安阳高新技术产业开发区', 3, 410500000000);
INSERT INTO `zz_area_code` VALUES (410581000000, '林州市', 3, 410500000000);
INSERT INTO `zz_area_code` VALUES (410600000000, '鹤壁市', 2, 410000000000);
INSERT INTO `zz_area_code` VALUES (410601000000, '市辖区', 3, 410600000000);
INSERT INTO `zz_area_code` VALUES (410602000000, '鹤山区', 3, 410600000000);
INSERT INTO `zz_area_code` VALUES (410603000000, '山城区', 3, 410600000000);
INSERT INTO `zz_area_code` VALUES (410611000000, '淇滨区', 3, 410600000000);
INSERT INTO `zz_area_code` VALUES (410621000000, '浚县', 3, 410600000000);
INSERT INTO `zz_area_code` VALUES (410622000000, '淇县', 3, 410600000000);
INSERT INTO `zz_area_code` VALUES (410671000000, '鹤壁经济技术开发区', 3, 410600000000);
INSERT INTO `zz_area_code` VALUES (410700000000, '新乡市', 2, 410000000000);
INSERT INTO `zz_area_code` VALUES (410701000000, '市辖区', 3, 410700000000);
INSERT INTO `zz_area_code` VALUES (410702000000, '红旗区', 3, 410700000000);
INSERT INTO `zz_area_code` VALUES (410703000000, '卫滨区', 3, 410700000000);
INSERT INTO `zz_area_code` VALUES (410704000000, '凤泉区', 3, 410700000000);
INSERT INTO `zz_area_code` VALUES (410711000000, '牧野区', 3, 410700000000);
INSERT INTO `zz_area_code` VALUES (410721000000, '新乡县', 3, 410700000000);
INSERT INTO `zz_area_code` VALUES (410724000000, '获嘉县', 3, 410700000000);
INSERT INTO `zz_area_code` VALUES (410725000000, '原阳县', 3, 410700000000);
INSERT INTO `zz_area_code` VALUES (410726000000, '延津县', 3, 410700000000);
INSERT INTO `zz_area_code` VALUES (410727000000, '封丘县', 3, 410700000000);
INSERT INTO `zz_area_code` VALUES (410728000000, '长垣县', 3, 410700000000);
INSERT INTO `zz_area_code` VALUES (410771000000, '新乡高新技术产业开发区', 3, 410700000000);
INSERT INTO `zz_area_code` VALUES (410772000000, '新乡经济技术开发区', 3, 410700000000);
INSERT INTO `zz_area_code` VALUES (410773000000, '新乡市平原城乡一体化示范区', 3, 410700000000);
INSERT INTO `zz_area_code` VALUES (410781000000, '卫辉市', 3, 410700000000);
INSERT INTO `zz_area_code` VALUES (410782000000, '辉县市', 3, 410700000000);
INSERT INTO `zz_area_code` VALUES (410800000000, '焦作市', 2, 410000000000);
INSERT INTO `zz_area_code` VALUES (410801000000, '市辖区', 3, 410800000000);
INSERT INTO `zz_area_code` VALUES (410802000000, '解放区', 3, 410800000000);
INSERT INTO `zz_area_code` VALUES (410803000000, '中站区', 3, 410800000000);
INSERT INTO `zz_area_code` VALUES (410804000000, '马村区', 3, 410800000000);
INSERT INTO `zz_area_code` VALUES (410811000000, '山阳区', 3, 410800000000);
INSERT INTO `zz_area_code` VALUES (410821000000, '修武县', 3, 410800000000);
INSERT INTO `zz_area_code` VALUES (410822000000, '博爱县', 3, 410800000000);
INSERT INTO `zz_area_code` VALUES (410823000000, '武陟县', 3, 410800000000);
INSERT INTO `zz_area_code` VALUES (410825000000, '温县', 3, 410800000000);
INSERT INTO `zz_area_code` VALUES (410871000000, '焦作城乡一体化示范区', 3, 410800000000);
INSERT INTO `zz_area_code` VALUES (410882000000, '沁阳市', 3, 410800000000);
INSERT INTO `zz_area_code` VALUES (410883000000, '孟州市', 3, 410800000000);
INSERT INTO `zz_area_code` VALUES (410900000000, '濮阳市', 2, 410000000000);
INSERT INTO `zz_area_code` VALUES (410901000000, '市辖区', 3, 410900000000);
INSERT INTO `zz_area_code` VALUES (410902000000, '华龙区', 3, 410900000000);
INSERT INTO `zz_area_code` VALUES (410922000000, '清丰县', 3, 410900000000);
INSERT INTO `zz_area_code` VALUES (410923000000, '南乐县', 3, 410900000000);
INSERT INTO `zz_area_code` VALUES (410926000000, '范县', 3, 410900000000);
INSERT INTO `zz_area_code` VALUES (410927000000, '台前县', 3, 410900000000);
INSERT INTO `zz_area_code` VALUES (410928000000, '濮阳县', 3, 410900000000);
INSERT INTO `zz_area_code` VALUES (410971000000, '河南濮阳工业园区', 3, 410900000000);
INSERT INTO `zz_area_code` VALUES (410972000000, '濮阳经济技术开发区', 3, 410900000000);
INSERT INTO `zz_area_code` VALUES (411000000000, '许昌市', 2, 410000000000);
INSERT INTO `zz_area_code` VALUES (411001000000, '市辖区', 3, 411000000000);
INSERT INTO `zz_area_code` VALUES (411002000000, '魏都区', 3, 411000000000);
INSERT INTO `zz_area_code` VALUES (411003000000, '建安区', 3, 411000000000);
INSERT INTO `zz_area_code` VALUES (411024000000, '鄢陵县', 3, 411000000000);
INSERT INTO `zz_area_code` VALUES (411025000000, '襄城县', 3, 411000000000);
INSERT INTO `zz_area_code` VALUES (411071000000, '许昌经济技术开发区', 3, 411000000000);
INSERT INTO `zz_area_code` VALUES (411081000000, '禹州市', 3, 411000000000);
INSERT INTO `zz_area_code` VALUES (411082000000, '长葛市', 3, 411000000000);
INSERT INTO `zz_area_code` VALUES (411100000000, '漯河市', 2, 410000000000);
INSERT INTO `zz_area_code` VALUES (411101000000, '市辖区', 3, 411100000000);
INSERT INTO `zz_area_code` VALUES (411102000000, '源汇区', 3, 411100000000);
INSERT INTO `zz_area_code` VALUES (411103000000, '郾城区', 3, 411100000000);
INSERT INTO `zz_area_code` VALUES (411104000000, '召陵区', 3, 411100000000);
INSERT INTO `zz_area_code` VALUES (411121000000, '舞阳县', 3, 411100000000);
INSERT INTO `zz_area_code` VALUES (411122000000, '临颍县', 3, 411100000000);
INSERT INTO `zz_area_code` VALUES (411171000000, '漯河经济技术开发区', 3, 411100000000);
INSERT INTO `zz_area_code` VALUES (411200000000, '三门峡市', 2, 410000000000);
INSERT INTO `zz_area_code` VALUES (411201000000, '市辖区', 3, 411200000000);
INSERT INTO `zz_area_code` VALUES (411202000000, '湖滨区', 3, 411200000000);
INSERT INTO `zz_area_code` VALUES (411203000000, '陕州区', 3, 411200000000);
INSERT INTO `zz_area_code` VALUES (411221000000, '渑池县', 3, 411200000000);
INSERT INTO `zz_area_code` VALUES (411224000000, '卢氏县', 3, 411200000000);
INSERT INTO `zz_area_code` VALUES (411271000000, '河南三门峡经济开发区', 3, 411200000000);
INSERT INTO `zz_area_code` VALUES (411281000000, '义马市', 3, 411200000000);
INSERT INTO `zz_area_code` VALUES (411282000000, '灵宝市', 3, 411200000000);
INSERT INTO `zz_area_code` VALUES (411300000000, '南阳市', 2, 410000000000);
INSERT INTO `zz_area_code` VALUES (411301000000, '市辖区', 3, 411300000000);
INSERT INTO `zz_area_code` VALUES (411302000000, '宛城区', 3, 411300000000);
INSERT INTO `zz_area_code` VALUES (411303000000, '卧龙区', 3, 411300000000);
INSERT INTO `zz_area_code` VALUES (411321000000, '南召县', 3, 411300000000);
INSERT INTO `zz_area_code` VALUES (411322000000, '方城县', 3, 411300000000);
INSERT INTO `zz_area_code` VALUES (411323000000, '西峡县', 3, 411300000000);
INSERT INTO `zz_area_code` VALUES (411324000000, '镇平县', 3, 411300000000);
INSERT INTO `zz_area_code` VALUES (411325000000, '内乡县', 3, 411300000000);
INSERT INTO `zz_area_code` VALUES (411326000000, '淅川县', 3, 411300000000);
INSERT INTO `zz_area_code` VALUES (411327000000, '社旗县', 3, 411300000000);
INSERT INTO `zz_area_code` VALUES (411328000000, '唐河县', 3, 411300000000);
INSERT INTO `zz_area_code` VALUES (411329000000, '新野县', 3, 411300000000);
INSERT INTO `zz_area_code` VALUES (411330000000, '桐柏县', 3, 411300000000);
INSERT INTO `zz_area_code` VALUES (411371000000, '南阳高新技术产业开发区', 3, 411300000000);
INSERT INTO `zz_area_code` VALUES (411372000000, '南阳市城乡一体化示范区', 3, 411300000000);
INSERT INTO `zz_area_code` VALUES (411381000000, '邓州市', 3, 411300000000);
INSERT INTO `zz_area_code` VALUES (411400000000, '商丘市', 2, 410000000000);
INSERT INTO `zz_area_code` VALUES (411401000000, '市辖区', 3, 411400000000);
INSERT INTO `zz_area_code` VALUES (411402000000, '梁园区', 3, 411400000000);
INSERT INTO `zz_area_code` VALUES (411403000000, '睢阳区', 3, 411400000000);
INSERT INTO `zz_area_code` VALUES (411421000000, '民权县', 3, 411400000000);
INSERT INTO `zz_area_code` VALUES (411422000000, '睢县', 3, 411400000000);
INSERT INTO `zz_area_code` VALUES (411423000000, '宁陵县', 3, 411400000000);
INSERT INTO `zz_area_code` VALUES (411424000000, '柘城县', 3, 411400000000);
INSERT INTO `zz_area_code` VALUES (411425000000, '虞城县', 3, 411400000000);
INSERT INTO `zz_area_code` VALUES (411426000000, '夏邑县', 3, 411400000000);
INSERT INTO `zz_area_code` VALUES (411471000000, '豫东综合物流产业聚集区', 3, 411400000000);
INSERT INTO `zz_area_code` VALUES (411472000000, '河南商丘经济开发区', 3, 411400000000);
INSERT INTO `zz_area_code` VALUES (411481000000, '永城市', 3, 411400000000);
INSERT INTO `zz_area_code` VALUES (411500000000, '信阳市', 2, 410000000000);
INSERT INTO `zz_area_code` VALUES (411501000000, '市辖区', 3, 411500000000);
INSERT INTO `zz_area_code` VALUES (411502000000, '浉河区', 3, 411500000000);
INSERT INTO `zz_area_code` VALUES (411503000000, '平桥区', 3, 411500000000);
INSERT INTO `zz_area_code` VALUES (411521000000, '罗山县', 3, 411500000000);
INSERT INTO `zz_area_code` VALUES (411522000000, '光山县', 3, 411500000000);
INSERT INTO `zz_area_code` VALUES (411523000000, '新县', 3, 411500000000);
INSERT INTO `zz_area_code` VALUES (411524000000, '商城县', 3, 411500000000);
INSERT INTO `zz_area_code` VALUES (411525000000, '固始县', 3, 411500000000);
INSERT INTO `zz_area_code` VALUES (411526000000, '潢川县', 3, 411500000000);
INSERT INTO `zz_area_code` VALUES (411527000000, '淮滨县', 3, 411500000000);
INSERT INTO `zz_area_code` VALUES (411528000000, '息县', 3, 411500000000);
INSERT INTO `zz_area_code` VALUES (411571000000, '信阳高新技术产业开发区', 3, 411500000000);
INSERT INTO `zz_area_code` VALUES (411600000000, '周口市', 2, 410000000000);
INSERT INTO `zz_area_code` VALUES (411601000000, '市辖区', 3, 411600000000);
INSERT INTO `zz_area_code` VALUES (411602000000, '川汇区', 3, 411600000000);
INSERT INTO `zz_area_code` VALUES (411621000000, '扶沟县', 3, 411600000000);
INSERT INTO `zz_area_code` VALUES (411622000000, '西华县', 3, 411600000000);
INSERT INTO `zz_area_code` VALUES (411623000000, '商水县', 3, 411600000000);
INSERT INTO `zz_area_code` VALUES (411624000000, '沈丘县', 3, 411600000000);
INSERT INTO `zz_area_code` VALUES (411625000000, '郸城县', 3, 411600000000);
INSERT INTO `zz_area_code` VALUES (411626000000, '淮阳县', 3, 411600000000);
INSERT INTO `zz_area_code` VALUES (411627000000, '太康县', 3, 411600000000);
INSERT INTO `zz_area_code` VALUES (411628000000, '鹿邑县', 3, 411600000000);
INSERT INTO `zz_area_code` VALUES (411671000000, '河南周口经济开发区', 3, 411600000000);
INSERT INTO `zz_area_code` VALUES (411681000000, '项城市', 3, 411600000000);
INSERT INTO `zz_area_code` VALUES (411700000000, '驻马店市', 2, 410000000000);
INSERT INTO `zz_area_code` VALUES (411701000000, '市辖区', 3, 411700000000);
INSERT INTO `zz_area_code` VALUES (411702000000, '驿城区', 3, 411700000000);
INSERT INTO `zz_area_code` VALUES (411721000000, '西平县', 3, 411700000000);
INSERT INTO `zz_area_code` VALUES (411722000000, '上蔡县', 3, 411700000000);
INSERT INTO `zz_area_code` VALUES (411723000000, '平舆县', 3, 411700000000);
INSERT INTO `zz_area_code` VALUES (411724000000, '正阳县', 3, 411700000000);
INSERT INTO `zz_area_code` VALUES (411725000000, '确山县', 3, 411700000000);
INSERT INTO `zz_area_code` VALUES (411726000000, '泌阳县', 3, 411700000000);
INSERT INTO `zz_area_code` VALUES (411727000000, '汝南县', 3, 411700000000);
INSERT INTO `zz_area_code` VALUES (411728000000, '遂平县', 3, 411700000000);
INSERT INTO `zz_area_code` VALUES (411729000000, '新蔡县', 3, 411700000000);
INSERT INTO `zz_area_code` VALUES (411771000000, '河南驻马店经济开发区', 3, 411700000000);
INSERT INTO `zz_area_code` VALUES (419000000000, '省直辖县级行政区划', 2, 410000000000);
INSERT INTO `zz_area_code` VALUES (419001000000, '济源市', 3, 419000000000);
INSERT INTO `zz_area_code` VALUES (420000000000, '湖北省', 1, NULL);
INSERT INTO `zz_area_code` VALUES (420100000000, '武汉市', 2, 420000000000);
INSERT INTO `zz_area_code` VALUES (420101000000, '市辖区', 3, 420100000000);
INSERT INTO `zz_area_code` VALUES (420102000000, '江岸区', 3, 420100000000);
INSERT INTO `zz_area_code` VALUES (420103000000, '江汉区', 3, 420100000000);
INSERT INTO `zz_area_code` VALUES (420104000000, '硚口区', 3, 420100000000);
INSERT INTO `zz_area_code` VALUES (420105000000, '汉阳区', 3, 420100000000);
INSERT INTO `zz_area_code` VALUES (420106000000, '武昌区', 3, 420100000000);
INSERT INTO `zz_area_code` VALUES (420107000000, '青山区', 3, 420100000000);
INSERT INTO `zz_area_code` VALUES (420111000000, '洪山区', 3, 420100000000);
INSERT INTO `zz_area_code` VALUES (420112000000, '东西湖区', 3, 420100000000);
INSERT INTO `zz_area_code` VALUES (420113000000, '汉南区', 3, 420100000000);
INSERT INTO `zz_area_code` VALUES (420114000000, '蔡甸区', 3, 420100000000);
INSERT INTO `zz_area_code` VALUES (420115000000, '江夏区', 3, 420100000000);
INSERT INTO `zz_area_code` VALUES (420116000000, '黄陂区', 3, 420100000000);
INSERT INTO `zz_area_code` VALUES (420117000000, '新洲区', 3, 420100000000);
INSERT INTO `zz_area_code` VALUES (420200000000, '黄石市', 2, 420000000000);
INSERT INTO `zz_area_code` VALUES (420201000000, '市辖区', 3, 420200000000);
INSERT INTO `zz_area_code` VALUES (420202000000, '黄石港区', 3, 420200000000);
INSERT INTO `zz_area_code` VALUES (420203000000, '西塞山区', 3, 420200000000);
INSERT INTO `zz_area_code` VALUES (420204000000, '下陆区', 3, 420200000000);
INSERT INTO `zz_area_code` VALUES (420205000000, '铁山区', 3, 420200000000);
INSERT INTO `zz_area_code` VALUES (420222000000, '阳新县', 3, 420200000000);
INSERT INTO `zz_area_code` VALUES (420281000000, '大冶市', 3, 420200000000);
INSERT INTO `zz_area_code` VALUES (420300000000, '十堰市', 2, 420000000000);
INSERT INTO `zz_area_code` VALUES (420301000000, '市辖区', 3, 420300000000);
INSERT INTO `zz_area_code` VALUES (420302000000, '茅箭区', 3, 420300000000);
INSERT INTO `zz_area_code` VALUES (420303000000, '张湾区', 3, 420300000000);
INSERT INTO `zz_area_code` VALUES (420304000000, '郧阳区', 3, 420300000000);
INSERT INTO `zz_area_code` VALUES (420322000000, '郧西县', 3, 420300000000);
INSERT INTO `zz_area_code` VALUES (420323000000, '竹山县', 3, 420300000000);
INSERT INTO `zz_area_code` VALUES (420324000000, '竹溪县', 3, 420300000000);
INSERT INTO `zz_area_code` VALUES (420325000000, '房县', 3, 420300000000);
INSERT INTO `zz_area_code` VALUES (420381000000, '丹江口市', 3, 420300000000);
INSERT INTO `zz_area_code` VALUES (420500000000, '宜昌市', 2, 420000000000);
INSERT INTO `zz_area_code` VALUES (420501000000, '市辖区', 3, 420500000000);
INSERT INTO `zz_area_code` VALUES (420502000000, '西陵区', 3, 420500000000);
INSERT INTO `zz_area_code` VALUES (420503000000, '伍家岗区', 3, 420500000000);
INSERT INTO `zz_area_code` VALUES (420504000000, '点军区', 3, 420500000000);
INSERT INTO `zz_area_code` VALUES (420505000000, '猇亭区', 3, 420500000000);
INSERT INTO `zz_area_code` VALUES (420506000000, '夷陵区', 3, 420500000000);
INSERT INTO `zz_area_code` VALUES (420525000000, '远安县', 3, 420500000000);
INSERT INTO `zz_area_code` VALUES (420526000000, '兴山县', 3, 420500000000);
INSERT INTO `zz_area_code` VALUES (420527000000, '秭归县', 3, 420500000000);
INSERT INTO `zz_area_code` VALUES (420528000000, '长阳土家族自治县', 3, 420500000000);
INSERT INTO `zz_area_code` VALUES (420529000000, '五峰土家族自治县', 3, 420500000000);
INSERT INTO `zz_area_code` VALUES (420581000000, '宜都市', 3, 420500000000);
INSERT INTO `zz_area_code` VALUES (420582000000, '当阳市', 3, 420500000000);
INSERT INTO `zz_area_code` VALUES (420583000000, '枝江市', 3, 420500000000);
INSERT INTO `zz_area_code` VALUES (420600000000, '襄阳市', 2, 420000000000);
INSERT INTO `zz_area_code` VALUES (420601000000, '市辖区', 3, 420600000000);
INSERT INTO `zz_area_code` VALUES (420602000000, '襄城区', 3, 420600000000);
INSERT INTO `zz_area_code` VALUES (420606000000, '樊城区', 3, 420600000000);
INSERT INTO `zz_area_code` VALUES (420607000000, '襄州区', 3, 420600000000);
INSERT INTO `zz_area_code` VALUES (420624000000, '南漳县', 3, 420600000000);
INSERT INTO `zz_area_code` VALUES (420625000000, '谷城县', 3, 420600000000);
INSERT INTO `zz_area_code` VALUES (420626000000, '保康县', 3, 420600000000);
INSERT INTO `zz_area_code` VALUES (420682000000, '老河口市', 3, 420600000000);
INSERT INTO `zz_area_code` VALUES (420683000000, '枣阳市', 3, 420600000000);
INSERT INTO `zz_area_code` VALUES (420684000000, '宜城市', 3, 420600000000);
INSERT INTO `zz_area_code` VALUES (420700000000, '鄂州市', 2, 420000000000);
INSERT INTO `zz_area_code` VALUES (420701000000, '市辖区', 3, 420700000000);
INSERT INTO `zz_area_code` VALUES (420702000000, '梁子湖区', 3, 420700000000);
INSERT INTO `zz_area_code` VALUES (420703000000, '华容区', 3, 420700000000);
INSERT INTO `zz_area_code` VALUES (420704000000, '鄂城区', 3, 420700000000);
INSERT INTO `zz_area_code` VALUES (420800000000, '荆门市', 2, 420000000000);
INSERT INTO `zz_area_code` VALUES (420801000000, '市辖区', 3, 420800000000);
INSERT INTO `zz_area_code` VALUES (420802000000, '东宝区', 3, 420800000000);
INSERT INTO `zz_area_code` VALUES (420804000000, '掇刀区', 3, 420800000000);
INSERT INTO `zz_area_code` VALUES (420822000000, '沙洋县', 3, 420800000000);
INSERT INTO `zz_area_code` VALUES (420881000000, '钟祥市', 3, 420800000000);
INSERT INTO `zz_area_code` VALUES (420882000000, '京山市', 3, 420800000000);
INSERT INTO `zz_area_code` VALUES (420900000000, '孝感市', 2, 420000000000);
INSERT INTO `zz_area_code` VALUES (420901000000, '市辖区', 3, 420900000000);
INSERT INTO `zz_area_code` VALUES (420902000000, '孝南区', 3, 420900000000);
INSERT INTO `zz_area_code` VALUES (420921000000, '孝昌县', 3, 420900000000);
INSERT INTO `zz_area_code` VALUES (420922000000, '大悟县', 3, 420900000000);
INSERT INTO `zz_area_code` VALUES (420923000000, '云梦县', 3, 420900000000);
INSERT INTO `zz_area_code` VALUES (420981000000, '应城市', 3, 420900000000);
INSERT INTO `zz_area_code` VALUES (420982000000, '安陆市', 3, 420900000000);
INSERT INTO `zz_area_code` VALUES (420984000000, '汉川市', 3, 420900000000);
INSERT INTO `zz_area_code` VALUES (421000000000, '荆州市', 2, 420000000000);
INSERT INTO `zz_area_code` VALUES (421001000000, '市辖区', 3, 421000000000);
INSERT INTO `zz_area_code` VALUES (421002000000, '沙市区', 3, 421000000000);
INSERT INTO `zz_area_code` VALUES (421003000000, '荆州区', 3, 421000000000);
INSERT INTO `zz_area_code` VALUES (421022000000, '公安县', 3, 421000000000);
INSERT INTO `zz_area_code` VALUES (421023000000, '监利县', 3, 421000000000);
INSERT INTO `zz_area_code` VALUES (421024000000, '江陵县', 3, 421000000000);
INSERT INTO `zz_area_code` VALUES (421071000000, '荆州经济技术开发区', 3, 421000000000);
INSERT INTO `zz_area_code` VALUES (421081000000, '石首市', 3, 421000000000);
INSERT INTO `zz_area_code` VALUES (421083000000, '洪湖市', 3, 421000000000);
INSERT INTO `zz_area_code` VALUES (421087000000, '松滋市', 3, 421000000000);
INSERT INTO `zz_area_code` VALUES (421100000000, '黄冈市', 2, 420000000000);
INSERT INTO `zz_area_code` VALUES (421101000000, '市辖区', 3, 421100000000);
INSERT INTO `zz_area_code` VALUES (421102000000, '黄州区', 3, 421100000000);
INSERT INTO `zz_area_code` VALUES (421121000000, '团风县', 3, 421100000000);
INSERT INTO `zz_area_code` VALUES (421122000000, '红安县', 3, 421100000000);
INSERT INTO `zz_area_code` VALUES (421123000000, '罗田县', 3, 421100000000);
INSERT INTO `zz_area_code` VALUES (421124000000, '英山县', 3, 421100000000);
INSERT INTO `zz_area_code` VALUES (421125000000, '浠水县', 3, 421100000000);
INSERT INTO `zz_area_code` VALUES (421126000000, '蕲春县', 3, 421100000000);
INSERT INTO `zz_area_code` VALUES (421127000000, '黄梅县', 3, 421100000000);
INSERT INTO `zz_area_code` VALUES (421171000000, '龙感湖管理区', 3, 421100000000);
INSERT INTO `zz_area_code` VALUES (421181000000, '麻城市', 3, 421100000000);
INSERT INTO `zz_area_code` VALUES (421182000000, '武穴市', 3, 421100000000);
INSERT INTO `zz_area_code` VALUES (421200000000, '咸宁市', 2, 420000000000);
INSERT INTO `zz_area_code` VALUES (421201000000, '市辖区', 3, 421200000000);
INSERT INTO `zz_area_code` VALUES (421202000000, '咸安区', 3, 421200000000);
INSERT INTO `zz_area_code` VALUES (421221000000, '嘉鱼县', 3, 421200000000);
INSERT INTO `zz_area_code` VALUES (421222000000, '通城县', 3, 421200000000);
INSERT INTO `zz_area_code` VALUES (421223000000, '崇阳县', 3, 421200000000);
INSERT INTO `zz_area_code` VALUES (421224000000, '通山县', 3, 421200000000);
INSERT INTO `zz_area_code` VALUES (421281000000, '赤壁市', 3, 421200000000);
INSERT INTO `zz_area_code` VALUES (421300000000, '随州市', 2, 420000000000);
INSERT INTO `zz_area_code` VALUES (421301000000, '市辖区', 3, 421300000000);
INSERT INTO `zz_area_code` VALUES (421303000000, '曾都区', 3, 421300000000);
INSERT INTO `zz_area_code` VALUES (421321000000, '随县', 3, 421300000000);
INSERT INTO `zz_area_code` VALUES (421381000000, '广水市', 3, 421300000000);
INSERT INTO `zz_area_code` VALUES (422800000000, '恩施土家族苗族自治州', 2, 420000000000);
INSERT INTO `zz_area_code` VALUES (422801000000, '恩施市', 3, 422800000000);
INSERT INTO `zz_area_code` VALUES (422802000000, '利川市', 3, 422800000000);
INSERT INTO `zz_area_code` VALUES (422822000000, '建始县', 3, 422800000000);
INSERT INTO `zz_area_code` VALUES (422823000000, '巴东县', 3, 422800000000);
INSERT INTO `zz_area_code` VALUES (422825000000, '宣恩县', 3, 422800000000);
INSERT INTO `zz_area_code` VALUES (422826000000, '咸丰县', 3, 422800000000);
INSERT INTO `zz_area_code` VALUES (422827000000, '来凤县', 3, 422800000000);
INSERT INTO `zz_area_code` VALUES (422828000000, '鹤峰县', 3, 422800000000);
INSERT INTO `zz_area_code` VALUES (429000000000, '省直辖县级行政区划', 2, 420000000000);
INSERT INTO `zz_area_code` VALUES (429004000000, '仙桃市', 3, 429000000000);
INSERT INTO `zz_area_code` VALUES (429005000000, '潜江市', 3, 429000000000);
INSERT INTO `zz_area_code` VALUES (429006000000, '天门市', 3, 429000000000);
INSERT INTO `zz_area_code` VALUES (429021000000, '神农架林区', 3, 429000000000);
INSERT INTO `zz_area_code` VALUES (430000000000, '湖南省', 1, NULL);
INSERT INTO `zz_area_code` VALUES (430100000000, '长沙市', 2, 430000000000);
INSERT INTO `zz_area_code` VALUES (430101000000, '市辖区', 3, 430100000000);
INSERT INTO `zz_area_code` VALUES (430102000000, '芙蓉区', 3, 430100000000);
INSERT INTO `zz_area_code` VALUES (430103000000, '天心区', 3, 430100000000);
INSERT INTO `zz_area_code` VALUES (430104000000, '岳麓区', 3, 430100000000);
INSERT INTO `zz_area_code` VALUES (430105000000, '开福区', 3, 430100000000);
INSERT INTO `zz_area_code` VALUES (430111000000, '雨花区', 3, 430100000000);
INSERT INTO `zz_area_code` VALUES (430112000000, '望城区', 3, 430100000000);
INSERT INTO `zz_area_code` VALUES (430121000000, '长沙县', 3, 430100000000);
INSERT INTO `zz_area_code` VALUES (430181000000, '浏阳市', 3, 430100000000);
INSERT INTO `zz_area_code` VALUES (430182000000, '宁乡市', 3, 430100000000);
INSERT INTO `zz_area_code` VALUES (430200000000, '株洲市', 2, 430000000000);
INSERT INTO `zz_area_code` VALUES (430201000000, '市辖区', 3, 430200000000);
INSERT INTO `zz_area_code` VALUES (430202000000, '荷塘区', 3, 430200000000);
INSERT INTO `zz_area_code` VALUES (430203000000, '芦淞区', 3, 430200000000);
INSERT INTO `zz_area_code` VALUES (430204000000, '石峰区', 3, 430200000000);
INSERT INTO `zz_area_code` VALUES (430211000000, '天元区', 3, 430200000000);
INSERT INTO `zz_area_code` VALUES (430212000000, '渌口区', 3, 430200000000);
INSERT INTO `zz_area_code` VALUES (430223000000, '攸县', 3, 430200000000);
INSERT INTO `zz_area_code` VALUES (430224000000, '茶陵县', 3, 430200000000);
INSERT INTO `zz_area_code` VALUES (430225000000, '炎陵县', 3, 430200000000);
INSERT INTO `zz_area_code` VALUES (430271000000, '云龙示范区', 3, 430200000000);
INSERT INTO `zz_area_code` VALUES (430281000000, '醴陵市', 3, 430200000000);
INSERT INTO `zz_area_code` VALUES (430300000000, '湘潭市', 2, 430000000000);
INSERT INTO `zz_area_code` VALUES (430301000000, '市辖区', 3, 430300000000);
INSERT INTO `zz_area_code` VALUES (430302000000, '雨湖区', 3, 430300000000);
INSERT INTO `zz_area_code` VALUES (430304000000, '岳塘区', 3, 430300000000);
INSERT INTO `zz_area_code` VALUES (430321000000, '湘潭县', 3, 430300000000);
INSERT INTO `zz_area_code` VALUES (430371000000, '湖南湘潭高新技术产业园区', 3, 430300000000);
INSERT INTO `zz_area_code` VALUES (430372000000, '湘潭昭山示范区', 3, 430300000000);
INSERT INTO `zz_area_code` VALUES (430373000000, '湘潭九华示范区', 3, 430300000000);
INSERT INTO `zz_area_code` VALUES (430381000000, '湘乡市', 3, 430300000000);
INSERT INTO `zz_area_code` VALUES (430382000000, '韶山市', 3, 430300000000);
INSERT INTO `zz_area_code` VALUES (430400000000, '衡阳市', 2, 430000000000);
INSERT INTO `zz_area_code` VALUES (430401000000, '市辖区', 3, 430400000000);
INSERT INTO `zz_area_code` VALUES (430405000000, '珠晖区', 3, 430400000000);
INSERT INTO `zz_area_code` VALUES (430406000000, '雁峰区', 3, 430400000000);
INSERT INTO `zz_area_code` VALUES (430407000000, '石鼓区', 3, 430400000000);
INSERT INTO `zz_area_code` VALUES (430408000000, '蒸湘区', 3, 430400000000);
INSERT INTO `zz_area_code` VALUES (430412000000, '南岳区', 3, 430400000000);
INSERT INTO `zz_area_code` VALUES (430421000000, '衡阳县', 3, 430400000000);
INSERT INTO `zz_area_code` VALUES (430422000000, '衡南县', 3, 430400000000);
INSERT INTO `zz_area_code` VALUES (430423000000, '衡山县', 3, 430400000000);
INSERT INTO `zz_area_code` VALUES (430424000000, '衡东县', 3, 430400000000);
INSERT INTO `zz_area_code` VALUES (430426000000, '祁东县', 3, 430400000000);
INSERT INTO `zz_area_code` VALUES (430471000000, '衡阳综合保税区', 3, 430400000000);
INSERT INTO `zz_area_code` VALUES (430472000000, '湖南衡阳高新技术产业园区', 3, 430400000000);
INSERT INTO `zz_area_code` VALUES (430473000000, '湖南衡阳松木经济开发区', 3, 430400000000);
INSERT INTO `zz_area_code` VALUES (430481000000, '耒阳市', 3, 430400000000);
INSERT INTO `zz_area_code` VALUES (430482000000, '常宁市', 3, 430400000000);
INSERT INTO `zz_area_code` VALUES (430500000000, '邵阳市', 2, 430000000000);
INSERT INTO `zz_area_code` VALUES (430501000000, '市辖区', 3, 430500000000);
INSERT INTO `zz_area_code` VALUES (430502000000, '双清区', 3, 430500000000);
INSERT INTO `zz_area_code` VALUES (430503000000, '大祥区', 3, 430500000000);
INSERT INTO `zz_area_code` VALUES (430511000000, '北塔区', 3, 430500000000);
INSERT INTO `zz_area_code` VALUES (430521000000, '邵东县', 3, 430500000000);
INSERT INTO `zz_area_code` VALUES (430522000000, '新邵县', 3, 430500000000);
INSERT INTO `zz_area_code` VALUES (430523000000, '邵阳县', 3, 430500000000);
INSERT INTO `zz_area_code` VALUES (430524000000, '隆回县', 3, 430500000000);
INSERT INTO `zz_area_code` VALUES (430525000000, '洞口县', 3, 430500000000);
INSERT INTO `zz_area_code` VALUES (430527000000, '绥宁县', 3, 430500000000);
INSERT INTO `zz_area_code` VALUES (430528000000, '新宁县', 3, 430500000000);
INSERT INTO `zz_area_code` VALUES (430529000000, '城步苗族自治县', 3, 430500000000);
INSERT INTO `zz_area_code` VALUES (430581000000, '武冈市', 3, 430500000000);
INSERT INTO `zz_area_code` VALUES (430600000000, '岳阳市', 2, 430000000000);
INSERT INTO `zz_area_code` VALUES (430601000000, '市辖区', 3, 430600000000);
INSERT INTO `zz_area_code` VALUES (430602000000, '岳阳楼区', 3, 430600000000);
INSERT INTO `zz_area_code` VALUES (430603000000, '云溪区', 3, 430600000000);
INSERT INTO `zz_area_code` VALUES (430611000000, '君山区', 3, 430600000000);
INSERT INTO `zz_area_code` VALUES (430621000000, '岳阳县', 3, 430600000000);
INSERT INTO `zz_area_code` VALUES (430623000000, '华容县', 3, 430600000000);
INSERT INTO `zz_area_code` VALUES (430624000000, '湘阴县', 3, 430600000000);
INSERT INTO `zz_area_code` VALUES (430626000000, '平江县', 3, 430600000000);
INSERT INTO `zz_area_code` VALUES (430671000000, '岳阳市屈原管理区', 3, 430600000000);
INSERT INTO `zz_area_code` VALUES (430681000000, '汨罗市', 3, 430600000000);
INSERT INTO `zz_area_code` VALUES (430682000000, '临湘市', 3, 430600000000);
INSERT INTO `zz_area_code` VALUES (430700000000, '常德市', 2, 430000000000);
INSERT INTO `zz_area_code` VALUES (430701000000, '市辖区', 3, 430700000000);
INSERT INTO `zz_area_code` VALUES (430702000000, '武陵区', 3, 430700000000);
INSERT INTO `zz_area_code` VALUES (430703000000, '鼎城区', 3, 430700000000);
INSERT INTO `zz_area_code` VALUES (430721000000, '安乡县', 3, 430700000000);
INSERT INTO `zz_area_code` VALUES (430722000000, '汉寿县', 3, 430700000000);
INSERT INTO `zz_area_code` VALUES (430723000000, '澧县', 3, 430700000000);
INSERT INTO `zz_area_code` VALUES (430724000000, '临澧县', 3, 430700000000);
INSERT INTO `zz_area_code` VALUES (430725000000, '桃源县', 3, 430700000000);
INSERT INTO `zz_area_code` VALUES (430726000000, '石门县', 3, 430700000000);
INSERT INTO `zz_area_code` VALUES (430771000000, '常德市西洞庭管理区', 3, 430700000000);
INSERT INTO `zz_area_code` VALUES (430781000000, '津市市', 3, 430700000000);
INSERT INTO `zz_area_code` VALUES (430800000000, '张家界市', 2, 430000000000);
INSERT INTO `zz_area_code` VALUES (430801000000, '市辖区', 3, 430800000000);
INSERT INTO `zz_area_code` VALUES (430802000000, '永定区', 3, 430800000000);
INSERT INTO `zz_area_code` VALUES (430811000000, '武陵源区', 3, 430800000000);
INSERT INTO `zz_area_code` VALUES (430821000000, '慈利县', 3, 430800000000);
INSERT INTO `zz_area_code` VALUES (430822000000, '桑植县', 3, 430800000000);
INSERT INTO `zz_area_code` VALUES (430900000000, '益阳市', 2, 430000000000);
INSERT INTO `zz_area_code` VALUES (430901000000, '市辖区', 3, 430900000000);
INSERT INTO `zz_area_code` VALUES (430902000000, '资阳区', 3, 430900000000);
INSERT INTO `zz_area_code` VALUES (430903000000, '赫山区', 3, 430900000000);
INSERT INTO `zz_area_code` VALUES (430921000000, '南县', 3, 430900000000);
INSERT INTO `zz_area_code` VALUES (430922000000, '桃江县', 3, 430900000000);
INSERT INTO `zz_area_code` VALUES (430923000000, '安化县', 3, 430900000000);
INSERT INTO `zz_area_code` VALUES (430971000000, '益阳市大通湖管理区', 3, 430900000000);
INSERT INTO `zz_area_code` VALUES (430972000000, '湖南益阳高新技术产业园区', 3, 430900000000);
INSERT INTO `zz_area_code` VALUES (430981000000, '沅江市', 3, 430900000000);
INSERT INTO `zz_area_code` VALUES (431000000000, '郴州市', 2, 430000000000);
INSERT INTO `zz_area_code` VALUES (431001000000, '市辖区', 3, 431000000000);
INSERT INTO `zz_area_code` VALUES (431002000000, '北湖区', 3, 431000000000);
INSERT INTO `zz_area_code` VALUES (431003000000, '苏仙区', 3, 431000000000);
INSERT INTO `zz_area_code` VALUES (431021000000, '桂阳县', 3, 431000000000);
INSERT INTO `zz_area_code` VALUES (431022000000, '宜章县', 3, 431000000000);
INSERT INTO `zz_area_code` VALUES (431023000000, '永兴县', 3, 431000000000);
INSERT INTO `zz_area_code` VALUES (431024000000, '嘉禾县', 3, 431000000000);
INSERT INTO `zz_area_code` VALUES (431025000000, '临武县', 3, 431000000000);
INSERT INTO `zz_area_code` VALUES (431026000000, '汝城县', 3, 431000000000);
INSERT INTO `zz_area_code` VALUES (431027000000, '桂东县', 3, 431000000000);
INSERT INTO `zz_area_code` VALUES (431028000000, '安仁县', 3, 431000000000);
INSERT INTO `zz_area_code` VALUES (431081000000, '资兴市', 3, 431000000000);
INSERT INTO `zz_area_code` VALUES (431100000000, '永州市', 2, 430000000000);
INSERT INTO `zz_area_code` VALUES (431101000000, '市辖区', 3, 431100000000);
INSERT INTO `zz_area_code` VALUES (431102000000, '零陵区', 3, 431100000000);
INSERT INTO `zz_area_code` VALUES (431103000000, '冷水滩区', 3, 431100000000);
INSERT INTO `zz_area_code` VALUES (431121000000, '祁阳县', 3, 431100000000);
INSERT INTO `zz_area_code` VALUES (431122000000, '东安县', 3, 431100000000);
INSERT INTO `zz_area_code` VALUES (431123000000, '双牌县', 3, 431100000000);
INSERT INTO `zz_area_code` VALUES (431124000000, '道县', 3, 431100000000);
INSERT INTO `zz_area_code` VALUES (431125000000, '江永县', 3, 431100000000);
INSERT INTO `zz_area_code` VALUES (431126000000, '宁远县', 3, 431100000000);
INSERT INTO `zz_area_code` VALUES (431127000000, '蓝山县', 3, 431100000000);
INSERT INTO `zz_area_code` VALUES (431128000000, '新田县', 3, 431100000000);
INSERT INTO `zz_area_code` VALUES (431129000000, '江华瑶族自治县', 3, 431100000000);
INSERT INTO `zz_area_code` VALUES (431171000000, '永州经济技术开发区', 3, 431100000000);
INSERT INTO `zz_area_code` VALUES (431172000000, '永州市金洞管理区', 3, 431100000000);
INSERT INTO `zz_area_code` VALUES (431173000000, '永州市回龙圩管理区', 3, 431100000000);
INSERT INTO `zz_area_code` VALUES (431200000000, '怀化市', 2, 430000000000);
INSERT INTO `zz_area_code` VALUES (431201000000, '市辖区', 3, 431200000000);
INSERT INTO `zz_area_code` VALUES (431202000000, '鹤城区', 3, 431200000000);
INSERT INTO `zz_area_code` VALUES (431221000000, '中方县', 3, 431200000000);
INSERT INTO `zz_area_code` VALUES (431222000000, '沅陵县', 3, 431200000000);
INSERT INTO `zz_area_code` VALUES (431223000000, '辰溪县', 3, 431200000000);
INSERT INTO `zz_area_code` VALUES (431224000000, '溆浦县', 3, 431200000000);
INSERT INTO `zz_area_code` VALUES (431225000000, '会同县', 3, 431200000000);
INSERT INTO `zz_area_code` VALUES (431226000000, '麻阳苗族自治县', 3, 431200000000);
INSERT INTO `zz_area_code` VALUES (431227000000, '新晃侗族自治县', 3, 431200000000);
INSERT INTO `zz_area_code` VALUES (431228000000, '芷江侗族自治县', 3, 431200000000);
INSERT INTO `zz_area_code` VALUES (431229000000, '靖州苗族侗族自治县', 3, 431200000000);
INSERT INTO `zz_area_code` VALUES (431230000000, '通道侗族自治县', 3, 431200000000);
INSERT INTO `zz_area_code` VALUES (431271000000, '怀化市洪江管理区', 3, 431200000000);
INSERT INTO `zz_area_code` VALUES (431281000000, '洪江市', 3, 431200000000);
INSERT INTO `zz_area_code` VALUES (431300000000, '娄底市', 2, 430000000000);
INSERT INTO `zz_area_code` VALUES (431301000000, '市辖区', 3, 431300000000);
INSERT INTO `zz_area_code` VALUES (431302000000, '娄星区', 3, 431300000000);
INSERT INTO `zz_area_code` VALUES (431321000000, '双峰县', 3, 431300000000);
INSERT INTO `zz_area_code` VALUES (431322000000, '新化县', 3, 431300000000);
INSERT INTO `zz_area_code` VALUES (431381000000, '冷水江市', 3, 431300000000);
INSERT INTO `zz_area_code` VALUES (431382000000, '涟源市', 3, 431300000000);
INSERT INTO `zz_area_code` VALUES (433100000000, '湘西土家族苗族自治州', 2, 430000000000);
INSERT INTO `zz_area_code` VALUES (433101000000, '吉首市', 3, 433100000000);
INSERT INTO `zz_area_code` VALUES (433122000000, '泸溪县', 3, 433100000000);
INSERT INTO `zz_area_code` VALUES (433123000000, '凤凰县', 3, 433100000000);
INSERT INTO `zz_area_code` VALUES (433124000000, '花垣县', 3, 433100000000);
INSERT INTO `zz_area_code` VALUES (433125000000, '保靖县', 3, 433100000000);
INSERT INTO `zz_area_code` VALUES (433126000000, '古丈县', 3, 433100000000);
INSERT INTO `zz_area_code` VALUES (433127000000, '永顺县', 3, 433100000000);
INSERT INTO `zz_area_code` VALUES (433130000000, '龙山县', 3, 433100000000);
INSERT INTO `zz_area_code` VALUES (433172000000, '湖南吉首经济开发区', 3, 433100000000);
INSERT INTO `zz_area_code` VALUES (433173000000, '湖南永顺经济开发区', 3, 433100000000);
INSERT INTO `zz_area_code` VALUES (440000000000, '广东省', 1, NULL);
INSERT INTO `zz_area_code` VALUES (440100000000, '广州市', 2, 440000000000);
INSERT INTO `zz_area_code` VALUES (440101000000, '市辖区', 3, 440100000000);
INSERT INTO `zz_area_code` VALUES (440103000000, '荔湾区', 3, 440100000000);
INSERT INTO `zz_area_code` VALUES (440104000000, '越秀区', 3, 440100000000);
INSERT INTO `zz_area_code` VALUES (440105000000, '海珠区', 3, 440100000000);
INSERT INTO `zz_area_code` VALUES (440106000000, '天河区', 3, 440100000000);
INSERT INTO `zz_area_code` VALUES (440111000000, '白云区', 3, 440100000000);
INSERT INTO `zz_area_code` VALUES (440112000000, '黄埔区', 3, 440100000000);
INSERT INTO `zz_area_code` VALUES (440113000000, '番禺区', 3, 440100000000);
INSERT INTO `zz_area_code` VALUES (440114000000, '花都区', 3, 440100000000);
INSERT INTO `zz_area_code` VALUES (440115000000, '南沙区', 3, 440100000000);
INSERT INTO `zz_area_code` VALUES (440117000000, '从化区', 3, 440100000000);
INSERT INTO `zz_area_code` VALUES (440118000000, '增城区', 3, 440100000000);
INSERT INTO `zz_area_code` VALUES (440200000000, '韶关市', 2, 440000000000);
INSERT INTO `zz_area_code` VALUES (440201000000, '市辖区', 3, 440200000000);
INSERT INTO `zz_area_code` VALUES (440203000000, '武江区', 3, 440200000000);
INSERT INTO `zz_area_code` VALUES (440204000000, '浈江区', 3, 440200000000);
INSERT INTO `zz_area_code` VALUES (440205000000, '曲江区', 3, 440200000000);
INSERT INTO `zz_area_code` VALUES (440222000000, '始兴县', 3, 440200000000);
INSERT INTO `zz_area_code` VALUES (440224000000, '仁化县', 3, 440200000000);
INSERT INTO `zz_area_code` VALUES (440229000000, '翁源县', 3, 440200000000);
INSERT INTO `zz_area_code` VALUES (440232000000, '乳源瑶族自治县', 3, 440200000000);
INSERT INTO `zz_area_code` VALUES (440233000000, '新丰县', 3, 440200000000);
INSERT INTO `zz_area_code` VALUES (440281000000, '乐昌市', 3, 440200000000);
INSERT INTO `zz_area_code` VALUES (440282000000, '南雄市', 3, 440200000000);
INSERT INTO `zz_area_code` VALUES (440300000000, '深圳市', 2, 440000000000);
INSERT INTO `zz_area_code` VALUES (440301000000, '市辖区', 3, 440300000000);
INSERT INTO `zz_area_code` VALUES (440303000000, '罗湖区', 3, 440300000000);
INSERT INTO `zz_area_code` VALUES (440304000000, '福田区', 3, 440300000000);
INSERT INTO `zz_area_code` VALUES (440305000000, '南山区', 3, 440300000000);
INSERT INTO `zz_area_code` VALUES (440306000000, '宝安区', 3, 440300000000);
INSERT INTO `zz_area_code` VALUES (440307000000, '龙岗区', 3, 440300000000);
INSERT INTO `zz_area_code` VALUES (440308000000, '盐田区', 3, 440300000000);
INSERT INTO `zz_area_code` VALUES (440309000000, '龙华区', 3, 440300000000);
INSERT INTO `zz_area_code` VALUES (440310000000, '坪山区', 3, 440300000000);
INSERT INTO `zz_area_code` VALUES (440311000000, '光明区', 3, 440300000000);
INSERT INTO `zz_area_code` VALUES (440400000000, '珠海市', 2, 440000000000);
INSERT INTO `zz_area_code` VALUES (440401000000, '市辖区', 3, 440400000000);
INSERT INTO `zz_area_code` VALUES (440402000000, '香洲区', 3, 440400000000);
INSERT INTO `zz_area_code` VALUES (440403000000, '斗门区', 3, 440400000000);
INSERT INTO `zz_area_code` VALUES (440404000000, '金湾区', 3, 440400000000);
INSERT INTO `zz_area_code` VALUES (440500000000, '汕头市', 2, 440000000000);
INSERT INTO `zz_area_code` VALUES (440501000000, '市辖区', 3, 440500000000);
INSERT INTO `zz_area_code` VALUES (440507000000, '龙湖区', 3, 440500000000);
INSERT INTO `zz_area_code` VALUES (440511000000, '金平区', 3, 440500000000);
INSERT INTO `zz_area_code` VALUES (440512000000, '濠江区', 3, 440500000000);
INSERT INTO `zz_area_code` VALUES (440513000000, '潮阳区', 3, 440500000000);
INSERT INTO `zz_area_code` VALUES (440514000000, '潮南区', 3, 440500000000);
INSERT INTO `zz_area_code` VALUES (440515000000, '澄海区', 3, 440500000000);
INSERT INTO `zz_area_code` VALUES (440523000000, '南澳县', 3, 440500000000);
INSERT INTO `zz_area_code` VALUES (440600000000, '佛山市', 2, 440000000000);
INSERT INTO `zz_area_code` VALUES (440601000000, '市辖区', 3, 440600000000);
INSERT INTO `zz_area_code` VALUES (440604000000, '禅城区', 3, 440600000000);
INSERT INTO `zz_area_code` VALUES (440605000000, '南海区', 3, 440600000000);
INSERT INTO `zz_area_code` VALUES (440606000000, '顺德区', 3, 440600000000);
INSERT INTO `zz_area_code` VALUES (440607000000, '三水区', 3, 440600000000);
INSERT INTO `zz_area_code` VALUES (440608000000, '高明区', 3, 440600000000);
INSERT INTO `zz_area_code` VALUES (440700000000, '江门市', 2, 440000000000);
INSERT INTO `zz_area_code` VALUES (440701000000, '市辖区', 3, 440700000000);
INSERT INTO `zz_area_code` VALUES (440703000000, '蓬江区', 3, 440700000000);
INSERT INTO `zz_area_code` VALUES (440704000000, '江海区', 3, 440700000000);
INSERT INTO `zz_area_code` VALUES (440705000000, '新会区', 3, 440700000000);
INSERT INTO `zz_area_code` VALUES (440781000000, '台山市', 3, 440700000000);
INSERT INTO `zz_area_code` VALUES (440783000000, '开平市', 3, 440700000000);
INSERT INTO `zz_area_code` VALUES (440784000000, '鹤山市', 3, 440700000000);
INSERT INTO `zz_area_code` VALUES (440785000000, '恩平市', 3, 440700000000);
INSERT INTO `zz_area_code` VALUES (440800000000, '湛江市', 2, 440000000000);
INSERT INTO `zz_area_code` VALUES (440801000000, '市辖区', 3, 440800000000);
INSERT INTO `zz_area_code` VALUES (440802000000, '赤坎区', 3, 440800000000);
INSERT INTO `zz_area_code` VALUES (440803000000, '霞山区', 3, 440800000000);
INSERT INTO `zz_area_code` VALUES (440804000000, '坡头区', 3, 440800000000);
INSERT INTO `zz_area_code` VALUES (440811000000, '麻章区', 3, 440800000000);
INSERT INTO `zz_area_code` VALUES (440823000000, '遂溪县', 3, 440800000000);
INSERT INTO `zz_area_code` VALUES (440825000000, '徐闻县', 3, 440800000000);
INSERT INTO `zz_area_code` VALUES (440881000000, '廉江市', 3, 440800000000);
INSERT INTO `zz_area_code` VALUES (440882000000, '雷州市', 3, 440800000000);
INSERT INTO `zz_area_code` VALUES (440883000000, '吴川市', 3, 440800000000);
INSERT INTO `zz_area_code` VALUES (440900000000, '茂名市', 2, 440000000000);
INSERT INTO `zz_area_code` VALUES (440901000000, '市辖区', 3, 440900000000);
INSERT INTO `zz_area_code` VALUES (440902000000, '茂南区', 3, 440900000000);
INSERT INTO `zz_area_code` VALUES (440904000000, '电白区', 3, 440900000000);
INSERT INTO `zz_area_code` VALUES (440981000000, '高州市', 3, 440900000000);
INSERT INTO `zz_area_code` VALUES (440982000000, '化州市', 3, 440900000000);
INSERT INTO `zz_area_code` VALUES (440983000000, '信宜市', 3, 440900000000);
INSERT INTO `zz_area_code` VALUES (441200000000, '肇庆市', 2, 440000000000);
INSERT INTO `zz_area_code` VALUES (441201000000, '市辖区', 3, 441200000000);
INSERT INTO `zz_area_code` VALUES (441202000000, '端州区', 3, 441200000000);
INSERT INTO `zz_area_code` VALUES (441203000000, '鼎湖区', 3, 441200000000);
INSERT INTO `zz_area_code` VALUES (441204000000, '高要区', 3, 441200000000);
INSERT INTO `zz_area_code` VALUES (441223000000, '广宁县', 3, 441200000000);
INSERT INTO `zz_area_code` VALUES (441224000000, '怀集县', 3, 441200000000);
INSERT INTO `zz_area_code` VALUES (441225000000, '封开县', 3, 441200000000);
INSERT INTO `zz_area_code` VALUES (441226000000, '德庆县', 3, 441200000000);
INSERT INTO `zz_area_code` VALUES (441284000000, '四会市', 3, 441200000000);
INSERT INTO `zz_area_code` VALUES (441300000000, '惠州市', 2, 440000000000);
INSERT INTO `zz_area_code` VALUES (441301000000, '市辖区', 3, 441300000000);
INSERT INTO `zz_area_code` VALUES (441302000000, '惠城区', 3, 441300000000);
INSERT INTO `zz_area_code` VALUES (441303000000, '惠阳区', 3, 441300000000);
INSERT INTO `zz_area_code` VALUES (441322000000, '博罗县', 3, 441300000000);
INSERT INTO `zz_area_code` VALUES (441323000000, '惠东县', 3, 441300000000);
INSERT INTO `zz_area_code` VALUES (441324000000, '龙门县', 3, 441300000000);
INSERT INTO `zz_area_code` VALUES (441400000000, '梅州市', 2, 440000000000);
INSERT INTO `zz_area_code` VALUES (441401000000, '市辖区', 3, 441400000000);
INSERT INTO `zz_area_code` VALUES (441402000000, '梅江区', 3, 441400000000);
INSERT INTO `zz_area_code` VALUES (441403000000, '梅县区', 3, 441400000000);
INSERT INTO `zz_area_code` VALUES (441422000000, '大埔县', 3, 441400000000);
INSERT INTO `zz_area_code` VALUES (441423000000, '丰顺县', 3, 441400000000);
INSERT INTO `zz_area_code` VALUES (441424000000, '五华县', 3, 441400000000);
INSERT INTO `zz_area_code` VALUES (441426000000, '平远县', 3, 441400000000);
INSERT INTO `zz_area_code` VALUES (441427000000, '蕉岭县', 3, 441400000000);
INSERT INTO `zz_area_code` VALUES (441481000000, '兴宁市', 3, 441400000000);
INSERT INTO `zz_area_code` VALUES (441500000000, '汕尾市', 2, 440000000000);
INSERT INTO `zz_area_code` VALUES (441501000000, '市辖区', 3, 441500000000);
INSERT INTO `zz_area_code` VALUES (441502000000, '城区', 3, 441500000000);
INSERT INTO `zz_area_code` VALUES (441521000000, '海丰县', 3, 441500000000);
INSERT INTO `zz_area_code` VALUES (441523000000, '陆河县', 3, 441500000000);
INSERT INTO `zz_area_code` VALUES (441581000000, '陆丰市', 3, 441500000000);
INSERT INTO `zz_area_code` VALUES (441600000000, '河源市', 2, 440000000000);
INSERT INTO `zz_area_code` VALUES (441601000000, '市辖区', 3, 441600000000);
INSERT INTO `zz_area_code` VALUES (441602000000, '源城区', 3, 441600000000);
INSERT INTO `zz_area_code` VALUES (441621000000, '紫金县', 3, 441600000000);
INSERT INTO `zz_area_code` VALUES (441622000000, '龙川县', 3, 441600000000);
INSERT INTO `zz_area_code` VALUES (441623000000, '连平县', 3, 441600000000);
INSERT INTO `zz_area_code` VALUES (441624000000, '和平县', 3, 441600000000);
INSERT INTO `zz_area_code` VALUES (441625000000, '东源县', 3, 441600000000);
INSERT INTO `zz_area_code` VALUES (441700000000, '阳江市', 2, 440000000000);
INSERT INTO `zz_area_code` VALUES (441701000000, '市辖区', 3, 441700000000);
INSERT INTO `zz_area_code` VALUES (441702000000, '江城区', 3, 441700000000);
INSERT INTO `zz_area_code` VALUES (441704000000, '阳东区', 3, 441700000000);
INSERT INTO `zz_area_code` VALUES (441721000000, '阳西县', 3, 441700000000);
INSERT INTO `zz_area_code` VALUES (441781000000, '阳春市', 3, 441700000000);
INSERT INTO `zz_area_code` VALUES (441800000000, '清远市', 2, 440000000000);
INSERT INTO `zz_area_code` VALUES (441801000000, '市辖区', 3, 441800000000);
INSERT INTO `zz_area_code` VALUES (441802000000, '清城区', 3, 441800000000);
INSERT INTO `zz_area_code` VALUES (441803000000, '清新区', 3, 441800000000);
INSERT INTO `zz_area_code` VALUES (441821000000, '佛冈县', 3, 441800000000);
INSERT INTO `zz_area_code` VALUES (441823000000, '阳山县', 3, 441800000000);
INSERT INTO `zz_area_code` VALUES (441825000000, '连山壮族瑶族自治县', 3, 441800000000);
INSERT INTO `zz_area_code` VALUES (441826000000, '连南瑶族自治县', 3, 441800000000);
INSERT INTO `zz_area_code` VALUES (441881000000, '英德市', 3, 441800000000);
INSERT INTO `zz_area_code` VALUES (441882000000, '连州市', 3, 441800000000);
INSERT INTO `zz_area_code` VALUES (441900000000, '东莞市', 2, 440000000000);
INSERT INTO `zz_area_code` VALUES (442000000000, '中山市', 2, 440000000000);
INSERT INTO `zz_area_code` VALUES (445100000000, '潮州市', 2, 440000000000);
INSERT INTO `zz_area_code` VALUES (445101000000, '市辖区', 3, 445100000000);
INSERT INTO `zz_area_code` VALUES (445102000000, '湘桥区', 3, 445100000000);
INSERT INTO `zz_area_code` VALUES (445103000000, '潮安区', 3, 445100000000);
INSERT INTO `zz_area_code` VALUES (445122000000, '饶平县', 3, 445100000000);
INSERT INTO `zz_area_code` VALUES (445200000000, '揭阳市', 2, 440000000000);
INSERT INTO `zz_area_code` VALUES (445201000000, '市辖区', 3, 445200000000);
INSERT INTO `zz_area_code` VALUES (445202000000, '榕城区', 3, 445200000000);
INSERT INTO `zz_area_code` VALUES (445203000000, '揭东区', 3, 445200000000);
INSERT INTO `zz_area_code` VALUES (445222000000, '揭西县', 3, 445200000000);
INSERT INTO `zz_area_code` VALUES (445224000000, '惠来县', 3, 445200000000);
INSERT INTO `zz_area_code` VALUES (445281000000, '普宁市', 3, 445200000000);
INSERT INTO `zz_area_code` VALUES (445300000000, '云浮市', 2, 440000000000);
INSERT INTO `zz_area_code` VALUES (445301000000, '市辖区', 3, 445300000000);
INSERT INTO `zz_area_code` VALUES (445302000000, '云城区', 3, 445300000000);
INSERT INTO `zz_area_code` VALUES (445303000000, '云安区', 3, 445300000000);
INSERT INTO `zz_area_code` VALUES (445321000000, '新兴县', 3, 445300000000);
INSERT INTO `zz_area_code` VALUES (445322000000, '郁南县', 3, 445300000000);
INSERT INTO `zz_area_code` VALUES (445381000000, '罗定市', 3, 445300000000);
INSERT INTO `zz_area_code` VALUES (450000000000, '广西壮族自治区', 1, NULL);
INSERT INTO `zz_area_code` VALUES (450100000000, '南宁市', 2, 450000000000);
INSERT INTO `zz_area_code` VALUES (450101000000, '市辖区', 3, 450100000000);
INSERT INTO `zz_area_code` VALUES (450102000000, '兴宁区', 3, 450100000000);
INSERT INTO `zz_area_code` VALUES (450103000000, '青秀区', 3, 450100000000);
INSERT INTO `zz_area_code` VALUES (450105000000, '江南区', 3, 450100000000);
INSERT INTO `zz_area_code` VALUES (450107000000, '西乡塘区', 3, 450100000000);
INSERT INTO `zz_area_code` VALUES (450108000000, '良庆区', 3, 450100000000);
INSERT INTO `zz_area_code` VALUES (450109000000, '邕宁区', 3, 450100000000);
INSERT INTO `zz_area_code` VALUES (450110000000, '武鸣区', 3, 450100000000);
INSERT INTO `zz_area_code` VALUES (450123000000, '隆安县', 3, 450100000000);
INSERT INTO `zz_area_code` VALUES (450124000000, '马山县', 3, 450100000000);
INSERT INTO `zz_area_code` VALUES (450125000000, '上林县', 3, 450100000000);
INSERT INTO `zz_area_code` VALUES (450126000000, '宾阳县', 3, 450100000000);
INSERT INTO `zz_area_code` VALUES (450127000000, '横县', 3, 450100000000);
INSERT INTO `zz_area_code` VALUES (450200000000, '柳州市', 2, 450000000000);
INSERT INTO `zz_area_code` VALUES (450201000000, '市辖区', 3, 450200000000);
INSERT INTO `zz_area_code` VALUES (450202000000, '城中区', 3, 450200000000);
INSERT INTO `zz_area_code` VALUES (450203000000, '鱼峰区', 3, 450200000000);
INSERT INTO `zz_area_code` VALUES (450204000000, '柳南区', 3, 450200000000);
INSERT INTO `zz_area_code` VALUES (450205000000, '柳北区', 3, 450200000000);
INSERT INTO `zz_area_code` VALUES (450206000000, '柳江区', 3, 450200000000);
INSERT INTO `zz_area_code` VALUES (450222000000, '柳城县', 3, 450200000000);
INSERT INTO `zz_area_code` VALUES (450223000000, '鹿寨县', 3, 450200000000);
INSERT INTO `zz_area_code` VALUES (450224000000, '融安县', 3, 450200000000);
INSERT INTO `zz_area_code` VALUES (450225000000, '融水苗族自治县', 3, 450200000000);
INSERT INTO `zz_area_code` VALUES (450226000000, '三江侗族自治县', 3, 450200000000);
INSERT INTO `zz_area_code` VALUES (450300000000, '桂林市', 2, 450000000000);
INSERT INTO `zz_area_code` VALUES (450301000000, '市辖区', 3, 450300000000);
INSERT INTO `zz_area_code` VALUES (450302000000, '秀峰区', 3, 450300000000);
INSERT INTO `zz_area_code` VALUES (450303000000, '叠彩区', 3, 450300000000);
INSERT INTO `zz_area_code` VALUES (450304000000, '象山区', 3, 450300000000);
INSERT INTO `zz_area_code` VALUES (450305000000, '七星区', 3, 450300000000);
INSERT INTO `zz_area_code` VALUES (450311000000, '雁山区', 3, 450300000000);
INSERT INTO `zz_area_code` VALUES (450312000000, '临桂区', 3, 450300000000);
INSERT INTO `zz_area_code` VALUES (450321000000, '阳朔县', 3, 450300000000);
INSERT INTO `zz_area_code` VALUES (450323000000, '灵川县', 3, 450300000000);
INSERT INTO `zz_area_code` VALUES (450324000000, '全州县', 3, 450300000000);
INSERT INTO `zz_area_code` VALUES (450325000000, '兴安县', 3, 450300000000);
INSERT INTO `zz_area_code` VALUES (450326000000, '永福县', 3, 450300000000);
INSERT INTO `zz_area_code` VALUES (450327000000, '灌阳县', 3, 450300000000);
INSERT INTO `zz_area_code` VALUES (450328000000, '龙胜各族自治县', 3, 450300000000);
INSERT INTO `zz_area_code` VALUES (450329000000, '资源县', 3, 450300000000);
INSERT INTO `zz_area_code` VALUES (450330000000, '平乐县', 3, 450300000000);
INSERT INTO `zz_area_code` VALUES (450332000000, '恭城瑶族自治县', 3, 450300000000);
INSERT INTO `zz_area_code` VALUES (450381000000, '荔浦市', 3, 450300000000);
INSERT INTO `zz_area_code` VALUES (450400000000, '梧州市', 2, 450000000000);
INSERT INTO `zz_area_code` VALUES (450401000000, '市辖区', 3, 450400000000);
INSERT INTO `zz_area_code` VALUES (450403000000, '万秀区', 3, 450400000000);
INSERT INTO `zz_area_code` VALUES (450405000000, '长洲区', 3, 450400000000);
INSERT INTO `zz_area_code` VALUES (450406000000, '龙圩区', 3, 450400000000);
INSERT INTO `zz_area_code` VALUES (450421000000, '苍梧县', 3, 450400000000);
INSERT INTO `zz_area_code` VALUES (450422000000, '藤县', 3, 450400000000);
INSERT INTO `zz_area_code` VALUES (450423000000, '蒙山县', 3, 450400000000);
INSERT INTO `zz_area_code` VALUES (450481000000, '岑溪市', 3, 450400000000);
INSERT INTO `zz_area_code` VALUES (450500000000, '北海市', 2, 450000000000);
INSERT INTO `zz_area_code` VALUES (450501000000, '市辖区', 3, 450500000000);
INSERT INTO `zz_area_code` VALUES (450502000000, '海城区', 3, 450500000000);
INSERT INTO `zz_area_code` VALUES (450503000000, '银海区', 3, 450500000000);
INSERT INTO `zz_area_code` VALUES (450512000000, '铁山港区', 3, 450500000000);
INSERT INTO `zz_area_code` VALUES (450521000000, '合浦县', 3, 450500000000);
INSERT INTO `zz_area_code` VALUES (450600000000, '防城港市', 2, 450000000000);
INSERT INTO `zz_area_code` VALUES (450601000000, '市辖区', 3, 450600000000);
INSERT INTO `zz_area_code` VALUES (450602000000, '港口区', 3, 450600000000);
INSERT INTO `zz_area_code` VALUES (450603000000, '防城区', 3, 450600000000);
INSERT INTO `zz_area_code` VALUES (450621000000, '上思县', 3, 450600000000);
INSERT INTO `zz_area_code` VALUES (450681000000, '东兴市', 3, 450600000000);
INSERT INTO `zz_area_code` VALUES (450700000000, '钦州市', 2, 450000000000);
INSERT INTO `zz_area_code` VALUES (450701000000, '市辖区', 3, 450700000000);
INSERT INTO `zz_area_code` VALUES (450702000000, '钦南区', 3, 450700000000);
INSERT INTO `zz_area_code` VALUES (450703000000, '钦北区', 3, 450700000000);
INSERT INTO `zz_area_code` VALUES (450721000000, '灵山县', 3, 450700000000);
INSERT INTO `zz_area_code` VALUES (450722000000, '浦北县', 3, 450700000000);
INSERT INTO `zz_area_code` VALUES (450800000000, '贵港市', 2, 450000000000);
INSERT INTO `zz_area_code` VALUES (450801000000, '市辖区', 3, 450800000000);
INSERT INTO `zz_area_code` VALUES (450802000000, '港北区', 3, 450800000000);
INSERT INTO `zz_area_code` VALUES (450803000000, '港南区', 3, 450800000000);
INSERT INTO `zz_area_code` VALUES (450804000000, '覃塘区', 3, 450800000000);
INSERT INTO `zz_area_code` VALUES (450821000000, '平南县', 3, 450800000000);
INSERT INTO `zz_area_code` VALUES (450881000000, '桂平市', 3, 450800000000);
INSERT INTO `zz_area_code` VALUES (450900000000, '玉林市', 2, 450000000000);
INSERT INTO `zz_area_code` VALUES (450901000000, '市辖区', 3, 450900000000);
INSERT INTO `zz_area_code` VALUES (450902000000, '玉州区', 3, 450900000000);
INSERT INTO `zz_area_code` VALUES (450903000000, '福绵区', 3, 450900000000);
INSERT INTO `zz_area_code` VALUES (450921000000, '容县', 3, 450900000000);
INSERT INTO `zz_area_code` VALUES (450922000000, '陆川县', 3, 450900000000);
INSERT INTO `zz_area_code` VALUES (450923000000, '博白县', 3, 450900000000);
INSERT INTO `zz_area_code` VALUES (450924000000, '兴业县', 3, 450900000000);
INSERT INTO `zz_area_code` VALUES (450981000000, '北流市', 3, 450900000000);
INSERT INTO `zz_area_code` VALUES (451000000000, '百色市', 2, 450000000000);
INSERT INTO `zz_area_code` VALUES (451001000000, '市辖区', 3, 451000000000);
INSERT INTO `zz_area_code` VALUES (451002000000, '右江区', 3, 451000000000);
INSERT INTO `zz_area_code` VALUES (451021000000, '田阳县', 3, 451000000000);
INSERT INTO `zz_area_code` VALUES (451022000000, '田东县', 3, 451000000000);
INSERT INTO `zz_area_code` VALUES (451023000000, '平果县', 3, 451000000000);
INSERT INTO `zz_area_code` VALUES (451024000000, '德保县', 3, 451000000000);
INSERT INTO `zz_area_code` VALUES (451026000000, '那坡县', 3, 451000000000);
INSERT INTO `zz_area_code` VALUES (451027000000, '凌云县', 3, 451000000000);
INSERT INTO `zz_area_code` VALUES (451028000000, '乐业县', 3, 451000000000);
INSERT INTO `zz_area_code` VALUES (451029000000, '田林县', 3, 451000000000);
INSERT INTO `zz_area_code` VALUES (451030000000, '西林县', 3, 451000000000);
INSERT INTO `zz_area_code` VALUES (451031000000, '隆林各族自治县', 3, 451000000000);
INSERT INTO `zz_area_code` VALUES (451081000000, '靖西市', 3, 451000000000);
INSERT INTO `zz_area_code` VALUES (451100000000, '贺州市', 2, 450000000000);
INSERT INTO `zz_area_code` VALUES (451101000000, '市辖区', 3, 451100000000);
INSERT INTO `zz_area_code` VALUES (451102000000, '八步区', 3, 451100000000);
INSERT INTO `zz_area_code` VALUES (451103000000, '平桂区', 3, 451100000000);
INSERT INTO `zz_area_code` VALUES (451121000000, '昭平县', 3, 451100000000);
INSERT INTO `zz_area_code` VALUES (451122000000, '钟山县', 3, 451100000000);
INSERT INTO `zz_area_code` VALUES (451123000000, '富川瑶族自治县', 3, 451100000000);
INSERT INTO `zz_area_code` VALUES (451200000000, '河池市', 2, 450000000000);
INSERT INTO `zz_area_code` VALUES (451201000000, '市辖区', 3, 451200000000);
INSERT INTO `zz_area_code` VALUES (451202000000, '金城江区', 3, 451200000000);
INSERT INTO `zz_area_code` VALUES (451203000000, '宜州区', 3, 451200000000);
INSERT INTO `zz_area_code` VALUES (451221000000, '南丹县', 3, 451200000000);
INSERT INTO `zz_area_code` VALUES (451222000000, '天峨县', 3, 451200000000);
INSERT INTO `zz_area_code` VALUES (451223000000, '凤山县', 3, 451200000000);
INSERT INTO `zz_area_code` VALUES (451224000000, '东兰县', 3, 451200000000);
INSERT INTO `zz_area_code` VALUES (451225000000, '罗城仫佬族自治县', 3, 451200000000);
INSERT INTO `zz_area_code` VALUES (451226000000, '环江毛南族自治县', 3, 451200000000);
INSERT INTO `zz_area_code` VALUES (451227000000, '巴马瑶族自治县', 3, 451200000000);
INSERT INTO `zz_area_code` VALUES (451228000000, '都安瑶族自治县', 3, 451200000000);
INSERT INTO `zz_area_code` VALUES (451229000000, '大化瑶族自治县', 3, 451200000000);
INSERT INTO `zz_area_code` VALUES (451300000000, '来宾市', 2, 450000000000);
INSERT INTO `zz_area_code` VALUES (451301000000, '市辖区', 3, 451300000000);
INSERT INTO `zz_area_code` VALUES (451302000000, '兴宾区', 3, 451300000000);
INSERT INTO `zz_area_code` VALUES (451321000000, '忻城县', 3, 451300000000);
INSERT INTO `zz_area_code` VALUES (451322000000, '象州县', 3, 451300000000);
INSERT INTO `zz_area_code` VALUES (451323000000, '武宣县', 3, 451300000000);
INSERT INTO `zz_area_code` VALUES (451324000000, '金秀瑶族自治县', 3, 451300000000);
INSERT INTO `zz_area_code` VALUES (451381000000, '合山市', 3, 451300000000);
INSERT INTO `zz_area_code` VALUES (451400000000, '崇左市', 2, 450000000000);
INSERT INTO `zz_area_code` VALUES (451401000000, '市辖区', 3, 451400000000);
INSERT INTO `zz_area_code` VALUES (451402000000, '江州区', 3, 451400000000);
INSERT INTO `zz_area_code` VALUES (451421000000, '扶绥县', 3, 451400000000);
INSERT INTO `zz_area_code` VALUES (451422000000, '宁明县', 3, 451400000000);
INSERT INTO `zz_area_code` VALUES (451423000000, '龙州县', 3, 451400000000);
INSERT INTO `zz_area_code` VALUES (451424000000, '大新县', 3, 451400000000);
INSERT INTO `zz_area_code` VALUES (451425000000, '天等县', 3, 451400000000);
INSERT INTO `zz_area_code` VALUES (451481000000, '凭祥市', 3, 451400000000);
INSERT INTO `zz_area_code` VALUES (460000000000, '海南省', 1, NULL);
INSERT INTO `zz_area_code` VALUES (460100000000, '海口市', 2, 460000000000);
INSERT INTO `zz_area_code` VALUES (460101000000, '市辖区', 3, 460100000000);
INSERT INTO `zz_area_code` VALUES (460105000000, '秀英区', 3, 460100000000);
INSERT INTO `zz_area_code` VALUES (460106000000, '龙华区', 3, 460100000000);
INSERT INTO `zz_area_code` VALUES (460107000000, '琼山区', 3, 460100000000);
INSERT INTO `zz_area_code` VALUES (460108000000, '美兰区', 3, 460100000000);
INSERT INTO `zz_area_code` VALUES (460200000000, '三亚市', 2, 460000000000);
INSERT INTO `zz_area_code` VALUES (460201000000, '市辖区', 3, 460200000000);
INSERT INTO `zz_area_code` VALUES (460202000000, '海棠区', 3, 460200000000);
INSERT INTO `zz_area_code` VALUES (460203000000, '吉阳区', 3, 460200000000);
INSERT INTO `zz_area_code` VALUES (460204000000, '天涯区', 3, 460200000000);
INSERT INTO `zz_area_code` VALUES (460205000000, '崖州区', 3, 460200000000);
INSERT INTO `zz_area_code` VALUES (460300000000, '三沙市', 2, 460000000000);
INSERT INTO `zz_area_code` VALUES (460321000000, '西沙群岛', 3, 460300000000);
INSERT INTO `zz_area_code` VALUES (460322000000, '南沙群岛', 3, 460300000000);
INSERT INTO `zz_area_code` VALUES (460323000000, '中沙群岛的岛礁及其海域', 3, 460300000000);
INSERT INTO `zz_area_code` VALUES (460400000000, '儋州市', 2, 460000000000);
INSERT INTO `zz_area_code` VALUES (469000000000, '省直辖县级行政区划', 2, 460000000000);
INSERT INTO `zz_area_code` VALUES (469001000000, '五指山市', 3, 469000000000);
INSERT INTO `zz_area_code` VALUES (469002000000, '琼海市', 3, 469000000000);
INSERT INTO `zz_area_code` VALUES (469005000000, '文昌市', 3, 469000000000);
INSERT INTO `zz_area_code` VALUES (469006000000, '万宁市', 3, 469000000000);
INSERT INTO `zz_area_code` VALUES (469007000000, '东方市', 3, 469000000000);
INSERT INTO `zz_area_code` VALUES (469021000000, '定安县', 3, 469000000000);
INSERT INTO `zz_area_code` VALUES (469022000000, '屯昌县', 3, 469000000000);
INSERT INTO `zz_area_code` VALUES (469023000000, '澄迈县', 3, 469000000000);
INSERT INTO `zz_area_code` VALUES (469024000000, '临高县', 3, 469000000000);
INSERT INTO `zz_area_code` VALUES (469025000000, '白沙黎族自治县', 3, 469000000000);
INSERT INTO `zz_area_code` VALUES (469026000000, '昌江黎族自治县', 3, 469000000000);
INSERT INTO `zz_area_code` VALUES (469027000000, '乐东黎族自治县', 3, 469000000000);
INSERT INTO `zz_area_code` VALUES (469028000000, '陵水黎族自治县', 3, 469000000000);
INSERT INTO `zz_area_code` VALUES (469029000000, '保亭黎族苗族自治县', 3, 469000000000);
INSERT INTO `zz_area_code` VALUES (469030000000, '琼中黎族苗族自治县', 3, 469000000000);
INSERT INTO `zz_area_code` VALUES (500000000000, '重庆市', 1, NULL);
INSERT INTO `zz_area_code` VALUES (500100000000, '市辖区', 2, 500000000000);
INSERT INTO `zz_area_code` VALUES (500101000000, '万州区', 3, 500100000000);
INSERT INTO `zz_area_code` VALUES (500102000000, '涪陵区', 3, 500100000000);
INSERT INTO `zz_area_code` VALUES (500103000000, '渝中区', 3, 500100000000);
INSERT INTO `zz_area_code` VALUES (500104000000, '大渡口区', 3, 500100000000);
INSERT INTO `zz_area_code` VALUES (500105000000, '江北区', 3, 500100000000);
INSERT INTO `zz_area_code` VALUES (500106000000, '沙坪坝区', 3, 500100000000);
INSERT INTO `zz_area_code` VALUES (500107000000, '九龙坡区', 3, 500100000000);
INSERT INTO `zz_area_code` VALUES (500108000000, '南岸区', 3, 500100000000);
INSERT INTO `zz_area_code` VALUES (500109000000, '北碚区', 3, 500100000000);
INSERT INTO `zz_area_code` VALUES (500110000000, '綦江区', 3, 500100000000);
INSERT INTO `zz_area_code` VALUES (500111000000, '大足区', 3, 500100000000);
INSERT INTO `zz_area_code` VALUES (500112000000, '渝北区', 3, 500100000000);
INSERT INTO `zz_area_code` VALUES (500113000000, '巴南区', 3, 500100000000);
INSERT INTO `zz_area_code` VALUES (500114000000, '黔江区', 3, 500100000000);
INSERT INTO `zz_area_code` VALUES (500115000000, '长寿区', 3, 500100000000);
INSERT INTO `zz_area_code` VALUES (500116000000, '江津区', 3, 500100000000);
INSERT INTO `zz_area_code` VALUES (500117000000, '合川区', 3, 500100000000);
INSERT INTO `zz_area_code` VALUES (500118000000, '永川区', 3, 500100000000);
INSERT INTO `zz_area_code` VALUES (500119000000, '南川区', 3, 500100000000);
INSERT INTO `zz_area_code` VALUES (500120000000, '璧山区', 3, 500100000000);
INSERT INTO `zz_area_code` VALUES (500151000000, '铜梁区', 3, 500100000000);
INSERT INTO `zz_area_code` VALUES (500152000000, '潼南区', 3, 500100000000);
INSERT INTO `zz_area_code` VALUES (500153000000, '荣昌区', 3, 500100000000);
INSERT INTO `zz_area_code` VALUES (500154000000, '开州区', 3, 500100000000);
INSERT INTO `zz_area_code` VALUES (500155000000, '梁平区', 3, 500100000000);
INSERT INTO `zz_area_code` VALUES (500156000000, '武隆区', 3, 500100000000);
INSERT INTO `zz_area_code` VALUES (500200000000, '县', 2, 500000000000);
INSERT INTO `zz_area_code` VALUES (500229000000, '城口县', 3, 500200000000);
INSERT INTO `zz_area_code` VALUES (500230000000, '丰都县', 3, 500200000000);
INSERT INTO `zz_area_code` VALUES (500231000000, '垫江县', 3, 500200000000);
INSERT INTO `zz_area_code` VALUES (500233000000, '忠县', 3, 500200000000);
INSERT INTO `zz_area_code` VALUES (500235000000, '云阳县', 3, 500200000000);
INSERT INTO `zz_area_code` VALUES (500236000000, '奉节县', 3, 500200000000);
INSERT INTO `zz_area_code` VALUES (500237000000, '巫山县', 3, 500200000000);
INSERT INTO `zz_area_code` VALUES (500238000000, '巫溪县', 3, 500200000000);
INSERT INTO `zz_area_code` VALUES (500240000000, '石柱土家族自治县', 3, 500200000000);
INSERT INTO `zz_area_code` VALUES (500241000000, '秀山土家族苗族自治县', 3, 500200000000);
INSERT INTO `zz_area_code` VALUES (500242000000, '酉阳土家族苗族自治县', 3, 500200000000);
INSERT INTO `zz_area_code` VALUES (500243000000, '彭水苗族土家族自治县', 3, 500200000000);
INSERT INTO `zz_area_code` VALUES (510000000000, '四川省', 1, NULL);
INSERT INTO `zz_area_code` VALUES (510100000000, '成都市', 2, 510000000000);
INSERT INTO `zz_area_code` VALUES (510101000000, '市辖区', 3, 510100000000);
INSERT INTO `zz_area_code` VALUES (510104000000, '锦江区', 3, 510100000000);
INSERT INTO `zz_area_code` VALUES (510105000000, '青羊区', 3, 510100000000);
INSERT INTO `zz_area_code` VALUES (510106000000, '金牛区', 3, 510100000000);
INSERT INTO `zz_area_code` VALUES (510107000000, '武侯区', 3, 510100000000);
INSERT INTO `zz_area_code` VALUES (510108000000, '成华区', 3, 510100000000);
INSERT INTO `zz_area_code` VALUES (510112000000, '龙泉驿区', 3, 510100000000);
INSERT INTO `zz_area_code` VALUES (510113000000, '青白江区', 3, 510100000000);
INSERT INTO `zz_area_code` VALUES (510114000000, '新都区', 3, 510100000000);
INSERT INTO `zz_area_code` VALUES (510115000000, '温江区', 3, 510100000000);
INSERT INTO `zz_area_code` VALUES (510116000000, '双流区', 3, 510100000000);
INSERT INTO `zz_area_code` VALUES (510117000000, '郫都区', 3, 510100000000);
INSERT INTO `zz_area_code` VALUES (510121000000, '金堂县', 3, 510100000000);
INSERT INTO `zz_area_code` VALUES (510129000000, '大邑县', 3, 510100000000);
INSERT INTO `zz_area_code` VALUES (510131000000, '蒲江县', 3, 510100000000);
INSERT INTO `zz_area_code` VALUES (510132000000, '新津县', 3, 510100000000);
INSERT INTO `zz_area_code` VALUES (510181000000, '都江堰市', 3, 510100000000);
INSERT INTO `zz_area_code` VALUES (510182000000, '彭州市', 3, 510100000000);
INSERT INTO `zz_area_code` VALUES (510183000000, '邛崃市', 3, 510100000000);
INSERT INTO `zz_area_code` VALUES (510184000000, '崇州市', 3, 510100000000);
INSERT INTO `zz_area_code` VALUES (510185000000, '简阳市', 3, 510100000000);
INSERT INTO `zz_area_code` VALUES (510300000000, '自贡市', 2, 510000000000);
INSERT INTO `zz_area_code` VALUES (510301000000, '市辖区', 3, 510300000000);
INSERT INTO `zz_area_code` VALUES (510302000000, '自流井区', 3, 510300000000);
INSERT INTO `zz_area_code` VALUES (510303000000, '贡井区', 3, 510300000000);
INSERT INTO `zz_area_code` VALUES (510304000000, '大安区', 3, 510300000000);
INSERT INTO `zz_area_code` VALUES (510311000000, '沿滩区', 3, 510300000000);
INSERT INTO `zz_area_code` VALUES (510321000000, '荣县', 3, 510300000000);
INSERT INTO `zz_area_code` VALUES (510322000000, '富顺县', 3, 510300000000);
INSERT INTO `zz_area_code` VALUES (510400000000, '攀枝花市', 2, 510000000000);
INSERT INTO `zz_area_code` VALUES (510401000000, '市辖区', 3, 510400000000);
INSERT INTO `zz_area_code` VALUES (510402000000, '东区', 3, 510400000000);
INSERT INTO `zz_area_code` VALUES (510403000000, '西区', 3, 510400000000);
INSERT INTO `zz_area_code` VALUES (510411000000, '仁和区', 3, 510400000000);
INSERT INTO `zz_area_code` VALUES (510421000000, '米易县', 3, 510400000000);
INSERT INTO `zz_area_code` VALUES (510422000000, '盐边县', 3, 510400000000);
INSERT INTO `zz_area_code` VALUES (510500000000, '泸州市', 2, 510000000000);
INSERT INTO `zz_area_code` VALUES (510501000000, '市辖区', 3, 510500000000);
INSERT INTO `zz_area_code` VALUES (510502000000, '江阳区', 3, 510500000000);
INSERT INTO `zz_area_code` VALUES (510503000000, '纳溪区', 3, 510500000000);
INSERT INTO `zz_area_code` VALUES (510504000000, '龙马潭区', 3, 510500000000);
INSERT INTO `zz_area_code` VALUES (510521000000, '泸县', 3, 510500000000);
INSERT INTO `zz_area_code` VALUES (510522000000, '合江县', 3, 510500000000);
INSERT INTO `zz_area_code` VALUES (510524000000, '叙永县', 3, 510500000000);
INSERT INTO `zz_area_code` VALUES (510525000000, '古蔺县', 3, 510500000000);
INSERT INTO `zz_area_code` VALUES (510600000000, '德阳市', 2, 510000000000);
INSERT INTO `zz_area_code` VALUES (510601000000, '市辖区', 3, 510600000000);
INSERT INTO `zz_area_code` VALUES (510603000000, '旌阳区', 3, 510600000000);
INSERT INTO `zz_area_code` VALUES (510604000000, '罗江区', 3, 510600000000);
INSERT INTO `zz_area_code` VALUES (510623000000, '中江县', 3, 510600000000);
INSERT INTO `zz_area_code` VALUES (510681000000, '广汉市', 3, 510600000000);
INSERT INTO `zz_area_code` VALUES (510682000000, '什邡市', 3, 510600000000);
INSERT INTO `zz_area_code` VALUES (510683000000, '绵竹市', 3, 510600000000);
INSERT INTO `zz_area_code` VALUES (510700000000, '绵阳市', 2, 510000000000);
INSERT INTO `zz_area_code` VALUES (510701000000, '市辖区', 3, 510700000000);
INSERT INTO `zz_area_code` VALUES (510703000000, '涪城区', 3, 510700000000);
INSERT INTO `zz_area_code` VALUES (510704000000, '游仙区', 3, 510700000000);
INSERT INTO `zz_area_code` VALUES (510705000000, '安州区', 3, 510700000000);
INSERT INTO `zz_area_code` VALUES (510722000000, '三台县', 3, 510700000000);
INSERT INTO `zz_area_code` VALUES (510723000000, '盐亭县', 3, 510700000000);
INSERT INTO `zz_area_code` VALUES (510725000000, '梓潼县', 3, 510700000000);
INSERT INTO `zz_area_code` VALUES (510726000000, '北川羌族自治县', 3, 510700000000);
INSERT INTO `zz_area_code` VALUES (510727000000, '平武县', 3, 510700000000);
INSERT INTO `zz_area_code` VALUES (510781000000, '江油市', 3, 510700000000);
INSERT INTO `zz_area_code` VALUES (510800000000, '广元市', 2, 510000000000);
INSERT INTO `zz_area_code` VALUES (510801000000, '市辖区', 3, 510800000000);
INSERT INTO `zz_area_code` VALUES (510802000000, '利州区', 3, 510800000000);
INSERT INTO `zz_area_code` VALUES (510811000000, '昭化区', 3, 510800000000);
INSERT INTO `zz_area_code` VALUES (510812000000, '朝天区', 3, 510800000000);
INSERT INTO `zz_area_code` VALUES (510821000000, '旺苍县', 3, 510800000000);
INSERT INTO `zz_area_code` VALUES (510822000000, '青川县', 3, 510800000000);
INSERT INTO `zz_area_code` VALUES (510823000000, '剑阁县', 3, 510800000000);
INSERT INTO `zz_area_code` VALUES (510824000000, '苍溪县', 3, 510800000000);
INSERT INTO `zz_area_code` VALUES (510900000000, '遂宁市', 2, 510000000000);
INSERT INTO `zz_area_code` VALUES (510901000000, '市辖区', 3, 510900000000);
INSERT INTO `zz_area_code` VALUES (510903000000, '船山区', 3, 510900000000);
INSERT INTO `zz_area_code` VALUES (510904000000, '安居区', 3, 510900000000);
INSERT INTO `zz_area_code` VALUES (510921000000, '蓬溪县', 3, 510900000000);
INSERT INTO `zz_area_code` VALUES (510922000000, '射洪县', 3, 510900000000);
INSERT INTO `zz_area_code` VALUES (510923000000, '大英县', 3, 510900000000);
INSERT INTO `zz_area_code` VALUES (511000000000, '内江市', 2, 510000000000);
INSERT INTO `zz_area_code` VALUES (511001000000, '市辖区', 3, 511000000000);
INSERT INTO `zz_area_code` VALUES (511002000000, '市中区', 3, 511000000000);
INSERT INTO `zz_area_code` VALUES (511011000000, '东兴区', 3, 511000000000);
INSERT INTO `zz_area_code` VALUES (511024000000, '威远县', 3, 511000000000);
INSERT INTO `zz_area_code` VALUES (511025000000, '资中县', 3, 511000000000);
INSERT INTO `zz_area_code` VALUES (511071000000, '内江经济开发区', 3, 511000000000);
INSERT INTO `zz_area_code` VALUES (511083000000, '隆昌市', 3, 511000000000);
INSERT INTO `zz_area_code` VALUES (511100000000, '乐山市', 2, 510000000000);
INSERT INTO `zz_area_code` VALUES (511101000000, '市辖区', 3, 511100000000);
INSERT INTO `zz_area_code` VALUES (511102000000, '市中区', 3, 511100000000);
INSERT INTO `zz_area_code` VALUES (511111000000, '沙湾区', 3, 511100000000);
INSERT INTO `zz_area_code` VALUES (511112000000, '五通桥区', 3, 511100000000);
INSERT INTO `zz_area_code` VALUES (511113000000, '金口河区', 3, 511100000000);
INSERT INTO `zz_area_code` VALUES (511123000000, '犍为县', 3, 511100000000);
INSERT INTO `zz_area_code` VALUES (511124000000, '井研县', 3, 511100000000);
INSERT INTO `zz_area_code` VALUES (511126000000, '夹江县', 3, 511100000000);
INSERT INTO `zz_area_code` VALUES (511129000000, '沐川县', 3, 511100000000);
INSERT INTO `zz_area_code` VALUES (511132000000, '峨边彝族自治县', 3, 511100000000);
INSERT INTO `zz_area_code` VALUES (511133000000, '马边彝族自治县', 3, 511100000000);
INSERT INTO `zz_area_code` VALUES (511181000000, '峨眉山市', 3, 511100000000);
INSERT INTO `zz_area_code` VALUES (511300000000, '南充市', 2, 510000000000);
INSERT INTO `zz_area_code` VALUES (511301000000, '市辖区', 3, 511300000000);
INSERT INTO `zz_area_code` VALUES (511302000000, '顺庆区', 3, 511300000000);
INSERT INTO `zz_area_code` VALUES (511303000000, '高坪区', 3, 511300000000);
INSERT INTO `zz_area_code` VALUES (511304000000, '嘉陵区', 3, 511300000000);
INSERT INTO `zz_area_code` VALUES (511321000000, '南部县', 3, 511300000000);
INSERT INTO `zz_area_code` VALUES (511322000000, '营山县', 3, 511300000000);
INSERT INTO `zz_area_code` VALUES (511323000000, '蓬安县', 3, 511300000000);
INSERT INTO `zz_area_code` VALUES (511324000000, '仪陇县', 3, 511300000000);
INSERT INTO `zz_area_code` VALUES (511325000000, '西充县', 3, 511300000000);
INSERT INTO `zz_area_code` VALUES (511381000000, '阆中市', 3, 511300000000);
INSERT INTO `zz_area_code` VALUES (511400000000, '眉山市', 2, 510000000000);
INSERT INTO `zz_area_code` VALUES (511401000000, '市辖区', 3, 511400000000);
INSERT INTO `zz_area_code` VALUES (511402000000, '东坡区', 3, 511400000000);
INSERT INTO `zz_area_code` VALUES (511403000000, '彭山区', 3, 511400000000);
INSERT INTO `zz_area_code` VALUES (511421000000, '仁寿县', 3, 511400000000);
INSERT INTO `zz_area_code` VALUES (511423000000, '洪雅县', 3, 511400000000);
INSERT INTO `zz_area_code` VALUES (511424000000, '丹棱县', 3, 511400000000);
INSERT INTO `zz_area_code` VALUES (511425000000, '青神县', 3, 511400000000);
INSERT INTO `zz_area_code` VALUES (511500000000, '宜宾市', 2, 510000000000);
INSERT INTO `zz_area_code` VALUES (511501000000, '市辖区', 3, 511500000000);
INSERT INTO `zz_area_code` VALUES (511502000000, '翠屏区', 3, 511500000000);
INSERT INTO `zz_area_code` VALUES (511503000000, '南溪区', 3, 511500000000);
INSERT INTO `zz_area_code` VALUES (511504000000, '叙州区', 3, 511500000000);
INSERT INTO `zz_area_code` VALUES (511523000000, '江安县', 3, 511500000000);
INSERT INTO `zz_area_code` VALUES (511524000000, '长宁县', 3, 511500000000);
INSERT INTO `zz_area_code` VALUES (511525000000, '高县', 3, 511500000000);
INSERT INTO `zz_area_code` VALUES (511526000000, '珙县', 3, 511500000000);
INSERT INTO `zz_area_code` VALUES (511527000000, '筠连县', 3, 511500000000);
INSERT INTO `zz_area_code` VALUES (511528000000, '兴文县', 3, 511500000000);
INSERT INTO `zz_area_code` VALUES (511529000000, '屏山县', 3, 511500000000);
INSERT INTO `zz_area_code` VALUES (511600000000, '广安市', 2, 510000000000);
INSERT INTO `zz_area_code` VALUES (511601000000, '市辖区', 3, 511600000000);
INSERT INTO `zz_area_code` VALUES (511602000000, '广安区', 3, 511600000000);
INSERT INTO `zz_area_code` VALUES (511603000000, '前锋区', 3, 511600000000);
INSERT INTO `zz_area_code` VALUES (511621000000, '岳池县', 3, 511600000000);
INSERT INTO `zz_area_code` VALUES (511622000000, '武胜县', 3, 511600000000);
INSERT INTO `zz_area_code` VALUES (511623000000, '邻水县', 3, 511600000000);
INSERT INTO `zz_area_code` VALUES (511681000000, '华蓥市', 3, 511600000000);
INSERT INTO `zz_area_code` VALUES (511700000000, '达州市', 2, 510000000000);
INSERT INTO `zz_area_code` VALUES (511701000000, '市辖区', 3, 511700000000);
INSERT INTO `zz_area_code` VALUES (511702000000, '通川区', 3, 511700000000);
INSERT INTO `zz_area_code` VALUES (511703000000, '达川区', 3, 511700000000);
INSERT INTO `zz_area_code` VALUES (511722000000, '宣汉县', 3, 511700000000);
INSERT INTO `zz_area_code` VALUES (511723000000, '开江县', 3, 511700000000);
INSERT INTO `zz_area_code` VALUES (511724000000, '大竹县', 3, 511700000000);
INSERT INTO `zz_area_code` VALUES (511725000000, '渠县', 3, 511700000000);
INSERT INTO `zz_area_code` VALUES (511771000000, '达州经济开发区', 3, 511700000000);
INSERT INTO `zz_area_code` VALUES (511781000000, '万源市', 3, 511700000000);
INSERT INTO `zz_area_code` VALUES (511800000000, '雅安市', 2, 510000000000);
INSERT INTO `zz_area_code` VALUES (511801000000, '市辖区', 3, 511800000000);
INSERT INTO `zz_area_code` VALUES (511802000000, '雨城区', 3, 511800000000);
INSERT INTO `zz_area_code` VALUES (511803000000, '名山区', 3, 511800000000);
INSERT INTO `zz_area_code` VALUES (511822000000, '荥经县', 3, 511800000000);
INSERT INTO `zz_area_code` VALUES (511823000000, '汉源县', 3, 511800000000);
INSERT INTO `zz_area_code` VALUES (511824000000, '石棉县', 3, 511800000000);
INSERT INTO `zz_area_code` VALUES (511825000000, '天全县', 3, 511800000000);
INSERT INTO `zz_area_code` VALUES (511826000000, '芦山县', 3, 511800000000);
INSERT INTO `zz_area_code` VALUES (511827000000, '宝兴县', 3, 511800000000);
INSERT INTO `zz_area_code` VALUES (511900000000, '巴中市', 2, 510000000000);
INSERT INTO `zz_area_code` VALUES (511901000000, '市辖区', 3, 511900000000);
INSERT INTO `zz_area_code` VALUES (511902000000, '巴州区', 3, 511900000000);
INSERT INTO `zz_area_code` VALUES (511903000000, '恩阳区', 3, 511900000000);
INSERT INTO `zz_area_code` VALUES (511921000000, '通江县', 3, 511900000000);
INSERT INTO `zz_area_code` VALUES (511922000000, '南江县', 3, 511900000000);
INSERT INTO `zz_area_code` VALUES (511923000000, '平昌县', 3, 511900000000);
INSERT INTO `zz_area_code` VALUES (511971000000, '巴中经济开发区', 3, 511900000000);
INSERT INTO `zz_area_code` VALUES (512000000000, '资阳市', 2, 510000000000);
INSERT INTO `zz_area_code` VALUES (512001000000, '市辖区', 3, 512000000000);
INSERT INTO `zz_area_code` VALUES (512002000000, '雁江区', 3, 512000000000);
INSERT INTO `zz_area_code` VALUES (512021000000, '安岳县', 3, 512000000000);
INSERT INTO `zz_area_code` VALUES (512022000000, '乐至县', 3, 512000000000);
INSERT INTO `zz_area_code` VALUES (513200000000, '阿坝藏族羌族自治州', 2, 510000000000);
INSERT INTO `zz_area_code` VALUES (513201000000, '马尔康市', 3, 513200000000);
INSERT INTO `zz_area_code` VALUES (513221000000, '汶川县', 3, 513200000000);
INSERT INTO `zz_area_code` VALUES (513222000000, '理县', 3, 513200000000);
INSERT INTO `zz_area_code` VALUES (513223000000, '茂县', 3, 513200000000);
INSERT INTO `zz_area_code` VALUES (513224000000, '松潘县', 3, 513200000000);
INSERT INTO `zz_area_code` VALUES (513225000000, '九寨沟县', 3, 513200000000);
INSERT INTO `zz_area_code` VALUES (513226000000, '金川县', 3, 513200000000);
INSERT INTO `zz_area_code` VALUES (513227000000, '小金县', 3, 513200000000);
INSERT INTO `zz_area_code` VALUES (513228000000, '黑水县', 3, 513200000000);
INSERT INTO `zz_area_code` VALUES (513230000000, '壤塘县', 3, 513200000000);
INSERT INTO `zz_area_code` VALUES (513231000000, '阿坝县', 3, 513200000000);
INSERT INTO `zz_area_code` VALUES (513232000000, '若尔盖县', 3, 513200000000);
INSERT INTO `zz_area_code` VALUES (513233000000, '红原县', 3, 513200000000);
INSERT INTO `zz_area_code` VALUES (513300000000, '甘孜藏族自治州', 2, 510000000000);
INSERT INTO `zz_area_code` VALUES (513301000000, '康定市', 3, 513300000000);
INSERT INTO `zz_area_code` VALUES (513322000000, '泸定县', 3, 513300000000);
INSERT INTO `zz_area_code` VALUES (513323000000, '丹巴县', 3, 513300000000);
INSERT INTO `zz_area_code` VALUES (513324000000, '九龙县', 3, 513300000000);
INSERT INTO `zz_area_code` VALUES (513325000000, '雅江县', 3, 513300000000);
INSERT INTO `zz_area_code` VALUES (513326000000, '道孚县', 3, 513300000000);
INSERT INTO `zz_area_code` VALUES (513327000000, '炉霍县', 3, 513300000000);
INSERT INTO `zz_area_code` VALUES (513328000000, '甘孜县', 3, 513300000000);
INSERT INTO `zz_area_code` VALUES (513329000000, '新龙县', 3, 513300000000);
INSERT INTO `zz_area_code` VALUES (513330000000, '德格县', 3, 513300000000);
INSERT INTO `zz_area_code` VALUES (513331000000, '白玉县', 3, 513300000000);
INSERT INTO `zz_area_code` VALUES (513332000000, '石渠县', 3, 513300000000);
INSERT INTO `zz_area_code` VALUES (513333000000, '色达县', 3, 513300000000);
INSERT INTO `zz_area_code` VALUES (513334000000, '理塘县', 3, 513300000000);
INSERT INTO `zz_area_code` VALUES (513335000000, '巴塘县', 3, 513300000000);
INSERT INTO `zz_area_code` VALUES (513336000000, '乡城县', 3, 513300000000);
INSERT INTO `zz_area_code` VALUES (513337000000, '稻城县', 3, 513300000000);
INSERT INTO `zz_area_code` VALUES (513338000000, '得荣县', 3, 513300000000);
INSERT INTO `zz_area_code` VALUES (513400000000, '凉山彝族自治州', 2, 510000000000);
INSERT INTO `zz_area_code` VALUES (513401000000, '西昌市', 3, 513400000000);
INSERT INTO `zz_area_code` VALUES (513422000000, '木里藏族自治县', 3, 513400000000);
INSERT INTO `zz_area_code` VALUES (513423000000, '盐源县', 3, 513400000000);
INSERT INTO `zz_area_code` VALUES (513424000000, '德昌县', 3, 513400000000);
INSERT INTO `zz_area_code` VALUES (513425000000, '会理县', 3, 513400000000);
INSERT INTO `zz_area_code` VALUES (513426000000, '会东县', 3, 513400000000);
INSERT INTO `zz_area_code` VALUES (513427000000, '宁南县', 3, 513400000000);
INSERT INTO `zz_area_code` VALUES (513428000000, '普格县', 3, 513400000000);
INSERT INTO `zz_area_code` VALUES (513429000000, '布拖县', 3, 513400000000);
INSERT INTO `zz_area_code` VALUES (513430000000, '金阳县', 3, 513400000000);
INSERT INTO `zz_area_code` VALUES (513431000000, '昭觉县', 3, 513400000000);
INSERT INTO `zz_area_code` VALUES (513432000000, '喜德县', 3, 513400000000);
INSERT INTO `zz_area_code` VALUES (513433000000, '冕宁县', 3, 513400000000);
INSERT INTO `zz_area_code` VALUES (513434000000, '越西县', 3, 513400000000);
INSERT INTO `zz_area_code` VALUES (513435000000, '甘洛县', 3, 513400000000);
INSERT INTO `zz_area_code` VALUES (513436000000, '美姑县', 3, 513400000000);
INSERT INTO `zz_area_code` VALUES (513437000000, '雷波县', 3, 513400000000);
INSERT INTO `zz_area_code` VALUES (520000000000, '贵州省', 1, NULL);
INSERT INTO `zz_area_code` VALUES (520100000000, '贵阳市', 2, 520000000000);
INSERT INTO `zz_area_code` VALUES (520101000000, '市辖区', 3, 520100000000);
INSERT INTO `zz_area_code` VALUES (520102000000, '南明区', 3, 520100000000);
INSERT INTO `zz_area_code` VALUES (520103000000, '云岩区', 3, 520100000000);
INSERT INTO `zz_area_code` VALUES (520111000000, '花溪区', 3, 520100000000);
INSERT INTO `zz_area_code` VALUES (520112000000, '乌当区', 3, 520100000000);
INSERT INTO `zz_area_code` VALUES (520113000000, '白云区', 3, 520100000000);
INSERT INTO `zz_area_code` VALUES (520115000000, '观山湖区', 3, 520100000000);
INSERT INTO `zz_area_code` VALUES (520121000000, '开阳县', 3, 520100000000);
INSERT INTO `zz_area_code` VALUES (520122000000, '息烽县', 3, 520100000000);
INSERT INTO `zz_area_code` VALUES (520123000000, '修文县', 3, 520100000000);
INSERT INTO `zz_area_code` VALUES (520181000000, '清镇市', 3, 520100000000);
INSERT INTO `zz_area_code` VALUES (520200000000, '六盘水市', 2, 520000000000);
INSERT INTO `zz_area_code` VALUES (520201000000, '钟山区', 3, 520200000000);
INSERT INTO `zz_area_code` VALUES (520203000000, '六枝特区', 3, 520200000000);
INSERT INTO `zz_area_code` VALUES (520221000000, '水城县', 3, 520200000000);
INSERT INTO `zz_area_code` VALUES (520281000000, '盘州市', 3, 520200000000);
INSERT INTO `zz_area_code` VALUES (520300000000, '遵义市', 2, 520000000000);
INSERT INTO `zz_area_code` VALUES (520301000000, '市辖区', 3, 520300000000);
INSERT INTO `zz_area_code` VALUES (520302000000, '红花岗区', 3, 520300000000);
INSERT INTO `zz_area_code` VALUES (520303000000, '汇川区', 3, 520300000000);
INSERT INTO `zz_area_code` VALUES (520304000000, '播州区', 3, 520300000000);
INSERT INTO `zz_area_code` VALUES (520322000000, '桐梓县', 3, 520300000000);
INSERT INTO `zz_area_code` VALUES (520323000000, '绥阳县', 3, 520300000000);
INSERT INTO `zz_area_code` VALUES (520324000000, '正安县', 3, 520300000000);
INSERT INTO `zz_area_code` VALUES (520325000000, '道真仡佬族苗族自治县', 3, 520300000000);
INSERT INTO `zz_area_code` VALUES (520326000000, '务川仡佬族苗族自治县', 3, 520300000000);
INSERT INTO `zz_area_code` VALUES (520327000000, '凤冈县', 3, 520300000000);
INSERT INTO `zz_area_code` VALUES (520328000000, '湄潭县', 3, 520300000000);
INSERT INTO `zz_area_code` VALUES (520329000000, '余庆县', 3, 520300000000);
INSERT INTO `zz_area_code` VALUES (520330000000, '习水县', 3, 520300000000);
INSERT INTO `zz_area_code` VALUES (520381000000, '赤水市', 3, 520300000000);
INSERT INTO `zz_area_code` VALUES (520382000000, '仁怀市', 3, 520300000000);
INSERT INTO `zz_area_code` VALUES (520400000000, '安顺市', 2, 520000000000);
INSERT INTO `zz_area_code` VALUES (520401000000, '市辖区', 3, 520400000000);
INSERT INTO `zz_area_code` VALUES (520402000000, '西秀区', 3, 520400000000);
INSERT INTO `zz_area_code` VALUES (520403000000, '平坝区', 3, 520400000000);
INSERT INTO `zz_area_code` VALUES (520422000000, '普定县', 3, 520400000000);
INSERT INTO `zz_area_code` VALUES (520423000000, '镇宁布依族苗族自治县', 3, 520400000000);
INSERT INTO `zz_area_code` VALUES (520424000000, '关岭布依族苗族自治县', 3, 520400000000);
INSERT INTO `zz_area_code` VALUES (520425000000, '紫云苗族布依族自治县', 3, 520400000000);
INSERT INTO `zz_area_code` VALUES (520500000000, '毕节市', 2, 520000000000);
INSERT INTO `zz_area_code` VALUES (520501000000, '市辖区', 3, 520500000000);
INSERT INTO `zz_area_code` VALUES (520502000000, '七星关区', 3, 520500000000);
INSERT INTO `zz_area_code` VALUES (520521000000, '大方县', 3, 520500000000);
INSERT INTO `zz_area_code` VALUES (520522000000, '黔西县', 3, 520500000000);
INSERT INTO `zz_area_code` VALUES (520523000000, '金沙县', 3, 520500000000);
INSERT INTO `zz_area_code` VALUES (520524000000, '织金县', 3, 520500000000);
INSERT INTO `zz_area_code` VALUES (520525000000, '纳雍县', 3, 520500000000);
INSERT INTO `zz_area_code` VALUES (520526000000, '威宁彝族回族苗族自治县', 3, 520500000000);
INSERT INTO `zz_area_code` VALUES (520527000000, '赫章县', 3, 520500000000);
INSERT INTO `zz_area_code` VALUES (520600000000, '铜仁市', 2, 520000000000);
INSERT INTO `zz_area_code` VALUES (520601000000, '市辖区', 3, 520600000000);
INSERT INTO `zz_area_code` VALUES (520602000000, '碧江区', 3, 520600000000);
INSERT INTO `zz_area_code` VALUES (520603000000, '万山区', 3, 520600000000);
INSERT INTO `zz_area_code` VALUES (520621000000, '江口县', 3, 520600000000);
INSERT INTO `zz_area_code` VALUES (520622000000, '玉屏侗族自治县', 3, 520600000000);
INSERT INTO `zz_area_code` VALUES (520623000000, '石阡县', 3, 520600000000);
INSERT INTO `zz_area_code` VALUES (520624000000, '思南县', 3, 520600000000);
INSERT INTO `zz_area_code` VALUES (520625000000, '印江土家族苗族自治县', 3, 520600000000);
INSERT INTO `zz_area_code` VALUES (520626000000, '德江县', 3, 520600000000);
INSERT INTO `zz_area_code` VALUES (520627000000, '沿河土家族自治县', 3, 520600000000);
INSERT INTO `zz_area_code` VALUES (520628000000, '松桃苗族自治县', 3, 520600000000);
INSERT INTO `zz_area_code` VALUES (522300000000, '黔西南布依族苗族自治州', 2, 520000000000);
INSERT INTO `zz_area_code` VALUES (522301000000, '兴义市', 3, 522300000000);
INSERT INTO `zz_area_code` VALUES (522302000000, '兴仁市', 3, 522300000000);
INSERT INTO `zz_area_code` VALUES (522323000000, '普安县', 3, 522300000000);
INSERT INTO `zz_area_code` VALUES (522324000000, '晴隆县', 3, 522300000000);
INSERT INTO `zz_area_code` VALUES (522325000000, '贞丰县', 3, 522300000000);
INSERT INTO `zz_area_code` VALUES (522326000000, '望谟县', 3, 522300000000);
INSERT INTO `zz_area_code` VALUES (522327000000, '册亨县', 3, 522300000000);
INSERT INTO `zz_area_code` VALUES (522328000000, '安龙县', 3, 522300000000);
INSERT INTO `zz_area_code` VALUES (522600000000, '黔东南苗族侗族自治州', 2, 520000000000);
INSERT INTO `zz_area_code` VALUES (522601000000, '凯里市', 3, 522600000000);
INSERT INTO `zz_area_code` VALUES (522622000000, '黄平县', 3, 522600000000);
INSERT INTO `zz_area_code` VALUES (522623000000, '施秉县', 3, 522600000000);
INSERT INTO `zz_area_code` VALUES (522624000000, '三穗县', 3, 522600000000);
INSERT INTO `zz_area_code` VALUES (522625000000, '镇远县', 3, 522600000000);
INSERT INTO `zz_area_code` VALUES (522626000000, '岑巩县', 3, 522600000000);
INSERT INTO `zz_area_code` VALUES (522627000000, '天柱县', 3, 522600000000);
INSERT INTO `zz_area_code` VALUES (522628000000, '锦屏县', 3, 522600000000);
INSERT INTO `zz_area_code` VALUES (522629000000, '剑河县', 3, 522600000000);
INSERT INTO `zz_area_code` VALUES (522630000000, '台江县', 3, 522600000000);
INSERT INTO `zz_area_code` VALUES (522631000000, '黎平县', 3, 522600000000);
INSERT INTO `zz_area_code` VALUES (522632000000, '榕江县', 3, 522600000000);
INSERT INTO `zz_area_code` VALUES (522633000000, '从江县', 3, 522600000000);
INSERT INTO `zz_area_code` VALUES (522634000000, '雷山县', 3, 522600000000);
INSERT INTO `zz_area_code` VALUES (522635000000, '麻江县', 3, 522600000000);
INSERT INTO `zz_area_code` VALUES (522636000000, '丹寨县', 3, 522600000000);
INSERT INTO `zz_area_code` VALUES (522700000000, '黔南布依族苗族自治州', 2, 520000000000);
INSERT INTO `zz_area_code` VALUES (522701000000, '都匀市', 3, 522700000000);
INSERT INTO `zz_area_code` VALUES (522702000000, '福泉市', 3, 522700000000);
INSERT INTO `zz_area_code` VALUES (522722000000, '荔波县', 3, 522700000000);
INSERT INTO `zz_area_code` VALUES (522723000000, '贵定县', 3, 522700000000);
INSERT INTO `zz_area_code` VALUES (522725000000, '瓮安县', 3, 522700000000);
INSERT INTO `zz_area_code` VALUES (522726000000, '独山县', 3, 522700000000);
INSERT INTO `zz_area_code` VALUES (522727000000, '平塘县', 3, 522700000000);
INSERT INTO `zz_area_code` VALUES (522728000000, '罗甸县', 3, 522700000000);
INSERT INTO `zz_area_code` VALUES (522729000000, '长顺县', 3, 522700000000);
INSERT INTO `zz_area_code` VALUES (522730000000, '龙里县', 3, 522700000000);
INSERT INTO `zz_area_code` VALUES (522731000000, '惠水县', 3, 522700000000);
INSERT INTO `zz_area_code` VALUES (522732000000, '三都水族自治县', 3, 522700000000);
INSERT INTO `zz_area_code` VALUES (530000000000, '云南省', 1, NULL);
INSERT INTO `zz_area_code` VALUES (530100000000, '昆明市', 2, 530000000000);
INSERT INTO `zz_area_code` VALUES (530101000000, '市辖区', 3, 530100000000);
INSERT INTO `zz_area_code` VALUES (530102000000, '五华区', 3, 530100000000);
INSERT INTO `zz_area_code` VALUES (530103000000, '盘龙区', 3, 530100000000);
INSERT INTO `zz_area_code` VALUES (530111000000, '官渡区', 3, 530100000000);
INSERT INTO `zz_area_code` VALUES (530112000000, '西山区', 3, 530100000000);
INSERT INTO `zz_area_code` VALUES (530113000000, '东川区', 3, 530100000000);
INSERT INTO `zz_area_code` VALUES (530114000000, '呈贡区', 3, 530100000000);
INSERT INTO `zz_area_code` VALUES (530115000000, '晋宁区', 3, 530100000000);
INSERT INTO `zz_area_code` VALUES (530124000000, '富民县', 3, 530100000000);
INSERT INTO `zz_area_code` VALUES (530125000000, '宜良县', 3, 530100000000);
INSERT INTO `zz_area_code` VALUES (530126000000, '石林彝族自治县', 3, 530100000000);
INSERT INTO `zz_area_code` VALUES (530127000000, '嵩明县', 3, 530100000000);
INSERT INTO `zz_area_code` VALUES (530128000000, '禄劝彝族苗族自治县', 3, 530100000000);
INSERT INTO `zz_area_code` VALUES (530129000000, '寻甸回族彝族自治县', 3, 530100000000);
INSERT INTO `zz_area_code` VALUES (530181000000, '安宁市', 3, 530100000000);
INSERT INTO `zz_area_code` VALUES (530300000000, '曲靖市', 2, 530000000000);
INSERT INTO `zz_area_code` VALUES (530301000000, '市辖区', 3, 530300000000);
INSERT INTO `zz_area_code` VALUES (530302000000, '麒麟区', 3, 530300000000);
INSERT INTO `zz_area_code` VALUES (530303000000, '沾益区', 3, 530300000000);
INSERT INTO `zz_area_code` VALUES (530304000000, '马龙区', 3, 530300000000);
INSERT INTO `zz_area_code` VALUES (530322000000, '陆良县', 3, 530300000000);
INSERT INTO `zz_area_code` VALUES (530323000000, '师宗县', 3, 530300000000);
INSERT INTO `zz_area_code` VALUES (530324000000, '罗平县', 3, 530300000000);
INSERT INTO `zz_area_code` VALUES (530325000000, '富源县', 3, 530300000000);
INSERT INTO `zz_area_code` VALUES (530326000000, '会泽县', 3, 530300000000);
INSERT INTO `zz_area_code` VALUES (530381000000, '宣威市', 3, 530300000000);
INSERT INTO `zz_area_code` VALUES (530400000000, '玉溪市', 2, 530000000000);
INSERT INTO `zz_area_code` VALUES (530401000000, '市辖区', 3, 530400000000);
INSERT INTO `zz_area_code` VALUES (530402000000, '红塔区', 3, 530400000000);
INSERT INTO `zz_area_code` VALUES (530403000000, '江川区', 3, 530400000000);
INSERT INTO `zz_area_code` VALUES (530422000000, '澄江县', 3, 530400000000);
INSERT INTO `zz_area_code` VALUES (530423000000, '通海县', 3, 530400000000);
INSERT INTO `zz_area_code` VALUES (530424000000, '华宁县', 3, 530400000000);
INSERT INTO `zz_area_code` VALUES (530425000000, '易门县', 3, 530400000000);
INSERT INTO `zz_area_code` VALUES (530426000000, '峨山彝族自治县', 3, 530400000000);
INSERT INTO `zz_area_code` VALUES (530427000000, '新平彝族傣族自治县', 3, 530400000000);
INSERT INTO `zz_area_code` VALUES (530428000000, '元江哈尼族彝族傣族自治县', 3, 530400000000);
INSERT INTO `zz_area_code` VALUES (530500000000, '保山市', 2, 530000000000);
INSERT INTO `zz_area_code` VALUES (530501000000, '市辖区', 3, 530500000000);
INSERT INTO `zz_area_code` VALUES (530502000000, '隆阳区', 3, 530500000000);
INSERT INTO `zz_area_code` VALUES (530521000000, '施甸县', 3, 530500000000);
INSERT INTO `zz_area_code` VALUES (530523000000, '龙陵县', 3, 530500000000);
INSERT INTO `zz_area_code` VALUES (530524000000, '昌宁县', 3, 530500000000);
INSERT INTO `zz_area_code` VALUES (530581000000, '腾冲市', 3, 530500000000);
INSERT INTO `zz_area_code` VALUES (530600000000, '昭通市', 2, 530000000000);
INSERT INTO `zz_area_code` VALUES (530601000000, '市辖区', 3, 530600000000);
INSERT INTO `zz_area_code` VALUES (530602000000, '昭阳区', 3, 530600000000);
INSERT INTO `zz_area_code` VALUES (530621000000, '鲁甸县', 3, 530600000000);
INSERT INTO `zz_area_code` VALUES (530622000000, '巧家县', 3, 530600000000);
INSERT INTO `zz_area_code` VALUES (530623000000, '盐津县', 3, 530600000000);
INSERT INTO `zz_area_code` VALUES (530624000000, '大关县', 3, 530600000000);
INSERT INTO `zz_area_code` VALUES (530625000000, '永善县', 3, 530600000000);
INSERT INTO `zz_area_code` VALUES (530626000000, '绥江县', 3, 530600000000);
INSERT INTO `zz_area_code` VALUES (530627000000, '镇雄县', 3, 530600000000);
INSERT INTO `zz_area_code` VALUES (530628000000, '彝良县', 3, 530600000000);
INSERT INTO `zz_area_code` VALUES (530629000000, '威信县', 3, 530600000000);
INSERT INTO `zz_area_code` VALUES (530681000000, '水富市', 3, 530600000000);
INSERT INTO `zz_area_code` VALUES (530700000000, '丽江市', 2, 530000000000);
INSERT INTO `zz_area_code` VALUES (530701000000, '市辖区', 3, 530700000000);
INSERT INTO `zz_area_code` VALUES (530702000000, '古城区', 3, 530700000000);
INSERT INTO `zz_area_code` VALUES (530721000000, '玉龙纳西族自治县', 3, 530700000000);
INSERT INTO `zz_area_code` VALUES (530722000000, '永胜县', 3, 530700000000);
INSERT INTO `zz_area_code` VALUES (530723000000, '华坪县', 3, 530700000000);
INSERT INTO `zz_area_code` VALUES (530724000000, '宁蒗彝族自治县', 3, 530700000000);
INSERT INTO `zz_area_code` VALUES (530800000000, '普洱市', 2, 530000000000);
INSERT INTO `zz_area_code` VALUES (530801000000, '市辖区', 3, 530800000000);
INSERT INTO `zz_area_code` VALUES (530802000000, '思茅区', 3, 530800000000);
INSERT INTO `zz_area_code` VALUES (530821000000, '宁洱哈尼族彝族自治县', 3, 530800000000);
INSERT INTO `zz_area_code` VALUES (530822000000, '墨江哈尼族自治县', 3, 530800000000);
INSERT INTO `zz_area_code` VALUES (530823000000, '景东彝族自治县', 3, 530800000000);
INSERT INTO `zz_area_code` VALUES (530824000000, '景谷傣族彝族自治县', 3, 530800000000);
INSERT INTO `zz_area_code` VALUES (530825000000, '镇沅彝族哈尼族拉祜族自治县', 3, 530800000000);
INSERT INTO `zz_area_code` VALUES (530826000000, '江城哈尼族彝族自治县', 3, 530800000000);
INSERT INTO `zz_area_code` VALUES (530827000000, '孟连傣族拉祜族佤族自治县', 3, 530800000000);
INSERT INTO `zz_area_code` VALUES (530828000000, '澜沧拉祜族自治县', 3, 530800000000);
INSERT INTO `zz_area_code` VALUES (530829000000, '西盟佤族自治县', 3, 530800000000);
INSERT INTO `zz_area_code` VALUES (530900000000, '临沧市', 2, 530000000000);
INSERT INTO `zz_area_code` VALUES (530901000000, '市辖区', 3, 530900000000);
INSERT INTO `zz_area_code` VALUES (530902000000, '临翔区', 3, 530900000000);
INSERT INTO `zz_area_code` VALUES (530921000000, '凤庆县', 3, 530900000000);
INSERT INTO `zz_area_code` VALUES (530922000000, '云县', 3, 530900000000);
INSERT INTO `zz_area_code` VALUES (530923000000, '永德县', 3, 530900000000);
INSERT INTO `zz_area_code` VALUES (530924000000, '镇康县', 3, 530900000000);
INSERT INTO `zz_area_code` VALUES (530925000000, '双江拉祜族佤族布朗族傣族自治县', 3, 530900000000);
INSERT INTO `zz_area_code` VALUES (530926000000, '耿马傣族佤族自治县', 3, 530900000000);
INSERT INTO `zz_area_code` VALUES (530927000000, '沧源佤族自治县', 3, 530900000000);
INSERT INTO `zz_area_code` VALUES (532300000000, '楚雄彝族自治州', 2, 530000000000);
INSERT INTO `zz_area_code` VALUES (532301000000, '楚雄市', 3, 532300000000);
INSERT INTO `zz_area_code` VALUES (532322000000, '双柏县', 3, 532300000000);
INSERT INTO `zz_area_code` VALUES (532323000000, '牟定县', 3, 532300000000);
INSERT INTO `zz_area_code` VALUES (532324000000, '南华县', 3, 532300000000);
INSERT INTO `zz_area_code` VALUES (532325000000, '姚安县', 3, 532300000000);
INSERT INTO `zz_area_code` VALUES (532326000000, '大姚县', 3, 532300000000);
INSERT INTO `zz_area_code` VALUES (532327000000, '永仁县', 3, 532300000000);
INSERT INTO `zz_area_code` VALUES (532328000000, '元谋县', 3, 532300000000);
INSERT INTO `zz_area_code` VALUES (532329000000, '武定县', 3, 532300000000);
INSERT INTO `zz_area_code` VALUES (532331000000, '禄丰县', 3, 532300000000);
INSERT INTO `zz_area_code` VALUES (532500000000, '红河哈尼族彝族自治州', 2, 530000000000);
INSERT INTO `zz_area_code` VALUES (532501000000, '个旧市', 3, 532500000000);
INSERT INTO `zz_area_code` VALUES (532502000000, '开远市', 3, 532500000000);
INSERT INTO `zz_area_code` VALUES (532503000000, '蒙自市', 3, 532500000000);
INSERT INTO `zz_area_code` VALUES (532504000000, '弥勒市', 3, 532500000000);
INSERT INTO `zz_area_code` VALUES (532523000000, '屏边苗族自治县', 3, 532500000000);
INSERT INTO `zz_area_code` VALUES (532524000000, '建水县', 3, 532500000000);
INSERT INTO `zz_area_code` VALUES (532525000000, '石屏县', 3, 532500000000);
INSERT INTO `zz_area_code` VALUES (532527000000, '泸西县', 3, 532500000000);
INSERT INTO `zz_area_code` VALUES (532528000000, '元阳县', 3, 532500000000);
INSERT INTO `zz_area_code` VALUES (532529000000, '红河县', 3, 532500000000);
INSERT INTO `zz_area_code` VALUES (532530000000, '金平苗族瑶族傣族自治县', 3, 532500000000);
INSERT INTO `zz_area_code` VALUES (532531000000, '绿春县', 3, 532500000000);
INSERT INTO `zz_area_code` VALUES (532532000000, '河口瑶族自治县', 3, 532500000000);
INSERT INTO `zz_area_code` VALUES (532600000000, '文山壮族苗族自治州', 2, 530000000000);
INSERT INTO `zz_area_code` VALUES (532601000000, '文山市', 3, 532600000000);
INSERT INTO `zz_area_code` VALUES (532622000000, '砚山县', 3, 532600000000);
INSERT INTO `zz_area_code` VALUES (532623000000, '西畴县', 3, 532600000000);
INSERT INTO `zz_area_code` VALUES (532624000000, '麻栗坡县', 3, 532600000000);
INSERT INTO `zz_area_code` VALUES (532625000000, '马关县', 3, 532600000000);
INSERT INTO `zz_area_code` VALUES (532626000000, '丘北县', 3, 532600000000);
INSERT INTO `zz_area_code` VALUES (532627000000, '广南县', 3, 532600000000);
INSERT INTO `zz_area_code` VALUES (532628000000, '富宁县', 3, 532600000000);
INSERT INTO `zz_area_code` VALUES (532800000000, '西双版纳傣族自治州', 2, 530000000000);
INSERT INTO `zz_area_code` VALUES (532801000000, '景洪市', 3, 532800000000);
INSERT INTO `zz_area_code` VALUES (532822000000, '勐海县', 3, 532800000000);
INSERT INTO `zz_area_code` VALUES (532823000000, '勐腊县', 3, 532800000000);
INSERT INTO `zz_area_code` VALUES (532900000000, '大理白族自治州', 2, 530000000000);
INSERT INTO `zz_area_code` VALUES (532901000000, '大理市', 3, 532900000000);
INSERT INTO `zz_area_code` VALUES (532922000000, '漾濞彝族自治县', 3, 532900000000);
INSERT INTO `zz_area_code` VALUES (532923000000, '祥云县', 3, 532900000000);
INSERT INTO `zz_area_code` VALUES (532924000000, '宾川县', 3, 532900000000);
INSERT INTO `zz_area_code` VALUES (532925000000, '弥渡县', 3, 532900000000);
INSERT INTO `zz_area_code` VALUES (532926000000, '南涧彝族自治县', 3, 532900000000);
INSERT INTO `zz_area_code` VALUES (532927000000, '巍山彝族回族自治县', 3, 532900000000);
INSERT INTO `zz_area_code` VALUES (532928000000, '永平县', 3, 532900000000);
INSERT INTO `zz_area_code` VALUES (532929000000, '云龙县', 3, 532900000000);
INSERT INTO `zz_area_code` VALUES (532930000000, '洱源县', 3, 532900000000);
INSERT INTO `zz_area_code` VALUES (532931000000, '剑川县', 3, 532900000000);
INSERT INTO `zz_area_code` VALUES (532932000000, '鹤庆县', 3, 532900000000);
INSERT INTO `zz_area_code` VALUES (533100000000, '德宏傣族景颇族自治州', 2, 530000000000);
INSERT INTO `zz_area_code` VALUES (533102000000, '瑞丽市', 3, 533100000000);
INSERT INTO `zz_area_code` VALUES (533103000000, '芒市', 3, 533100000000);
INSERT INTO `zz_area_code` VALUES (533122000000, '梁河县', 3, 533100000000);
INSERT INTO `zz_area_code` VALUES (533123000000, '盈江县', 3, 533100000000);
INSERT INTO `zz_area_code` VALUES (533124000000, '陇川县', 3, 533100000000);
INSERT INTO `zz_area_code` VALUES (533300000000, '怒江傈僳族自治州', 2, 530000000000);
INSERT INTO `zz_area_code` VALUES (533301000000, '泸水市', 3, 533300000000);
INSERT INTO `zz_area_code` VALUES (533323000000, '福贡县', 3, 533300000000);
INSERT INTO `zz_area_code` VALUES (533324000000, '贡山独龙族怒族自治县', 3, 533300000000);
INSERT INTO `zz_area_code` VALUES (533325000000, '兰坪白族普米族自治县', 3, 533300000000);
INSERT INTO `zz_area_code` VALUES (533400000000, '迪庆藏族自治州', 2, 530000000000);
INSERT INTO `zz_area_code` VALUES (533401000000, '香格里拉市', 3, 533400000000);
INSERT INTO `zz_area_code` VALUES (533422000000, '德钦县', 3, 533400000000);
INSERT INTO `zz_area_code` VALUES (533423000000, '维西傈僳族自治县', 3, 533400000000);
INSERT INTO `zz_area_code` VALUES (540000000000, '西藏自治区', 1, NULL);
INSERT INTO `zz_area_code` VALUES (540100000000, '拉萨市', 2, 540000000000);
INSERT INTO `zz_area_code` VALUES (540101000000, '市辖区', 3, 540100000000);
INSERT INTO `zz_area_code` VALUES (540102000000, '城关区', 3, 540100000000);
INSERT INTO `zz_area_code` VALUES (540103000000, '堆龙德庆区', 3, 540100000000);
INSERT INTO `zz_area_code` VALUES (540104000000, '达孜区', 3, 540100000000);
INSERT INTO `zz_area_code` VALUES (540121000000, '林周县', 3, 540100000000);
INSERT INTO `zz_area_code` VALUES (540122000000, '当雄县', 3, 540100000000);
INSERT INTO `zz_area_code` VALUES (540123000000, '尼木县', 3, 540100000000);
INSERT INTO `zz_area_code` VALUES (540124000000, '曲水县', 3, 540100000000);
INSERT INTO `zz_area_code` VALUES (540127000000, '墨竹工卡县', 3, 540100000000);
INSERT INTO `zz_area_code` VALUES (540171000000, '格尔木藏青工业园区', 3, 540100000000);
INSERT INTO `zz_area_code` VALUES (540172000000, '拉萨经济技术开发区', 3, 540100000000);
INSERT INTO `zz_area_code` VALUES (540173000000, '西藏文化旅游创意园区', 3, 540100000000);
INSERT INTO `zz_area_code` VALUES (540174000000, '达孜工业园区', 3, 540100000000);
INSERT INTO `zz_area_code` VALUES (540200000000, '日喀则市', 2, 540000000000);
INSERT INTO `zz_area_code` VALUES (540202000000, '桑珠孜区', 3, 540200000000);
INSERT INTO `zz_area_code` VALUES (540221000000, '南木林县', 3, 540200000000);
INSERT INTO `zz_area_code` VALUES (540222000000, '江孜县', 3, 540200000000);
INSERT INTO `zz_area_code` VALUES (540223000000, '定日县', 3, 540200000000);
INSERT INTO `zz_area_code` VALUES (540224000000, '萨迦县', 3, 540200000000);
INSERT INTO `zz_area_code` VALUES (540225000000, '拉孜县', 3, 540200000000);
INSERT INTO `zz_area_code` VALUES (540226000000, '昂仁县', 3, 540200000000);
INSERT INTO `zz_area_code` VALUES (540227000000, '谢通门县', 3, 540200000000);
INSERT INTO `zz_area_code` VALUES (540228000000, '白朗县', 3, 540200000000);
INSERT INTO `zz_area_code` VALUES (540229000000, '仁布县', 3, 540200000000);
INSERT INTO `zz_area_code` VALUES (540230000000, '康马县', 3, 540200000000);
INSERT INTO `zz_area_code` VALUES (540231000000, '定结县', 3, 540200000000);
INSERT INTO `zz_area_code` VALUES (540232000000, '仲巴县', 3, 540200000000);
INSERT INTO `zz_area_code` VALUES (540233000000, '亚东县', 3, 540200000000);
INSERT INTO `zz_area_code` VALUES (540234000000, '吉隆县', 3, 540200000000);
INSERT INTO `zz_area_code` VALUES (540235000000, '聂拉木县', 3, 540200000000);
INSERT INTO `zz_area_code` VALUES (540236000000, '萨嘎县', 3, 540200000000);
INSERT INTO `zz_area_code` VALUES (540237000000, '岗巴县', 3, 540200000000);
INSERT INTO `zz_area_code` VALUES (540300000000, '昌都市', 2, 540000000000);
INSERT INTO `zz_area_code` VALUES (540302000000, '卡若区', 3, 540300000000);
INSERT INTO `zz_area_code` VALUES (540321000000, '江达县', 3, 540300000000);
INSERT INTO `zz_area_code` VALUES (540322000000, '贡觉县', 3, 540300000000);
INSERT INTO `zz_area_code` VALUES (540323000000, '类乌齐县', 3, 540300000000);
INSERT INTO `zz_area_code` VALUES (540324000000, '丁青县', 3, 540300000000);
INSERT INTO `zz_area_code` VALUES (540325000000, '察雅县', 3, 540300000000);
INSERT INTO `zz_area_code` VALUES (540326000000, '八宿县', 3, 540300000000);
INSERT INTO `zz_area_code` VALUES (540327000000, '左贡县', 3, 540300000000);
INSERT INTO `zz_area_code` VALUES (540328000000, '芒康县', 3, 540300000000);
INSERT INTO `zz_area_code` VALUES (540329000000, '洛隆县', 3, 540300000000);
INSERT INTO `zz_area_code` VALUES (540330000000, '边坝县', 3, 540300000000);
INSERT INTO `zz_area_code` VALUES (540400000000, '林芝市', 2, 540000000000);
INSERT INTO `zz_area_code` VALUES (540402000000, '巴宜区', 3, 540400000000);
INSERT INTO `zz_area_code` VALUES (540421000000, '工布江达县', 3, 540400000000);
INSERT INTO `zz_area_code` VALUES (540422000000, '米林县', 3, 540400000000);
INSERT INTO `zz_area_code` VALUES (540423000000, '墨脱县', 3, 540400000000);
INSERT INTO `zz_area_code` VALUES (540424000000, '波密县', 3, 540400000000);
INSERT INTO `zz_area_code` VALUES (540425000000, '察隅县', 3, 540400000000);
INSERT INTO `zz_area_code` VALUES (540426000000, '朗县', 3, 540400000000);
INSERT INTO `zz_area_code` VALUES (540500000000, '山南市', 2, 540000000000);
INSERT INTO `zz_area_code` VALUES (540501000000, '市辖区', 3, 540500000000);
INSERT INTO `zz_area_code` VALUES (540502000000, '乃东区', 3, 540500000000);
INSERT INTO `zz_area_code` VALUES (540521000000, '扎囊县', 3, 540500000000);
INSERT INTO `zz_area_code` VALUES (540522000000, '贡嘎县', 3, 540500000000);
INSERT INTO `zz_area_code` VALUES (540523000000, '桑日县', 3, 540500000000);
INSERT INTO `zz_area_code` VALUES (540524000000, '琼结县', 3, 540500000000);
INSERT INTO `zz_area_code` VALUES (540525000000, '曲松县', 3, 540500000000);
INSERT INTO `zz_area_code` VALUES (540526000000, '措美县', 3, 540500000000);
INSERT INTO `zz_area_code` VALUES (540527000000, '洛扎县', 3, 540500000000);
INSERT INTO `zz_area_code` VALUES (540528000000, '加查县', 3, 540500000000);
INSERT INTO `zz_area_code` VALUES (540529000000, '隆子县', 3, 540500000000);
INSERT INTO `zz_area_code` VALUES (540530000000, '错那县', 3, 540500000000);
INSERT INTO `zz_area_code` VALUES (540531000000, '浪卡子县', 3, 540500000000);
INSERT INTO `zz_area_code` VALUES (540600000000, '那曲市', 2, 540000000000);
INSERT INTO `zz_area_code` VALUES (540602000000, '色尼区', 3, 540600000000);
INSERT INTO `zz_area_code` VALUES (540621000000, '嘉黎县', 3, 540600000000);
INSERT INTO `zz_area_code` VALUES (540622000000, '比如县', 3, 540600000000);
INSERT INTO `zz_area_code` VALUES (540623000000, '聂荣县', 3, 540600000000);
INSERT INTO `zz_area_code` VALUES (540624000000, '安多县', 3, 540600000000);
INSERT INTO `zz_area_code` VALUES (540625000000, '申扎县', 3, 540600000000);
INSERT INTO `zz_area_code` VALUES (540626000000, '索县', 3, 540600000000);
INSERT INTO `zz_area_code` VALUES (540627000000, '班戈县', 3, 540600000000);
INSERT INTO `zz_area_code` VALUES (540628000000, '巴青县', 3, 540600000000);
INSERT INTO `zz_area_code` VALUES (540629000000, '尼玛县', 3, 540600000000);
INSERT INTO `zz_area_code` VALUES (540630000000, '双湖县', 3, 540600000000);
INSERT INTO `zz_area_code` VALUES (542500000000, '阿里地区', 2, 540000000000);
INSERT INTO `zz_area_code` VALUES (542521000000, '普兰县', 3, 542500000000);
INSERT INTO `zz_area_code` VALUES (542522000000, '札达县', 3, 542500000000);
INSERT INTO `zz_area_code` VALUES (542523000000, '噶尔县', 3, 542500000000);
INSERT INTO `zz_area_code` VALUES (542524000000, '日土县', 3, 542500000000);
INSERT INTO `zz_area_code` VALUES (542525000000, '革吉县', 3, 542500000000);
INSERT INTO `zz_area_code` VALUES (542526000000, '改则县', 3, 542500000000);
INSERT INTO `zz_area_code` VALUES (542527000000, '措勤县', 3, 542500000000);
INSERT INTO `zz_area_code` VALUES (610000000000, '陕西省', 1, NULL);
INSERT INTO `zz_area_code` VALUES (610100000000, '西安市', 2, 610000000000);
INSERT INTO `zz_area_code` VALUES (610101000000, '市辖区', 3, 610100000000);
INSERT INTO `zz_area_code` VALUES (610102000000, '新城区', 3, 610100000000);
INSERT INTO `zz_area_code` VALUES (610103000000, '碑林区', 3, 610100000000);
INSERT INTO `zz_area_code` VALUES (610104000000, '莲湖区', 3, 610100000000);
INSERT INTO `zz_area_code` VALUES (610111000000, '灞桥区', 3, 610100000000);
INSERT INTO `zz_area_code` VALUES (610112000000, '未央区', 3, 610100000000);
INSERT INTO `zz_area_code` VALUES (610113000000, '雁塔区', 3, 610100000000);
INSERT INTO `zz_area_code` VALUES (610114000000, '阎良区', 3, 610100000000);
INSERT INTO `zz_area_code` VALUES (610115000000, '临潼区', 3, 610100000000);
INSERT INTO `zz_area_code` VALUES (610116000000, '长安区', 3, 610100000000);
INSERT INTO `zz_area_code` VALUES (610117000000, '高陵区', 3, 610100000000);
INSERT INTO `zz_area_code` VALUES (610118000000, '鄠邑区', 3, 610100000000);
INSERT INTO `zz_area_code` VALUES (610122000000, '蓝田县', 3, 610100000000);
INSERT INTO `zz_area_code` VALUES (610124000000, '周至县', 3, 610100000000);
INSERT INTO `zz_area_code` VALUES (610200000000, '铜川市', 2, 610000000000);
INSERT INTO `zz_area_code` VALUES (610201000000, '市辖区', 3, 610200000000);
INSERT INTO `zz_area_code` VALUES (610202000000, '王益区', 3, 610200000000);
INSERT INTO `zz_area_code` VALUES (610203000000, '印台区', 3, 610200000000);
INSERT INTO `zz_area_code` VALUES (610204000000, '耀州区', 3, 610200000000);
INSERT INTO `zz_area_code` VALUES (610222000000, '宜君县', 3, 610200000000);
INSERT INTO `zz_area_code` VALUES (610300000000, '宝鸡市', 2, 610000000000);
INSERT INTO `zz_area_code` VALUES (610301000000, '市辖区', 3, 610300000000);
INSERT INTO `zz_area_code` VALUES (610302000000, '渭滨区', 3, 610300000000);
INSERT INTO `zz_area_code` VALUES (610303000000, '金台区', 3, 610300000000);
INSERT INTO `zz_area_code` VALUES (610304000000, '陈仓区', 3, 610300000000);
INSERT INTO `zz_area_code` VALUES (610322000000, '凤翔县', 3, 610300000000);
INSERT INTO `zz_area_code` VALUES (610323000000, '岐山县', 3, 610300000000);
INSERT INTO `zz_area_code` VALUES (610324000000, '扶风县', 3, 610300000000);
INSERT INTO `zz_area_code` VALUES (610326000000, '眉县', 3, 610300000000);
INSERT INTO `zz_area_code` VALUES (610327000000, '陇县', 3, 610300000000);
INSERT INTO `zz_area_code` VALUES (610328000000, '千阳县', 3, 610300000000);
INSERT INTO `zz_area_code` VALUES (610329000000, '麟游县', 3, 610300000000);
INSERT INTO `zz_area_code` VALUES (610330000000, '凤县', 3, 610300000000);
INSERT INTO `zz_area_code` VALUES (610331000000, '太白县', 3, 610300000000);
INSERT INTO `zz_area_code` VALUES (610400000000, '咸阳市', 2, 610000000000);
INSERT INTO `zz_area_code` VALUES (610401000000, '市辖区', 3, 610400000000);
INSERT INTO `zz_area_code` VALUES (610402000000, '秦都区', 3, 610400000000);
INSERT INTO `zz_area_code` VALUES (610403000000, '杨陵区', 3, 610400000000);
INSERT INTO `zz_area_code` VALUES (610404000000, '渭城区', 3, 610400000000);
INSERT INTO `zz_area_code` VALUES (610422000000, '三原县', 3, 610400000000);
INSERT INTO `zz_area_code` VALUES (610423000000, '泾阳县', 3, 610400000000);
INSERT INTO `zz_area_code` VALUES (610424000000, '乾县', 3, 610400000000);
INSERT INTO `zz_area_code` VALUES (610425000000, '礼泉县', 3, 610400000000);
INSERT INTO `zz_area_code` VALUES (610426000000, '永寿县', 3, 610400000000);
INSERT INTO `zz_area_code` VALUES (610428000000, '长武县', 3, 610400000000);
INSERT INTO `zz_area_code` VALUES (610429000000, '旬邑县', 3, 610400000000);
INSERT INTO `zz_area_code` VALUES (610430000000, '淳化县', 3, 610400000000);
INSERT INTO `zz_area_code` VALUES (610431000000, '武功县', 3, 610400000000);
INSERT INTO `zz_area_code` VALUES (610481000000, '兴平市', 3, 610400000000);
INSERT INTO `zz_area_code` VALUES (610482000000, '彬州市', 3, 610400000000);
INSERT INTO `zz_area_code` VALUES (610500000000, '渭南市', 2, 610000000000);
INSERT INTO `zz_area_code` VALUES (610501000000, '市辖区', 3, 610500000000);
INSERT INTO `zz_area_code` VALUES (610502000000, '临渭区', 3, 610500000000);
INSERT INTO `zz_area_code` VALUES (610503000000, '华州区', 3, 610500000000);
INSERT INTO `zz_area_code` VALUES (610522000000, '潼关县', 3, 610500000000);
INSERT INTO `zz_area_code` VALUES (610523000000, '大荔县', 3, 610500000000);
INSERT INTO `zz_area_code` VALUES (610524000000, '合阳县', 3, 610500000000);
INSERT INTO `zz_area_code` VALUES (610525000000, '澄城县', 3, 610500000000);
INSERT INTO `zz_area_code` VALUES (610526000000, '蒲城县', 3, 610500000000);
INSERT INTO `zz_area_code` VALUES (610527000000, '白水县', 3, 610500000000);
INSERT INTO `zz_area_code` VALUES (610528000000, '富平县', 3, 610500000000);
INSERT INTO `zz_area_code` VALUES (610581000000, '韩城市', 3, 610500000000);
INSERT INTO `zz_area_code` VALUES (610582000000, '华阴市', 3, 610500000000);
INSERT INTO `zz_area_code` VALUES (610600000000, '延安市', 2, 610000000000);
INSERT INTO `zz_area_code` VALUES (610601000000, '市辖区', 3, 610600000000);
INSERT INTO `zz_area_code` VALUES (610602000000, '宝塔区', 3, 610600000000);
INSERT INTO `zz_area_code` VALUES (610603000000, '安塞区', 3, 610600000000);
INSERT INTO `zz_area_code` VALUES (610621000000, '延长县', 3, 610600000000);
INSERT INTO `zz_area_code` VALUES (610622000000, '延川县', 3, 610600000000);
INSERT INTO `zz_area_code` VALUES (610623000000, '子长县', 3, 610600000000);
INSERT INTO `zz_area_code` VALUES (610625000000, '志丹县', 3, 610600000000);
INSERT INTO `zz_area_code` VALUES (610626000000, '吴起县', 3, 610600000000);
INSERT INTO `zz_area_code` VALUES (610627000000, '甘泉县', 3, 610600000000);
INSERT INTO `zz_area_code` VALUES (610628000000, '富县', 3, 610600000000);
INSERT INTO `zz_area_code` VALUES (610629000000, '洛川县', 3, 610600000000);
INSERT INTO `zz_area_code` VALUES (610630000000, '宜川县', 3, 610600000000);
INSERT INTO `zz_area_code` VALUES (610631000000, '黄龙县', 3, 610600000000);
INSERT INTO `zz_area_code` VALUES (610632000000, '黄陵县', 3, 610600000000);
INSERT INTO `zz_area_code` VALUES (610700000000, '汉中市', 2, 610000000000);
INSERT INTO `zz_area_code` VALUES (610701000000, '市辖区', 3, 610700000000);
INSERT INTO `zz_area_code` VALUES (610702000000, '汉台区', 3, 610700000000);
INSERT INTO `zz_area_code` VALUES (610703000000, '南郑区', 3, 610700000000);
INSERT INTO `zz_area_code` VALUES (610722000000, '城固县', 3, 610700000000);
INSERT INTO `zz_area_code` VALUES (610723000000, '洋县', 3, 610700000000);
INSERT INTO `zz_area_code` VALUES (610724000000, '西乡县', 3, 610700000000);
INSERT INTO `zz_area_code` VALUES (610725000000, '勉县', 3, 610700000000);
INSERT INTO `zz_area_code` VALUES (610726000000, '宁强县', 3, 610700000000);
INSERT INTO `zz_area_code` VALUES (610727000000, '略阳县', 3, 610700000000);
INSERT INTO `zz_area_code` VALUES (610728000000, '镇巴县', 3, 610700000000);
INSERT INTO `zz_area_code` VALUES (610729000000, '留坝县', 3, 610700000000);
INSERT INTO `zz_area_code` VALUES (610730000000, '佛坪县', 3, 610700000000);
INSERT INTO `zz_area_code` VALUES (610800000000, '榆林市', 2, 610000000000);
INSERT INTO `zz_area_code` VALUES (610801000000, '市辖区', 3, 610800000000);
INSERT INTO `zz_area_code` VALUES (610802000000, '榆阳区', 3, 610800000000);
INSERT INTO `zz_area_code` VALUES (610803000000, '横山区', 3, 610800000000);
INSERT INTO `zz_area_code` VALUES (610822000000, '府谷县', 3, 610800000000);
INSERT INTO `zz_area_code` VALUES (610824000000, '靖边县', 3, 610800000000);
INSERT INTO `zz_area_code` VALUES (610825000000, '定边县', 3, 610800000000);
INSERT INTO `zz_area_code` VALUES (610826000000, '绥德县', 3, 610800000000);
INSERT INTO `zz_area_code` VALUES (610827000000, '米脂县', 3, 610800000000);
INSERT INTO `zz_area_code` VALUES (610828000000, '佳县', 3, 610800000000);
INSERT INTO `zz_area_code` VALUES (610829000000, '吴堡县', 3, 610800000000);
INSERT INTO `zz_area_code` VALUES (610830000000, '清涧县', 3, 610800000000);
INSERT INTO `zz_area_code` VALUES (610831000000, '子洲县', 3, 610800000000);
INSERT INTO `zz_area_code` VALUES (610881000000, '神木市', 3, 610800000000);
INSERT INTO `zz_area_code` VALUES (610900000000, '安康市', 2, 610000000000);
INSERT INTO `zz_area_code` VALUES (610901000000, '市辖区', 3, 610900000000);
INSERT INTO `zz_area_code` VALUES (610902000000, '汉滨区', 3, 610900000000);
INSERT INTO `zz_area_code` VALUES (610921000000, '汉阴县', 3, 610900000000);
INSERT INTO `zz_area_code` VALUES (610922000000, '石泉县', 3, 610900000000);
INSERT INTO `zz_area_code` VALUES (610923000000, '宁陕县', 3, 610900000000);
INSERT INTO `zz_area_code` VALUES (610924000000, '紫阳县', 3, 610900000000);
INSERT INTO `zz_area_code` VALUES (610925000000, '岚皋县', 3, 610900000000);
INSERT INTO `zz_area_code` VALUES (610926000000, '平利县', 3, 610900000000);
INSERT INTO `zz_area_code` VALUES (610927000000, '镇坪县', 3, 610900000000);
INSERT INTO `zz_area_code` VALUES (610928000000, '旬阳县', 3, 610900000000);
INSERT INTO `zz_area_code` VALUES (610929000000, '白河县', 3, 610900000000);
INSERT INTO `zz_area_code` VALUES (611000000000, '商洛市', 2, 610000000000);
INSERT INTO `zz_area_code` VALUES (611001000000, '市辖区', 3, 611000000000);
INSERT INTO `zz_area_code` VALUES (611002000000, '商州区', 3, 611000000000);
INSERT INTO `zz_area_code` VALUES (611021000000, '洛南县', 3, 611000000000);
INSERT INTO `zz_area_code` VALUES (611022000000, '丹凤县', 3, 611000000000);
INSERT INTO `zz_area_code` VALUES (611023000000, '商南县', 3, 611000000000);
INSERT INTO `zz_area_code` VALUES (611024000000, '山阳县', 3, 611000000000);
INSERT INTO `zz_area_code` VALUES (611025000000, '镇安县', 3, 611000000000);
INSERT INTO `zz_area_code` VALUES (611026000000, '柞水县', 3, 611000000000);
INSERT INTO `zz_area_code` VALUES (620000000000, '甘肃省', 1, NULL);
INSERT INTO `zz_area_code` VALUES (620100000000, '兰州市', 2, 620000000000);
INSERT INTO `zz_area_code` VALUES (620101000000, '市辖区', 3, 620100000000);
INSERT INTO `zz_area_code` VALUES (620102000000, '城关区', 3, 620100000000);
INSERT INTO `zz_area_code` VALUES (620103000000, '七里河区', 3, 620100000000);
INSERT INTO `zz_area_code` VALUES (620104000000, '西固区', 3, 620100000000);
INSERT INTO `zz_area_code` VALUES (620105000000, '安宁区', 3, 620100000000);
INSERT INTO `zz_area_code` VALUES (620111000000, '红古区', 3, 620100000000);
INSERT INTO `zz_area_code` VALUES (620121000000, '永登县', 3, 620100000000);
INSERT INTO `zz_area_code` VALUES (620122000000, '皋兰县', 3, 620100000000);
INSERT INTO `zz_area_code` VALUES (620123000000, '榆中县', 3, 620100000000);
INSERT INTO `zz_area_code` VALUES (620171000000, '兰州新区', 3, 620100000000);
INSERT INTO `zz_area_code` VALUES (620200000000, '嘉峪关市', 2, 620000000000);
INSERT INTO `zz_area_code` VALUES (620201000000, '市辖区', 3, 620200000000);
INSERT INTO `zz_area_code` VALUES (620300000000, '金昌市', 2, 620000000000);
INSERT INTO `zz_area_code` VALUES (620301000000, '市辖区', 3, 620300000000);
INSERT INTO `zz_area_code` VALUES (620302000000, '金川区', 3, 620300000000);
INSERT INTO `zz_area_code` VALUES (620321000000, '永昌县', 3, 620300000000);
INSERT INTO `zz_area_code` VALUES (620400000000, '白银市', 2, 620000000000);
INSERT INTO `zz_area_code` VALUES (620401000000, '市辖区', 3, 620400000000);
INSERT INTO `zz_area_code` VALUES (620402000000, '白银区', 3, 620400000000);
INSERT INTO `zz_area_code` VALUES (620403000000, '平川区', 3, 620400000000);
INSERT INTO `zz_area_code` VALUES (620421000000, '靖远县', 3, 620400000000);
INSERT INTO `zz_area_code` VALUES (620422000000, '会宁县', 3, 620400000000);
INSERT INTO `zz_area_code` VALUES (620423000000, '景泰县', 3, 620400000000);
INSERT INTO `zz_area_code` VALUES (620500000000, '天水市', 2, 620000000000);
INSERT INTO `zz_area_code` VALUES (620501000000, '市辖区', 3, 620500000000);
INSERT INTO `zz_area_code` VALUES (620502000000, '秦州区', 3, 620500000000);
INSERT INTO `zz_area_code` VALUES (620503000000, '麦积区', 3, 620500000000);
INSERT INTO `zz_area_code` VALUES (620521000000, '清水县', 3, 620500000000);
INSERT INTO `zz_area_code` VALUES (620522000000, '秦安县', 3, 620500000000);
INSERT INTO `zz_area_code` VALUES (620523000000, '甘谷县', 3, 620500000000);
INSERT INTO `zz_area_code` VALUES (620524000000, '武山县', 3, 620500000000);
INSERT INTO `zz_area_code` VALUES (620525000000, '张家川回族自治县', 3, 620500000000);
INSERT INTO `zz_area_code` VALUES (620600000000, '武威市', 2, 620000000000);
INSERT INTO `zz_area_code` VALUES (620601000000, '市辖区', 3, 620600000000);
INSERT INTO `zz_area_code` VALUES (620602000000, '凉州区', 3, 620600000000);
INSERT INTO `zz_area_code` VALUES (620621000000, '民勤县', 3, 620600000000);
INSERT INTO `zz_area_code` VALUES (620622000000, '古浪县', 3, 620600000000);
INSERT INTO `zz_area_code` VALUES (620623000000, '天祝藏族自治县', 3, 620600000000);
INSERT INTO `zz_area_code` VALUES (620700000000, '张掖市', 2, 620000000000);
INSERT INTO `zz_area_code` VALUES (620701000000, '市辖区', 3, 620700000000);
INSERT INTO `zz_area_code` VALUES (620702000000, '甘州区', 3, 620700000000);
INSERT INTO `zz_area_code` VALUES (620721000000, '肃南裕固族自治县', 3, 620700000000);
INSERT INTO `zz_area_code` VALUES (620722000000, '民乐县', 3, 620700000000);
INSERT INTO `zz_area_code` VALUES (620723000000, '临泽县', 3, 620700000000);
INSERT INTO `zz_area_code` VALUES (620724000000, '高台县', 3, 620700000000);
INSERT INTO `zz_area_code` VALUES (620725000000, '山丹县', 3, 620700000000);
INSERT INTO `zz_area_code` VALUES (620800000000, '平凉市', 2, 620000000000);
INSERT INTO `zz_area_code` VALUES (620801000000, '市辖区', 3, 620800000000);
INSERT INTO `zz_area_code` VALUES (620802000000, '崆峒区', 3, 620800000000);
INSERT INTO `zz_area_code` VALUES (620821000000, '泾川县', 3, 620800000000);
INSERT INTO `zz_area_code` VALUES (620822000000, '灵台县', 3, 620800000000);
INSERT INTO `zz_area_code` VALUES (620823000000, '崇信县', 3, 620800000000);
INSERT INTO `zz_area_code` VALUES (620825000000, '庄浪县', 3, 620800000000);
INSERT INTO `zz_area_code` VALUES (620826000000, '静宁县', 3, 620800000000);
INSERT INTO `zz_area_code` VALUES (620881000000, '华亭市', 3, 620800000000);
INSERT INTO `zz_area_code` VALUES (620900000000, '酒泉市', 2, 620000000000);
INSERT INTO `zz_area_code` VALUES (620901000000, '市辖区', 3, 620900000000);
INSERT INTO `zz_area_code` VALUES (620902000000, '肃州区', 3, 620900000000);
INSERT INTO `zz_area_code` VALUES (620921000000, '金塔县', 3, 620900000000);
INSERT INTO `zz_area_code` VALUES (620922000000, '瓜州县', 3, 620900000000);
INSERT INTO `zz_area_code` VALUES (620923000000, '肃北蒙古族自治县', 3, 620900000000);
INSERT INTO `zz_area_code` VALUES (620924000000, '阿克塞哈萨克族自治县', 3, 620900000000);
INSERT INTO `zz_area_code` VALUES (620981000000, '玉门市', 3, 620900000000);
INSERT INTO `zz_area_code` VALUES (620982000000, '敦煌市', 3, 620900000000);
INSERT INTO `zz_area_code` VALUES (621000000000, '庆阳市', 2, 620000000000);
INSERT INTO `zz_area_code` VALUES (621001000000, '市辖区', 3, 621000000000);
INSERT INTO `zz_area_code` VALUES (621002000000, '西峰区', 3, 621000000000);
INSERT INTO `zz_area_code` VALUES (621021000000, '庆城县', 3, 621000000000);
INSERT INTO `zz_area_code` VALUES (621022000000, '环县', 3, 621000000000);
INSERT INTO `zz_area_code` VALUES (621023000000, '华池县', 3, 621000000000);
INSERT INTO `zz_area_code` VALUES (621024000000, '合水县', 3, 621000000000);
INSERT INTO `zz_area_code` VALUES (621025000000, '正宁县', 3, 621000000000);
INSERT INTO `zz_area_code` VALUES (621026000000, '宁县', 3, 621000000000);
INSERT INTO `zz_area_code` VALUES (621027000000, '镇原县', 3, 621000000000);
INSERT INTO `zz_area_code` VALUES (621100000000, '定西市', 2, 620000000000);
INSERT INTO `zz_area_code` VALUES (621101000000, '市辖区', 3, 621100000000);
INSERT INTO `zz_area_code` VALUES (621102000000, '安定区', 3, 621100000000);
INSERT INTO `zz_area_code` VALUES (621121000000, '通渭县', 3, 621100000000);
INSERT INTO `zz_area_code` VALUES (621122000000, '陇西县', 3, 621100000000);
INSERT INTO `zz_area_code` VALUES (621123000000, '渭源县', 3, 621100000000);
INSERT INTO `zz_area_code` VALUES (621124000000, '临洮县', 3, 621100000000);
INSERT INTO `zz_area_code` VALUES (621125000000, '漳县', 3, 621100000000);
INSERT INTO `zz_area_code` VALUES (621126000000, '岷县', 3, 621100000000);
INSERT INTO `zz_area_code` VALUES (621200000000, '陇南市', 2, 620000000000);
INSERT INTO `zz_area_code` VALUES (621201000000, '市辖区', 3, 621200000000);
INSERT INTO `zz_area_code` VALUES (621202000000, '武都区', 3, 621200000000);
INSERT INTO `zz_area_code` VALUES (621221000000, '成县', 3, 621200000000);
INSERT INTO `zz_area_code` VALUES (621222000000, '文县', 3, 621200000000);
INSERT INTO `zz_area_code` VALUES (621223000000, '宕昌县', 3, 621200000000);
INSERT INTO `zz_area_code` VALUES (621224000000, '康县', 3, 621200000000);
INSERT INTO `zz_area_code` VALUES (621225000000, '西和县', 3, 621200000000);
INSERT INTO `zz_area_code` VALUES (621226000000, '礼县', 3, 621200000000);
INSERT INTO `zz_area_code` VALUES (621227000000, '徽县', 3, 621200000000);
INSERT INTO `zz_area_code` VALUES (621228000000, '两当县', 3, 621200000000);
INSERT INTO `zz_area_code` VALUES (622900000000, '临夏回族自治州', 2, 620000000000);
INSERT INTO `zz_area_code` VALUES (622901000000, '临夏市', 3, 622900000000);
INSERT INTO `zz_area_code` VALUES (622921000000, '临夏县', 3, 622900000000);
INSERT INTO `zz_area_code` VALUES (622922000000, '康乐县', 3, 622900000000);
INSERT INTO `zz_area_code` VALUES (622923000000, '永靖县', 3, 622900000000);
INSERT INTO `zz_area_code` VALUES (622924000000, '广河县', 3, 622900000000);
INSERT INTO `zz_area_code` VALUES (622925000000, '和政县', 3, 622900000000);
INSERT INTO `zz_area_code` VALUES (622926000000, '东乡族自治县', 3, 622900000000);
INSERT INTO `zz_area_code` VALUES (622927000000, '积石山保安族东乡族撒拉族自治县', 3, 622900000000);
INSERT INTO `zz_area_code` VALUES (623000000000, '甘南藏族自治州', 2, 620000000000);
INSERT INTO `zz_area_code` VALUES (623001000000, '合作市', 3, 623000000000);
INSERT INTO `zz_area_code` VALUES (623021000000, '临潭县', 3, 623000000000);
INSERT INTO `zz_area_code` VALUES (623022000000, '卓尼县', 3, 623000000000);
INSERT INTO `zz_area_code` VALUES (623023000000, '舟曲县', 3, 623000000000);
INSERT INTO `zz_area_code` VALUES (623024000000, '迭部县', 3, 623000000000);
INSERT INTO `zz_area_code` VALUES (623025000000, '玛曲县', 3, 623000000000);
INSERT INTO `zz_area_code` VALUES (623026000000, '碌曲县', 3, 623000000000);
INSERT INTO `zz_area_code` VALUES (623027000000, '夏河县', 3, 623000000000);
INSERT INTO `zz_area_code` VALUES (630000000000, '青海省', 1, NULL);
INSERT INTO `zz_area_code` VALUES (630100000000, '西宁市', 2, 630000000000);
INSERT INTO `zz_area_code` VALUES (630101000000, '市辖区', 3, 630100000000);
INSERT INTO `zz_area_code` VALUES (630102000000, '城东区', 3, 630100000000);
INSERT INTO `zz_area_code` VALUES (630103000000, '城中区', 3, 630100000000);
INSERT INTO `zz_area_code` VALUES (630104000000, '城西区', 3, 630100000000);
INSERT INTO `zz_area_code` VALUES (630105000000, '城北区', 3, 630100000000);
INSERT INTO `zz_area_code` VALUES (630121000000, '大通回族土族自治县', 3, 630100000000);
INSERT INTO `zz_area_code` VALUES (630122000000, '湟中县', 3, 630100000000);
INSERT INTO `zz_area_code` VALUES (630123000000, '湟源县', 3, 630100000000);
INSERT INTO `zz_area_code` VALUES (630200000000, '海东市', 2, 630000000000);
INSERT INTO `zz_area_code` VALUES (630202000000, '乐都区', 3, 630200000000);
INSERT INTO `zz_area_code` VALUES (630203000000, '平安区', 3, 630200000000);
INSERT INTO `zz_area_code` VALUES (630222000000, '民和回族土族自治县', 3, 630200000000);
INSERT INTO `zz_area_code` VALUES (630223000000, '互助土族自治县', 3, 630200000000);
INSERT INTO `zz_area_code` VALUES (630224000000, '化隆回族自治县', 3, 630200000000);
INSERT INTO `zz_area_code` VALUES (630225000000, '循化撒拉族自治县', 3, 630200000000);
INSERT INTO `zz_area_code` VALUES (632200000000, '海北藏族自治州', 2, 630000000000);
INSERT INTO `zz_area_code` VALUES (632221000000, '门源回族自治县', 3, 632200000000);
INSERT INTO `zz_area_code` VALUES (632222000000, '祁连县', 3, 632200000000);
INSERT INTO `zz_area_code` VALUES (632223000000, '海晏县', 3, 632200000000);
INSERT INTO `zz_area_code` VALUES (632224000000, '刚察县', 3, 632200000000);
INSERT INTO `zz_area_code` VALUES (632300000000, '黄南藏族自治州', 2, 630000000000);
INSERT INTO `zz_area_code` VALUES (632321000000, '同仁县', 3, 632300000000);
INSERT INTO `zz_area_code` VALUES (632322000000, '尖扎县', 3, 632300000000);
INSERT INTO `zz_area_code` VALUES (632323000000, '泽库县', 3, 632300000000);
INSERT INTO `zz_area_code` VALUES (632324000000, '河南蒙古族自治县', 3, 632300000000);
INSERT INTO `zz_area_code` VALUES (632500000000, '海南藏族自治州', 2, 630000000000);
INSERT INTO `zz_area_code` VALUES (632521000000, '共和县', 3, 632500000000);
INSERT INTO `zz_area_code` VALUES (632522000000, '同德县', 3, 632500000000);
INSERT INTO `zz_area_code` VALUES (632523000000, '贵德县', 3, 632500000000);
INSERT INTO `zz_area_code` VALUES (632524000000, '兴海县', 3, 632500000000);
INSERT INTO `zz_area_code` VALUES (632525000000, '贵南县', 3, 632500000000);
INSERT INTO `zz_area_code` VALUES (632600000000, '果洛藏族自治州', 2, 630000000000);
INSERT INTO `zz_area_code` VALUES (632621000000, '玛沁县', 3, 632600000000);
INSERT INTO `zz_area_code` VALUES (632622000000, '班玛县', 3, 632600000000);
INSERT INTO `zz_area_code` VALUES (632623000000, '甘德县', 3, 632600000000);
INSERT INTO `zz_area_code` VALUES (632624000000, '达日县', 3, 632600000000);
INSERT INTO `zz_area_code` VALUES (632625000000, '久治县', 3, 632600000000);
INSERT INTO `zz_area_code` VALUES (632626000000, '玛多县', 3, 632600000000);
INSERT INTO `zz_area_code` VALUES (632700000000, '玉树藏族自治州', 2, 630000000000);
INSERT INTO `zz_area_code` VALUES (632701000000, '玉树市', 3, 632700000000);
INSERT INTO `zz_area_code` VALUES (632722000000, '杂多县', 3, 632700000000);
INSERT INTO `zz_area_code` VALUES (632723000000, '称多县', 3, 632700000000);
INSERT INTO `zz_area_code` VALUES (632724000000, '治多县', 3, 632700000000);
INSERT INTO `zz_area_code` VALUES (632725000000, '囊谦县', 3, 632700000000);
INSERT INTO `zz_area_code` VALUES (632726000000, '曲麻莱县', 3, 632700000000);
INSERT INTO `zz_area_code` VALUES (632800000000, '海西蒙古族藏族自治州', 2, 630000000000);
INSERT INTO `zz_area_code` VALUES (632801000000, '格尔木市', 3, 632800000000);
INSERT INTO `zz_area_code` VALUES (632802000000, '德令哈市', 3, 632800000000);
INSERT INTO `zz_area_code` VALUES (632803000000, '茫崖市', 3, 632800000000);
INSERT INTO `zz_area_code` VALUES (632821000000, '乌兰县', 3, 632800000000);
INSERT INTO `zz_area_code` VALUES (632822000000, '都兰县', 3, 632800000000);
INSERT INTO `zz_area_code` VALUES (632823000000, '天峻县', 3, 632800000000);
INSERT INTO `zz_area_code` VALUES (632857000000, '大柴旦行政委员会', 3, 632800000000);
INSERT INTO `zz_area_code` VALUES (640000000000, '宁夏回族自治区', 1, NULL);
INSERT INTO `zz_area_code` VALUES (640100000000, '银川市', 2, 640000000000);
INSERT INTO `zz_area_code` VALUES (640101000000, '市辖区', 3, 640100000000);
INSERT INTO `zz_area_code` VALUES (640104000000, '兴庆区', 3, 640100000000);
INSERT INTO `zz_area_code` VALUES (640105000000, '西夏区', 3, 640100000000);
INSERT INTO `zz_area_code` VALUES (640106000000, '金凤区', 3, 640100000000);
INSERT INTO `zz_area_code` VALUES (640121000000, '永宁县', 3, 640100000000);
INSERT INTO `zz_area_code` VALUES (640122000000, '贺兰县', 3, 640100000000);
INSERT INTO `zz_area_code` VALUES (640181000000, '灵武市', 3, 640100000000);
INSERT INTO `zz_area_code` VALUES (640200000000, '石嘴山市', 2, 640000000000);
INSERT INTO `zz_area_code` VALUES (640201000000, '市辖区', 3, 640200000000);
INSERT INTO `zz_area_code` VALUES (640202000000, '大武口区', 3, 640200000000);
INSERT INTO `zz_area_code` VALUES (640205000000, '惠农区', 3, 640200000000);
INSERT INTO `zz_area_code` VALUES (640221000000, '平罗县', 3, 640200000000);
INSERT INTO `zz_area_code` VALUES (640300000000, '吴忠市', 2, 640000000000);
INSERT INTO `zz_area_code` VALUES (640301000000, '市辖区', 3, 640300000000);
INSERT INTO `zz_area_code` VALUES (640302000000, '利通区', 3, 640300000000);
INSERT INTO `zz_area_code` VALUES (640303000000, '红寺堡区', 3, 640300000000);
INSERT INTO `zz_area_code` VALUES (640323000000, '盐池县', 3, 640300000000);
INSERT INTO `zz_area_code` VALUES (640324000000, '同心县', 3, 640300000000);
INSERT INTO `zz_area_code` VALUES (640381000000, '青铜峡市', 3, 640300000000);
INSERT INTO `zz_area_code` VALUES (640400000000, '固原市', 2, 640000000000);
INSERT INTO `zz_area_code` VALUES (640401000000, '市辖区', 3, 640400000000);
INSERT INTO `zz_area_code` VALUES (640402000000, '原州区', 3, 640400000000);
INSERT INTO `zz_area_code` VALUES (640422000000, '西吉县', 3, 640400000000);
INSERT INTO `zz_area_code` VALUES (640423000000, '隆德县', 3, 640400000000);
INSERT INTO `zz_area_code` VALUES (640424000000, '泾源县', 3, 640400000000);
INSERT INTO `zz_area_code` VALUES (640425000000, '彭阳县', 3, 640400000000);
INSERT INTO `zz_area_code` VALUES (640500000000, '中卫市', 2, 640000000000);
INSERT INTO `zz_area_code` VALUES (640501000000, '市辖区', 3, 640500000000);
INSERT INTO `zz_area_code` VALUES (640502000000, '沙坡头区', 3, 640500000000);
INSERT INTO `zz_area_code` VALUES (640521000000, '中宁县', 3, 640500000000);
INSERT INTO `zz_area_code` VALUES (640522000000, '海原县', 3, 640500000000);
INSERT INTO `zz_area_code` VALUES (650000000000, '新疆维吾尔自治区', 1, NULL);
INSERT INTO `zz_area_code` VALUES (650100000000, '乌鲁木齐市', 2, 650000000000);
INSERT INTO `zz_area_code` VALUES (650101000000, '市辖区', 3, 650100000000);
INSERT INTO `zz_area_code` VALUES (650102000000, '天山区', 3, 650100000000);
INSERT INTO `zz_area_code` VALUES (650103000000, '沙依巴克区', 3, 650100000000);
INSERT INTO `zz_area_code` VALUES (650104000000, '新市区', 3, 650100000000);
INSERT INTO `zz_area_code` VALUES (650105000000, '水磨沟区', 3, 650100000000);
INSERT INTO `zz_area_code` VALUES (650106000000, '头屯河区', 3, 650100000000);
INSERT INTO `zz_area_code` VALUES (650107000000, '达坂城区', 3, 650100000000);
INSERT INTO `zz_area_code` VALUES (650109000000, '米东区', 3, 650100000000);
INSERT INTO `zz_area_code` VALUES (650121000000, '乌鲁木齐县', 3, 650100000000);
INSERT INTO `zz_area_code` VALUES (650171000000, '乌鲁木齐经济技术开发区', 3, 650100000000);
INSERT INTO `zz_area_code` VALUES (650172000000, '乌鲁木齐高新技术产业开发区', 3, 650100000000);
INSERT INTO `zz_area_code` VALUES (650200000000, '克拉玛依市', 2, 650000000000);
INSERT INTO `zz_area_code` VALUES (650201000000, '市辖区', 3, 650200000000);
INSERT INTO `zz_area_code` VALUES (650202000000, '独山子区', 3, 650200000000);
INSERT INTO `zz_area_code` VALUES (650203000000, '克拉玛依区', 3, 650200000000);
INSERT INTO `zz_area_code` VALUES (650204000000, '白碱滩区', 3, 650200000000);
INSERT INTO `zz_area_code` VALUES (650205000000, '乌尔禾区', 3, 650200000000);
INSERT INTO `zz_area_code` VALUES (650400000000, '吐鲁番市', 2, 650000000000);
INSERT INTO `zz_area_code` VALUES (650402000000, '高昌区', 3, 650400000000);
INSERT INTO `zz_area_code` VALUES (650421000000, '鄯善县', 3, 650400000000);
INSERT INTO `zz_area_code` VALUES (650422000000, '托克逊县', 3, 650400000000);
INSERT INTO `zz_area_code` VALUES (650500000000, '哈密市', 2, 650000000000);
INSERT INTO `zz_area_code` VALUES (650502000000, '伊州区', 3, 650500000000);
INSERT INTO `zz_area_code` VALUES (650521000000, '巴里坤哈萨克自治县', 3, 650500000000);
INSERT INTO `zz_area_code` VALUES (650522000000, '伊吾县', 3, 650500000000);
INSERT INTO `zz_area_code` VALUES (652300000000, '昌吉回族自治州', 2, 650000000000);
INSERT INTO `zz_area_code` VALUES (652301000000, '昌吉市', 3, 652300000000);
INSERT INTO `zz_area_code` VALUES (652302000000, '阜康市', 3, 652300000000);
INSERT INTO `zz_area_code` VALUES (652323000000, '呼图壁县', 3, 652300000000);
INSERT INTO `zz_area_code` VALUES (652324000000, '玛纳斯县', 3, 652300000000);
INSERT INTO `zz_area_code` VALUES (652325000000, '奇台县', 3, 652300000000);
INSERT INTO `zz_area_code` VALUES (652327000000, '吉木萨尔县', 3, 652300000000);
INSERT INTO `zz_area_code` VALUES (652328000000, '木垒哈萨克自治县', 3, 652300000000);
INSERT INTO `zz_area_code` VALUES (652700000000, '博尔塔拉蒙古自治州', 2, 650000000000);
INSERT INTO `zz_area_code` VALUES (652701000000, '博乐市', 3, 652700000000);
INSERT INTO `zz_area_code` VALUES (652702000000, '阿拉山口市', 3, 652700000000);
INSERT INTO `zz_area_code` VALUES (652722000000, '精河县', 3, 652700000000);
INSERT INTO `zz_area_code` VALUES (652723000000, '温泉县', 3, 652700000000);
INSERT INTO `zz_area_code` VALUES (652800000000, '巴音郭楞蒙古自治州', 2, 650000000000);
INSERT INTO `zz_area_code` VALUES (652801000000, '库尔勒市', 3, 652800000000);
INSERT INTO `zz_area_code` VALUES (652822000000, '轮台县', 3, 652800000000);
INSERT INTO `zz_area_code` VALUES (652823000000, '尉犁县', 3, 652800000000);
INSERT INTO `zz_area_code` VALUES (652824000000, '若羌县', 3, 652800000000);
INSERT INTO `zz_area_code` VALUES (652825000000, '且末县', 3, 652800000000);
INSERT INTO `zz_area_code` VALUES (652826000000, '焉耆回族自治县', 3, 652800000000);
INSERT INTO `zz_area_code` VALUES (652827000000, '和静县', 3, 652800000000);
INSERT INTO `zz_area_code` VALUES (652828000000, '和硕县', 3, 652800000000);
INSERT INTO `zz_area_code` VALUES (652829000000, '博湖县', 3, 652800000000);
INSERT INTO `zz_area_code` VALUES (652871000000, '库尔勒经济技术开发区', 3, 652800000000);
INSERT INTO `zz_area_code` VALUES (652900000000, '阿克苏地区', 2, 650000000000);
INSERT INTO `zz_area_code` VALUES (652901000000, '阿克苏市', 3, 652900000000);
INSERT INTO `zz_area_code` VALUES (652922000000, '温宿县', 3, 652900000000);
INSERT INTO `zz_area_code` VALUES (652923000000, '库车县', 3, 652900000000);
INSERT INTO `zz_area_code` VALUES (652924000000, '沙雅县', 3, 652900000000);
INSERT INTO `zz_area_code` VALUES (652925000000, '新和县', 3, 652900000000);
INSERT INTO `zz_area_code` VALUES (652926000000, '拜城县', 3, 652900000000);
INSERT INTO `zz_area_code` VALUES (652927000000, '乌什县', 3, 652900000000);
INSERT INTO `zz_area_code` VALUES (652928000000, '阿瓦提县', 3, 652900000000);
INSERT INTO `zz_area_code` VALUES (652929000000, '柯坪县', 3, 652900000000);
INSERT INTO `zz_area_code` VALUES (653000000000, '克孜勒苏柯尔克孜自治州', 2, 650000000000);
INSERT INTO `zz_area_code` VALUES (653001000000, '阿图什市', 3, 653000000000);
INSERT INTO `zz_area_code` VALUES (653022000000, '阿克陶县', 3, 653000000000);
INSERT INTO `zz_area_code` VALUES (653023000000, '阿合奇县', 3, 653000000000);
INSERT INTO `zz_area_code` VALUES (653024000000, '乌恰县', 3, 653000000000);
INSERT INTO `zz_area_code` VALUES (653100000000, '喀什地区', 2, 650000000000);
INSERT INTO `zz_area_code` VALUES (653101000000, '喀什市', 3, 653100000000);
INSERT INTO `zz_area_code` VALUES (653121000000, '疏附县', 3, 653100000000);
INSERT INTO `zz_area_code` VALUES (653122000000, '疏勒县', 3, 653100000000);
INSERT INTO `zz_area_code` VALUES (653123000000, '英吉沙县', 3, 653100000000);
INSERT INTO `zz_area_code` VALUES (653124000000, '泽普县', 3, 653100000000);
INSERT INTO `zz_area_code` VALUES (653125000000, '莎车县', 3, 653100000000);
INSERT INTO `zz_area_code` VALUES (653126000000, '叶城县', 3, 653100000000);
INSERT INTO `zz_area_code` VALUES (653127000000, '麦盖提县', 3, 653100000000);
INSERT INTO `zz_area_code` VALUES (653128000000, '岳普湖县', 3, 653100000000);
INSERT INTO `zz_area_code` VALUES (653129000000, '伽师县', 3, 653100000000);
INSERT INTO `zz_area_code` VALUES (653130000000, '巴楚县', 3, 653100000000);
INSERT INTO `zz_area_code` VALUES (653131000000, '塔什库尔干塔吉克自治县', 3, 653100000000);
INSERT INTO `zz_area_code` VALUES (653200000000, '和田地区', 2, 650000000000);
INSERT INTO `zz_area_code` VALUES (653201000000, '和田市', 3, 653200000000);
INSERT INTO `zz_area_code` VALUES (653221000000, '和田县', 3, 653200000000);
INSERT INTO `zz_area_code` VALUES (653222000000, '墨玉县', 3, 653200000000);
INSERT INTO `zz_area_code` VALUES (653223000000, '皮山县', 3, 653200000000);
INSERT INTO `zz_area_code` VALUES (653224000000, '洛浦县', 3, 653200000000);
INSERT INTO `zz_area_code` VALUES (653225000000, '策勒县', 3, 653200000000);
INSERT INTO `zz_area_code` VALUES (653226000000, '于田县', 3, 653200000000);
INSERT INTO `zz_area_code` VALUES (653227000000, '民丰县', 3, 653200000000);
INSERT INTO `zz_area_code` VALUES (654000000000, '伊犁哈萨克自治州', 2, 650000000000);
INSERT INTO `zz_area_code` VALUES (654002000000, '伊宁市', 3, 654000000000);
INSERT INTO `zz_area_code` VALUES (654003000000, '奎屯市', 3, 654000000000);
INSERT INTO `zz_area_code` VALUES (654004000000, '霍尔果斯市', 3, 654000000000);
INSERT INTO `zz_area_code` VALUES (654021000000, '伊宁县', 3, 654000000000);
INSERT INTO `zz_area_code` VALUES (654022000000, '察布查尔锡伯自治县', 3, 654000000000);
INSERT INTO `zz_area_code` VALUES (654023000000, '霍城县', 3, 654000000000);
INSERT INTO `zz_area_code` VALUES (654024000000, '巩留县', 3, 654000000000);
INSERT INTO `zz_area_code` VALUES (654025000000, '新源县', 3, 654000000000);
INSERT INTO `zz_area_code` VALUES (654026000000, '昭苏县', 3, 654000000000);
INSERT INTO `zz_area_code` VALUES (654027000000, '特克斯县', 3, 654000000000);
INSERT INTO `zz_area_code` VALUES (654028000000, '尼勒克县', 3, 654000000000);
INSERT INTO `zz_area_code` VALUES (654200000000, '塔城地区', 2, 650000000000);
INSERT INTO `zz_area_code` VALUES (654201000000, '塔城市', 3, 654200000000);
INSERT INTO `zz_area_code` VALUES (654202000000, '乌苏市', 3, 654200000000);
INSERT INTO `zz_area_code` VALUES (654221000000, '额敏县', 3, 654200000000);
INSERT INTO `zz_area_code` VALUES (654223000000, '沙湾县', 3, 654200000000);
INSERT INTO `zz_area_code` VALUES (654224000000, '托里县', 3, 654200000000);
INSERT INTO `zz_area_code` VALUES (654225000000, '裕民县', 3, 654200000000);
INSERT INTO `zz_area_code` VALUES (654226000000, '和布克赛尔蒙古自治县', 3, 654200000000);
INSERT INTO `zz_area_code` VALUES (654300000000, '阿勒泰地区', 2, 650000000000);
INSERT INTO `zz_area_code` VALUES (654301000000, '阿勒泰市', 3, 654300000000);
INSERT INTO `zz_area_code` VALUES (654321000000, '布尔津县', 3, 654300000000);
INSERT INTO `zz_area_code` VALUES (654322000000, '富蕴县', 3, 654300000000);
INSERT INTO `zz_area_code` VALUES (654323000000, '福海县', 3, 654300000000);
INSERT INTO `zz_area_code` VALUES (654324000000, '哈巴河县', 3, 654300000000);
INSERT INTO `zz_area_code` VALUES (654325000000, '青河县', 3, 654300000000);
INSERT INTO `zz_area_code` VALUES (654326000000, '吉木乃县', 3, 654300000000);
INSERT INTO `zz_area_code` VALUES (659000000000, '自治区直辖县级行政区划', 2, 650000000000);
INSERT INTO `zz_area_code` VALUES (659001000000, '石河子市', 3, 659000000000);
INSERT INTO `zz_area_code` VALUES (659002000000, '阿拉尔市', 3, 659000000000);
INSERT INTO `zz_area_code` VALUES (659003000000, '图木舒克市', 3, 659000000000);
INSERT INTO `zz_area_code` VALUES (659004000000, '五家渠市', 3, 659000000000);
INSERT INTO `zz_area_code` VALUES (659006000000, '铁门关市', 3, 659000000000);
COMMIT;

-- ----------------------------
-- Table structure for zz_flow_category
-- ----------------------------
DROP TABLE IF EXISTS `zz_flow_category`;
CREATE TABLE `zz_flow_category` (
  `category_id` bigint NOT NULL COMMENT '主键Id',
  `name` varchar(64) CHARACTER SET utf8mb4 COLLATE utf8mb4_bin NOT NULL COMMENT '显示名称',
  `code` varchar(64) CHARACTER SET utf8mb4 COLLATE utf8mb4_bin NOT NULL COMMENT '分类编码',
  `show_order` int NOT NULL COMMENT '实现顺序',
  `update_time` datetime NOT NULL COMMENT '更新时间',
  `update_user_id` bigint NOT NULL COMMENT '更新者Id',
  `create_time` datetime NOT NULL COMMENT '创建时间',
  `create_user_id` bigint NOT NULL COMMENT '创建者Id',
  PRIMARY KEY (`category_id`) USING BTREE,
  UNIQUE KEY `idx_code` (`code`) USING BTREE
) ENGINE=InnoDB DEFAULT CHARSET=utf8mb4 COLLATE=utf8mb4_bin;

-- ----------------------------
-- Records of zz_flow_category
-- ----------------------------
BEGIN;
INSERT INTO `zz_flow_category` VALUES (1450708275736612864, '人事管理', 'HR', 1, '2021-10-20 14:19:40', 1440911410581213417, '2021-10-20 14:19:40', 1440911410581213417);
INSERT INTO `zz_flow_category` VALUES (1450708314923995136, '财务管理', 'CW', 2, '2021-10-20 14:19:50', 1440911410581213417, '2021-10-20 14:19:50', 1440911410581213417);
INSERT INTO `zz_flow_category` VALUES (1450709110466023424, '项目管理', 'XM', 3, '2021-10-20 14:22:59', 1440911410581213417, '2021-10-20 14:22:59', 1440911410581213417);
COMMIT;

-- ----------------------------
-- Table structure for zz_flow_entry
-- ----------------------------
DROP TABLE IF EXISTS `zz_flow_entry`;
CREATE TABLE `zz_flow_entry` (
  `entry_id` bigint NOT NULL COMMENT '主键',
  `process_definition_name` varchar(200) NOT NULL COMMENT '流程名称',
  `process_definition_key` varchar(150) NOT NULL COMMENT '流程标识Key',
  `category_id` bigint NOT NULL COMMENT '流程分类',
  `main_entry_publish_id` bigint DEFAULT NULL COMMENT '工作流部署的发布主版本Id',
  `lastest_publish_time` datetime DEFAULT NULL COMMENT '最新发布时间',
  `status` int NOT NULL COMMENT '流程状态',
  `bpmn_xml` longtext COMMENT '流程定义的xml',
  `bind_form_type` int NOT NULL COMMENT '绑定表单类型',
  `page_id` bigint DEFAULT NULL COMMENT '在线表单的页面Id',
  `default_form_id` bigint DEFAULT NULL COMMENT '在线表单Id',
  `default_router_name` varchar(255) DEFAULT NULL COMMENT '静态表单的缺省路由名称',
  `update_time` datetime NOT NULL COMMENT '更新时间',
  `update_user_id` bigint NOT NULL COMMENT '更新者Id',
  `create_time` datetime NOT NULL COMMENT '创建时间',
  `create_user_id` bigint NOT NULL COMMENT '创建者Id',
  PRIMARY KEY (`entry_id`) USING BTREE,
  UNIQUE KEY `idx_process_definition_key` (`process_definition_key`) USING BTREE,
  KEY `idx_category_id` (`category_id`) USING BTREE,
  KEY `idx_status` (`status`) USING BTREE,
  KEY `idx_process_definition_name` (`process_definition_name`) USING BTREE
) ENGINE=InnoDB DEFAULT CHARSET=utf8mb4 COLLATE=utf8mb4_0900_ai_ci;

-- ----------------------------
-- Records of zz_flow_entry
-- ----------------------------
BEGIN;
INSERT INTO `zz_flow_entry` VALUES (1450709265869180928, '请假申请', 'flowLeave', 1450708275736612864, 1476751296529698816, '2021-12-31 11:05:20', 1, '<?xml version=\"1.0\" encoding=\"UTF-8\"?>\n<bpmn2:definitions xmlns:xsi=\"http://www.w3.org/2001/XMLSchema-instance\" xmlns:bpmn2=\"http://www.omg.org/spec/BPMN/20100524/MODEL\" xmlns:bpmndi=\"http://www.omg.org/spec/BPMN/20100524/DI\" xmlns:dc=\"http://www.omg.org/spec/DD/20100524/DC\" xmlns:di=\"http://www.omg.org/spec/DD/20100524/DI\" xmlns:activiti=\"http://activiti.org/bpmn\" id=\"diagram_flowLeave\" targetNamespace=\"http://activiti.org/bpmn\" xsi:schemaLocation=\"http://www.omg.org/spec/BPMN/20100524/MODEL BPMN20.xsd\">\n  <bpmn2:process id=\"flowLeave\" name=\"请假申请\" isExecutable=\"true\">\n    <bpmn2:startEvent id=\"Event_1mmrttw\">\n      <bpmn2:outgoing>Flow_0y4m3kv</bpmn2:outgoing>\n    </bpmn2:startEvent>\n    <bpmn2:userTask id=\"Activity_1tb8jka\" name=\"请假申请\" activiti:formKey=\"{&#34;formId&#34;:&#34;1440945411354267648&#34;,&#34;readOnly&#34;:false,&#34;groupType&#34;:&#34;ASSIGNEE&#34;}\" activiti:assignee=\"${startUserName}\">\n      <bpmn2:extensionElements>\n        <activiti:operationList>\n          <activiti:formOperation id=\"1634711122925\" label=\"提交\" type=\"agree\" showOrder=\"0\" />\n        </activiti:operationList>\n        <activiti:variableList />\n      </bpmn2:extensionElements>\n      <bpmn2:incoming>Flow_0y4m3kv</bpmn2:incoming>\n      <bpmn2:incoming>Flow_16zyoa5</bpmn2:incoming>\n      <bpmn2:incoming>Flow_1aekms8</bpmn2:incoming>\n      <bpmn2:outgoing>Flow_07op209</bpmn2:outgoing>\n    </bpmn2:userTask>\n    <bpmn2:sequenceFlow id=\"Flow_0y4m3kv\" sourceRef=\"Event_1mmrttw\" targetRef=\"Activity_1tb8jka\" />\n    <bpmn2:userTask id=\"Activity_11jr0px\" name=\"部门领导审批\" activiti:formKey=\"{&#34;formId&#34;:&#34;1440945411354267648&#34;,&#34;readOnly&#34;:true,&#34;groupType&#34;:&#34;DEPT_POST_LEADER&#34;}\">\n      <bpmn2:extensionElements>\n        <activiti:operationList>\n          <activiti:formOperation id=\"1634711147941\" label=\"同意\" type=\"agree\" showOrder=\"0\" />\n          <activiti:formOperation id=\"1634711151349\" label=\"拒绝\" type=\"refuse\" showOrder=\"1\" />\n        </activiti:operationList>\n        <activiti:variableList />\n      </bpmn2:extensionElements>\n      <bpmn2:incoming>Flow_07op209</bpmn2:incoming>\n      <bpmn2:outgoing>Flow_16zyoa5</bpmn2:outgoing>\n      <bpmn2:outgoing>Flow_0ll74an</bpmn2:outgoing>\n    </bpmn2:userTask>\n    <bpmn2:sequenceFlow id=\"Flow_07op209\" sourceRef=\"Activity_1tb8jka\" targetRef=\"Activity_11jr0px\" />\n    <bpmn2:userTask id=\"Activity_00ibp0u\" name=\"HR审批\" activiti:formKey=\"{&#34;formId&#34;:&#34;1440945411354267648&#34;,&#34;readOnly&#34;:true,&#34;groupType&#34;:&#34;POST&#34;}\" activiti:candidateGroups=\"deptPost__1440964221780103168\">\n      <bpmn2:extensionElements>\n        <activiti:operationList>\n          <activiti:formOperation id=\"1634711306601\" label=\"同意\" type=\"agree\" showOrder=\"0\" />\n          <activiti:formOperation id=\"1634711310391\" label=\"拒绝\" type=\"refuse\" showOrder=\"1\" />\n        </activiti:operationList>\n        <activiti:variableList />\n        <activiti:deptPostList>\n          <activiti:deptPost id=\"deptPost__1440964221780103168\" type=\"deptPost\" deptPostId=\"1440964221780103168\" />\n        </activiti:deptPostList>\n      </bpmn2:extensionElements>\n      <bpmn2:incoming>Flow_0ll74an</bpmn2:incoming>\n      <bpmn2:outgoing>Flow_0m27fde</bpmn2:outgoing>\n      <bpmn2:outgoing>Flow_1aekms8</bpmn2:outgoing>\n    </bpmn2:userTask>\n    <bpmn2:endEvent id=\"Event_1c089uo\">\n      <bpmn2:incoming>Flow_0m27fde</bpmn2:incoming>\n    </bpmn2:endEvent>\n    <bpmn2:sequenceFlow id=\"Flow_0m27fde\" name=\"同意\" sourceRef=\"Activity_00ibp0u\" targetRef=\"Event_1c089uo\">\n      <bpmn2:extensionElements>\n        <activiti:customCondition type=\"operation\" operationType=\"agree\" />\n      </bpmn2:extensionElements>\n      <bpmn2:conditionExpression xsi:type=\"bpmn2:tFormalExpression\">${operationType == \'agree\'}</bpmn2:conditionExpression>\n    </bpmn2:sequenceFlow>\n    <bpmn2:sequenceFlow id=\"Flow_16zyoa5\" name=\"拒绝\" sourceRef=\"Activity_11jr0px\" targetRef=\"Activity_1tb8jka\">\n      <bpmn2:extensionElements>\n        <activiti:customCondition type=\"operation\" operationType=\"refuse\" />\n      </bpmn2:extensionElements>\n      <bpmn2:conditionExpression xsi:type=\"bpmn2:tFormalExpression\">${operationType == \'refuse\'}</bpmn2:conditionExpression>\n    </bpmn2:sequenceFlow>\n    <bpmn2:sequenceFlow id=\"Flow_0ll74an\" name=\"同意\" sourceRef=\"Activity_11jr0px\" targetRef=\"Activity_00ibp0u\">\n      <bpmn2:extensionElements>\n        <activiti:customCondition type=\"operation\" operationType=\"agree\" />\n      </bpmn2:extensionElements>\n      <bpmn2:conditionExpression xsi:type=\"bpmn2:tFormalExpression\">${operationType == \'agree\'}</bpmn2:conditionExpression>\n    </bpmn2:sequenceFlow>\n    <bpmn2:sequenceFlow id=\"Flow_1aekms8\" name=\"拒绝\" sourceRef=\"Activity_00ibp0u\" targetRef=\"Activity_1tb8jka\">\n      <bpmn2:extensionElements>\n        <activiti:customCondition type=\"operation\" operationType=\"refuse\" />\n      </bpmn2:extensionElements>\n      <bpmn2:conditionExpression xsi:type=\"bpmn2:tFormalExpression\">${operationType == \'refuse\'}</bpmn2:conditionExpression>\n    </bpmn2:sequenceFlow>\n  </bpmn2:process>\n  <bpmndi:BPMNDiagram id=\"BPMNDiagram_1\">\n    <bpmndi:BPMNPlane id=\"BPMNPlane_1\" bpmnElement=\"flowLeave\">\n      <bpmndi:BPMNEdge id=\"Flow_1aekms8_di\" bpmnElement=\"Flow_1aekms8\">\n        <di:waypoint x=\"590\" y=\"330\" />\n        <di:waypoint x=\"590\" y=\"370\" />\n        <di:waypoint x=\"270\" y=\"370\" />\n        <di:waypoint x=\"270\" y=\"330\" />\n        <bpmndi:BPMNLabel>\n          <dc:Bounds x=\"419\" y=\"352\" width=\"22\" height=\"14\" />\n        </bpmndi:BPMNLabel>\n      </bpmndi:BPMNEdge>\n      <bpmndi:BPMNEdge id=\"Flow_0ll74an_di\" bpmnElement=\"Flow_0ll74an\">\n        <di:waypoint x=\"480\" y=\"290\" />\n        <di:waypoint x=\"540\" y=\"290\" />\n        <bpmndi:BPMNLabel>\n          <dc:Bounds x=\"499\" y=\"272\" width=\"23\" height=\"14\" />\n        </bpmndi:BPMNLabel>\n      </bpmndi:BPMNEdge>\n      <bpmndi:BPMNEdge id=\"Flow_16zyoa5_di\" bpmnElement=\"Flow_16zyoa5\">\n        <di:waypoint x=\"430\" y=\"250\" />\n        <di:waypoint x=\"430\" y=\"210\" />\n        <di:waypoint x=\"270\" y=\"210\" />\n        <di:waypoint x=\"270\" y=\"250\" />\n        <bpmndi:BPMNLabel>\n          <dc:Bounds x=\"339\" y=\"192\" width=\"22\" height=\"14\" />\n        </bpmndi:BPMNLabel>\n      </bpmndi:BPMNEdge>\n      <bpmndi:BPMNEdge id=\"Flow_0m27fde_di\" bpmnElement=\"Flow_0m27fde\">\n        <di:waypoint x=\"640\" y=\"290\" />\n        <di:waypoint x=\"702\" y=\"290\" />\n        <bpmndi:BPMNLabel>\n          <dc:Bounds x=\"660\" y=\"272\" width=\"23\" height=\"14\" />\n        </bpmndi:BPMNLabel>\n      </bpmndi:BPMNEdge>\n      <bpmndi:BPMNEdge id=\"Flow_07op209_di\" bpmnElement=\"Flow_07op209\">\n        <di:waypoint x=\"320\" y=\"290\" />\n        <di:waypoint x=\"380\" y=\"290\" />\n      </bpmndi:BPMNEdge>\n      <bpmndi:BPMNEdge id=\"Flow_0y4m3kv_di\" bpmnElement=\"Flow_0y4m3kv\">\n        <di:waypoint x=\"168\" y=\"290\" />\n        <di:waypoint x=\"220\" y=\"290\" />\n      </bpmndi:BPMNEdge>\n      <bpmndi:BPMNShape id=\"Event_1mmrttw_di\" bpmnElement=\"Event_1mmrttw\">\n        <dc:Bounds x=\"132\" y=\"272\" width=\"36\" height=\"36\" />\n      </bpmndi:BPMNShape>\n      <bpmndi:BPMNShape id=\"Activity_1tb8jka_di\" bpmnElement=\"Activity_1tb8jka\">\n        <dc:Bounds x=\"220\" y=\"250\" width=\"100\" height=\"80\" />\n      </bpmndi:BPMNShape>\n      <bpmndi:BPMNShape id=\"Activity_11jr0px_di\" bpmnElement=\"Activity_11jr0px\">\n        <dc:Bounds x=\"380\" y=\"250\" width=\"100\" height=\"80\" />\n      </bpmndi:BPMNShape>\n      <bpmndi:BPMNShape id=\"Activity_00ibp0u_di\" bpmnElement=\"Activity_00ibp0u\">\n        <dc:Bounds x=\"540\" y=\"250\" width=\"100\" height=\"80\" />\n      </bpmndi:BPMNShape>\n      <bpmndi:BPMNShape id=\"Event_1c089uo_di\" bpmnElement=\"Event_1c089uo\">\n        <dc:Bounds x=\"702\" y=\"272\" width=\"36\" height=\"36\" />\n      </bpmndi:BPMNShape>\n    </bpmndi:BPMNPlane>\n  </bpmndi:BPMNDiagram>\n</bpmn2:definitions>\n', 0, 1440945149889744896, 1440945411354267648, NULL, '2021-12-31 11:05:17', 1440911410581213417, '2021-10-20 14:23:37', 1440911410581213417);
INSERT INTO `zz_flow_entry` VALUES (1450710743367290880, '报销申请', 'flowSubmit', 1450708314923995136, 1476751372228497408, '2021-12-31 11:05:39', 1, '<?xml version=\"1.0\" encoding=\"UTF-8\"?>\n<bpmn2:definitions xmlns:xsi=\"http://www.w3.org/2001/XMLSchema-instance\" xmlns:bpmn2=\"http://www.omg.org/spec/BPMN/20100524/MODEL\" xmlns:bpmndi=\"http://www.omg.org/spec/BPMN/20100524/DI\" xmlns:dc=\"http://www.omg.org/spec/DD/20100524/DC\" xmlns:di=\"http://www.omg.org/spec/DD/20100524/DI\" xmlns:activiti=\"http://activiti.org/bpmn\" id=\"diagram_flowSubmit\" targetNamespace=\"http://activiti.org/bpmn\" xsi:schemaLocation=\"http://www.omg.org/spec/BPMN/20100524/MODEL BPMN20.xsd\">\n  <bpmn2:process id=\"flowSubmit\" name=\"报销申请\" isExecutable=\"true\">\n    <bpmn2:startEvent id=\"Event_1u4dx3b\">\n      <bpmn2:outgoing>Flow_0mrmqbk</bpmn2:outgoing>\n    </bpmn2:startEvent>\n    <bpmn2:userTask id=\"Activity_1cs4bi5\" name=\"报销申请\" activiti:formKey=\"{&#34;formId&#34;:&#34;1440947675041107968&#34;,&#34;readOnly&#34;:false,&#34;groupType&#34;:&#34;ASSIGNEE&#34;}\" activiti:assignee=\"${startUserName}\">\n      <bpmn2:extensionElements>\n        <activiti:operationList>\n          <activiti:formOperation id=\"1634711803796\" label=\"提交\" type=\"agree\" showOrder=\"0\" />\n        </activiti:operationList>\n        <activiti:variableList />\n      </bpmn2:extensionElements>\n      <bpmn2:incoming>Flow_0mrmqbk</bpmn2:incoming>\n      <bpmn2:incoming>Flow_1oiq58r</bpmn2:incoming>\n      <bpmn2:incoming>Flow_098s8i0</bpmn2:incoming>\n      <bpmn2:outgoing>Flow_0p9g72i</bpmn2:outgoing>\n    </bpmn2:userTask>\n    <bpmn2:sequenceFlow id=\"Flow_0mrmqbk\" sourceRef=\"Event_1u4dx3b\" targetRef=\"Activity_1cs4bi5\" />\n    <bpmn2:userTask id=\"Activity_04scn2o\" name=\"部门领导审批\" activiti:formKey=\"{&#34;formId&#34;:&#34;1440947675041107968&#34;,&#34;readOnly&#34;:true,&#34;groupType&#34;:&#34;DEPT_POST_LEADER&#34;}\">\n      <bpmn2:extensionElements>\n        <activiti:operationList>\n          <activiti:formOperation id=\"1634711812646\" label=\"同意\" type=\"agree\" showOrder=\"0\" />\n          <activiti:formOperation id=\"1634711815984\" label=\"拒绝\" type=\"refuse\" showOrder=\"1\" />\n        </activiti:operationList>\n        <activiti:variableList>\n          <activiti:formVariable id=\"1450710800854421504\" />\n        </activiti:variableList>\n      </bpmn2:extensionElements>\n      <bpmn2:incoming>Flow_0p9g72i</bpmn2:incoming>\n      <bpmn2:outgoing>Flow_0iyukwr</bpmn2:outgoing>\n      <bpmn2:outgoing>Flow_098s8i0</bpmn2:outgoing>\n    </bpmn2:userTask>\n    <bpmn2:sequenceFlow id=\"Flow_0p9g72i\" sourceRef=\"Activity_1cs4bi5\" targetRef=\"Activity_04scn2o\" />\n    <bpmn2:exclusiveGateway id=\"Gateway_0pur9ce\">\n      <bpmn2:incoming>Flow_0iyukwr</bpmn2:incoming>\n      <bpmn2:outgoing>Flow_0jfre1k</bpmn2:outgoing>\n      <bpmn2:outgoing>Flow_13ede7b</bpmn2:outgoing>\n    </bpmn2:exclusiveGateway>\n    <bpmn2:sequenceFlow id=\"Flow_0iyukwr\" name=\"同意\" sourceRef=\"Activity_04scn2o\" targetRef=\"Gateway_0pur9ce\">\n      <bpmn2:extensionElements>\n        <activiti:customCondition type=\"operation\" operationType=\"agree\" />\n      </bpmn2:extensionElements>\n      <bpmn2:conditionExpression xsi:type=\"bpmn2:tFormalExpression\">${operationType == \'agree\'}</bpmn2:conditionExpression>\n    </bpmn2:sequenceFlow>\n    <bpmn2:endEvent id=\"Event_04nqfny\">\n      <bpmn2:incoming>Flow_0jfre1k</bpmn2:incoming>\n      <bpmn2:incoming>Flow_15v3jkj</bpmn2:incoming>\n    </bpmn2:endEvent>\n    <bpmn2:sequenceFlow id=\"Flow_0jfre1k\" name=\"报销金额小于1000\" sourceRef=\"Gateway_0pur9ce\" targetRef=\"Event_04nqfny\">\n      <bpmn2:conditionExpression xsi:type=\"bpmn2:tFormalExpression\">${totalAmount &lt;= 1000}</bpmn2:conditionExpression>\n    </bpmn2:sequenceFlow>\n    <bpmn2:userTask id=\"Activity_1w23xfe\" name=\"总经理审批\" activiti:formKey=\"{&#34;formId&#34;:&#34;1440947675041107968&#34;,&#34;readOnly&#34;:true,&#34;groupType&#34;:&#34;DEPT&#34;}\" activiti:candidateGroups=\"1440911410581213416\">\n      <bpmn2:extensionElements>\n        <activiti:operationList>\n          <activiti:formOperation id=\"1634711883901\" label=\"同意\" type=\"agree\" showOrder=\"0\" />\n          <activiti:formOperation id=\"1634711887322\" label=\"拒绝\" type=\"refuse\" showOrder=\"1\" />\n        </activiti:operationList>\n        <activiti:variableList />\n        <activiti:userCandidateGroups type=\"DEPT\" value=\"1440911410581213416\" />\n      </bpmn2:extensionElements>\n      <bpmn2:incoming>Flow_13ede7b</bpmn2:incoming>\n      <bpmn2:outgoing>Flow_15v3jkj</bpmn2:outgoing>\n      <bpmn2:outgoing>Flow_1oiq58r</bpmn2:outgoing>\n    </bpmn2:userTask>\n    <bpmn2:sequenceFlow id=\"Flow_13ede7b\" name=\"报销金额大于1000\" sourceRef=\"Gateway_0pur9ce\" targetRef=\"Activity_1w23xfe\">\n      <bpmn2:conditionExpression xsi:type=\"bpmn2:tFormalExpression\">${totalAmount &gt; 1000}</bpmn2:conditionExpression>\n    </bpmn2:sequenceFlow>\n    <bpmn2:sequenceFlow id=\"Flow_15v3jkj\" name=\"同意\" sourceRef=\"Activity_1w23xfe\" targetRef=\"Event_04nqfny\">\n      <bpmn2:extensionElements>\n        <activiti:customCondition type=\"operation\" operationType=\"agree\" />\n      </bpmn2:extensionElements>\n      <bpmn2:conditionExpression xsi:type=\"bpmn2:tFormalExpression\">${operationType == \'agree\'}</bpmn2:conditionExpression>\n    </bpmn2:sequenceFlow>\n    <bpmn2:sequenceFlow id=\"Flow_1oiq58r\" name=\"拒绝\" sourceRef=\"Activity_1w23xfe\" targetRef=\"Activity_1cs4bi5\">\n      <bpmn2:extensionElements>\n        <activiti:customCondition type=\"operation\" operationType=\"refuse\" />\n      </bpmn2:extensionElements>\n      <bpmn2:conditionExpression xsi:type=\"bpmn2:tFormalExpression\">${operationType == \'refuse\'}</bpmn2:conditionExpression>\n    </bpmn2:sequenceFlow>\n    <bpmn2:sequenceFlow id=\"Flow_098s8i0\" name=\"拒绝\" sourceRef=\"Activity_04scn2o\" targetRef=\"Activity_1cs4bi5\">\n      <bpmn2:extensionElements>\n        <activiti:customCondition type=\"operation\" operationType=\"refuse\" />\n      </bpmn2:extensionElements>\n      <bpmn2:conditionExpression xsi:type=\"bpmn2:tFormalExpression\">${operationType == \'refuse\'}</bpmn2:conditionExpression>\n    </bpmn2:sequenceFlow>\n  </bpmn2:process>\n  <bpmndi:BPMNDiagram id=\"BPMNDiagram_1\">\n    <bpmndi:BPMNPlane id=\"BPMNPlane_1\" bpmnElement=\"flowSubmit\">\n      <bpmndi:BPMNEdge id=\"Flow_098s8i0_di\" bpmnElement=\"Flow_098s8i0\">\n        <di:waypoint x=\"420\" y=\"280\" />\n        <di:waypoint x=\"420\" y=\"240\" />\n        <di:waypoint x=\"260\" y=\"240\" />\n        <di:waypoint x=\"260\" y=\"280\" />\n        <bpmndi:BPMNLabel>\n          <dc:Bounds x=\"329\" y=\"222\" width=\"22\" height=\"14\" />\n        </bpmndi:BPMNLabel>\n      </bpmndi:BPMNEdge>\n      <bpmndi:BPMNEdge id=\"Flow_1oiq58r_di\" bpmnElement=\"Flow_1oiq58r\">\n        <di:waypoint x=\"560\" y=\"430\" />\n        <di:waypoint x=\"260\" y=\"430\" />\n        <di:waypoint x=\"260\" y=\"360\" />\n        <bpmndi:BPMNLabel>\n          <dc:Bounds x=\"399\" y=\"412\" width=\"22\" height=\"14\" />\n        </bpmndi:BPMNLabel>\n      </bpmndi:BPMNEdge>\n      <bpmndi:BPMNEdge id=\"Flow_15v3jkj_di\" bpmnElement=\"Flow_15v3jkj\">\n        <di:waypoint x=\"660\" y=\"430\" />\n        <di:waypoint x=\"860\" y=\"430\" />\n        <di:waypoint x=\"860\" y=\"338\" />\n        <bpmndi:BPMNLabel>\n          <dc:Bounds x=\"749\" y=\"412\" width=\"23\" height=\"14\" />\n        </bpmndi:BPMNLabel>\n      </bpmndi:BPMNEdge>\n      <bpmndi:BPMNEdge id=\"Flow_13ede7b_di\" bpmnElement=\"Flow_13ede7b\">\n        <di:waypoint x=\"610\" y=\"345\" />\n        <di:waypoint x=\"610\" y=\"390\" />\n        <bpmndi:BPMNLabel>\n          <dc:Bounds x=\"615\" y=\"353\" width=\"90\" height=\"14\" />\n        </bpmndi:BPMNLabel>\n      </bpmndi:BPMNEdge>\n      <bpmndi:BPMNEdge id=\"Flow_0jfre1k_di\" bpmnElement=\"Flow_0jfre1k\">\n        <di:waypoint x=\"635\" y=\"320\" />\n        <di:waypoint x=\"842\" y=\"320\" />\n        <bpmndi:BPMNLabel>\n          <dc:Bounds x=\"694\" y=\"302\" width=\"90\" height=\"14\" />\n        </bpmndi:BPMNLabel>\n      </bpmndi:BPMNEdge>\n      <bpmndi:BPMNEdge id=\"Flow_0iyukwr_di\" bpmnElement=\"Flow_0iyukwr\">\n        <di:waypoint x=\"470\" y=\"320\" />\n        <di:waypoint x=\"585\" y=\"320\" />\n        <bpmndi:BPMNLabel>\n          <dc:Bounds x=\"516\" y=\"302\" width=\"23\" height=\"14\" />\n        </bpmndi:BPMNLabel>\n      </bpmndi:BPMNEdge>\n      <bpmndi:BPMNEdge id=\"Flow_0p9g72i_di\" bpmnElement=\"Flow_0p9g72i\">\n        <di:waypoint x=\"310\" y=\"320\" />\n        <di:waypoint x=\"370\" y=\"320\" />\n      </bpmndi:BPMNEdge>\n      <bpmndi:BPMNEdge id=\"Flow_0mrmqbk_di\" bpmnElement=\"Flow_0mrmqbk\">\n        <di:waypoint x=\"158\" y=\"320\" />\n        <di:waypoint x=\"210\" y=\"320\" />\n      </bpmndi:BPMNEdge>\n      <bpmndi:BPMNShape id=\"Event_1u4dx3b_di\" bpmnElement=\"Event_1u4dx3b\">\n        <dc:Bounds x=\"122\" y=\"302\" width=\"36\" height=\"36\" />\n      </bpmndi:BPMNShape>\n      <bpmndi:BPMNShape id=\"Activity_1cs4bi5_di\" bpmnElement=\"Activity_1cs4bi5\">\n        <dc:Bounds x=\"210\" y=\"280\" width=\"100\" height=\"80\" />\n      </bpmndi:BPMNShape>\n      <bpmndi:BPMNShape id=\"Activity_04scn2o_di\" bpmnElement=\"Activity_04scn2o\">\n        <dc:Bounds x=\"370\" y=\"280\" width=\"100\" height=\"80\" />\n      </bpmndi:BPMNShape>\n      <bpmndi:BPMNShape id=\"Gateway_0pur9ce_di\" bpmnElement=\"Gateway_0pur9ce\" isMarkerVisible=\"true\">\n        <dc:Bounds x=\"585\" y=\"295\" width=\"50\" height=\"50\" />\n      </bpmndi:BPMNShape>\n      <bpmndi:BPMNShape id=\"Event_04nqfny_di\" bpmnElement=\"Event_04nqfny\">\n        <dc:Bounds x=\"842\" y=\"302\" width=\"36\" height=\"36\" />\n      </bpmndi:BPMNShape>\n      <bpmndi:BPMNShape id=\"Activity_1w23xfe_di\" bpmnElement=\"Activity_1w23xfe\">\n        <dc:Bounds x=\"560\" y=\"390\" width=\"100\" height=\"80\" />\n      </bpmndi:BPMNShape>\n    </bpmndi:BPMNPlane>\n  </bpmndi:BPMNDiagram>\n</bpmn2:definitions>\n', 0, 1440946020174270464, 1440947675041107968, NULL, '2021-12-31 11:05:29', 1440911410581213417, '2021-10-20 14:29:29', 1440911410581213417);
INSERT INTO `zz_flow_entry` VALUES (1450713749735346176, '合同审批', 'flowContract', 1450709110466023424, 1476751439387693056, '2021-12-31 11:05:55', 1, '<?xml version=\"1.0\" encoding=\"UTF-8\"?>\n<bpmn2:definitions xmlns:xsi=\"http://www.w3.org/2001/XMLSchema-instance\" xmlns:bpmn2=\"http://www.omg.org/spec/BPMN/20100524/MODEL\" xmlns:bpmndi=\"http://www.omg.org/spec/BPMN/20100524/DI\" xmlns:dc=\"http://www.omg.org/spec/DD/20100524/DC\" xmlns:di=\"http://www.omg.org/spec/DD/20100524/DI\" xmlns:activiti=\"http://activiti.org/bpmn\" id=\"diagram_flowContract\" targetNamespace=\"http://activiti.org/bpmn\" xsi:schemaLocation=\"http://www.omg.org/spec/BPMN/20100524/MODEL BPMN20.xsd\">\n  <bpmn2:process id=\"flowContract\" name=\"合同审批\" isExecutable=\"true\">\n    <bpmn2:startEvent id=\"Event_0kjp9ci\">\n      <bpmn2:outgoing>Flow_0emx40z</bpmn2:outgoing>\n    </bpmn2:startEvent>\n    <bpmn2:userTask id=\"Activity_0bciohf\" name=\"合同录入\" activiti:formKey=\"{&#34;formId&#34;:&#34;1440954920348946432&#34;,&#34;readOnly&#34;:false,&#34;groupType&#34;:&#34;ASSIGNEE&#34;}\" activiti:assignee=\"${startUserName}\">\n      <bpmn2:extensionElements>\n        <activiti:operationList>\n          <activiti:formOperation id=\"1634712553498\" label=\"提交\" type=\"agree\" showOrder=\"0\" />\n        </activiti:operationList>\n        <activiti:variableList />\n      </bpmn2:extensionElements>\n      <bpmn2:incoming>Flow_0emx40z</bpmn2:incoming>\n      <bpmn2:incoming>Flow_0j0gy2t</bpmn2:incoming>\n      <bpmn2:incoming>Flow_1eildzp</bpmn2:incoming>\n      <bpmn2:incoming>Flow_0c2du6p</bpmn2:incoming>\n      <bpmn2:outgoing>Flow_0dwf9yt</bpmn2:outgoing>\n    </bpmn2:userTask>\n    <bpmn2:sequenceFlow id=\"Flow_0emx40z\" sourceRef=\"Event_0kjp9ci\" targetRef=\"Activity_0bciohf\" />\n    <bpmn2:userTask id=\"Activity_053om99\" name=\"业务部领导审批\" activiti:formKey=\"{&#34;formId&#34;:&#34;1440954920348946432&#34;,&#34;readOnly&#34;:true,&#34;groupType&#34;:&#34;DEPT_POST_LEADER&#34;}\">\n      <bpmn2:extensionElements>\n        <activiti:operationList>\n          <activiti:formOperation id=\"1634712564353\" label=\"同意\" type=\"agree\" showOrder=\"0\" />\n        </activiti:operationList>\n        <activiti:variableList />\n        <activiti:deptPostList />\n      </bpmn2:extensionElements>\n      <bpmn2:incoming>Flow_0dwf9yt</bpmn2:incoming>\n      <bpmn2:outgoing>Flow_0v5zj3k</bpmn2:outgoing>\n    </bpmn2:userTask>\n    <bpmn2:sequenceFlow id=\"Flow_0dwf9yt\" sourceRef=\"Activity_0bciohf\" targetRef=\"Activity_053om99\" />\n    <bpmn2:sequenceFlow id=\"Flow_0v5zj3k\" sourceRef=\"Activity_053om99\" targetRef=\"Gateway_08558ij\" />\n    <bpmn2:parallelGateway id=\"Gateway_08558ij\">\n      <bpmn2:incoming>Flow_0v5zj3k</bpmn2:incoming>\n      <bpmn2:outgoing>Flow_1d5uhco</bpmn2:outgoing>\n      <bpmn2:outgoing>Flow_1qh9cp0</bpmn2:outgoing>\n    </bpmn2:parallelGateway>\n    <bpmn2:userTask id=\"Activity_0z90ali\" name=\"工程部审批\" activiti:formKey=\"{&#34;formId&#34;:&#34;1440955194991972352&#34;,&#34;readOnly&#34;:true,&#34;groupType&#34;:&#34;ASSIGNEE&#34;}\" activiti:assignee=\"admin\">\n      <bpmn2:extensionElements>\n        <activiti:operationList>\n          <activiti:formOperation id=\"1634712606529\" label=\"同意\" type=\"agree\" showOrder=\"0\" />\n        </activiti:operationList>\n        <activiti:variableList />\n      </bpmn2:extensionElements>\n      <bpmn2:incoming>Flow_1d5uhco</bpmn2:incoming>\n      <bpmn2:outgoing>Flow_10hf9y5</bpmn2:outgoing>\n    </bpmn2:userTask>\n    <bpmn2:sequenceFlow id=\"Flow_1d5uhco\" sourceRef=\"Gateway_08558ij\" targetRef=\"Activity_0z90ali\" />\n    <bpmn2:userTask id=\"Activity_17930aj\" name=\"造价部审批\" activiti:formKey=\"{&#34;formId&#34;:&#34;1440955194991972352&#34;,&#34;readOnly&#34;:true,&#34;groupType&#34;:&#34;USERS&#34;}\" activiti:candidateUsers=\"admin\">\n      <bpmn2:extensionElements>\n        <activiti:operationList>\n          <activiti:formOperation id=\"1634712631113\" label=\"同意\" type=\"agree\" showOrder=\"0\" />\n        </activiti:operationList>\n        <activiti:variableList />\n        <activiti:userCandidateGroups type=\"USERS\" value=\"admin\" />\n      </bpmn2:extensionElements>\n      <bpmn2:incoming>Flow_1qh9cp0</bpmn2:incoming>\n      <bpmn2:outgoing>Flow_1n5cxfg</bpmn2:outgoing>\n    </bpmn2:userTask>\n    <bpmn2:sequenceFlow id=\"Flow_1qh9cp0\" sourceRef=\"Gateway_08558ij\" targetRef=\"Activity_17930aj\" />\n    <bpmn2:sequenceFlow id=\"Flow_1n5cxfg\" sourceRef=\"Activity_17930aj\" targetRef=\"Gateway_0yjyq0h\" />\n    <bpmn2:parallelGateway id=\"Gateway_0yjyq0h\">\n      <bpmn2:incoming>Flow_1n5cxfg</bpmn2:incoming>\n      <bpmn2:incoming>Flow_10hf9y5</bpmn2:incoming>\n      <bpmn2:outgoing>Flow_0vt5gor</bpmn2:outgoing>\n    </bpmn2:parallelGateway>\n    <bpmn2:sequenceFlow id=\"Flow_10hf9y5\" sourceRef=\"Activity_0z90ali\" targetRef=\"Gateway_0yjyq0h\" />\n    <bpmn2:userTask id=\"Activity_0xetc8u\" name=\"财务部审批\" activiti:formKey=\"{&#34;formId&#34;:&#34;1440955127790833664&#34;,&#34;readOnly&#34;:true,&#34;groupType&#34;:&#34;POST&#34;}\" activiti:candidateGroups=\"deptPost__1440964519399526400,deptPost__1440964519391137792,deptPost__1440964519395332096\">\n      <bpmn2:extensionElements>\n        <activiti:operationList>\n          <activiti:formOperation id=\"1634712668982\" label=\"同意\" type=\"agree\" showOrder=\"0\" />\n          <activiti:formOperation id=\"1634712672195\" label=\"拒绝\" type=\"refuse\" showOrder=\"1\" />\n        </activiti:operationList>\n        <activiti:variableList />\n        <activiti:deptPostList>\n          <activiti:deptPost id=\"deptPost__1440964519391137792\" type=\"deptPost\" deptPostId=\"1440964519391137792\" />\n          <activiti:deptPost id=\"deptPost__1440964519395332096\" type=\"deptPost\" deptPostId=\"1440964519395332096\" />\n        </activiti:deptPostList>\n      </bpmn2:extensionElements>\n      <bpmn2:incoming>Flow_0vt5gor</bpmn2:incoming>\n      <bpmn2:outgoing>Flow_0itfdb5</bpmn2:outgoing>\n      <bpmn2:outgoing>Flow_0j0gy2t</bpmn2:outgoing>\n    </bpmn2:userTask>\n    <bpmn2:sequenceFlow id=\"Flow_0vt5gor\" sourceRef=\"Gateway_0yjyq0h\" targetRef=\"Activity_0xetc8u\" />\n    <bpmn2:userTask id=\"Activity_0dvg4hi\" name=\"法务部审批\" activiti:formKey=\"{&#34;formId&#34;:&#34;1440955001093492736&#34;,&#34;readOnly&#34;:true,&#34;groupType&#34;:&#34;POST&#34;}\" activiti:candidateGroups=\"deptPost__1440964387983593472,deptPost__1440964387979399168\">\n      <bpmn2:extensionElements>\n        <activiti:operationList>\n          <activiti:formOperation id=\"1634712820414\" label=\"会签\" type=\"multi_sign\" showOrder=\"0\" />\n          <activiti:formOperation id=\"1634712828909\" label=\"加签\" type=\"multi_consign\" showOrder=\"1\" />\n        </activiti:operationList>\n        <activiti:variableList />\n        <activiti:deptPostList>\n          <activiti:deptPost id=\"deptPost__1440964387979399168\" type=\"deptPost\" deptPostId=\"1440964387979399168\" />\n        </activiti:deptPostList>\n      </bpmn2:extensionElements>\n      <bpmn2:incoming>Flow_0itfdb5</bpmn2:incoming>\n      <bpmn2:outgoing>Flow_0yv4ubp</bpmn2:outgoing>\n    </bpmn2:userTask>\n    <bpmn2:sequenceFlow id=\"Flow_0itfdb5\" name=\"同意\" sourceRef=\"Activity_0xetc8u\" targetRef=\"Activity_0dvg4hi\">\n      <bpmn2:extensionElements>\n        <activiti:customCondition type=\"operation\" operationType=\"agree\" />\n      </bpmn2:extensionElements>\n      <bpmn2:conditionExpression xsi:type=\"bpmn2:tFormalExpression\">${operationType == \'agree\'}</bpmn2:conditionExpression>\n    </bpmn2:sequenceFlow>\n    <bpmn2:userTask id=\"Activity_0xo14ns\" name=\"法务部会签\" activiti:formKey=\"{&#34;formId&#34;:&#34;1440955001093492736&#34;,&#34;readOnly&#34;:true,&#34;groupType&#34;:&#34;ASSIGNEE&#34;}\" activiti:assignee=\"${assignee}\">\n      <bpmn2:extensionElements>\n        <activiti:operationList>\n          <activiti:formOperation id=\"1634712945053\" label=\"同意\" type=\"multi_agree\" showOrder=\"0\" />\n          <activiti:formOperation id=\"1634712951160\" label=\"拒绝\" type=\"multi_refuse\" showOrder=\"1\" />\n        </activiti:operationList>\n        <activiti:variableList />\n      </bpmn2:extensionElements>\n      <bpmn2:incoming>Flow_0yv4ubp</bpmn2:incoming>\n      <bpmn2:outgoing>Flow_0iiydip</bpmn2:outgoing>\n      <bpmn2:multiInstanceLoopCharacteristics activiti:collection=\"assigneeList\" activiti:elementVariable=\"assignee\">\n        <bpmn2:completionCondition xsi:type=\"bpmn2:tFormalExpression\">${nrOfInstances == nrOfCompletedInstances}</bpmn2:completionCondition>\n      </bpmn2:multiInstanceLoopCharacteristics>\n    </bpmn2:userTask>\n    <bpmn2:sequenceFlow id=\"Flow_0yv4ubp\" sourceRef=\"Activity_0dvg4hi\" targetRef=\"Activity_0xo14ns\" />\n    <bpmn2:exclusiveGateway id=\"Gateway_1c0fhzf\">\n      <bpmn2:incoming>Flow_0iiydip</bpmn2:incoming>\n      <bpmn2:outgoing>Flow_08e585j</bpmn2:outgoing>\n      <bpmn2:outgoing>Flow_1eildzp</bpmn2:outgoing>\n    </bpmn2:exclusiveGateway>\n    <bpmn2:sequenceFlow id=\"Flow_0iiydip\" sourceRef=\"Activity_0xo14ns\" targetRef=\"Gateway_1c0fhzf\" />\n    <bpmn2:userTask id=\"Activity_1enh5ke\" name=\"总经理审批\" activiti:formKey=\"{&#34;formId&#34;:&#34;1440954920348946432&#34;,&#34;readOnly&#34;:true,&#34;groupType&#34;:&#34;DEPT&#34;}\" activiti:candidateGroups=\"1440911410581213416\">\n      <bpmn2:extensionElements>\n        <activiti:operationList>\n          <activiti:formOperation id=\"1634713156091\" label=\"同意\" type=\"agree\" showOrder=\"0\" />\n          <activiti:formOperation id=\"1634713159956\" label=\"拒绝\" type=\"refuse\" showOrder=\"1\" />\n        </activiti:operationList>\n        <activiti:variableList />\n        <activiti:userCandidateGroups type=\"DEPT\" value=\"1440911410581213416\" />\n      </bpmn2:extensionElements>\n      <bpmn2:incoming>Flow_08e585j</bpmn2:incoming>\n      <bpmn2:outgoing>Flow_1inwhde</bpmn2:outgoing>\n      <bpmn2:outgoing>Flow_0c2du6p</bpmn2:outgoing>\n    </bpmn2:userTask>\n    <bpmn2:sequenceFlow id=\"Flow_08e585j\" name=\"同意人数大于40%\" sourceRef=\"Gateway_1c0fhzf\" targetRef=\"Activity_1enh5ke\">\n      <bpmn2:conditionExpression xsi:type=\"bpmn2:tFormalExpression\">${multiAgreeCount / multiNumOfInstances &gt; 0.4}</bpmn2:conditionExpression>\n    </bpmn2:sequenceFlow>\n    <bpmn2:endEvent id=\"Event_085p6dy\">\n      <bpmn2:incoming>Flow_1inwhde</bpmn2:incoming>\n    </bpmn2:endEvent>\n    <bpmn2:sequenceFlow id=\"Flow_1inwhde\" name=\"同意\" sourceRef=\"Activity_1enh5ke\" targetRef=\"Event_085p6dy\">\n      <bpmn2:extensionElements>\n        <activiti:customCondition type=\"operation\" operationType=\"agree\" />\n      </bpmn2:extensionElements>\n      <bpmn2:conditionExpression xsi:type=\"bpmn2:tFormalExpression\">${operationType == \'agree\'}</bpmn2:conditionExpression>\n    </bpmn2:sequenceFlow>\n    <bpmn2:sequenceFlow id=\"Flow_0j0gy2t\" name=\"拒绝\" sourceRef=\"Activity_0xetc8u\" targetRef=\"Activity_0bciohf\">\n      <bpmn2:extensionElements>\n        <activiti:customCondition type=\"operation\" operationType=\"refuse\" />\n      </bpmn2:extensionElements>\n      <bpmn2:conditionExpression xsi:type=\"bpmn2:tFormalExpression\">${operationType == \'refuse\'}</bpmn2:conditionExpression>\n    </bpmn2:sequenceFlow>\n    <bpmn2:sequenceFlow id=\"Flow_1eildzp\" name=\"同意人数小于40%\" sourceRef=\"Gateway_1c0fhzf\" targetRef=\"Activity_0bciohf\">\n      <bpmn2:conditionExpression xsi:type=\"bpmn2:tFormalExpression\">${multiAgreeCount / multiNumOfInstances &lt;= 0.4}</bpmn2:conditionExpression>\n    </bpmn2:sequenceFlow>\n    <bpmn2:sequenceFlow id=\"Flow_0c2du6p\" name=\"拒绝\" sourceRef=\"Activity_1enh5ke\" targetRef=\"Activity_0bciohf\">\n      <bpmn2:extensionElements>\n        <activiti:customCondition type=\"operation\" operationType=\"refuse\" />\n      </bpmn2:extensionElements>\n      <bpmn2:conditionExpression xsi:type=\"bpmn2:tFormalExpression\">${operationType == \'refuse\'}</bpmn2:conditionExpression>\n    </bpmn2:sequenceFlow>\n  </bpmn2:process>\n  <bpmndi:BPMNDiagram id=\"BPMNDiagram_1\">\n    <bpmndi:BPMNPlane id=\"BPMNPlane_1\" bpmnElement=\"flowContract\">\n      <bpmndi:BPMNEdge id=\"Flow_0c2du6p_di\" bpmnElement=\"Flow_0c2du6p\">\n        <di:waypoint x=\"150\" y=\"460\" />\n        <di:waypoint x=\"150\" y=\"360\" />\n        <bpmndi:BPMNLabel>\n          <dc:Bounds x=\"154\" y=\"407\" width=\"22\" height=\"14\" />\n        </bpmndi:BPMNLabel>\n      </bpmndi:BPMNEdge>\n      <bpmndi:BPMNEdge id=\"Flow_1eildzp_di\" bpmnElement=\"Flow_1eildzp\">\n        <di:waypoint x=\"580\" y=\"475\" />\n        <di:waypoint x=\"580\" y=\"430\" />\n        <di:waypoint x=\"180\" y=\"430\" />\n        <di:waypoint x=\"180\" y=\"360\" />\n        <bpmndi:BPMNLabel>\n          <dc:Bounds x=\"336\" y=\"412\" width=\"89\" height=\"14\" />\n        </bpmndi:BPMNLabel>\n      </bpmndi:BPMNEdge>\n      <bpmndi:BPMNEdge id=\"Flow_0j0gy2t_di\" bpmnElement=\"Flow_0j0gy2t\">\n        <di:waypoint x=\"890\" y=\"360\" />\n        <di:waypoint x=\"890\" y=\"390\" />\n        <di:waypoint x=\"210\" y=\"390\" />\n        <di:waypoint x=\"210\" y=\"360\" />\n        <bpmndi:BPMNLabel>\n          <dc:Bounds x=\"539\" y=\"372\" width=\"22\" height=\"14\" />\n        </bpmndi:BPMNLabel>\n      </bpmndi:BPMNEdge>\n      <bpmndi:BPMNEdge id=\"Flow_1inwhde_di\" bpmnElement=\"Flow_1inwhde\">\n        <di:waypoint x=\"130\" y=\"500\" />\n        <di:waypoint x=\"78\" y=\"500\" />\n        <bpmndi:BPMNLabel>\n          <dc:Bounds x=\"93\" y=\"482\" width=\"23\" height=\"14\" />\n        </bpmndi:BPMNLabel>\n      </bpmndi:BPMNEdge>\n      <bpmndi:BPMNEdge id=\"Flow_08e585j_di\" bpmnElement=\"Flow_08e585j\">\n        <di:waypoint x=\"555\" y=\"500\" />\n        <di:waypoint x=\"230\" y=\"500\" />\n        <bpmndi:BPMNLabel>\n          <dc:Bounds x=\"348\" y=\"482\" width=\"89\" height=\"14\" />\n        </bpmndi:BPMNLabel>\n      </bpmndi:BPMNEdge>\n      <bpmndi:BPMNEdge id=\"Flow_0iiydip_di\" bpmnElement=\"Flow_0iiydip\">\n        <di:waypoint x=\"710\" y=\"500\" />\n        <di:waypoint x=\"605\" y=\"500\" />\n      </bpmndi:BPMNEdge>\n      <bpmndi:BPMNEdge id=\"Flow_0yv4ubp_di\" bpmnElement=\"Flow_0yv4ubp\">\n        <di:waypoint x=\"870\" y=\"500\" />\n        <di:waypoint x=\"810\" y=\"500\" />\n      </bpmndi:BPMNEdge>\n      <bpmndi:BPMNEdge id=\"Flow_0itfdb5_di\" bpmnElement=\"Flow_0itfdb5\">\n        <di:waypoint x=\"940\" y=\"360\" />\n        <di:waypoint x=\"940\" y=\"460\" />\n        <bpmndi:BPMNLabel>\n          <dc:Bounds x=\"944\" y=\"407\" width=\"23\" height=\"14\" />\n        </bpmndi:BPMNLabel>\n      </bpmndi:BPMNEdge>\n      <bpmndi:BPMNEdge id=\"Flow_0vt5gor_di\" bpmnElement=\"Flow_0vt5gor\">\n        <di:waypoint x=\"785\" y=\"320\" />\n        <di:waypoint x=\"870\" y=\"320\" />\n      </bpmndi:BPMNEdge>\n      <bpmndi:BPMNEdge id=\"Flow_10hf9y5_di\" bpmnElement=\"Flow_10hf9y5\">\n        <di:waypoint x=\"670\" y=\"210\" />\n        <di:waypoint x=\"760\" y=\"210\" />\n        <di:waypoint x=\"760\" y=\"295\" />\n      </bpmndi:BPMNEdge>\n      <bpmndi:BPMNEdge id=\"Flow_1n5cxfg_di\" bpmnElement=\"Flow_1n5cxfg\">\n        <di:waypoint x=\"670\" y=\"320\" />\n        <di:waypoint x=\"735\" y=\"320\" />\n      </bpmndi:BPMNEdge>\n      <bpmndi:BPMNEdge id=\"Flow_1qh9cp0_di\" bpmnElement=\"Flow_1qh9cp0\">\n        <di:waypoint x=\"505\" y=\"320\" />\n        <di:waypoint x=\"570\" y=\"320\" />\n      </bpmndi:BPMNEdge>\n      <bpmndi:BPMNEdge id=\"Flow_1d5uhco_di\" bpmnElement=\"Flow_1d5uhco\">\n        <di:waypoint x=\"480\" y=\"295\" />\n        <di:waypoint x=\"480\" y=\"210\" />\n        <di:waypoint x=\"570\" y=\"210\" />\n      </bpmndi:BPMNEdge>\n      <bpmndi:BPMNEdge id=\"Flow_0v5zj3k_di\" bpmnElement=\"Flow_0v5zj3k\">\n        <di:waypoint x=\"390\" y=\"320\" />\n        <di:waypoint x=\"455\" y=\"320\" />\n      </bpmndi:BPMNEdge>\n      <bpmndi:BPMNEdge id=\"Flow_0dwf9yt_di\" bpmnElement=\"Flow_0dwf9yt\">\n        <di:waypoint x=\"230\" y=\"320\" />\n        <di:waypoint x=\"290\" y=\"320\" />\n      </bpmndi:BPMNEdge>\n      <bpmndi:BPMNEdge id=\"Flow_0emx40z_di\" bpmnElement=\"Flow_0emx40z\">\n        <di:waypoint x=\"78\" y=\"320\" />\n        <di:waypoint x=\"130\" y=\"320\" />\n      </bpmndi:BPMNEdge>\n      <bpmndi:BPMNShape id=\"Event_0kjp9ci_di\" bpmnElement=\"Event_0kjp9ci\">\n        <dc:Bounds x=\"42\" y=\"302\" width=\"36\" height=\"36\" />\n      </bpmndi:BPMNShape>\n      <bpmndi:BPMNShape id=\"Activity_0bciohf_di\" bpmnElement=\"Activity_0bciohf\">\n        <dc:Bounds x=\"130\" y=\"280\" width=\"100\" height=\"80\" />\n      </bpmndi:BPMNShape>\n      <bpmndi:BPMNShape id=\"Activity_053om99_di\" bpmnElement=\"Activity_053om99\">\n        <dc:Bounds x=\"290\" y=\"280\" width=\"100\" height=\"80\" />\n      </bpmndi:BPMNShape>\n      <bpmndi:BPMNShape id=\"Gateway_05az4md_di\" bpmnElement=\"Gateway_08558ij\">\n        <dc:Bounds x=\"455\" y=\"295\" width=\"50\" height=\"50\" />\n      </bpmndi:BPMNShape>\n      <bpmndi:BPMNShape id=\"Activity_0z90ali_di\" bpmnElement=\"Activity_0z90ali\">\n        <dc:Bounds x=\"570\" y=\"170\" width=\"100\" height=\"80\" />\n      </bpmndi:BPMNShape>\n      <bpmndi:BPMNShape id=\"Activity_17930aj_di\" bpmnElement=\"Activity_17930aj\">\n        <dc:Bounds x=\"570\" y=\"280\" width=\"100\" height=\"80\" />\n      </bpmndi:BPMNShape>\n      <bpmndi:BPMNShape id=\"Gateway_1q5gy1o_di\" bpmnElement=\"Gateway_0yjyq0h\">\n        <dc:Bounds x=\"735\" y=\"295\" width=\"50\" height=\"50\" />\n      </bpmndi:BPMNShape>\n      <bpmndi:BPMNShape id=\"Activity_0xetc8u_di\" bpmnElement=\"Activity_0xetc8u\">\n        <dc:Bounds x=\"870\" y=\"280\" width=\"100\" height=\"80\" />\n      </bpmndi:BPMNShape>\n      <bpmndi:BPMNShape id=\"Activity_0dvg4hi_di\" bpmnElement=\"Activity_0dvg4hi\">\n        <dc:Bounds x=\"870\" y=\"460\" width=\"100\" height=\"80\" />\n      </bpmndi:BPMNShape>\n      <bpmndi:BPMNShape id=\"Activity_0xo14ns_di\" bpmnElement=\"Activity_0xo14ns\">\n        <dc:Bounds x=\"710\" y=\"460\" width=\"100\" height=\"80\" />\n      </bpmndi:BPMNShape>\n      <bpmndi:BPMNShape id=\"Gateway_1c0fhzf_di\" bpmnElement=\"Gateway_1c0fhzf\" isMarkerVisible=\"true\">\n        <dc:Bounds x=\"555\" y=\"475\" width=\"50\" height=\"50\" />\n      </bpmndi:BPMNShape>\n      <bpmndi:BPMNShape id=\"Activity_1enh5ke_di\" bpmnElement=\"Activity_1enh5ke\">\n        <dc:Bounds x=\"130\" y=\"460\" width=\"100\" height=\"80\" />\n      </bpmndi:BPMNShape>\n      <bpmndi:BPMNShape id=\"Event_085p6dy_di\" bpmnElement=\"Event_085p6dy\">\n        <dc:Bounds x=\"42\" y=\"482\" width=\"36\" height=\"36\" />\n      </bpmndi:BPMNShape>\n    </bpmndi:BPMNPlane>\n  </bpmndi:BPMNDiagram>\n</bpmn2:definitions>\n', 0, 1440952710487609344, 1440954920348946432, NULL, '2021-12-31 11:05:48', 1440911410581213417, '2021-10-20 14:41:26', 1440911410581213417);
INSERT INTO `zz_flow_entry` VALUES (1450719191500853248, '多实例加签', 'flowConsign', 1450708275736612864, 1476751492051374080, '2021-12-31 11:06:07', 1, '<?xml version=\"1.0\" encoding=\"UTF-8\"?>\n<bpmn2:definitions xmlns:xsi=\"http://www.w3.org/2001/XMLSchema-instance\" xmlns:bpmn2=\"http://www.omg.org/spec/BPMN/20100524/MODEL\" xmlns:bpmndi=\"http://www.omg.org/spec/BPMN/20100524/DI\" xmlns:dc=\"http://www.omg.org/spec/DD/20100524/DC\" xmlns:di=\"http://www.omg.org/spec/DD/20100524/DI\" xmlns:activiti=\"http://activiti.org/bpmn\" id=\"diagram_flowConsign\" targetNamespace=\"http://activiti.org/bpmn\" xsi:schemaLocation=\"http://www.omg.org/spec/BPMN/20100524/MODEL BPMN20.xsd\">\n  <bpmn2:process id=\"flowConsign\" name=\"多实例加签\" isExecutable=\"true\">\n    <bpmn2:startEvent id=\"Event_0ijx6yq\">\n      <bpmn2:outgoing>Flow_05ignna</bpmn2:outgoing>\n    </bpmn2:startEvent>\n    <bpmn2:userTask id=\"Activity_1022nty\" name=\"录入\" activiti:formKey=\"{&#34;formId&#34;:&#34;1440945411354267648&#34;,&#34;readOnly&#34;:false,&#34;groupType&#34;:&#34;ASSIGNEE&#34;}\" activiti:assignee=\"${startUserName}\">\n      <bpmn2:extensionElements>\n        <activiti:operationList>\n          <activiti:formOperation id=\"1634713481202\" label=\"会签\" type=\"multi_sign\" showOrder=\"0\" multiSignAssignee=\"{&#34;assigneeType&#34;:&#34;USER_GROUP&#34;,&#34;assigneeList&#34;:&#34;admin,userA,userB&#34;}\" />\n          <activiti:formOperation id=\"1634713558334\" label=\"加签\" type=\"multi_consign\" showOrder=\"1\" />\n        </activiti:operationList>\n        <activiti:variableList />\n      </bpmn2:extensionElements>\n      <bpmn2:incoming>Flow_05ignna</bpmn2:incoming>\n      <bpmn2:incoming>Flow_1pv2azt</bpmn2:incoming>\n      <bpmn2:outgoing>Flow_18zl7i9</bpmn2:outgoing>\n    </bpmn2:userTask>\n    <bpmn2:sequenceFlow id=\"Flow_05ignna\" sourceRef=\"Event_0ijx6yq\" targetRef=\"Activity_1022nty\" />\n    <bpmn2:userTask id=\"Activity_0umypog\" name=\"会签\" activiti:formKey=\"{&#34;formId&#34;:&#34;1440945411354267648&#34;,&#34;readOnly&#34;:true,&#34;groupType&#34;:&#34;ASSIGNEE&#34;}\" activiti:assignee=\"${assignee}\">\n      <bpmn2:extensionElements>\n        <activiti:operationList>\n          <activiti:formOperation id=\"1639659718081\" label=\"同意（会签）\" type=\"multi_agree\" showOrder=\"0\" />\n          <activiti:formOperation id=\"1639659724119\" label=\"拒绝（会签）\" type=\"multi_refuse\" showOrder=\"1\" />\n        </activiti:operationList>\n        <activiti:variableList />\n      </bpmn2:extensionElements>\n      <bpmn2:incoming>Flow_18zl7i9</bpmn2:incoming>\n      <bpmn2:outgoing>Flow_132a1we</bpmn2:outgoing>\n      <bpmn2:multiInstanceLoopCharacteristics activiti:collection=\"assigneeList\" activiti:elementVariable=\"assignee\">\n        <bpmn2:completionCondition xsi:type=\"bpmn2:tFormalExpression\">${nrOfInstances == nrOfCompletedInstances}</bpmn2:completionCondition>\n      </bpmn2:multiInstanceLoopCharacteristics>\n    </bpmn2:userTask>\n    <bpmn2:sequenceFlow id=\"Flow_18zl7i9\" sourceRef=\"Activity_1022nty\" targetRef=\"Activity_0umypog\" />\n    <bpmn2:userTask id=\"Activity_1h9dd8t\" name=\"审批\" activiti:formKey=\"{&#34;formId&#34;:&#34;1440945411354267648&#34;,&#34;readOnly&#34;:true,&#34;groupType&#34;:&#34;ASSIGNEE&#34;}\" activiti:assignee=\"admin\">\n      <bpmn2:extensionElements>\n        <activiti:operationList>\n          <activiti:formOperation id=\"1634713969842\" label=\"同意\" type=\"agree\" showOrder=\"0\" />\n          <activiti:formOperation id=\"1634713975120\" label=\"拒绝\" type=\"refuse\" showOrder=\"1\" />\n        </activiti:operationList>\n        <activiti:variableList />\n      </bpmn2:extensionElements>\n      <bpmn2:incoming>Flow_132a1we</bpmn2:incoming>\n      <bpmn2:outgoing>Flow_1w48me1</bpmn2:outgoing>\n      <bpmn2:outgoing>Flow_1pv2azt</bpmn2:outgoing>\n    </bpmn2:userTask>\n    <bpmn2:sequenceFlow id=\"Flow_132a1we\" sourceRef=\"Activity_0umypog\" targetRef=\"Activity_1h9dd8t\" />\n    <bpmn2:endEvent id=\"Event_0bn5nl1\">\n      <bpmn2:incoming>Flow_1w48me1</bpmn2:incoming>\n    </bpmn2:endEvent>\n    <bpmn2:sequenceFlow id=\"Flow_1w48me1\" name=\"同意\" sourceRef=\"Activity_1h9dd8t\" targetRef=\"Event_0bn5nl1\">\n      <bpmn2:extensionElements>\n        <activiti:customCondition type=\"operation\" operationType=\"agree\" />\n      </bpmn2:extensionElements>\n      <bpmn2:conditionExpression xsi:type=\"bpmn2:tFormalExpression\">${operationType == \'agree\'}</bpmn2:conditionExpression>\n    </bpmn2:sequenceFlow>\n    <bpmn2:sequenceFlow id=\"Flow_1pv2azt\" name=\"拒绝\" sourceRef=\"Activity_1h9dd8t\" targetRef=\"Activity_1022nty\">\n      <bpmn2:extensionElements>\n        <activiti:customCondition type=\"operation\" operationType=\"refuse\" />\n      </bpmn2:extensionElements>\n      <bpmn2:conditionExpression xsi:type=\"bpmn2:tFormalExpression\">${operationType == \'refuse\'}</bpmn2:conditionExpression>\n    </bpmn2:sequenceFlow>\n  </bpmn2:process>\n  <bpmndi:BPMNDiagram id=\"BPMNDiagram_1\">\n    <bpmndi:BPMNPlane id=\"BPMNPlane_1\" bpmnElement=\"flowConsign\">\n      <bpmndi:BPMNEdge id=\"Flow_1pv2azt_di\" bpmnElement=\"Flow_1pv2azt\">\n        <di:waypoint x=\"610\" y=\"250\" />\n        <di:waypoint x=\"610\" y=\"220\" />\n        <di:waypoint x=\"290\" y=\"220\" />\n        <di:waypoint x=\"290\" y=\"250\" />\n        <bpmndi:BPMNLabel>\n          <dc:Bounds x=\"439\" y=\"202\" width=\"22\" height=\"14\" />\n        </bpmndi:BPMNLabel>\n      </bpmndi:BPMNEdge>\n      <bpmndi:BPMNEdge id=\"Flow_1w48me1_di\" bpmnElement=\"Flow_1w48me1\">\n        <di:waypoint x=\"660\" y=\"290\" />\n        <di:waypoint x=\"722\" y=\"290\" />\n        <bpmndi:BPMNLabel>\n          <dc:Bounds x=\"680\" y=\"272\" width=\"23\" height=\"14\" />\n        </bpmndi:BPMNLabel>\n      </bpmndi:BPMNEdge>\n      <bpmndi:BPMNEdge id=\"Flow_132a1we_di\" bpmnElement=\"Flow_132a1we\">\n        <di:waypoint x=\"500\" y=\"290\" />\n        <di:waypoint x=\"560\" y=\"290\" />\n      </bpmndi:BPMNEdge>\n      <bpmndi:BPMNEdge id=\"Flow_18zl7i9_di\" bpmnElement=\"Flow_18zl7i9\">\n        <di:waypoint x=\"340\" y=\"290\" />\n        <di:waypoint x=\"400\" y=\"290\" />\n      </bpmndi:BPMNEdge>\n      <bpmndi:BPMNEdge id=\"Flow_05ignna_di\" bpmnElement=\"Flow_05ignna\">\n        <di:waypoint x=\"188\" y=\"290\" />\n        <di:waypoint x=\"240\" y=\"290\" />\n      </bpmndi:BPMNEdge>\n      <bpmndi:BPMNShape id=\"Event_0ijx6yq_di\" bpmnElement=\"Event_0ijx6yq\">\n        <dc:Bounds x=\"152\" y=\"272\" width=\"36\" height=\"36\" />\n      </bpmndi:BPMNShape>\n      <bpmndi:BPMNShape id=\"Activity_1022nty_di\" bpmnElement=\"Activity_1022nty\">\n        <dc:Bounds x=\"240\" y=\"250\" width=\"100\" height=\"80\" />\n      </bpmndi:BPMNShape>\n      <bpmndi:BPMNShape id=\"Activity_0umypog_di\" bpmnElement=\"Activity_0umypog\">\n        <dc:Bounds x=\"400\" y=\"250\" width=\"100\" height=\"80\" />\n      </bpmndi:BPMNShape>\n      <bpmndi:BPMNShape id=\"Activity_1h9dd8t_di\" bpmnElement=\"Activity_1h9dd8t\">\n        <dc:Bounds x=\"560\" y=\"250\" width=\"100\" height=\"80\" />\n      </bpmndi:BPMNShape>\n      <bpmndi:BPMNShape id=\"Event_0bn5nl1_di\" bpmnElement=\"Event_0bn5nl1\">\n        <dc:Bounds x=\"722\" y=\"272\" width=\"36\" height=\"36\" />\n      </bpmndi:BPMNShape>\n    </bpmndi:BPMNPlane>\n  </bpmndi:BPMNDiagram>\n</bpmn2:definitions>\n', 0, 1440945149889744896, 1440945411354267648, NULL, '2021-12-31 11:06:03', 1440911410581213417, '2021-10-20 15:03:03', 1440911410581213417);
INSERT INTO `zz_flow_entry` VALUES (1450722174842179584, '转办流程', 'flowTranslate', 1450708275736612864, 1476751545591664640, '2021-12-31 11:06:20', 1, '<?xml version=\"1.0\" encoding=\"UTF-8\"?>\n<bpmn2:definitions xmlns:xsi=\"http://www.w3.org/2001/XMLSchema-instance\" xmlns:bpmn2=\"http://www.omg.org/spec/BPMN/20100524/MODEL\" xmlns:bpmndi=\"http://www.omg.org/spec/BPMN/20100524/DI\" xmlns:dc=\"http://www.omg.org/spec/DD/20100524/DC\" xmlns:di=\"http://www.omg.org/spec/DD/20100524/DI\" xmlns:activiti=\"http://activiti.org/bpmn\" id=\"diagram_flowTranslate\" targetNamespace=\"http://activiti.org/bpmn\" xsi:schemaLocation=\"http://www.omg.org/spec/BPMN/20100524/MODEL BPMN20.xsd\">\n  <bpmn2:process id=\"flowTranslate\" name=\"转办流程\" isExecutable=\"true\">\n    <bpmn2:startEvent id=\"Event_15zomtf\">\n      <bpmn2:outgoing>Flow_1unv52j</bpmn2:outgoing>\n    </bpmn2:startEvent>\n    <bpmn2:userTask id=\"Activity_0c6nxdm\" name=\"录入\" activiti:formKey=\"{&#34;formId&#34;:&#34;1440945411354267648&#34;,&#34;readOnly&#34;:false,&#34;groupType&#34;:&#34;ASSIGNEE&#34;}\" activiti:assignee=\"${startUserName}\">\n      <bpmn2:extensionElements>\n        <activiti:operationList>\n          <activiti:formOperation id=\"1634714128552\" label=\"提交\" type=\"agree\" showOrder=\"0\" />\n        </activiti:operationList>\n        <activiti:variableList />\n      </bpmn2:extensionElements>\n      <bpmn2:incoming>Flow_1unv52j</bpmn2:incoming>\n      <bpmn2:outgoing>Flow_1y2ih5h</bpmn2:outgoing>\n    </bpmn2:userTask>\n    <bpmn2:sequenceFlow id=\"Flow_1unv52j\" sourceRef=\"Event_15zomtf\" targetRef=\"Activity_0c6nxdm\" />\n    <bpmn2:userTask id=\"Activity_0wwsi9w\" name=\"转办\" activiti:formKey=\"{&#34;formId&#34;:&#34;1440945411354267648&#34;,&#34;readOnly&#34;:true,&#34;groupType&#34;:&#34;ASSIGNEE&#34;}\" activiti:assignee=\"admin\">\n      <bpmn2:extensionElements>\n        <activiti:operationList>\n          <activiti:formOperation id=\"1634714140300\" label=\"同意\" type=\"agree\" showOrder=\"0\" />\n          <activiti:formOperation id=\"1634714144449\" label=\"转办\" type=\"transfer\" showOrder=\"1\" />\n        </activiti:operationList>\n        <activiti:variableList />\n      </bpmn2:extensionElements>\n      <bpmn2:incoming>Flow_1y2ih5h</bpmn2:incoming>\n      <bpmn2:outgoing>Flow_00oaz6j</bpmn2:outgoing>\n    </bpmn2:userTask>\n    <bpmn2:sequenceFlow id=\"Flow_1y2ih5h\" sourceRef=\"Activity_0c6nxdm\" targetRef=\"Activity_0wwsi9w\" />\n    <bpmn2:endEvent id=\"Event_1am1tua\">\n      <bpmn2:incoming>Flow_00oaz6j</bpmn2:incoming>\n    </bpmn2:endEvent>\n    <bpmn2:sequenceFlow id=\"Flow_00oaz6j\" sourceRef=\"Activity_0wwsi9w\" targetRef=\"Event_1am1tua\" />\n  </bpmn2:process>\n  <bpmndi:BPMNDiagram id=\"BPMNDiagram_1\">\n    <bpmndi:BPMNPlane id=\"BPMNPlane_1\" bpmnElement=\"flowTranslate\">\n      <bpmndi:BPMNEdge id=\"Flow_00oaz6j_di\" bpmnElement=\"Flow_00oaz6j\">\n        <di:waypoint x=\"510\" y=\"290\" />\n        <di:waypoint x=\"572\" y=\"290\" />\n      </bpmndi:BPMNEdge>\n      <bpmndi:BPMNEdge id=\"Flow_1y2ih5h_di\" bpmnElement=\"Flow_1y2ih5h\">\n        <di:waypoint x=\"350\" y=\"290\" />\n        <di:waypoint x=\"410\" y=\"290\" />\n      </bpmndi:BPMNEdge>\n      <bpmndi:BPMNEdge id=\"Flow_1unv52j_di\" bpmnElement=\"Flow_1unv52j\">\n        <di:waypoint x=\"198\" y=\"290\" />\n        <di:waypoint x=\"250\" y=\"290\" />\n      </bpmndi:BPMNEdge>\n      <bpmndi:BPMNShape id=\"Event_15zomtf_di\" bpmnElement=\"Event_15zomtf\">\n        <dc:Bounds x=\"162\" y=\"272\" width=\"36\" height=\"36\" />\n      </bpmndi:BPMNShape>\n      <bpmndi:BPMNShape id=\"Activity_0c6nxdm_di\" bpmnElement=\"Activity_0c6nxdm\">\n        <dc:Bounds x=\"250\" y=\"250\" width=\"100\" height=\"80\" />\n      </bpmndi:BPMNShape>\n      <bpmndi:BPMNShape id=\"Activity_0wwsi9w_di\" bpmnElement=\"Activity_0wwsi9w\">\n        <dc:Bounds x=\"410\" y=\"250\" width=\"100\" height=\"80\" />\n      </bpmndi:BPMNShape>\n      <bpmndi:BPMNShape id=\"Event_1am1tua_di\" bpmnElement=\"Event_1am1tua\">\n        <dc:Bounds x=\"572\" y=\"272\" width=\"36\" height=\"36\" />\n      </bpmndi:BPMNShape>\n    </bpmndi:BPMNPlane>\n  </bpmndi:BPMNDiagram>\n</bpmn2:definitions>\n', 0, 1440945149889744896, 1440945411354267648, NULL, '2021-12-31 11:06:16', 1440911410581213417, '2021-10-20 15:14:54', 1440911410581213417);
COMMIT;

-- ----------------------------
-- Table structure for zz_flow_entry_publish
-- ----------------------------
DROP TABLE IF EXISTS `zz_flow_entry_publish`;
CREATE TABLE `zz_flow_entry_publish` (
  `entry_publish_id` bigint NOT NULL COMMENT '主键Id',
  `entry_id` bigint NOT NULL COMMENT '流程Id',
  `process_definition_id` varchar(64) CHARACTER SET utf8mb4 COLLATE utf8mb4_bin NOT NULL COMMENT '流程引擎的定义Id',
  `deploy_id` varchar(64) CHARACTER SET utf8mb4 COLLATE utf8mb4_bin NOT NULL COMMENT '流程引擎的部署Id',
  `publish_version` int NOT NULL COMMENT '发布版本',
  `active_status` bit(1) NOT NULL COMMENT '激活状态',
  `main_version` bit(1) NOT NULL COMMENT '是否为主版本',
  `create_user_id` bigint NOT NULL COMMENT '创建者Id',
  `publish_time` datetime NOT NULL COMMENT '发布时间',
  `init_task_info` text CHARACTER SET utf8mb4 COLLATE utf8mb4_0900_ai_ci COMMENT '第一个非开始节点任务的附加信息',
  PRIMARY KEY (`entry_publish_id`) USING BTREE,
  UNIQUE KEY `idx_process_definition_id` (`process_definition_id`) USING BTREE,
  KEY `idx_entry_id` (`entry_id`) USING BTREE
) ENGINE=InnoDB DEFAULT CHARSET=utf8mb4 COLLATE=utf8mb4_bin;

-- ----------------------------
-- Records of zz_flow_entry_publish
-- ----------------------------
BEGIN;
INSERT INTO `zz_flow_entry_publish` VALUES (1450722631203426304, 1450709265869180928, 'flowLeave:1:ad52c51a-3175-11ec-9438-f20b812c0662', 'ad3d6858-3175-11ec-9438-f20b812c0662', 1, b'1', b'0', 1440911410581213417, '2021-10-20 15:16:43', '{\"assignee\":\"${startUserName}\",\"formId\":1440945411354267648,\"groupType\":\"DEPT\",\"operationList\":[{\"showOrder\":\"0\",\"id\":\"1634711122925\",\"label\":\"提交\",\"type\":\"agree\"}],\"readOnly\":false,\"taskKey\":\"Activity_1tb8jka\",\"taskType\":1}');
INSERT INTO `zz_flow_entry_publish` VALUES (1450722639659143168, 1450710743367290880, 'flowSubmit:1:ae87c2ad-3175-11ec-9438-f20b812c0662', 'ae82b99b-3175-11ec-9438-f20b812c0662', 1, b'1', b'0', 1440911410581213417, '2021-10-20 15:16:45', '{\"assignee\":\"${startUserName}\",\"formId\":1440947675041107968,\"groupType\":\"DEPT\",\"operationList\":[{\"showOrder\":\"0\",\"id\":\"1634711803796\",\"label\":\"提交\",\"type\":\"agree\"}],\"readOnly\":false,\"taskKey\":\"Activity_1cs4bi5\",\"taskType\":1}');
INSERT INTO `zz_flow_entry_publish` VALUES (1450722647485714432, 1450713749735346176, 'flowContract:1:afa45640-3175-11ec-9438-f20b812c0662', 'af9bf1ce-3175-11ec-9438-f20b812c0662', 1, b'1', b'0', 1440911410581213417, '2021-10-20 15:16:47', '{\"assignee\":\"${startUserName}\",\"formId\":1440954920348946432,\"groupType\":\"DEPT\",\"operationList\":[{\"showOrder\":\"0\",\"id\":\"1634712553498\",\"label\":\"提交\",\"type\":\"agree\"}],\"readOnly\":false,\"taskKey\":\"Activity_0bciohf\",\"taskType\":1}');
INSERT INTO `zz_flow_entry_publish` VALUES (1450722658558676992, 1450719191500853248, 'flowConsign:1:b1375253-3175-11ec-9438-f20b812c0662', 'b132e581-3175-11ec-9438-f20b812c0662', 1, b'1', b'0', 1440911410581213417, '2021-10-20 15:16:50', '{\"assignee\":\"${startUserName}\",\"formId\":1440945411354267648,\"groupType\":\"DEPT\",\"operationList\":[{\"showOrder\":\"0\",\"id\":\"1634713481202\",\"label\":\"会签\",\"type\":\"multi_sign\"},{\"showOrder\":\"1\",\"id\":\"1634713558334\",\"label\":\"加签\",\"type\":\"multi_consign\"}],\"readOnly\":false,\"taskKey\":\"Activity_1022nty\",\"taskType\":1}');
INSERT INTO `zz_flow_entry_publish` VALUES (1450722667945529344, 1450722174842179584, 'flowTranslate:1:b28cd036-3175-11ec-9438-f20b812c0662', 'b28a3824-3175-11ec-9438-f20b812c0662', 1, b'1', b'0', 1440911410581213417, '2021-10-20 15:16:52', '{\"assignee\":\"${startUserName}\",\"formId\":1440945411354267648,\"groupType\":\"DEPT\",\"operationList\":[{\"showOrder\":\"0\",\"id\":\"1634714128552\",\"label\":\"提交\",\"type\":\"agree\"}],\"readOnly\":false,\"taskKey\":\"Activity_0c6nxdm\",\"taskType\":1}');
INSERT INTO `zz_flow_entry_publish` VALUES (1450728692492800000, 1450709265869180928, 'flowLeave:2:0aaff445-3179-11ec-9438-f20b812c0662', '0aab3953-3179-11ec-9438-f20b812c0662', 2, b'1', b'0', 1440966324770574336, '2021-10-20 15:40:48', '{\"assignee\":\"${startUserName}\",\"formId\":1440945411354267648,\"groupType\":\"DEPT\",\"operationList\":[{\"showOrder\":\"0\",\"id\":\"1634711122925\",\"label\":\"提交\",\"type\":\"agree\"}],\"readOnly\":false,\"taskKey\":\"Activity_1tb8jka\",\"taskType\":1}');
INSERT INTO `zz_flow_entry_publish` VALUES (1450729028217475072, 1450709265869180928, 'flowLeave:3:3a65da18-3179-11ec-9438-f20b812c0662', '3a623096-3179-11ec-9438-f20b812c0662', 3, b'1', b'0', 1440966324770574336, '2021-10-20 15:42:08', '{\"assignee\":\"${startUserName}\",\"formId\":1440945411354267648,\"groupType\":\"DEPT\",\"operationList\":[{\"showOrder\":\"0\",\"id\":\"1634711122925\",\"label\":\"提交\",\"type\":\"agree\"}],\"readOnly\":false,\"taskKey\":\"Activity_1tb8jka\",\"taskType\":1}');
INSERT INTO `zz_flow_entry_publish` VALUES (1450729618343464960, 1450709265869180928, 'flowLeave:4:8e42a9bb-3179-11ec-9438-f20b812c0662', '8e3e3ce9-3179-11ec-9438-f20b812c0662', 4, b'1', b'0', 1440966324770574336, '2021-10-20 15:44:29', '{\"assignee\":\"${startUserName}\",\"formId\":1440945411354267648,\"groupType\":\"DEPT\",\"operationList\":[{\"showOrder\":\"0\",\"id\":\"1634711122925\",\"label\":\"提交\",\"type\":\"agree\"}],\"readOnly\":false,\"taskKey\":\"Activity_1tb8jka\",\"taskType\":1}');
INSERT INTO `zz_flow_entry_publish` VALUES (1450736265753268224, 1450709265869180928, 'flowLeave:5:3eea05b0-317d-11ec-9438-f20b812c0662', '3ee7468e-317d-11ec-9438-f20b812c0662', 5, b'1', b'0', 1440911410581213417, '2021-10-20 16:10:54', '{\"assignee\":\"${startUserName}\",\"formId\":1440945411354267648,\"groupType\":\"DEPT\",\"operationList\":[{\"showOrder\":\"0\",\"id\":\"1634711122925\",\"label\":\"提交\",\"type\":\"agree\"}],\"readOnly\":false,\"taskKey\":\"Activity_1tb8jka\",\"taskType\":1}');
INSERT INTO `zz_flow_entry_publish` VALUES (1450749289469841408, 1450709265869180928, 'flowLeave:6:79b100b1-3184-11ec-9f40-f20b812c0662', '79a037cf-3184-11ec-9f40-f20b812c0662', 6, b'1', b'0', 1440966324770574336, '2021-10-20 17:02:39', '{\"assignee\":\"${startUserName}\",\"formId\":1440945411354267648,\"groupType\":\"DEPT\",\"operationList\":[{\"showOrder\":\"0\",\"id\":\"1634711122925\",\"label\":\"提交\",\"type\":\"agree\"}],\"readOnly\":false,\"taskKey\":\"Activity_1tb8jka\",\"taskType\":1}');
INSERT INTO `zz_flow_entry_publish` VALUES (1450749301478133760, 1450710743367290880, 'flowSubmit:2:7b6651d4-3184-11ec-9f40-f20b812c0662', '7b628142-3184-11ec-9f40-f20b812c0662', 2, b'1', b'0', 1440966324770574336, '2021-10-20 17:02:42', '{\"assignee\":\"${startUserName}\",\"formId\":1440947675041107968,\"groupType\":\"DEPT\",\"operationList\":[{\"showOrder\":\"0\",\"id\":\"1634711803796\",\"label\":\"提交\",\"type\":\"agree\"}],\"readOnly\":false,\"taskKey\":\"Activity_1cs4bi5\",\"taskType\":1}');
INSERT INTO `zz_flow_entry_publish` VALUES (1450749311938727936, 1450713749735346176, 'flowContract:2:7ce26a87-3184-11ec-9f40-f20b812c0662', '7cdc7715-3184-11ec-9f40-f20b812c0662', 2, b'1', b'0', 1440966324770574336, '2021-10-20 17:02:44', '{\"assignee\":\"${startUserName}\",\"formId\":1440954920348946432,\"groupType\":\"DEPT\",\"operationList\":[{\"showOrder\":\"0\",\"id\":\"1634712553498\",\"label\":\"提交\",\"type\":\"agree\"}],\"readOnly\":false,\"taskKey\":\"Activity_0bciohf\",\"taskType\":1}');
INSERT INTO `zz_flow_entry_publish` VALUES (1450753107137925120, 1450709265869180928, 'flowLeave:7:98337350-3186-11ec-bf2d-f20b812c0662', '97e6169e-3186-11ec-bf2d-f20b812c0662', 7, b'1', b'0', 1440966324770574336, '2021-10-20 17:17:49', '{\"assignee\":\"${startUserName}\",\"formId\":1440945411354267648,\"groupType\":\"DEPT\",\"operationList\":[{\"showOrder\":\"0\",\"id\":\"1634711122925\",\"label\":\"提交\",\"type\":\"agree\"}],\"readOnly\":false,\"taskKey\":\"Activity_1tb8jka\",\"taskType\":1}');
INSERT INTO `zz_flow_entry_publish` VALUES (1471463377191571456, 1450709265869180928, 'flowLeave:8:1a9b02fb-5e6f-11ec-9355-5e4c369e54c1', '1a96e449-5e6f-11ec-9355-5e4c369e54c1', 8, b'1', b'0', 1440911410581213417, '2021-12-16 20:53:02', '{\"assignee\":\"${startUserName}\",\"formId\":1440945411354267648,\"groupType\":\"ASSIGNEE\",\"operationList\":[{\"showOrder\":\"0\",\"id\":\"1634711122925\",\"label\":\"提交\",\"type\":\"agree\"}],\"readOnly\":false,\"taskKey\":\"Activity_1tb8jka\",\"taskType\":1}');
INSERT INTO `zz_flow_entry_publish` VALUES (1471463596067131392, 1450710743367290880, 'flowSubmit:3:39b2742e-5e6f-11ec-9355-5e4c369e54c1', '39a52dbc-5e6f-11ec-9355-5e4c369e54c1', 3, b'1', b'0', 1440911410581213417, '2021-12-16 20:53:54', '{\"assignee\":\"${startUserName}\",\"formId\":1440947675041107968,\"groupType\":\"ASSIGNEE\",\"operationList\":[{\"showOrder\":\"0\",\"id\":\"1634711803796\",\"label\":\"提交\",\"type\":\"agree\"}],\"readOnly\":false,\"taskKey\":\"Activity_1cs4bi5\",\"taskType\":1}');
INSERT INTO `zz_flow_entry_publish` VALUES (1471465450033385472, 1450713749735346176, 'flowContract:3:412c67b1-5e70-11ec-9355-5e4c369e54c1', '4127d3cf-5e70-11ec-9355-5e4c369e54c1', 3, b'1', b'0', 1440911410581213417, '2021-12-16 21:01:16', '{\"assignee\":\"${startUserName}\",\"formId\":1440954920348946432,\"groupType\":\"ASSIGNEE\",\"operationList\":[{\"showOrder\":\"0\",\"id\":\"1634712553498\",\"label\":\"提交\",\"type\":\"agree\"}],\"readOnly\":false,\"taskKey\":\"Activity_0bciohf\",\"taskType\":1}');
INSERT INTO `zz_flow_entry_publish` VALUES (1471465832658767872, 1450719191500853248, 'flowConsign:2:778c3c44-5e70-11ec-9355-5e4c369e54c1', '778892c2-5e70-11ec-9355-5e4c369e54c1', 2, b'1', b'0', 1440911410581213417, '2021-12-16 21:02:48', '{\"assignee\":\"${startUserName}\",\"formId\":1440945411354267648,\"groupType\":\"ASSIGNEE\",\"operationList\":[{\"multiSignAssignee\":{\"assigneeList\":\"admin,userA,userB\",\"assigneeType\":\"USER_GROUP\"},\"showOrder\":\"0\",\"id\":\"1634713481202\",\"label\":\"会签\",\"type\":\"multi_sign\"},{\"showOrder\":\"1\",\"id\":\"1634713558334\",\"label\":\"加签\",\"type\":\"multi_consign\"}],\"readOnly\":false,\"taskKey\":\"Activity_1022nty\",\"taskType\":1}');
INSERT INTO `zz_flow_entry_publish` VALUES (1471465967547584512, 1450722174842179584, 'flowTranslate:2:8ab7c467-5e70-11ec-9355-5e4c369e54c1', '8ab49015-5e70-11ec-9355-5e4c369e54c1', 2, b'1', b'0', 1440911410581213417, '2021-12-16 21:03:20', '{\"assignee\":\"${startUserName}\",\"formId\":1440945411354267648,\"groupType\":\"ASSIGNEE\",\"operationList\":[{\"showOrder\":\"0\",\"id\":\"1634714128552\",\"label\":\"提交\",\"type\":\"agree\"}],\"readOnly\":false,\"taskKey\":\"Activity_0c6nxdm\",\"taskType\":1}');
INSERT INTO `zz_flow_entry_publish` VALUES (1476751296529698816, 1450709265869180928, 'flowLeave:9:7d23427c-69e6-11ec-bb85-0235bf949cb9', '7ce6126a-69e6-11ec-bb85-0235bf949cb9', 9, b'1', b'1', 1440911410581213417, '2021-12-31 11:05:20', '{\"assignee\":\"${startUserName}\",\"formId\":1440945411354267648,\"groupType\":\"ASSIGNEE\",\"operationList\":[{\"showOrder\":\"0\",\"id\":\"1634711122925\",\"label\":\"提交\",\"type\":\"agree\"}],\"readOnly\":false,\"taskKey\":\"Activity_1tb8jka\",\"taskType\":1}');
INSERT INTO `zz_flow_entry_publish` VALUES (1476751372228497408, 1450710743367290880, 'flowSubmit:4:87e59faf-69e6-11ec-bb85-0235bf949cb9', '87e159ed-69e6-11ec-bb85-0235bf949cb9', 4, b'1', b'1', 1440911410581213417, '2021-12-31 11:05:39', '{\"assignee\":\"${startUserName}\",\"formId\":1440947675041107968,\"groupType\":\"ASSIGNEE\",\"operationList\":[{\"showOrder\":\"0\",\"id\":\"1634711803796\",\"label\":\"提交\",\"type\":\"agree\"}],\"readOnly\":false,\"taskKey\":\"Activity_1cs4bi5\",\"taskType\":1}');
INSERT INTO `zz_flow_entry_publish` VALUES (1476751439387693056, 1450713749735346176, 'flowContract:4:9170b562-69e6-11ec-bb85-0235bf949cb9', '916d0be0-69e6-11ec-bb85-0235bf949cb9', 4, b'1', b'1', 1440911410581213417, '2021-12-31 11:05:55', '{\"assignee\":\"${startUserName}\",\"formId\":1440954920348946432,\"groupType\":\"ASSIGNEE\",\"operationList\":[{\"showOrder\":\"0\",\"id\":\"1634712553498\",\"label\":\"提交\",\"type\":\"agree\"}],\"readOnly\":false,\"taskKey\":\"Activity_0bciohf\",\"taskType\":1}');
INSERT INTO `zz_flow_entry_publish` VALUES (1476751492051374080, 1450719191500853248, 'flowConsign:3:98ed0f55-69e6-11ec-bb85-0235bf949cb9', '98ea5033-69e6-11ec-bb85-0235bf949cb9', 3, b'1', b'1', 1440911410581213417, '2021-12-31 11:06:07', '{\"assignee\":\"${startUserName}\",\"formId\":1440945411354267648,\"groupType\":\"ASSIGNEE\",\"operationList\":[{\"multiSignAssignee\":{\"assigneeList\":\"admin,userA,userB\",\"assigneeType\":\"USER_GROUP\"},\"showOrder\":\"0\",\"id\":\"1634713481202\",\"label\":\"会签\",\"type\":\"multi_sign\"},{\"showOrder\":\"1\",\"id\":\"1634713558334\",\"label\":\"加签\",\"type\":\"multi_consign\"}],\"readOnly\":false,\"taskKey\":\"Activity_1022nty\",\"taskType\":1}');
INSERT INTO `zz_flow_entry_publish` VALUES (1476751545591664640, 1450722174842179584, 'flowTranslate:3:a0888a08-69e6-11ec-bb85-0235bf949cb9', 'a0864016-69e6-11ec-bb85-0235bf949cb9', 3, b'1', b'1', 1440911410581213417, '2021-12-31 11:06:20', '{\"assignee\":\"${startUserName}\",\"formId\":1440945411354267648,\"groupType\":\"ASSIGNEE\",\"operationList\":[{\"showOrder\":\"0\",\"id\":\"1634714128552\",\"label\":\"提交\",\"type\":\"agree\"}],\"readOnly\":false,\"taskKey\":\"Activity_0c6nxdm\",\"taskType\":1}');
COMMIT;

-- ----------------------------
-- Table structure for zz_flow_entry_publish_variable
-- ----------------------------
DROP TABLE IF EXISTS `zz_flow_entry_publish_variable`;
CREATE TABLE `zz_flow_entry_publish_variable` (
  `variable_id` bigint NOT NULL COMMENT '主键Id',
  `entry_publish_id` bigint NOT NULL COMMENT '流程Id',
  `variable_name` varchar(255) CHARACTER SET utf8mb4 COLLATE utf8mb4_bin NOT NULL COMMENT '变量名',
  `show_name` varchar(255) CHARACTER SET utf8mb4 COLLATE utf8mb4_bin NOT NULL COMMENT '显示名',
  `variable_type` int NOT NULL COMMENT '变量类型',
  `bind_datasource_id` bigint DEFAULT NULL COMMENT '绑定数据源Id',
  `bind_relation_id` bigint DEFAULT NULL COMMENT '绑定数据源关联Id',
  `bind_column_id` bigint DEFAULT NULL COMMENT '绑定字段Id',
  `builtin` bit(1) NOT NULL COMMENT '是否内置',
  PRIMARY KEY (`variable_id`) USING BTREE,
  KEY `idx_entry_publish_id` (`entry_publish_id`) USING BTREE
) ENGINE=InnoDB DEFAULT CHARSET=utf8mb4 COLLATE=utf8mb4_bin;

-- ----------------------------
-- Records of zz_flow_entry_publish_variable
-- ----------------------------
BEGIN;
INSERT INTO `zz_flow_entry_publish_variable` VALUES (1450722631270535168, 1450722631203426304, 'operationType', '审批类型', 1, NULL, NULL, NULL, b'1');
INSERT INTO `zz_flow_entry_publish_variable` VALUES (1450722631270535169, 1450722631203426304, 'startUserName', '流程启动用户', 0, NULL, NULL, NULL, b'1');
INSERT INTO `zz_flow_entry_publish_variable` VALUES (1450722639684308992, 1450722639659143168, 'operationType', '审批类型', 1, NULL, NULL, NULL, b'1');
INSERT INTO `zz_flow_entry_publish_variable` VALUES (1450722639684308993, 1450722639659143168, 'startUserName', '流程启动用户', 0, NULL, NULL, NULL, b'1');
INSERT INTO `zz_flow_entry_publish_variable` VALUES (1450722639684308994, 1450722639659143168, 'totalAmount', '报销金额', 1, 1440946127531675648, NULL, 1440946127493926912, b'0');
INSERT INTO `zz_flow_entry_publish_variable` VALUES (1450722647515074560, 1450722647485714432, 'operationType', '审批类型', 1, NULL, NULL, NULL, b'1');
INSERT INTO `zz_flow_entry_publish_variable` VALUES (1450722647515074561, 1450722647485714432, 'startUserName', '流程启动用户', 0, NULL, NULL, NULL, b'1');
INSERT INTO `zz_flow_entry_publish_variable` VALUES (1450722658600620032, 1450722658558676992, 'operationType', '审批类型', 1, NULL, NULL, NULL, b'1');
INSERT INTO `zz_flow_entry_publish_variable` VALUES (1450722658600620033, 1450722658558676992, 'startUserName', '流程启动用户', 0, NULL, NULL, NULL, b'1');
INSERT INTO `zz_flow_entry_publish_variable` VALUES (1450722667962306560, 1450722667945529344, 'operationType', '审批类型', 1, NULL, NULL, NULL, b'1');
INSERT INTO `zz_flow_entry_publish_variable` VALUES (1450722667962306561, 1450722667945529344, 'startUserName', '流程启动用户', 0, NULL, NULL, NULL, b'1');
INSERT INTO `zz_flow_entry_publish_variable` VALUES (1450728692513771520, 1450728692492800000, 'operationType', '审批类型', 1, NULL, NULL, NULL, b'1');
INSERT INTO `zz_flow_entry_publish_variable` VALUES (1450728692513771521, 1450728692492800000, 'startUserName', '流程启动用户', 0, NULL, NULL, NULL, b'1');
INSERT INTO `zz_flow_entry_publish_variable` VALUES (1450729028238446592, 1450729028217475072, 'operationType', '审批类型', 1, NULL, NULL, NULL, b'1');
INSERT INTO `zz_flow_entry_publish_variable` VALUES (1450729028238446593, 1450729028217475072, 'startUserName', '流程启动用户', 0, NULL, NULL, NULL, b'1');
INSERT INTO `zz_flow_entry_publish_variable` VALUES (1450729618377019392, 1450729618343464960, 'operationType', '审批类型', 1, NULL, NULL, NULL, b'1');
INSERT INTO `zz_flow_entry_publish_variable` VALUES (1450729618377019393, 1450729618343464960, 'startUserName', '流程启动用户', 0, NULL, NULL, NULL, b'1');
INSERT INTO `zz_flow_entry_publish_variable` VALUES (1450736265770045440, 1450736265753268224, 'operationType', '审批类型', 1, NULL, NULL, NULL, b'1');
INSERT INTO `zz_flow_entry_publish_variable` VALUES (1450736265770045441, 1450736265753268224, 'startUserName', '流程启动用户', 0, NULL, NULL, NULL, b'1');
INSERT INTO `zz_flow_entry_publish_variable` VALUES (1450749289587281920, 1450749289469841408, 'operationType', '审批类型', 1, NULL, NULL, NULL, b'1');
INSERT INTO `zz_flow_entry_publish_variable` VALUES (1450749289587281921, 1450749289469841408, 'startUserName', '流程启动用户', 0, NULL, NULL, NULL, b'1');
INSERT INTO `zz_flow_entry_publish_variable` VALUES (1450749301515882496, 1450749301478133760, 'operationType', '审批类型', 1, NULL, NULL, NULL, b'1');
INSERT INTO `zz_flow_entry_publish_variable` VALUES (1450749301515882497, 1450749301478133760, 'startUserName', '流程启动用户', 0, NULL, NULL, NULL, b'1');
INSERT INTO `zz_flow_entry_publish_variable` VALUES (1450749301515882498, 1450749301478133760, 'totalAmount', '报销金额', 1, 1440946127531675648, NULL, 1440946127493926912, b'0');
INSERT INTO `zz_flow_entry_publish_variable` VALUES (1450749312001642496, 1450749311938727936, 'operationType', '审批类型', 1, NULL, NULL, NULL, b'1');
INSERT INTO `zz_flow_entry_publish_variable` VALUES (1450749312001642497, 1450749311938727936, 'startUserName', '流程启动用户', 0, NULL, NULL, NULL, b'1');
INSERT INTO `zz_flow_entry_publish_variable` VALUES (1450753107477663744, 1450753107137925120, 'operationType', '审批类型', 1, NULL, NULL, NULL, b'1');
INSERT INTO `zz_flow_entry_publish_variable` VALUES (1450753107477663745, 1450753107137925120, 'startUserName', '流程启动用户', 0, NULL, NULL, NULL, b'1');
INSERT INTO `zz_flow_entry_publish_variable` VALUES (1471463377225125888, 1471463377191571456, 'operationType', '审批类型', 1, NULL, NULL, NULL, b'1');
INSERT INTO `zz_flow_entry_publish_variable` VALUES (1471463377225125889, 1471463377191571456, 'startUserName', '流程启动用户', 0, NULL, NULL, NULL, b'1');
INSERT INTO `zz_flow_entry_publish_variable` VALUES (1471463596151017472, 1471463596067131392, 'operationType', '审批类型', 1, NULL, NULL, NULL, b'1');
INSERT INTO `zz_flow_entry_publish_variable` VALUES (1471463596151017473, 1471463596067131392, 'startUserName', '流程启动用户', 0, NULL, NULL, NULL, b'1');
INSERT INTO `zz_flow_entry_publish_variable` VALUES (1471463596151017474, 1471463596067131392, 'totalAmount', '报销金额', 1, 1440946127531675648, NULL, 1440946127493926912, b'0');
INSERT INTO `zz_flow_entry_publish_variable` VALUES (1471465450071134208, 1471465450033385472, 'operationType', '审批类型', 1, NULL, NULL, NULL, b'1');
INSERT INTO `zz_flow_entry_publish_variable` VALUES (1471465450071134209, 1471465450033385472, 'startUserName', '流程启动用户', 0, NULL, NULL, NULL, b'1');
INSERT INTO `zz_flow_entry_publish_variable` VALUES (1471465832679739392, 1471465832658767872, 'operationType', '审批类型', 1, NULL, NULL, NULL, b'1');
INSERT INTO `zz_flow_entry_publish_variable` VALUES (1471465832679739393, 1471465832658767872, 'startUserName', '流程启动用户', 0, NULL, NULL, NULL, b'1');
INSERT INTO `zz_flow_entry_publish_variable` VALUES (1471465967576944640, 1471465967547584512, 'operationType', '审批类型', 1, NULL, NULL, NULL, b'1');
INSERT INTO `zz_flow_entry_publish_variable` VALUES (1471465967576944641, 1471465967547584512, 'startUserName', '流程启动用户', 0, NULL, NULL, NULL, b'1');
INSERT INTO `zz_flow_entry_publish_variable` VALUES (1476751296584224768, 1476751296529698816, 'operationType', '审批类型', 1, NULL, NULL, NULL, b'1');
INSERT INTO `zz_flow_entry_publish_variable` VALUES (1476751296584224769, 1476751296529698816, 'startUserName', '流程启动用户', 0, NULL, NULL, NULL, b'1');
INSERT INTO `zz_flow_entry_publish_variable` VALUES (1476751372257857536, 1476751372228497408, 'operationType', '审批类型', 1, NULL, NULL, NULL, b'1');
INSERT INTO `zz_flow_entry_publish_variable` VALUES (1476751372257857537, 1476751372228497408, 'startUserName', '流程启动用户', 0, NULL, NULL, NULL, b'1');
INSERT INTO `zz_flow_entry_publish_variable` VALUES (1476751372257857538, 1476751372228497408, 'totalAmount', '报销金额', 1, 1440946127531675648, NULL, 1440946127493926912, b'0');
INSERT INTO `zz_flow_entry_publish_variable` VALUES (1476751439421247488, 1476751439387693056, 'operationType', '审批类型', 1, NULL, NULL, NULL, b'1');
INSERT INTO `zz_flow_entry_publish_variable` VALUES (1476751439421247489, 1476751439387693056, 'startUserName', '流程启动用户', 0, NULL, NULL, NULL, b'1');
INSERT INTO `zz_flow_entry_publish_variable` VALUES (1476751492084928512, 1476751492051374080, 'operationType', '审批类型', 1, NULL, NULL, NULL, b'1');
INSERT INTO `zz_flow_entry_publish_variable` VALUES (1476751492084928513, 1476751492051374080, 'startUserName', '流程启动用户', 0, NULL, NULL, NULL, b'1');
INSERT INTO `zz_flow_entry_publish_variable` VALUES (1476751545612636160, 1476751545591664640, 'operationType', '审批类型', 1, NULL, NULL, NULL, b'1');
INSERT INTO `zz_flow_entry_publish_variable` VALUES (1476751545612636161, 1476751545591664640, 'startUserName', '流程启动用户', 0, NULL, NULL, NULL, b'1');
COMMIT;

-- ----------------------------
-- Table structure for zz_flow_entry_variable
-- ----------------------------
DROP TABLE IF EXISTS `zz_flow_entry_variable`;
CREATE TABLE `zz_flow_entry_variable` (
  `variable_id` bigint NOT NULL COMMENT '主键Id',
  `entry_id` bigint NOT NULL COMMENT '流程Id',
  `variable_name` varchar(255) CHARACTER SET utf8mb4 COLLATE utf8mb4_bin NOT NULL COMMENT '变量名',
  `show_name` varchar(255) CHARACTER SET utf8mb4 COLLATE utf8mb4_bin NOT NULL COMMENT '显示名',
  `variable_type` int NOT NULL COMMENT '变量类型',
  `bind_datasource_id` bigint DEFAULT NULL COMMENT '绑定数据源Id',
  `bind_relation_id` bigint DEFAULT NULL COMMENT '绑定数据源关联Id',
  `bind_column_id` bigint DEFAULT NULL COMMENT '绑定字段Id',
  `builtin` bit(1) NOT NULL COMMENT '是否内置',
  `create_time` datetime NOT NULL COMMENT '创建时间',
  PRIMARY KEY (`variable_id`) USING BTREE,
  UNIQUE KEY `uk_entry_id_variable_name` (`entry_id`,`variable_name`) USING BTREE
) ENGINE=InnoDB DEFAULT CHARSET=utf8mb4 COLLATE=utf8mb4_bin;

-- ----------------------------
-- Records of zz_flow_entry_variable
-- ----------------------------
BEGIN;
INSERT INTO `zz_flow_entry_variable` VALUES (1450709265902735360, 1450709265869180928, 'operationType', '审批类型', 1, NULL, NULL, NULL, b'1', '2021-10-20 14:23:37');
INSERT INTO `zz_flow_entry_variable` VALUES (1450709265927901185, 1450709265869180928, 'startUserName', '流程启动用户', 0, NULL, NULL, NULL, b'1', '2021-10-20 14:23:37');
INSERT INTO `zz_flow_entry_variable` VALUES (1450710743375679489, 1450710743367290880, 'operationType', '审批类型', 1, NULL, NULL, NULL, b'1', '2021-10-20 14:29:29');
INSERT INTO `zz_flow_entry_variable` VALUES (1450710743384068096, 1450710743367290880, 'startUserName', '流程启动用户', 0, NULL, NULL, NULL, b'1', '2021-10-20 14:29:29');
INSERT INTO `zz_flow_entry_variable` VALUES (1450710800854421504, 1450710743367290880, 'totalAmount', '报销金额', 1, 1440946127531675648, NULL, 1440946127493926912, b'0', '2021-10-20 14:29:42');
INSERT INTO `zz_flow_entry_variable` VALUES (1450713749743734785, 1450713749735346176, 'operationType', '审批类型', 1, NULL, NULL, NULL, b'1', '2021-10-20 14:41:26');
INSERT INTO `zz_flow_entry_variable` VALUES (1450713749752123393, 1450713749735346176, 'startUserName', '流程启动用户', 0, NULL, NULL, NULL, b'1', '2021-10-20 14:41:26');
INSERT INTO `zz_flow_entry_variable` VALUES (1450719191509241857, 1450719191500853248, 'operationType', '审批类型', 1, NULL, NULL, NULL, b'1', '2021-10-20 15:03:03');
INSERT INTO `zz_flow_entry_variable` VALUES (1450719191517630465, 1450719191500853248, 'startUserName', '流程启动用户', 0, NULL, NULL, NULL, b'1', '2021-10-20 15:03:03');
INSERT INTO `zz_flow_entry_variable` VALUES (1450722174850568193, 1450722174842179584, 'operationType', '审批类型', 1, NULL, NULL, NULL, b'1', '2021-10-20 15:14:54');
INSERT INTO `zz_flow_entry_variable` VALUES (1450722174858956800, 1450722174842179584, 'startUserName', '流程启动用户', 0, NULL, NULL, NULL, b'1', '2021-10-20 15:14:54');
COMMIT;

-- ----------------------------
-- Table structure for zz_flow_message
-- ----------------------------
DROP TABLE IF EXISTS `zz_flow_message`;
CREATE TABLE `zz_flow_message` (
  `message_id` bigint NOT NULL COMMENT '主键Id',
  `message_type` tinyint NOT NULL COMMENT '消息类型',
  `message_content` varchar(1024) CHARACTER SET utf8mb4 COLLATE utf8mb4_bin DEFAULT NULL COMMENT '消息内容',
  `remind_count` int DEFAULT '0' COMMENT '催办次数',
  `work_order_id` bigint DEFAULT NULL COMMENT '工单Id',
  `process_definition_id` varchar(255) CHARACTER SET utf8mb4 COLLATE utf8mb4_bin NOT NULL COMMENT '流程定义Id',
  `process_definition_key` varchar(255) CHARACTER SET utf8mb4 COLLATE utf8mb4_bin NOT NULL COMMENT '流程定义标识',
  `process_definition_name` varchar(255) CHARACTER SET utf8mb4 COLLATE utf8mb4_bin NOT NULL COMMENT '流程定义名称',
  `process_instance_id` varchar(255) CHARACTER SET utf8mb4 COLLATE utf8mb4_bin DEFAULT NULL COMMENT '流程实例Id',
  `process_instance_initiator` varchar(255) CHARACTER SET utf8mb4 COLLATE utf8mb4_bin DEFAULT NULL COMMENT '流程实例发起者',
  `task_id` varchar(255) CHARACTER SET utf8mb4 COLLATE utf8mb4_bin DEFAULT NULL COMMENT '流程任务Id',
  `task_definition_key` varchar(255) CHARACTER SET utf8mb4 COLLATE utf8mb4_bin DEFAULT NULL COMMENT '流程任务定义标识',
  `task_name` varchar(255) CHARACTER SET utf8mb4 COLLATE utf8mb4_bin DEFAULT NULL COMMENT '流程任务名称',
  `task_start_time` datetime DEFAULT NULL COMMENT '任务开始时间',
  `task_finished` bit(1) NOT NULL DEFAULT b'0' COMMENT '任务是否已完成',
  `task_assignee` varchar(64) CHARACTER SET utf8mb4 COLLATE utf8mb4_bin DEFAULT NULL COMMENT '任务指派人登录名',
  `business_data_shot` longtext COLLATE utf8mb4_bin COMMENT '业务数据快照',
  `update_time` datetime NOT NULL COMMENT '更新时间',
  `update_user_id` bigint NOT NULL COMMENT '更新者Id',
  `create_time` datetime NOT NULL COMMENT '创建时间',
  `create_user_id` bigint NOT NULL COMMENT '创建者Id',
  `create_username` varchar(255) CHARACTER SET utf8mb4 COLLATE utf8mb4_bin NOT NULL COMMENT '创建者显示名',
  PRIMARY KEY (`message_id`) USING BTREE,
  KEY `idx_notified_username` (`task_assignee`) USING BTREE,
  KEY `idx_message_type` (`message_type`) USING BTREE,
  KEY `idx_task_id` (`task_id`) USING BTREE,
  KEY `idx_task_finished` (`task_finished`) USING BTREE,
  KEY `idx_update_time` (`update_time`) USING BTREE
) ENGINE=InnoDB DEFAULT CHARSET=utf8mb4 COLLATE=utf8mb4_bin;

-- ----------------------------
-- Table structure for zz_flow_message_candicate_identity
-- ----------------------------
DROP TABLE IF EXISTS `zz_flow_message_candicate_identity`;
CREATE TABLE `zz_flow_message_candicate_identity` (
  `id` bigint NOT NULL COMMENT '主键Id',
  `message_id` bigint NOT NULL COMMENT '流程任务Id',
  `candidate_type` varchar(32) CHARACTER SET utf8mb4 COLLATE utf8mb4_bin NOT NULL COMMENT '候选身份类型',
  `candidate_id` varchar(32) CHARACTER SET utf8mb4 COLLATE utf8mb4_bin NOT NULL COMMENT '候选身份Id',
  PRIMARY KEY (`id`),
  KEY `idx_candidate_id` (`candidate_id`) USING BTREE,
  KEY `idx_message_id` (`message_id`) USING BTREE
) ENGINE=InnoDB DEFAULT CHARSET=utf8mb4 COLLATE=utf8mb4_bin;

-- ----------------------------
-- Table structure for zz_flow_task_comment
-- ----------------------------
DROP TABLE IF EXISTS `zz_flow_task_comment`;
CREATE TABLE `zz_flow_task_comment` (
  `id` bigint NOT NULL COMMENT '主键Id',
  `process_instance_id` varchar(64) CHARACTER SET utf8 COLLATE utf8_bin NOT NULL COMMENT '流程实例Id',
  `task_id` varchar(64) CHARACTER SET utf8 COLLATE utf8_bin NOT NULL COMMENT '任务Id',
  `task_key` varchar(255) CHARACTER SET utf8 COLLATE utf8_bin NOT NULL COMMENT '任务标识',
  `task_name` varchar(512) CHARACTER SET utf8 COLLATE utf8_bin DEFAULT NULL COMMENT '任务名称',
  `approval_type` varchar(32) CHARACTER SET utf8 COLLATE utf8_bin NOT NULL COMMENT '审批类型',
  `comment` varchar(1024) CHARACTER SET utf8 COLLATE utf8_bin DEFAULT NULL COMMENT '批注内容',
  `delegate_assignee` varchar(512) CHARACTER SET utf8 COLLATE utf8_bin DEFAULT NULL COMMENT '委托指定人，比如加签、转办等',
  `create_user_id` bigint NOT NULL COMMENT '创建者Id',
  `create_username` varchar(255) CHARACTER SET utf8 COLLATE utf8_bin NOT NULL COMMENT '创建者用户名',
  `create_time` datetime NOT NULL COMMENT '创建时间',
  PRIMARY KEY (`id`) USING BTREE,
  KEY `idx_process_instance_id` (`process_instance_id`) USING BTREE
) ENGINE=InnoDB DEFAULT CHARSET=utf8mb3 COLLATE=utf8_bin;

-- ----------------------------
-- Records of zz_flow_task_comment
-- ----------------------------
BEGIN;
INSERT INTO `zz_flow_task_comment` VALUES (1450732253381398528, '04b2aec5-317b-11ec-9438-f20b812c0662', '04b2d5de-317b-11ec-9438-f20b812c0662', 'Activity_0c6nxdm', '录入', 'agree', NULL, NULL, 1440966324770574336, '员工D', '2021-10-20 15:54:57');
INSERT INTO `zz_flow_task_comment` VALUES (1450732336550252544, '04b2aec5-317b-11ec-9438-f20b812c0662', '04b742ba-317b-11ec-9438-f20b812c0662', 'Activity_0wwsi9w', '转办', 'transfer', '转办', 'userD', 1440911410581213417, '管理员', '2021-10-20 15:55:17');
INSERT INTO `zz_flow_task_comment` VALUES (1450732384881217536, '04b2aec5-317b-11ec-9438-f20b812c0662', '04b742ba-317b-11ec-9438-f20b812c0662', 'Activity_0wwsi9w', '转办', 'agree', '同意', NULL, 1440966324770574336, '员工D', '2021-10-20 15:55:29');
INSERT INTO `zz_flow_task_comment` VALUES (1450745975596388352, '8de8b46c-3182-11ec-a0b7-f20b812c0662', '8deb99a7-3182-11ec-a0b7-f20b812c0662', 'Activity_1tb8jka', '请假申请', 'agree', NULL, NULL, 1440966324770574336, '员工D', '2021-10-20 16:49:29');
INSERT INTO `zz_flow_task_comment` VALUES (1450747313021521920, '5b6b546a-3183-11ec-ad5a-f20b812c0662', '5b6e61b5-3183-11ec-ad5a-f20b812c0662', 'Activity_1tb8jka', '请假申请', 'agree', NULL, NULL, 1440966324770574336, '员工D', '2021-10-20 16:54:48');
INSERT INTO `zz_flow_task_comment` VALUES (1450747613543403520, '5b6b546a-3183-11ec-ad5a-f20b812c0662', '5f1ee6a5-3183-11ec-ad5a-f20b812c0662', 'Activity_11jr0px', '部门领导审批', 'refuse', '不同意', NULL, 1440966073686953984, '天津总监', '2021-10-20 16:55:59');
INSERT INTO `zz_flow_task_comment` VALUES (1450747698067017728, '5b6b546a-3183-11ec-ad5a-f20b812c0662', '8b85a187-3183-11ec-ad5a-f20b812c0662', 'Activity_1tb8jka', '请假申请', 'agree', '再次提交', NULL, 1440966324770574336, '员工D', '2021-10-20 16:56:19');
INSERT INTO `zz_flow_task_comment` VALUES (1450747768208363520, '5b6b546a-3183-11ec-ad5a-f20b812c0662', '9787d1c7-3183-11ec-ad5a-f20b812c0662', 'Activity_11jr0px', '部门领导审批', 'agree', '同意', NULL, 1440966073686953984, '天津总监', '2021-10-20 16:56:36');
INSERT INTO `zz_flow_task_comment` VALUES (1450748087831105536, '5b6b546a-3183-11ec-ad5a-f20b812c0662', 'a18112a8-3183-11ec-ad5a-f20b812c0662', 'Activity_00ibp0u', 'HR审批', 'agree', '同意', NULL, 1440965465605148672, '员工A', '2021-10-20 16:57:52');
INSERT INTO `zz_flow_task_comment` VALUES (1450748609246007296, '190031da-3184-11ec-ad5a-f20b812c0662', '19008005-3184-11ec-ad5a-f20b812c0662', 'Activity_1cs4bi5', '报销申请', 'agree', NULL, NULL, 1440966324770574336, '员工D', '2021-10-20 16:59:57');
INSERT INTO `zz_flow_task_comment` VALUES (1450748696181346304, '190031da-3184-11ec-ad5a-f20b812c0662', '1904c5d5-3184-11ec-ad5a-f20b812c0662', 'Activity_04scn2o', '部门领导审批', 'agree', '同意', NULL, 1440966073686953984, '天津总监', '2021-10-20 17:00:17');
INSERT INTO `zz_flow_task_comment` VALUES (1450748793329815552, '190031da-3184-11ec-ad5a-f20b812c0662', '255f765c-3184-11ec-ad5a-f20b812c0662', 'Activity_1w23xfe', '总经理审批', 'agree', '同意', NULL, 1440911410581213417, '管理员', '2021-10-20 17:00:41');
INSERT INTO `zz_flow_task_comment` VALUES (1450749438929670144, '8edf84c8-3184-11ec-9f40-f20b812c0662', '8ee35563-3184-11ec-9f40-f20b812c0662', 'Activity_1tb8jka', '请假申请', 'agree', NULL, NULL, 1440966324770574336, '员工D', '2021-10-20 17:03:15');
INSERT INTO `zz_flow_task_comment` VALUES (1450749525818871808, '8edf84c8-3184-11ec-9f40-f20b812c0662', '8eeb92d2-3184-11ec-9f40-f20b812c0662', 'Activity_11jr0px', '部门领导审批', 'agree', '欧了', NULL, 1440966073686953984, '天津总监', '2021-10-20 17:03:35');
INSERT INTO `zz_flow_task_comment` VALUES (1450749626310201344, '8edf84c8-3184-11ec-9f40-f20b812c0662', '9b45ce23-3184-11ec-9f40-f20b812c0662', 'Activity_00ibp0u', 'HR审批', 'agree', '恭喜恭喜', NULL, 1440965465605148672, '员工A', '2021-10-20 17:03:59');
INSERT INTO `zz_flow_task_comment` VALUES (1450750096932081664, 'ec6ca594-3184-11ec-9f40-f20b812c0662', 'ec6cccaf-3184-11ec-9f40-f20b812c0662', 'Activity_0bciohf', '合同录入', 'agree', NULL, NULL, 1440966324770574336, '员工D', '2021-10-20 17:05:51');
INSERT INTO `zz_flow_task_comment` VALUES (1450750157921456128, 'ec6ca594-3184-11ec-9f40-f20b812c0662', 'ec70010e-3184-11ec-9f40-f20b812c0662', 'Activity_053om99', '业务部领导审批', 'agree', '同意', NULL, 1440966073686953984, '天津总监', '2021-10-20 17:06:06');
INSERT INTO `zz_flow_task_comment` VALUES (1450750220756324352, 'ec6ca594-3184-11ec-9f40-f20b812c0662', 'f518f433-3184-11ec-9f40-f20b812c0662', 'Activity_17930aj', '造价部审批', 'agree', '同意', NULL, 1440911410581213417, '管理员', '2021-10-20 17:06:21');
INSERT INTO `zz_flow_task_comment` VALUES (1450750247146885120, 'ec6ca594-3184-11ec-9f40-f20b812c0662', 'f518f431-3184-11ec-9f40-f20b812c0662', 'Activity_0z90ali', '工程部审批', 'agree', '同意了', NULL, 1440911410581213417, '管理员', '2021-10-20 17:06:27');
INSERT INTO `zz_flow_task_comment` VALUES (1450750592560402432, 'ec6ca594-3184-11ec-9f40-f20b812c0662', '01c79123-3185-11ec-9f40-f20b812c0662', 'Activity_0xetc8u', '财务部审批', 'agree', '没问题', NULL, 1440966186522120192, '天津经理', '2021-10-20 17:07:50');
INSERT INTO `zz_flow_task_comment` VALUES (1450750768880553984, 'ec6ca594-3184-11ec-9f40-f20b812c0662', '32dedbc5-3185-11ec-9f40-f20b812c0662', 'Activity_0dvg4hi', '法务部审批', 'multi_sign', '用户 [leaderLaw] 会签 [[\"admin\",\"userD\"]]。', NULL, 1440965808049098752, '法务经理', '2021-10-20 17:08:32');
INSERT INTO `zz_flow_task_comment` VALUES (1450750837398704128, 'ec6ca594-3184-11ec-9f40-f20b812c0662', '4be78d00-3185-11ec-9f40-f20b812c0662', 'Activity_0xo14ns', '法务部会签', 'multi_agree', '同意', NULL, 1440966324770574336, '员工D', '2021-10-20 17:08:48');
INSERT INTO `zz_flow_task_comment` VALUES (1450750918214553600, 'ec6ca594-3184-11ec-9f40-f20b812c0662', '4be78cfe-3185-11ec-9f40-f20b812c0662', 'Activity_0xo14ns', '法务部会签', 'multi_agree', '同意', NULL, 1440911410581213417, '管理员', '2021-10-20 17:09:07');
INSERT INTO `zz_flow_task_comment` VALUES (1450751110531780608, 'ec6ca594-3184-11ec-9f40-f20b812c0662', '6121f760-3185-11ec-9f40-f20b812c0662', 'Activity_1enh5ke', '总经理审批', 'agree', '同意', NULL, 1440969706411397120, '总部领导', '2021-10-20 17:09:53');
INSERT INTO `zz_flow_task_comment` VALUES (1450753187584675840, 'a396f281-3186-11ec-bf2d-f20b812c0662', 'a399b1ac-3186-11ec-bf2d-f20b812c0662', 'Activity_1tb8jka', '请假申请', 'agree', NULL, NULL, 1440966324770574336, '员工D', '2021-10-20 17:18:08');
INSERT INTO `zz_flow_task_comment` VALUES (1476751923863359488, 'd6423389-69e6-11ec-bb85-0235bf949cb9', 'd644f2b4-69e6-11ec-bb85-0235bf949cb9', 'Activity_1tb8jka', '请假申请', 'agree', NULL, NULL, 1440911410581213417, '管理员', '2021-12-31 11:07:50');
INSERT INTO `zz_flow_task_comment` VALUES (1476751964548108288, 'dc101a4d-69e6-11ec-bb85-0235bf949cb9', 'dc104168-69e6-11ec-bb85-0235bf949cb9', 'Activity_1cs4bi5', '报销申请', 'agree', NULL, NULL, 1440911410581213417, '管理员', '2021-12-31 11:08:00');
INSERT INTO `zz_flow_task_comment` VALUES (1476752006881218560, 'e214ef91-69e6-11ec-bb85-0235bf949cb9', 'e21516ac-69e6-11ec-bb85-0235bf949cb9', 'Activity_0bciohf', '合同录入', 'agree', NULL, NULL, 1440911410581213417, '管理员', '2021-12-31 11:08:10');
INSERT INTO `zz_flow_task_comment` VALUES (1476752044281827328, 'e76568f5-69e6-11ec-bb85-0235bf949cb9', 'e76568fe-69e6-11ec-bb85-0235bf949cb9', 'Activity_1022nty', '录入', 'multi_sign', '用户 [admin] 会签 [admin,userA,userB]。', NULL, 1440911410581213417, '管理员', '2021-12-31 11:08:19');
INSERT INTO `zz_flow_task_comment` VALUES (1476752083452432384, 'ecf66d42-69e6-11ec-bb85-0235bf949cb9', 'ecf6945b-69e6-11ec-bb85-0235bf949cb9', 'Activity_0c6nxdm', '录入', 'agree', NULL, NULL, 1440911410581213417, '管理员', '2021-12-31 11:08:28');
INSERT INTO `zz_flow_task_comment` VALUES (1476753410958036992, 'ecf66d42-69e6-11ec-bb85-0235bf949cb9', 'ecfa8c07-69e6-11ec-bb85-0235bf949cb9', 'Activity_0wwsi9w', '转办', 'stop', '1111', NULL, 1440911410581213417, '管理员', '2021-12-31 11:13:45');
INSERT INTO `zz_flow_task_comment` VALUES (1476753430797094912, 'e76568f5-69e6-11ec-bb85-0235bf949cb9', 'e76ae677-69e6-11ec-bb85-0235bf949cb9', 'Activity_0umypog', '会签', 'stop', '222', NULL, 1440911410581213417, '管理员', '2021-12-31 11:13:49');
INSERT INTO `zz_flow_task_comment` VALUES (1476753431036170240, 'e76568f5-69e6-11ec-bb85-0235bf949cb9', 'e76ae679-69e6-11ec-bb85-0235bf949cb9', 'Activity_0umypog', '会签', 'stop', '222', NULL, 1440911410581213417, '管理员', '2021-12-31 11:13:49');
INSERT INTO `zz_flow_task_comment` VALUES (1476753431463989248, 'e76568f5-69e6-11ec-bb85-0235bf949cb9', 'e76ae67b-69e6-11ec-bb85-0235bf949cb9', 'Activity_0umypog', '会签', 'stop', '222', NULL, 1440911410581213417, '管理员', '2021-12-31 11:13:49');
INSERT INTO `zz_flow_task_comment` VALUES (1476753451512762368, 'e214ef91-69e6-11ec-bb85-0235bf949cb9', 'e219356b-69e6-11ec-bb85-0235bf949cb9', 'Activity_053om99', '业务部领导审批', 'stop', '333', NULL, 1440911410581213417, '管理员', '2021-12-31 11:13:54');
COMMIT;

-- ----------------------------
-- Table structure for zz_flow_task_ext
-- ----------------------------
DROP TABLE IF EXISTS `zz_flow_task_ext`;
CREATE TABLE `zz_flow_task_ext` (
  `process_definition_id` varchar(64) CHARACTER SET utf8mb4 COLLATE utf8mb4_bin NOT NULL COMMENT '流程引擎的定义Id',
  `task_id` varchar(64) CHARACTER SET utf8mb4 COLLATE utf8mb4_bin NOT NULL COMMENT '流程引擎任务Id',
  `operation_list_json` longtext CHARACTER SET utf8mb4 COLLATE utf8mb4_bin COMMENT '操作列表JSON',
  `variable_list_json` longtext CHARACTER SET utf8mb4 COLLATE utf8mb4_bin COMMENT '变量列表JSON',
  `assignee_list_json` text CHARACTER SET utf8mb4 COLLATE utf8mb4_bin COMMENT '存储多实例的assigneeList的JSON',
  `group_type` varchar(255) CHARACTER SET utf8mb4 COLLATE utf8mb4_bin NOT NULL COMMENT '分组类型',
  `dept_post_list_json` varchar(1024) CHARACTER SET utf8mb4 COLLATE utf8mb4_bin DEFAULT NULL COMMENT '保存岗位相关的数据',
  `role_ids` varchar(1024) CHARACTER SET utf8mb4 COLLATE utf8mb4_bin DEFAULT NULL COMMENT '保存角色Id数据',
  `dept_ids` varchar(1024) CHARACTER SET utf8mb4 COLLATE utf8mb4_bin DEFAULT NULL COMMENT '保存部门Id数据',
  `candidate_usernames` varchar(4000) CHARACTER SET utf8mb4 COLLATE utf8mb4_bin DEFAULT NULL COMMENT '保存候选组用户名数据',
  PRIMARY KEY (`process_definition_id`,`task_id`) USING BTREE
) ENGINE=InnoDB DEFAULT CHARSET=utf8mb4 COLLATE=utf8mb4_bin;

-- ----------------------------
-- Records of zz_flow_task_ext
-- ----------------------------
BEGIN;
INSERT INTO `zz_flow_task_ext` VALUES ('flowConsign:1:b1375253-3175-11ec-9438-f20b812c0662', 'Activity_0umypog', NULL, NULL, NULL, 'DEPT', NULL, NULL, NULL, NULL);
INSERT INTO `zz_flow_task_ext` VALUES ('flowConsign:1:b1375253-3175-11ec-9438-f20b812c0662', 'Activity_1022nty', '[{\"showOrder\":\"0\",\"id\":\"1634713481202\",\"label\":\"会签\",\"type\":\"multi_sign\"},{\"showOrder\":\"1\",\"id\":\"1634713558334\",\"label\":\"加签\",\"type\":\"multi_consign\"}]', NULL, NULL, 'DEPT', NULL, NULL, NULL, NULL);
INSERT INTO `zz_flow_task_ext` VALUES ('flowConsign:1:b1375253-3175-11ec-9438-f20b812c0662', 'Activity_1h9dd8t', '[{\"showOrder\":\"0\",\"id\":\"1634713969842\",\"label\":\"同意\",\"type\":\"agree\"},{\"showOrder\":\"1\",\"id\":\"1634713975120\",\"label\":\"拒绝\",\"type\":\"refuse\"}]', NULL, NULL, 'DEPT', NULL, NULL, NULL, NULL);
INSERT INTO `zz_flow_task_ext` VALUES ('flowConsign:2:778c3c44-5e70-11ec-9355-5e4c369e54c1', 'Activity_0umypog', '[{\"showOrder\":\"0\",\"id\":\"1639659718081\",\"label\":\"同意（会签）\",\"type\":\"multi_agree\"},{\"showOrder\":\"1\",\"id\":\"1639659724119\",\"label\":\"拒绝（会签）\",\"type\":\"multi_refuse\"}]', NULL, NULL, 'ASSIGNEE', NULL, NULL, NULL, NULL);
INSERT INTO `zz_flow_task_ext` VALUES ('flowConsign:2:778c3c44-5e70-11ec-9355-5e4c369e54c1', 'Activity_1022nty', '[{\"multiSignAssignee\":{\"assigneeList\":\"admin,userA,userB\",\"assigneeType\":\"USER_GROUP\"},\"showOrder\":\"0\",\"id\":\"1634713481202\",\"label\":\"会签\",\"type\":\"multi_sign\"},{\"showOrder\":\"1\",\"id\":\"1634713558334\",\"label\":\"加签\",\"type\":\"multi_consign\"}]', NULL, NULL, 'ASSIGNEE', NULL, NULL, NULL, NULL);
INSERT INTO `zz_flow_task_ext` VALUES ('flowConsign:2:778c3c44-5e70-11ec-9355-5e4c369e54c1', 'Activity_1h9dd8t', '[{\"showOrder\":\"0\",\"id\":\"1634713969842\",\"label\":\"同意\",\"type\":\"agree\"},{\"showOrder\":\"1\",\"id\":\"1634713975120\",\"label\":\"拒绝\",\"type\":\"refuse\"}]', NULL, NULL, 'ASSIGNEE', NULL, NULL, NULL, NULL);
INSERT INTO `zz_flow_task_ext` VALUES ('flowConsign:3:98ed0f55-69e6-11ec-bb85-0235bf949cb9', 'Activity_0umypog', '[{\"showOrder\":\"0\",\"id\":\"1639659718081\",\"label\":\"同意（会签）\",\"type\":\"multi_agree\"},{\"showOrder\":\"1\",\"id\":\"1639659724119\",\"label\":\"拒绝（会签）\",\"type\":\"multi_refuse\"}]', NULL, NULL, 'ASSIGNEE', NULL, NULL, NULL, NULL);
INSERT INTO `zz_flow_task_ext` VALUES ('flowConsign:3:98ed0f55-69e6-11ec-bb85-0235bf949cb9', 'Activity_1022nty', '[{\"multiSignAssignee\":{\"assigneeList\":\"admin,userA,userB\",\"assigneeType\":\"USER_GROUP\"},\"showOrder\":\"0\",\"id\":\"1634713481202\",\"label\":\"会签\",\"type\":\"multi_sign\"},{\"showOrder\":\"1\",\"id\":\"1634713558334\",\"label\":\"加签\",\"type\":\"multi_consign\"}]', NULL, NULL, 'ASSIGNEE', NULL, NULL, NULL, NULL);
INSERT INTO `zz_flow_task_ext` VALUES ('flowConsign:3:98ed0f55-69e6-11ec-bb85-0235bf949cb9', 'Activity_1h9dd8t', '[{\"showOrder\":\"0\",\"id\":\"1634713969842\",\"label\":\"同意\",\"type\":\"agree\"},{\"showOrder\":\"1\",\"id\":\"1634713975120\",\"label\":\"拒绝\",\"type\":\"refuse\"}]', NULL, NULL, 'ASSIGNEE', NULL, NULL, NULL, NULL);
INSERT INTO `zz_flow_task_ext` VALUES ('flowContract:1:afa45640-3175-11ec-9438-f20b812c0662', 'Activity_053om99', '[{\"showOrder\":\"0\",\"id\":\"1634712564353\",\"label\":\"同意\",\"type\":\"agree\"}]', NULL, NULL, 'DEPT_POST_LEADER', NULL, NULL, NULL, NULL);
INSERT INTO `zz_flow_task_ext` VALUES ('flowContract:1:afa45640-3175-11ec-9438-f20b812c0662', 'Activity_0bciohf', '[{\"showOrder\":\"0\",\"id\":\"1634712553498\",\"label\":\"提交\",\"type\":\"agree\"}]', NULL, NULL, 'DEPT', NULL, NULL, NULL, NULL);
INSERT INTO `zz_flow_task_ext` VALUES ('flowContract:1:afa45640-3175-11ec-9438-f20b812c0662', 'Activity_0dvg4hi', '[{\"showOrder\":\"0\",\"id\":\"1634712820414\",\"label\":\"会签\",\"type\":\"multi_sign\"},{\"showOrder\":\"1\",\"id\":\"1634712828909\",\"label\":\"加签\",\"type\":\"multi_consign\"}]', NULL, NULL, 'POST', NULL, NULL, NULL, NULL);
INSERT INTO `zz_flow_task_ext` VALUES ('flowContract:1:afa45640-3175-11ec-9438-f20b812c0662', 'Activity_0xetc8u', '[{\"showOrder\":\"0\",\"id\":\"1634712668982\",\"label\":\"同意\",\"type\":\"agree\"},{\"showOrder\":\"1\",\"id\":\"1634712672195\",\"label\":\"拒绝\",\"type\":\"refuse\"}]', NULL, NULL, 'POST', NULL, NULL, NULL, NULL);
INSERT INTO `zz_flow_task_ext` VALUES ('flowContract:1:afa45640-3175-11ec-9438-f20b812c0662', 'Activity_0xo14ns', '[{\"showOrder\":\"0\",\"id\":\"1634712945053\",\"label\":\"同意\",\"type\":\"multi_agree\"},{\"showOrder\":\"1\",\"id\":\"1634712951160\",\"label\":\"拒绝\",\"type\":\"multi_refuse\"}]', NULL, NULL, 'DEPT', NULL, NULL, NULL, NULL);
INSERT INTO `zz_flow_task_ext` VALUES ('flowContract:1:afa45640-3175-11ec-9438-f20b812c0662', 'Activity_0z90ali', '[{\"showOrder\":\"0\",\"id\":\"1634712606529\",\"label\":\"同意\",\"type\":\"agree\"}]', NULL, NULL, 'DEPT', NULL, NULL, NULL, NULL);
INSERT INTO `zz_flow_task_ext` VALUES ('flowContract:1:afa45640-3175-11ec-9438-f20b812c0662', 'Activity_17930aj', '[{\"showOrder\":\"0\",\"id\":\"1634712631113\",\"label\":\"同意\",\"type\":\"agree\"}]', NULL, NULL, 'DEPT', NULL, NULL, NULL, NULL);
INSERT INTO `zz_flow_task_ext` VALUES ('flowContract:1:afa45640-3175-11ec-9438-f20b812c0662', 'Activity_1enh5ke', '[{\"showOrder\":\"0\",\"id\":\"1634713156091\",\"label\":\"同意\",\"type\":\"agree\"},{\"showOrder\":\"1\",\"id\":\"1634713159956\",\"label\":\"拒绝\",\"type\":\"refuse\"}]', NULL, NULL, 'DEPT', NULL, NULL, NULL, NULL);
INSERT INTO `zz_flow_task_ext` VALUES ('flowContract:2:7ce26a87-3184-11ec-9f40-f20b812c0662', 'Activity_053om99', '[{\"showOrder\":\"0\",\"id\":\"1634712564353\",\"label\":\"同意\",\"type\":\"agree\"}]', NULL, NULL, 'DEPT_POST_LEADER', NULL, NULL, NULL, NULL);
INSERT INTO `zz_flow_task_ext` VALUES ('flowContract:2:7ce26a87-3184-11ec-9f40-f20b812c0662', 'Activity_0bciohf', '[{\"showOrder\":\"0\",\"id\":\"1634712553498\",\"label\":\"提交\",\"type\":\"agree\"}]', NULL, NULL, 'DEPT', NULL, NULL, NULL, NULL);
INSERT INTO `zz_flow_task_ext` VALUES ('flowContract:2:7ce26a87-3184-11ec-9f40-f20b812c0662', 'Activity_0dvg4hi', '[{\"showOrder\":\"0\",\"id\":\"1634712820414\",\"label\":\"会签\",\"type\":\"multi_sign\"},{\"showOrder\":\"1\",\"id\":\"1634712828909\",\"label\":\"加签\",\"type\":\"multi_consign\"}]', NULL, NULL, 'POST', NULL, NULL, NULL, NULL);
INSERT INTO `zz_flow_task_ext` VALUES ('flowContract:2:7ce26a87-3184-11ec-9f40-f20b812c0662', 'Activity_0xetc8u', '[{\"showOrder\":\"0\",\"id\":\"1634712668982\",\"label\":\"同意\",\"type\":\"agree\"},{\"showOrder\":\"1\",\"id\":\"1634712672195\",\"label\":\"拒绝\",\"type\":\"refuse\"}]', NULL, NULL, 'POST', NULL, NULL, NULL, NULL);
INSERT INTO `zz_flow_task_ext` VALUES ('flowContract:2:7ce26a87-3184-11ec-9f40-f20b812c0662', 'Activity_0xo14ns', '[{\"showOrder\":\"0\",\"id\":\"1634712945053\",\"label\":\"同意\",\"type\":\"multi_agree\"},{\"showOrder\":\"1\",\"id\":\"1634712951160\",\"label\":\"拒绝\",\"type\":\"multi_refuse\"}]', NULL, NULL, 'DEPT', NULL, NULL, NULL, NULL);
INSERT INTO `zz_flow_task_ext` VALUES ('flowContract:2:7ce26a87-3184-11ec-9f40-f20b812c0662', 'Activity_0z90ali', '[{\"showOrder\":\"0\",\"id\":\"1634712606529\",\"label\":\"同意\",\"type\":\"agree\"}]', NULL, NULL, 'DEPT', NULL, NULL, NULL, NULL);
INSERT INTO `zz_flow_task_ext` VALUES ('flowContract:2:7ce26a87-3184-11ec-9f40-f20b812c0662', 'Activity_17930aj', '[{\"showOrder\":\"0\",\"id\":\"1634712631113\",\"label\":\"同意\",\"type\":\"agree\"}]', NULL, NULL, 'DEPT', NULL, NULL, NULL, NULL);
INSERT INTO `zz_flow_task_ext` VALUES ('flowContract:2:7ce26a87-3184-11ec-9f40-f20b812c0662', 'Activity_1enh5ke', '[{\"showOrder\":\"0\",\"id\":\"1634713156091\",\"label\":\"同意\",\"type\":\"agree\"},{\"showOrder\":\"1\",\"id\":\"1634713159956\",\"label\":\"拒绝\",\"type\":\"refuse\"}]', NULL, NULL, 'DEPT', NULL, NULL, NULL, NULL);
INSERT INTO `zz_flow_task_ext` VALUES ('flowContract:3:412c67b1-5e70-11ec-9355-5e4c369e54c1', 'Activity_053om99', '[{\"showOrder\":\"0\",\"id\":\"1634712564353\",\"label\":\"同意\",\"type\":\"agree\"}]', NULL, NULL, 'DEPT_POST_LEADER', NULL, NULL, NULL, NULL);
INSERT INTO `zz_flow_task_ext` VALUES ('flowContract:3:412c67b1-5e70-11ec-9355-5e4c369e54c1', 'Activity_0bciohf', '[{\"showOrder\":\"0\",\"id\":\"1634712553498\",\"label\":\"提交\",\"type\":\"agree\"}]', NULL, NULL, 'ASSIGNEE', NULL, NULL, NULL, NULL);
INSERT INTO `zz_flow_task_ext` VALUES ('flowContract:3:412c67b1-5e70-11ec-9355-5e4c369e54c1', 'Activity_0dvg4hi', '[{\"showOrder\":\"0\",\"id\":\"1634712820414\",\"label\":\"会签\",\"type\":\"multi_sign\"},{\"showOrder\":\"1\",\"id\":\"1634712828909\",\"label\":\"加签\",\"type\":\"multi_consign\"}]', NULL, NULL, 'POST', '[{\"id\":\"deptPost__1440964387979399168\",\"type\":\"deptPost\",\"deptPostId\":\"1440964387979399168\"}]', NULL, NULL, NULL);
INSERT INTO `zz_flow_task_ext` VALUES ('flowContract:3:412c67b1-5e70-11ec-9355-5e4c369e54c1', 'Activity_0xetc8u', '[{\"showOrder\":\"0\",\"id\":\"1634712668982\",\"label\":\"同意\",\"type\":\"agree\"},{\"showOrder\":\"1\",\"id\":\"1634712672195\",\"label\":\"拒绝\",\"type\":\"refuse\"}]', NULL, NULL, 'POST', '[{\"id\":\"deptPost__1440964519391137792\",\"type\":\"deptPost\",\"deptPostId\":\"1440964519391137792\"},{\"id\":\"deptPost__1440964519395332096\",\"type\":\"deptPost\",\"deptPostId\":\"1440964519395332096\"}]', NULL, NULL, NULL);
INSERT INTO `zz_flow_task_ext` VALUES ('flowContract:3:412c67b1-5e70-11ec-9355-5e4c369e54c1', 'Activity_0xo14ns', '[{\"showOrder\":\"0\",\"id\":\"1634712945053\",\"label\":\"同意\",\"type\":\"multi_agree\"},{\"showOrder\":\"1\",\"id\":\"1634712951160\",\"label\":\"拒绝\",\"type\":\"multi_refuse\"}]', NULL, NULL, 'ASSIGNEE', NULL, NULL, NULL, NULL);
INSERT INTO `zz_flow_task_ext` VALUES ('flowContract:3:412c67b1-5e70-11ec-9355-5e4c369e54c1', 'Activity_0z90ali', '[{\"showOrder\":\"0\",\"id\":\"1634712606529\",\"label\":\"同意\",\"type\":\"agree\"}]', NULL, NULL, 'ASSIGNEE', NULL, NULL, NULL, NULL);
INSERT INTO `zz_flow_task_ext` VALUES ('flowContract:3:412c67b1-5e70-11ec-9355-5e4c369e54c1', 'Activity_17930aj', '[{\"showOrder\":\"0\",\"id\":\"1634712631113\",\"label\":\"同意\",\"type\":\"agree\"}]', NULL, NULL, 'USERS', NULL, NULL, NULL, 'admin');
INSERT INTO `zz_flow_task_ext` VALUES ('flowContract:3:412c67b1-5e70-11ec-9355-5e4c369e54c1', 'Activity_1enh5ke', '[{\"showOrder\":\"0\",\"id\":\"1634713156091\",\"label\":\"同意\",\"type\":\"agree\"},{\"showOrder\":\"1\",\"id\":\"1634713159956\",\"label\":\"拒绝\",\"type\":\"refuse\"}]', NULL, NULL, 'DEPT', NULL, NULL, '1440911410581213416', NULL);
INSERT INTO `zz_flow_task_ext` VALUES ('flowContract:4:9170b562-69e6-11ec-bb85-0235bf949cb9', 'Activity_053om99', '[{\"showOrder\":\"0\",\"id\":\"1634712564353\",\"label\":\"同意\",\"type\":\"agree\"}]', NULL, NULL, 'DEPT_POST_LEADER', NULL, NULL, NULL, NULL);
INSERT INTO `zz_flow_task_ext` VALUES ('flowContract:4:9170b562-69e6-11ec-bb85-0235bf949cb9', 'Activity_0bciohf', '[{\"showOrder\":\"0\",\"id\":\"1634712553498\",\"label\":\"提交\",\"type\":\"agree\"}]', NULL, NULL, 'ASSIGNEE', NULL, NULL, NULL, NULL);
INSERT INTO `zz_flow_task_ext` VALUES ('flowContract:4:9170b562-69e6-11ec-bb85-0235bf949cb9', 'Activity_0dvg4hi', '[{\"showOrder\":\"0\",\"id\":\"1634712820414\",\"label\":\"会签\",\"type\":\"multi_sign\"},{\"showOrder\":\"1\",\"id\":\"1634712828909\",\"label\":\"加签\",\"type\":\"multi_consign\"}]', NULL, NULL, 'POST', '[{\"id\":\"deptPost__1440964387979399168\",\"type\":\"deptPost\",\"deptPostId\":\"1440964387979399168\"}]', NULL, NULL, NULL);
INSERT INTO `zz_flow_task_ext` VALUES ('flowContract:4:9170b562-69e6-11ec-bb85-0235bf949cb9', 'Activity_0xetc8u', '[{\"showOrder\":\"0\",\"id\":\"1634712668982\",\"label\":\"同意\",\"type\":\"agree\"},{\"showOrder\":\"1\",\"id\":\"1634712672195\",\"label\":\"拒绝\",\"type\":\"refuse\"}]', NULL, NULL, 'POST', '[{\"id\":\"deptPost__1440964519391137792\",\"type\":\"deptPost\",\"deptPostId\":\"1440964519391137792\"},{\"id\":\"deptPost__1440964519395332096\",\"type\":\"deptPost\",\"deptPostId\":\"1440964519395332096\"}]', NULL, NULL, NULL);
INSERT INTO `zz_flow_task_ext` VALUES ('flowContract:4:9170b562-69e6-11ec-bb85-0235bf949cb9', 'Activity_0xo14ns', '[{\"showOrder\":\"0\",\"id\":\"1634712945053\",\"label\":\"同意\",\"type\":\"multi_agree\"},{\"showOrder\":\"1\",\"id\":\"1634712951160\",\"label\":\"拒绝\",\"type\":\"multi_refuse\"}]', NULL, NULL, 'ASSIGNEE', NULL, NULL, NULL, NULL);
INSERT INTO `zz_flow_task_ext` VALUES ('flowContract:4:9170b562-69e6-11ec-bb85-0235bf949cb9', 'Activity_0z90ali', '[{\"showOrder\":\"0\",\"id\":\"1634712606529\",\"label\":\"同意\",\"type\":\"agree\"}]', NULL, NULL, 'ASSIGNEE', NULL, NULL, NULL, NULL);
INSERT INTO `zz_flow_task_ext` VALUES ('flowContract:4:9170b562-69e6-11ec-bb85-0235bf949cb9', 'Activity_17930aj', '[{\"showOrder\":\"0\",\"id\":\"1634712631113\",\"label\":\"同意\",\"type\":\"agree\"}]', NULL, NULL, 'USERS', NULL, NULL, NULL, 'admin');
INSERT INTO `zz_flow_task_ext` VALUES ('flowContract:4:9170b562-69e6-11ec-bb85-0235bf949cb9', 'Activity_1enh5ke', '[{\"showOrder\":\"0\",\"id\":\"1634713156091\",\"label\":\"同意\",\"type\":\"agree\"},{\"showOrder\":\"1\",\"id\":\"1634713159956\",\"label\":\"拒绝\",\"type\":\"refuse\"}]', NULL, NULL, 'DEPT', NULL, NULL, '1440911410581213416', NULL);
INSERT INTO `zz_flow_task_ext` VALUES ('flowLeave:1:ad52c51a-3175-11ec-9438-f20b812c0662', 'Activity_00ibp0u', '[{\"showOrder\":\"0\",\"id\":\"1634711306601\",\"label\":\"同意\",\"type\":\"agree\"},{\"showOrder\":\"1\",\"id\":\"1634711310391\",\"label\":\"拒绝\",\"type\":\"refuse\"}]', NULL, NULL, 'POST', NULL, NULL, NULL, NULL);
INSERT INTO `zz_flow_task_ext` VALUES ('flowLeave:1:ad52c51a-3175-11ec-9438-f20b812c0662', 'Activity_11jr0px', '[{\"showOrder\":\"0\",\"id\":\"1634711147941\",\"label\":\"同意\",\"type\":\"agree\"},{\"showOrder\":\"1\",\"id\":\"1634711151349\",\"label\":\"拒绝\",\"type\":\"refuse\"}]', NULL, NULL, 'DEPT_POST_LEADER', NULL, NULL, NULL, NULL);
INSERT INTO `zz_flow_task_ext` VALUES ('flowLeave:1:ad52c51a-3175-11ec-9438-f20b812c0662', 'Activity_1tb8jka', '[{\"showOrder\":\"0\",\"id\":\"1634711122925\",\"label\":\"提交\",\"type\":\"agree\"}]', NULL, NULL, 'DEPT', NULL, NULL, NULL, NULL);
INSERT INTO `zz_flow_task_ext` VALUES ('flowLeave:2:0aaff445-3179-11ec-9438-f20b812c0662', 'Activity_00ibp0u', '[{\"showOrder\":\"0\",\"id\":\"1634711306601\",\"label\":\"同意\",\"type\":\"agree\"},{\"showOrder\":\"1\",\"id\":\"1634711310391\",\"label\":\"拒绝\",\"type\":\"refuse\"}]', NULL, NULL, 'POST', NULL, NULL, NULL, NULL);
INSERT INTO `zz_flow_task_ext` VALUES ('flowLeave:2:0aaff445-3179-11ec-9438-f20b812c0662', 'Activity_11jr0px', '[{\"showOrder\":\"0\",\"id\":\"1634711147941\",\"label\":\"同意\",\"type\":\"agree\"},{\"showOrder\":\"1\",\"id\":\"1634711151349\",\"label\":\"拒绝\",\"type\":\"refuse\"}]', NULL, NULL, 'DEPT_POST_LEADER', NULL, NULL, NULL, NULL);
INSERT INTO `zz_flow_task_ext` VALUES ('flowLeave:2:0aaff445-3179-11ec-9438-f20b812c0662', 'Activity_1tb8jka', '[{\"showOrder\":\"0\",\"id\":\"1634711122925\",\"label\":\"提交\",\"type\":\"agree\"}]', NULL, NULL, 'DEPT', NULL, NULL, NULL, NULL);
INSERT INTO `zz_flow_task_ext` VALUES ('flowLeave:3:3a65da18-3179-11ec-9438-f20b812c0662', 'Activity_00ibp0u', '[{\"showOrder\":\"0\",\"id\":\"1634711306601\",\"label\":\"同意\",\"type\":\"agree\"},{\"showOrder\":\"1\",\"id\":\"1634711310391\",\"label\":\"拒绝\",\"type\":\"refuse\"}]', NULL, NULL, 'POST', NULL, NULL, NULL, NULL);
INSERT INTO `zz_flow_task_ext` VALUES ('flowLeave:3:3a65da18-3179-11ec-9438-f20b812c0662', 'Activity_11jr0px', '[{\"showOrder\":\"0\",\"id\":\"1634711147941\",\"label\":\"同意\",\"type\":\"agree\"},{\"showOrder\":\"1\",\"id\":\"1634711151349\",\"label\":\"拒绝\",\"type\":\"refuse\"}]', NULL, NULL, 'DEPT_POST_LEADER', NULL, NULL, NULL, NULL);
INSERT INTO `zz_flow_task_ext` VALUES ('flowLeave:3:3a65da18-3179-11ec-9438-f20b812c0662', 'Activity_1tb8jka', '[{\"showOrder\":\"0\",\"id\":\"1634711122925\",\"label\":\"提交\",\"type\":\"agree\"}]', NULL, NULL, 'DEPT', NULL, NULL, NULL, NULL);
INSERT INTO `zz_flow_task_ext` VALUES ('flowLeave:4:8e42a9bb-3179-11ec-9438-f20b812c0662', 'Activity_00ibp0u', '[{\"showOrder\":\"0\",\"id\":\"1634711306601\",\"label\":\"同意\",\"type\":\"agree\"},{\"showOrder\":\"1\",\"id\":\"1634711310391\",\"label\":\"拒绝\",\"type\":\"refuse\"}]', NULL, NULL, 'POST', NULL, NULL, NULL, NULL);
INSERT INTO `zz_flow_task_ext` VALUES ('flowLeave:4:8e42a9bb-3179-11ec-9438-f20b812c0662', 'Activity_11jr0px', '[{\"showOrder\":\"0\",\"id\":\"1634711147941\",\"label\":\"同意\",\"type\":\"agree\"},{\"showOrder\":\"1\",\"id\":\"1634711151349\",\"label\":\"拒绝\",\"type\":\"refuse\"}]', NULL, NULL, 'DEPT_POST_LEADER', NULL, NULL, NULL, NULL);
INSERT INTO `zz_flow_task_ext` VALUES ('flowLeave:4:8e42a9bb-3179-11ec-9438-f20b812c0662', 'Activity_1tb8jka', '[{\"showOrder\":\"0\",\"id\":\"1634711122925\",\"label\":\"提交\",\"type\":\"agree\"}]', NULL, NULL, 'DEPT', NULL, NULL, NULL, NULL);
INSERT INTO `zz_flow_task_ext` VALUES ('flowLeave:5:3eea05b0-317d-11ec-9438-f20b812c0662', 'Activity_00ibp0u', '[{\"showOrder\":\"0\",\"id\":\"1634711306601\",\"label\":\"同意\",\"type\":\"agree\"},{\"showOrder\":\"1\",\"id\":\"1634711310391\",\"label\":\"拒绝\",\"type\":\"refuse\"}]', NULL, NULL, 'POST', NULL, NULL, NULL, NULL);
INSERT INTO `zz_flow_task_ext` VALUES ('flowLeave:5:3eea05b0-317d-11ec-9438-f20b812c0662', 'Activity_11jr0px', '[{\"showOrder\":\"0\",\"id\":\"1634711147941\",\"label\":\"同意\",\"type\":\"agree\"},{\"showOrder\":\"1\",\"id\":\"1634711151349\",\"label\":\"拒绝\",\"type\":\"refuse\"}]', NULL, NULL, 'DEPT_POST_LEADER', NULL, NULL, NULL, NULL);
INSERT INTO `zz_flow_task_ext` VALUES ('flowLeave:5:3eea05b0-317d-11ec-9438-f20b812c0662', 'Activity_1tb8jka', '[{\"showOrder\":\"0\",\"id\":\"1634711122925\",\"label\":\"提交\",\"type\":\"agree\"}]', NULL, NULL, 'DEPT', NULL, NULL, NULL, NULL);
INSERT INTO `zz_flow_task_ext` VALUES ('flowLeave:6:79b100b1-3184-11ec-9f40-f20b812c0662', 'Activity_00ibp0u', '[{\"showOrder\":\"0\",\"id\":\"1634711306601\",\"label\":\"同意\",\"type\":\"agree\"},{\"showOrder\":\"1\",\"id\":\"1634711310391\",\"label\":\"拒绝\",\"type\":\"refuse\"}]', NULL, NULL, 'POST', NULL, NULL, NULL, NULL);
INSERT INTO `zz_flow_task_ext` VALUES ('flowLeave:6:79b100b1-3184-11ec-9f40-f20b812c0662', 'Activity_11jr0px', '[{\"showOrder\":\"0\",\"id\":\"1634711147941\",\"label\":\"同意\",\"type\":\"agree\"},{\"showOrder\":\"1\",\"id\":\"1634711151349\",\"label\":\"拒绝\",\"type\":\"refuse\"}]', NULL, NULL, 'DEPT_POST_LEADER', NULL, NULL, NULL, NULL);
INSERT INTO `zz_flow_task_ext` VALUES ('flowLeave:6:79b100b1-3184-11ec-9f40-f20b812c0662', 'Activity_1tb8jka', '[{\"showOrder\":\"0\",\"id\":\"1634711122925\",\"label\":\"提交\",\"type\":\"agree\"}]', NULL, NULL, 'DEPT', NULL, NULL, NULL, NULL);
INSERT INTO `zz_flow_task_ext` VALUES ('flowLeave:7:98337350-3186-11ec-bf2d-f20b812c0662', 'Activity_00ibp0u', '[{\"showOrder\":\"0\",\"id\":\"1634711306601\",\"label\":\"同意\",\"type\":\"agree\"},{\"showOrder\":\"1\",\"id\":\"1634711310391\",\"label\":\"拒绝\",\"type\":\"refuse\"}]', NULL, NULL, 'POST', NULL, NULL, NULL, NULL);
INSERT INTO `zz_flow_task_ext` VALUES ('flowLeave:7:98337350-3186-11ec-bf2d-f20b812c0662', 'Activity_11jr0px', '[{\"showOrder\":\"0\",\"id\":\"1634711147941\",\"label\":\"同意\",\"type\":\"agree\"},{\"showOrder\":\"1\",\"id\":\"1634711151349\",\"label\":\"拒绝\",\"type\":\"refuse\"}]', NULL, NULL, 'DEPT_POST_LEADER', NULL, NULL, NULL, NULL);
INSERT INTO `zz_flow_task_ext` VALUES ('flowLeave:7:98337350-3186-11ec-bf2d-f20b812c0662', 'Activity_1tb8jka', '[{\"showOrder\":\"0\",\"id\":\"1634711122925\",\"label\":\"提交\",\"type\":\"agree\"}]', NULL, NULL, 'DEPT', NULL, NULL, NULL, NULL);
INSERT INTO `zz_flow_task_ext` VALUES ('flowLeave:8:1a9b02fb-5e6f-11ec-9355-5e4c369e54c1', 'Activity_00ibp0u', '[{\"showOrder\":\"0\",\"id\":\"1634711306601\",\"label\":\"同意\",\"type\":\"agree\"},{\"showOrder\":\"1\",\"id\":\"1634711310391\",\"label\":\"拒绝\",\"type\":\"refuse\"}]', NULL, NULL, 'POST', '[{\"id\":\"deptPost__1440964221780103168\",\"type\":\"deptPost\",\"deptPostId\":\"1440964221780103168\"}]', NULL, NULL, NULL);
INSERT INTO `zz_flow_task_ext` VALUES ('flowLeave:8:1a9b02fb-5e6f-11ec-9355-5e4c369e54c1', 'Activity_11jr0px', '[{\"showOrder\":\"0\",\"id\":\"1634711147941\",\"label\":\"同意\",\"type\":\"agree\"},{\"showOrder\":\"1\",\"id\":\"1634711151349\",\"label\":\"拒绝\",\"type\":\"refuse\"}]', NULL, NULL, 'DEPT_POST_LEADER', NULL, NULL, NULL, NULL);
INSERT INTO `zz_flow_task_ext` VALUES ('flowLeave:8:1a9b02fb-5e6f-11ec-9355-5e4c369e54c1', 'Activity_1tb8jka', '[{\"showOrder\":\"0\",\"id\":\"1634711122925\",\"label\":\"提交\",\"type\":\"agree\"}]', NULL, NULL, 'ASSIGNEE', NULL, NULL, NULL, NULL);
INSERT INTO `zz_flow_task_ext` VALUES ('flowLeave:9:7d23427c-69e6-11ec-bb85-0235bf949cb9', 'Activity_00ibp0u', '[{\"showOrder\":\"0\",\"id\":\"1634711306601\",\"label\":\"同意\",\"type\":\"agree\"},{\"showOrder\":\"1\",\"id\":\"1634711310391\",\"label\":\"拒绝\",\"type\":\"refuse\"}]', NULL, NULL, 'POST', '[{\"id\":\"deptPost__1440964221780103168\",\"type\":\"deptPost\",\"deptPostId\":\"1440964221780103168\"}]', NULL, NULL, NULL);
INSERT INTO `zz_flow_task_ext` VALUES ('flowLeave:9:7d23427c-69e6-11ec-bb85-0235bf949cb9', 'Activity_11jr0px', '[{\"showOrder\":\"0\",\"id\":\"1634711147941\",\"label\":\"同意\",\"type\":\"agree\"},{\"showOrder\":\"1\",\"id\":\"1634711151349\",\"label\":\"拒绝\",\"type\":\"refuse\"}]', NULL, NULL, 'DEPT_POST_LEADER', NULL, NULL, NULL, NULL);
INSERT INTO `zz_flow_task_ext` VALUES ('flowLeave:9:7d23427c-69e6-11ec-bb85-0235bf949cb9', 'Activity_1tb8jka', '[{\"showOrder\":\"0\",\"id\":\"1634711122925\",\"label\":\"提交\",\"type\":\"agree\"}]', NULL, NULL, 'ASSIGNEE', NULL, NULL, NULL, NULL);
INSERT INTO `zz_flow_task_ext` VALUES ('flowSubmit:1:ae87c2ad-3175-11ec-9438-f20b812c0662', 'Activity_04scn2o', '[{\"showOrder\":\"0\",\"id\":\"1634711812646\",\"label\":\"同意\",\"type\":\"agree\"},{\"showOrder\":\"1\",\"id\":\"1634711815984\",\"label\":\"拒绝\",\"type\":\"refuse\"}]', '[{\"variableType\":1,\"showName\":\"报销金额\",\"variableName\":\"totalAmount\",\"bindColumnId\":1440946127493926912,\"createTime\":1634711382000,\"builtin\":false,\"bindDatasourceId\":1440946127531675648,\"variableId\":1450710800854421504,\"entryId\":1450710743367290880}]', NULL, 'DEPT_POST_LEADER', NULL, NULL, NULL, NULL);
INSERT INTO `zz_flow_task_ext` VALUES ('flowSubmit:1:ae87c2ad-3175-11ec-9438-f20b812c0662', 'Activity_1cs4bi5', '[{\"showOrder\":\"0\",\"id\":\"1634711803796\",\"label\":\"提交\",\"type\":\"agree\"}]', NULL, NULL, 'DEPT', NULL, NULL, NULL, NULL);
INSERT INTO `zz_flow_task_ext` VALUES ('flowSubmit:1:ae87c2ad-3175-11ec-9438-f20b812c0662', 'Activity_1w23xfe', '[{\"showOrder\":\"0\",\"id\":\"1634711883901\",\"label\":\"同意\",\"type\":\"agree\"},{\"showOrder\":\"1\",\"id\":\"1634711887322\",\"label\":\"拒绝\",\"type\":\"refuse\"}]', NULL, NULL, 'DEPT', NULL, NULL, NULL, NULL);
INSERT INTO `zz_flow_task_ext` VALUES ('flowSubmit:2:7b6651d4-3184-11ec-9f40-f20b812c0662', 'Activity_04scn2o', '[{\"showOrder\":\"0\",\"id\":\"1634711812646\",\"label\":\"同意\",\"type\":\"agree\"},{\"showOrder\":\"1\",\"id\":\"1634711815984\",\"label\":\"拒绝\",\"type\":\"refuse\"}]', '[{\"variableType\":1,\"showName\":\"报销金额\",\"variableName\":\"totalAmount\",\"bindColumnId\":1440946127493926912,\"createTime\":1634711382000,\"builtin\":false,\"bindDatasourceId\":1440946127531675648,\"variableId\":1450710800854421504,\"entryId\":1450710743367290880}]', NULL, 'DEPT_POST_LEADER', NULL, NULL, NULL, NULL);
INSERT INTO `zz_flow_task_ext` VALUES ('flowSubmit:2:7b6651d4-3184-11ec-9f40-f20b812c0662', 'Activity_1cs4bi5', '[{\"showOrder\":\"0\",\"id\":\"1634711803796\",\"label\":\"提交\",\"type\":\"agree\"}]', NULL, NULL, 'DEPT', NULL, NULL, NULL, NULL);
INSERT INTO `zz_flow_task_ext` VALUES ('flowSubmit:2:7b6651d4-3184-11ec-9f40-f20b812c0662', 'Activity_1w23xfe', '[{\"showOrder\":\"0\",\"id\":\"1634711883901\",\"label\":\"同意\",\"type\":\"agree\"},{\"showOrder\":\"1\",\"id\":\"1634711887322\",\"label\":\"拒绝\",\"type\":\"refuse\"}]', NULL, NULL, 'DEPT', NULL, NULL, NULL, NULL);
INSERT INTO `zz_flow_task_ext` VALUES ('flowSubmit:3:39b2742e-5e6f-11ec-9355-5e4c369e54c1', 'Activity_04scn2o', '[{\"showOrder\":\"0\",\"id\":\"1634711812646\",\"label\":\"同意\",\"type\":\"agree\"},{\"showOrder\":\"1\",\"id\":\"1634711815984\",\"label\":\"拒绝\",\"type\":\"refuse\"}]', '[{\"variableType\":1,\"showName\":\"报销金额\",\"variableName\":\"totalAmount\",\"bindColumnId\":1440946127493926912,\"createTime\":1634711382000,\"builtin\":false,\"bindDatasourceId\":1440946127531675648,\"variableId\":1450710800854421504,\"entryId\":1450710743367290880}]', NULL, 'DEPT_POST_LEADER', NULL, NULL, NULL, NULL);
INSERT INTO `zz_flow_task_ext` VALUES ('flowSubmit:3:39b2742e-5e6f-11ec-9355-5e4c369e54c1', 'Activity_1cs4bi5', '[{\"showOrder\":\"0\",\"id\":\"1634711803796\",\"label\":\"提交\",\"type\":\"agree\"}]', NULL, NULL, 'ASSIGNEE', NULL, NULL, NULL, NULL);
INSERT INTO `zz_flow_task_ext` VALUES ('flowSubmit:3:39b2742e-5e6f-11ec-9355-5e4c369e54c1', 'Activity_1w23xfe', '[{\"showOrder\":\"0\",\"id\":\"1634711883901\",\"label\":\"同意\",\"type\":\"agree\"},{\"showOrder\":\"1\",\"id\":\"1634711887322\",\"label\":\"拒绝\",\"type\":\"refuse\"}]', NULL, NULL, 'DEPT', NULL, NULL, '1440911410581213416', NULL);
INSERT INTO `zz_flow_task_ext` VALUES ('flowSubmit:4:87e59faf-69e6-11ec-bb85-0235bf949cb9', 'Activity_04scn2o', '[{\"showOrder\":\"0\",\"id\":\"1634711812646\",\"label\":\"同意\",\"type\":\"agree\"},{\"showOrder\":\"1\",\"id\":\"1634711815984\",\"label\":\"拒绝\",\"type\":\"refuse\"}]', '[{\"variableType\":1,\"showName\":\"报销金额\",\"variableName\":\"totalAmount\",\"bindColumnId\":1440946127493926912,\"createTime\":1634711382000,\"builtin\":false,\"bindDatasourceId\":1440946127531675648,\"variableId\":1450710800854421504,\"entryId\":1450710743367290880}]', NULL, 'DEPT_POST_LEADER', NULL, NULL, NULL, NULL);
INSERT INTO `zz_flow_task_ext` VALUES ('flowSubmit:4:87e59faf-69e6-11ec-bb85-0235bf949cb9', 'Activity_1cs4bi5', '[{\"showOrder\":\"0\",\"id\":\"1634711803796\",\"label\":\"提交\",\"type\":\"agree\"}]', NULL, NULL, 'ASSIGNEE', NULL, NULL, NULL, NULL);
INSERT INTO `zz_flow_task_ext` VALUES ('flowSubmit:4:87e59faf-69e6-11ec-bb85-0235bf949cb9', 'Activity_1w23xfe', '[{\"showOrder\":\"0\",\"id\":\"1634711883901\",\"label\":\"同意\",\"type\":\"agree\"},{\"showOrder\":\"1\",\"id\":\"1634711887322\",\"label\":\"拒绝\",\"type\":\"refuse\"}]', NULL, NULL, 'DEPT', NULL, NULL, '1440911410581213416', NULL);
INSERT INTO `zz_flow_task_ext` VALUES ('flowTranslate:1:b28cd036-3175-11ec-9438-f20b812c0662', 'Activity_0c6nxdm', '[{\"showOrder\":\"0\",\"id\":\"1634714128552\",\"label\":\"提交\",\"type\":\"agree\"}]', NULL, NULL, 'DEPT', NULL, NULL, NULL, NULL);
INSERT INTO `zz_flow_task_ext` VALUES ('flowTranslate:1:b28cd036-3175-11ec-9438-f20b812c0662', 'Activity_0wwsi9w', '[{\"showOrder\":\"0\",\"id\":\"1634714140300\",\"label\":\"同意\",\"type\":\"agree\"},{\"showOrder\":\"1\",\"id\":\"1634714144449\",\"label\":\"转办\",\"type\":\"transfer\"}]', NULL, NULL, 'DEPT', NULL, NULL, NULL, NULL);
INSERT INTO `zz_flow_task_ext` VALUES ('flowTranslate:2:8ab7c467-5e70-11ec-9355-5e4c369e54c1', 'Activity_0c6nxdm', '[{\"showOrder\":\"0\",\"id\":\"1634714128552\",\"label\":\"提交\",\"type\":\"agree\"}]', NULL, NULL, 'ASSIGNEE', NULL, NULL, NULL, NULL);
INSERT INTO `zz_flow_task_ext` VALUES ('flowTranslate:2:8ab7c467-5e70-11ec-9355-5e4c369e54c1', 'Activity_0wwsi9w', '[{\"showOrder\":\"0\",\"id\":\"1634714140300\",\"label\":\"同意\",\"type\":\"agree\"},{\"showOrder\":\"1\",\"id\":\"1634714144449\",\"label\":\"转办\",\"type\":\"transfer\"}]', NULL, NULL, 'ASSIGNEE', NULL, NULL, NULL, NULL);
INSERT INTO `zz_flow_task_ext` VALUES ('flowTranslate:3:a0888a08-69e6-11ec-bb85-0235bf949cb9', 'Activity_0c6nxdm', '[{\"showOrder\":\"0\",\"id\":\"1634714128552\",\"label\":\"提交\",\"type\":\"agree\"}]', NULL, NULL, 'ASSIGNEE', NULL, NULL, NULL, NULL);
INSERT INTO `zz_flow_task_ext` VALUES ('flowTranslate:3:a0888a08-69e6-11ec-bb85-0235bf949cb9', 'Activity_0wwsi9w', '[{\"showOrder\":\"0\",\"id\":\"1634714140300\",\"label\":\"同意\",\"type\":\"agree\"},{\"showOrder\":\"1\",\"id\":\"1634714144449\",\"label\":\"转办\",\"type\":\"transfer\"}]', NULL, NULL, 'ASSIGNEE', NULL, NULL, NULL, NULL);
COMMIT;

-- ----------------------------
-- Table structure for zz_flow_work_order
-- ----------------------------
DROP TABLE IF EXISTS `zz_flow_work_order`;
CREATE TABLE `zz_flow_work_order` (
  `work_order_id` bigint NOT NULL COMMENT '主键Id',
  `process_definition_key` varchar(128) CHARACTER SET utf8mb4 COLLATE utf8mb4_bin NOT NULL COMMENT '流程定义标识',
  `process_definition_name` varchar(200) CHARACTER SET utf8mb4 COLLATE utf8mb4_0900_ai_ci NOT NULL COMMENT '流程名称',
  `process_definition_id` varchar(64) CHARACTER SET utf8mb4 COLLATE utf8mb4_bin NOT NULL COMMENT '流程引擎的定义Id',
  `process_instance_id` varchar(64) CHARACTER SET utf8 COLLATE utf8_bin NOT NULL COMMENT '流程实例Id',
  `online_table_id` bigint DEFAULT NULL COMMENT '在线表单的主表Id',
  `table_name` varchar(255) COLLATE utf8mb4_bin DEFAULT NULL COMMENT '静态表单名称',
  `business_key` varchar(128) CHARACTER SET utf8mb4 COLLATE utf8mb4_bin NOT NULL COMMENT '业务主键值',
  `task_id` varchar(64) CHARACTER SET utf8mb4 COLLATE utf8mb4_bin DEFAULT NULL COMMENT '未完成的任务Id',
  `task_name` varchar(255) CHARACTER SET utf8mb4 COLLATE utf8mb4_bin DEFAULT NULL COMMENT '未完成的任务名称',
  `task_definition_key` varchar(255) CHARACTER SET utf8mb4 COLLATE utf8mb4_bin DEFAULT NULL COMMENT '未完成的任务标识',
  `flow_status` int NOT NULL DEFAULT '0' COMMENT '流程状态',
  `submit_username` varchar(64) CHARACTER SET utf8mb4 COLLATE utf8mb4_bin NOT NULL COMMENT '提交用户登录名称',
  `dept_id` bigint NOT NULL COMMENT '提交用户所在部门Id',
  `update_time` datetime NOT NULL COMMENT '更新时间',
  `update_user_id` bigint NOT NULL COMMENT '更新者Id',
  `create_time` datetime NOT NULL COMMENT '创建时间',
  `create_user_id` bigint NOT NULL COMMENT '创建者Id',
  `deleted_flag` int NOT NULL COMMENT '逻辑删除标记(1: 正常 -1: 已删除)',
  PRIMARY KEY (`work_order_id`) USING BTREE,
  UNIQUE KEY `uk_process_instance_id` (`process_instance_id`) USING BTREE,
  KEY `idx_process_definition_key` (`process_definition_key`) USING BTREE,
  KEY `idx_create_user_id` (`create_user_id`) USING BTREE,
  KEY `idx_create_time` (`create_time`) USING BTREE,
  KEY `idx_dept_id` (`dept_id`) USING BTREE,
  KEY `idx_business_key` (`business_key`) USING BTREE
) ENGINE=InnoDB DEFAULT CHARSET=utf8mb4 COLLATE=utf8mb4_bin;

-- ----------------------------
-- Records of zz_flow_work_order
-- ----------------------------
BEGIN;
INSERT INTO `zz_flow_work_order` VALUES (1450732253410758656, 'flowTranslate', '转办流程', 'flowTranslate:1:b28cd036-3175-11ec-9438-f20b812c0662', '04b2aec5-317b-11ec-9438-f20b812c0662', 1440945228079960064, NULL, '1450732253180071936', NULL, NULL, NULL, 3, 'userD', 1440963698460987392, '2021-10-20 15:55:28', 1440966324770574336, '2021-10-20 15:54:57', 1440966324770574336, 1);
INSERT INTO `zz_flow_work_order` VALUES (1450745975625748480, 'flowLeave', '请假申请', 'flowLeave:4:8e42a9bb-3179-11ec-9438-f20b812c0662', '8de8b46c-3182-11ec-a0b7-f20b812c0662', 1440945228079960064, NULL, '1450745828686696448', NULL, NULL, NULL, 0, 'userD', 1440963698460987392, '2021-10-20 16:49:29', 1440966324770574336, '2021-10-20 16:49:29', 1440966324770574336, 1);
INSERT INTO `zz_flow_work_order` VALUES (1450747313042493440, 'flowLeave', '请假申请', 'flowLeave:4:8e42a9bb-3179-11ec-9438-f20b812c0662', '5b6b546a-3183-11ec-ad5a-f20b812c0662', 1440945228079960064, NULL, '1450747274836578304', NULL, NULL, NULL, 3, 'userD', 1440963698460987392, '2021-10-20 16:57:52', 1440965465605148672, '2021-10-20 16:54:48', 1440966324770574336, 1);
INSERT INTO `zz_flow_work_order` VALUES (1450748609258590208, 'flowSubmit', '报销申请', 'flowSubmit:1:ae87c2ad-3175-11ec-9438-f20b812c0662', '190031da-3184-11ec-ad5a-f20b812c0662', 1440946127460372480, NULL, '1450748608977571840', NULL, NULL, NULL, 3, 'userD', 1440963698460987392, '2021-10-20 17:00:41', 1440911410581213417, '2021-10-20 16:59:57', 1440966324770574336, 1);
INSERT INTO `zz_flow_work_order` VALUES (1450749438946447360, 'flowLeave', '请假申请', 'flowLeave:6:79b100b1-3184-11ec-9f40-f20b812c0662', '8edf84c8-3184-11ec-9f40-f20b812c0662', 1440945228079960064, NULL, '1450749438409576448', NULL, NULL, NULL, 3, 'userD', 1440963698460987392, '2021-10-20 17:03:59', 1440965465605148672, '2021-10-20 17:03:15', 1440966324770574336, 1);
INSERT INTO `zz_flow_work_order` VALUES (1450750096936275968, 'flowContract', '合同审批', 'flowContract:2:7ce26a87-3184-11ec-9f40-f20b812c0662', 'ec6ca594-3184-11ec-9f40-f20b812c0662', 1440952815294877696, NULL, '1450750096739143680', NULL, NULL, NULL, 3, 'userD', 1440963698460987392, '2021-10-20 17:09:53', 1440969706411397120, '2021-10-20 17:05:51', 1440966324770574336, 1);
INSERT INTO `zz_flow_work_order` VALUES (1450753187605647360, 'flowLeave', '请假申请', 'flowLeave:7:98337350-3186-11ec-bf2d-f20b812c0662', 'a396f281-3186-11ec-bf2d-f20b812c0662', 1440945228079960064, NULL, '1450753187064582144', NULL, NULL, NULL, 0, 'userD', 1440963698460987392, '2021-10-20 17:18:08', 1440966324770574336, '2021-10-20 17:18:08', 1440966324770574336, 1);
INSERT INTO `zz_flow_work_order` VALUES (1476751924081463296, 'flowLeave', '请假申请', 'flowLeave:9:7d23427c-69e6-11ec-bb85-0235bf949cb9', 'd6423389-69e6-11ec-bb85-0235bf949cb9', 1440945228079960064, NULL, '1476751923557175296', NULL, NULL, NULL, 0, 'admin', 1440911410581213416, '2021-12-31 11:07:50', 1440911410581213417, '2021-12-31 11:07:50', 1440911410581213417, 1);
INSERT INTO `zz_flow_work_order` VALUES (1476751964678131712, 'flowSubmit', '报销申请', 'flowSubmit:4:87e59faf-69e6-11ec-bb85-0235bf949cb9', 'dc101a4d-69e6-11ec-bb85-0235bf949cb9', 1440946127460372480, NULL, '1476751964434862080', NULL, NULL, NULL, 0, 'admin', 1440911410581213416, '2021-12-31 11:08:00', 1440911410581213417, '2021-12-31 11:08:00', 1440911410581213417, 1);
INSERT INTO `zz_flow_work_order` VALUES (1476752006998659072, 'flowContract', '合同审批', 'flowContract:4:9170b562-69e6-11ec-bb85-0235bf949cb9', 'e214ef91-69e6-11ec-bb85-0235bf949cb9', 1440952815294877696, NULL, '1476752006788943872', NULL, NULL, NULL, 4, 'admin', 1440911410581213416, '2021-12-31 11:13:54', 1440911410581213417, '2021-12-31 11:08:10', 1440911410581213417, 1);
INSERT INTO `zz_flow_work_order` VALUES (1476752044638343168, 'flowConsign', '多实例加签', 'flowConsign:3:98ed0f55-69e6-11ec-bb85-0235bf949cb9', 'e76568f5-69e6-11ec-bb85-0235bf949cb9', 1440945228079960064, NULL, '1476752044185358336', NULL, NULL, NULL, 4, 'admin', 1440911410581213416, '2021-12-31 11:13:49', 1440911410581213417, '2021-12-31 11:08:19', 1440911410581213417, -1);
INSERT INTO `zz_flow_work_order` VALUES (1476752083557289984, 'flowTranslate', '转办流程', 'flowTranslate:3:a0888a08-69e6-11ec-bb85-0235bf949cb9', 'ecf66d42-69e6-11ec-bb85-0235bf949cb9', 1440945228079960064, NULL, '1476752083360157696', NULL, NULL, NULL, 4, 'admin', 1440911410581213416, '2021-12-31 11:13:45', 1440911410581213417, '2021-12-31 11:08:28', 1440911410581213417, -1);
COMMIT;

-- ----------------------------
-- Table structure for zz_online_column
-- ----------------------------
DROP TABLE IF EXISTS `zz_online_column`;
CREATE TABLE `zz_online_column` (
  `column_id` bigint NOT NULL COMMENT '主键Id',
  `column_name` varchar(64) CHARACTER SET utf8mb4 COLLATE utf8mb4_bin NOT NULL COMMENT '字段名',
  `table_id` bigint NOT NULL COMMENT '数据表Id',
  `column_type` varchar(32) CHARACTER SET utf8 COLLATE utf8_bin NOT NULL COMMENT '数据表中的字段类型',
  `full_column_type` varchar(32) CHARACTER SET utf8 COLLATE utf8_bin NOT NULL COMMENT '数据表中的完整字段类型(包括了精度和刻度)',
  `primary_key` bit(1) NOT NULL COMMENT '是否为主键',
  `auto_increment` bit(1) NOT NULL COMMENT '是否是自增主键(0: 不是 1: 是)',
  `nullable` bit(1) NOT NULL COMMENT '是否可以为空 (0: 不可以为空 1: 可以为空)',
  `column_default` varchar(255) CHARACTER SET utf8 COLLATE utf8_bin DEFAULT NULL COMMENT '缺省值',
  `column_show_order` int NOT NULL COMMENT '字段在数据表中的显示位置',
  `column_comment` varchar(255) CHARACTER SET utf8 COLLATE utf8_bin DEFAULT NULL COMMENT '数据表中的字段注释',
  `object_field_name` varchar(255) CHARACTER SET utf8 COLLATE utf8_bin NOT NULL COMMENT '对象映射字段名称',
  `object_field_type` varchar(32) CHARACTER SET utf8 COLLATE utf8_bin NOT NULL COMMENT '对象映射字段类型',
  `filter_type` int NOT NULL DEFAULT '1' COMMENT '字段过滤类型',
  `parent_key` bit(1) NOT NULL COMMENT '是否是主键的父Id',
  `dept_filter` bit(1) NOT NULL COMMENT '是否部门过滤字段',
  `user_filter` bit(1) NOT NULL COMMENT '是否用户过滤字段',
  `field_kind` int DEFAULT NULL COMMENT '字段类别',
  `max_file_count` int DEFAULT NULL COMMENT '包含的文件文件数量，0表示无限制',
  `dict_id` bigint DEFAULT NULL COMMENT '字典Id',
  `update_time` datetime NOT NULL COMMENT '更新时间',
  `create_time` datetime NOT NULL COMMENT '创建时间',
  PRIMARY KEY (`column_id`),
  KEY `idx_table_id` (`table_id`) USING BTREE,
  KEY `idx_dict_id` (`dict_id`) USING BTREE
) ENGINE=InnoDB DEFAULT CHARSET=utf8mb4 COLLATE=utf8mb4_bin;

-- ----------------------------
-- Records of zz_online_column
-- ----------------------------
BEGIN;
INSERT INTO `zz_online_column` VALUES (1440945228088348672, 'id', 1440945228079960064, 'bigint', 'bigint(20)', b'1', b'0', b'0', NULL, 1, '主键Id', 'id', 'Long', 0, b'0', b'0', b'0', NULL, NULL, NULL, '2021-09-23 15:44:49', '2021-09-23 15:44:49');
INSERT INTO `zz_online_column` VALUES (1440945228092542976, 'user_id', 1440945228079960064, 'bigint', 'bigint(20)', b'0', b'0', b'0', NULL, 2, '请假用户', 'userId', 'Long', 0, b'0', b'0', b'0', 21, NULL, 1440944417170001920, '2021-09-24 09:29:41', '2021-09-23 15:44:49');
INSERT INTO `zz_online_column` VALUES (1440945228100931584, 'leave_reason', 1440945228079960064, 'varchar', 'varchar(512)', b'0', b'0', b'0', NULL, 3, '请假原因', 'leaveReason', 'String', 0, b'0', b'0', b'0', NULL, NULL, NULL, '2021-09-23 15:44:49', '2021-09-23 15:44:49');
INSERT INTO `zz_online_column` VALUES (1440945228105125888, 'leave_type', 1440945228079960064, 'int', 'int(11)', b'0', b'0', b'0', NULL, 4, '请假类型', 'leaveType', 'Integer', 0, b'0', b'0', b'0', NULL, NULL, 1440943031288074240, '2021-09-23 15:45:01', '2021-09-23 15:44:49');
INSERT INTO `zz_online_column` VALUES (1440945228113514496, 'leave_begin_time', 1440945228079960064, 'datetime', 'datetime', b'0', b'0', b'0', NULL, 5, '请假开始时间', 'leaveBeginTime', 'Date', 0, b'0', b'0', b'0', NULL, NULL, NULL, '2021-09-23 15:44:49', '2021-09-23 15:44:49');
INSERT INTO `zz_online_column` VALUES (1440945228117708800, 'leave_end_time', 1440945228079960064, 'datetime', 'datetime', b'0', b'0', b'0', NULL, 6, '请假结束时间', 'leaveEndTime', 'Date', 0, b'0', b'0', b'0', NULL, NULL, NULL, '2021-09-23 15:44:49', '2021-09-23 15:44:49');
INSERT INTO `zz_online_column` VALUES (1440945228126097408, 'apply_time', 1440945228079960064, 'datetime', 'datetime', b'0', b'0', b'0', NULL, 7, '申请时间', 'applyTime', 'Date', 0, b'0', b'0', b'0', 20, NULL, NULL, '2021-09-23 15:45:06', '2021-09-23 15:44:49');
INSERT INTO `zz_online_column` VALUES (1440946127468761088, 'id', 1440946127460372480, 'bigint', 'bigint(20)', b'1', b'0', b'0', NULL, 1, '主键Id', 'id', 'Long', 0, b'0', b'0', b'0', NULL, NULL, NULL, '2021-09-23 15:48:23', '2021-09-23 15:48:23');
INSERT INTO `zz_online_column` VALUES (1440946127481344000, 'submit_name', 1440946127460372480, 'varchar', 'varchar(255)', b'0', b'0', b'0', NULL, 2, '报销名称', 'submitName', 'String', 0, b'0', b'0', b'0', NULL, NULL, NULL, '2021-09-23 15:48:23', '2021-09-23 15:48:23');
INSERT INTO `zz_online_column` VALUES (1440946127489732608, 'submit_kind', 1440946127460372480, 'int', 'int(11)', b'0', b'0', b'0', NULL, 3, '报销类别', 'submitKind', 'Integer', 0, b'0', b'0', b'0', NULL, NULL, 1440943168626364416, '2021-09-23 15:49:11', '2021-09-23 15:48:23');
INSERT INTO `zz_online_column` VALUES (1440946127493926912, 'total_amount', 1440946127460372480, 'int', 'int(11)', b'0', b'0', b'0', NULL, 4, '报销金额', 'totalAmount', 'Integer', 0, b'0', b'0', b'0', NULL, NULL, NULL, '2021-09-23 15:49:52', '2021-09-23 15:48:23');
INSERT INTO `zz_online_column` VALUES (1440946127498121216, 'description', 1440946127460372480, 'varchar', 'varchar(512)', b'0', b'0', b'0', NULL, 5, '报销描述', 'description', 'String', 0, b'0', b'0', b'0', NULL, NULL, NULL, '2021-09-23 15:48:23', '2021-09-23 15:48:23');
INSERT INTO `zz_online_column` VALUES (1440946127506509824, 'memo', 1440946127460372480, 'varchar', 'varchar(512)', b'0', b'0', b'1', NULL, 6, '备注', 'memo', 'String', 0, b'0', b'0', b'0', NULL, NULL, NULL, '2021-09-23 15:48:23', '2021-09-23 15:48:23');
INSERT INTO `zz_online_column` VALUES (1440946127510704128, 'update_user_id', 1440946127460372480, 'bigint', 'bigint(20)', b'0', b'0', b'1', NULL, 7, '修改人', 'updateUserId', 'Long', 0, b'0', b'0', b'0', 23, NULL, NULL, '2021-09-23 15:50:04', '2021-09-23 15:48:23');
INSERT INTO `zz_online_column` VALUES (1440946127514898432, 'update_time', 1440946127460372480, 'datetime', 'datetime', b'0', b'0', b'1', NULL, 8, '修改时间', 'updateTime', 'Date', 0, b'0', b'0', b'0', 22, NULL, NULL, '2021-09-23 15:50:08', '2021-09-23 15:48:23');
INSERT INTO `zz_online_column` VALUES (1440946127523287040, 'create_user_id', 1440946127460372480, 'bigint', 'bigint(20)', b'0', b'0', b'0', NULL, 9, '创建人', 'createUserId', 'Long', 0, b'0', b'0', b'0', 21, NULL, NULL, '2021-09-23 15:50:12', '2021-09-23 15:48:23');
INSERT INTO `zz_online_column` VALUES (1440946127527481344, 'create_time', 1440946127460372480, 'datetime', 'datetime', b'0', b'0', b'0', NULL, 10, '创建时间', 'createTime', 'Date', 0, b'0', b'0', b'0', 20, NULL, NULL, '2021-09-23 15:50:16', '2021-09-23 15:48:23');
INSERT INTO `zz_online_column` VALUES (1440947089222668288, 'id', 1440947089218473984, 'bigint', 'bigint(20)', b'1', b'0', b'0', NULL, 1, '主键Id', 'id', 'Long', 0, b'0', b'0', b'0', NULL, NULL, NULL, '2021-09-23 15:52:12', '2021-09-23 15:52:12');
INSERT INTO `zz_online_column` VALUES (1440947089231056896, 'submit_id', 1440947089218473984, 'bigint', 'bigint(20)', b'0', b'0', b'0', NULL, 2, '报销单据Id', 'submitId', 'Long', 1, b'0', b'0', b'0', NULL, NULL, NULL, '2021-09-23 15:57:41', '2021-09-23 15:52:12');
INSERT INTO `zz_online_column` VALUES (1440947089235251200, 'expense_type', 1440947089218473984, 'int', 'int(11)', b'0', b'0', b'0', NULL, 3, '费用类型', 'expenseType', 'Integer', 0, b'0', b'0', b'0', NULL, NULL, 1440943309924077568, '2021-09-23 15:53:15', '2021-09-23 15:52:12');
INSERT INTO `zz_online_column` VALUES (1440947089243639808, 'expense_time', 1440947089218473984, 'datetime', 'datetime', b'0', b'0', b'0', NULL, 4, '发生日期', 'expenseTime', 'Date', 0, b'0', b'0', b'0', NULL, NULL, NULL, '2021-09-23 15:52:12', '2021-09-23 15:52:12');
INSERT INTO `zz_online_column` VALUES (1440947089252028416, 'amount', 1440947089218473984, 'int', 'int(11)', b'0', b'0', b'0', NULL, 5, '金额', 'amount', 'Integer', 0, b'0', b'0', b'0', NULL, NULL, NULL, '2021-09-23 15:52:12', '2021-09-23 15:52:12');
INSERT INTO `zz_online_column` VALUES (1440947089260417024, 'image_url', 1440947089218473984, 'varchar', 'varchar(512)', b'0', b'0', b'1', NULL, 6, '报销凭证', 'imageUrl', 'String', 0, b'0', b'0', b'0', 2, 1, NULL, '2021-09-23 15:53:53', '2021-09-23 15:52:12');
INSERT INTO `zz_online_column` VALUES (1440947089264611328, 'description', 1440947089218473984, 'varchar', 'varchar(255)', b'0', b'0', b'1', NULL, 7, '费用描述', 'description', 'String', 0, b'0', b'0', b'0', NULL, NULL, NULL, '2021-09-23 15:52:12', '2021-09-23 15:52:12');
INSERT INTO `zz_online_column` VALUES (1440952815303266304, 'contract_id', 1440952815294877696, 'bigint', 'bigint(20)', b'1', b'0', b'0', NULL, 1, '主键Id', 'contractId', 'Long', 0, b'0', b'0', b'0', NULL, NULL, NULL, '2021-09-23 16:14:57', '2021-09-23 16:14:57');
INSERT INTO `zz_online_column` VALUES (1440952815307460608, 'first_party_id', 1440952815294877696, 'bigint', 'bigint(20)', b'0', b'0', b'0', NULL, 2, '甲方企业', 'firstPartyId', 'Long', 0, b'0', b'0', b'0', NULL, NULL, 1440943452526219264, '2021-09-23 16:16:50', '2021-09-23 16:14:57');
INSERT INTO `zz_online_column` VALUES (1440952815311654912, 'second_party_id', 1440952815294877696, 'bigint', 'bigint(20)', b'0', b'0', b'0', NULL, 3, '乙方企业', 'secondPartyId', 'Long', 0, b'0', b'0', b'0', NULL, NULL, 1440943955939168256, '2021-09-23 16:16:59', '2021-09-23 16:14:57');
INSERT INTO `zz_online_column` VALUES (1440952815315849216, 'contract_type', 1440952815294877696, 'int', 'int(11)', b'0', b'0', b'0', NULL, 4, '合同类型', 'contractType', 'Integer', 0, b'0', b'0', b'0', NULL, NULL, 1440944300799037440, '2021-09-23 16:17:03', '2021-09-23 16:14:57');
INSERT INTO `zz_online_column` VALUES (1440952815320043520, 'due_date', 1440952815294877696, 'datetime', 'datetime', b'0', b'0', b'0', NULL, 5, '到期日期', 'dueDate', 'Date', 0, b'0', b'0', b'0', NULL, NULL, NULL, '2021-09-23 16:14:57', '2021-09-23 16:14:57');
INSERT INTO `zz_online_column` VALUES (1440952815324237824, 'sales_id', 1440952815294877696, 'bigint', 'bigint(20)', b'0', b'0', b'0', NULL, 6, '业务员', 'salesId', 'Long', 0, b'0', b'0', b'0', NULL, NULL, 1440944417170001920, '2021-09-23 16:17:10', '2021-09-23 16:14:57');
INSERT INTO `zz_online_column` VALUES (1440952815332626432, 'commission_rate', 1440952815294877696, 'int', 'int(11)', b'0', b'0', b'0', NULL, 7, '提成比例（%）', 'commissionRate', 'Integer', 0, b'0', b'0', b'0', NULL, NULL, NULL, '2021-09-23 16:17:38', '2021-09-23 16:14:57');
INSERT INTO `zz_online_column` VALUES (1440952815336820736, 'attachment', 1440952815294877696, 'varchar', 'varchar(512)', b'0', b'0', b'1', NULL, 8, '合同附件', 'attachment', 'String', 0, b'0', b'0', b'0', 1, 1, NULL, '2021-09-23 16:17:46', '2021-09-23 16:14:57');
INSERT INTO `zz_online_column` VALUES (1440952815341015040, 'security_attachment', 1440952815294877696, 'varchar', 'varchar(512)', b'0', b'0', b'1', NULL, 9, '保密协议', 'securityAttachment', 'String', 0, b'0', b'0', b'0', 1, 1, NULL, '2021-09-23 16:17:53', '2021-09-23 16:14:57');
INSERT INTO `zz_online_column` VALUES (1440952815345209344, 'intellectual_property_attachment', 1440952815294877696, 'varchar', 'varchar(512)', b'0', b'0', b'1', NULL, 10, '知识产权协议', 'intellectualPropertyAttachment', 'String', 0, b'0', b'0', b'0', 1, 1, NULL, '2021-09-23 16:18:00', '2021-09-23 16:14:57');
INSERT INTO `zz_online_column` VALUES (1440952815349403648, 'other_attachment', 1440952815294877696, 'varchar', 'varchar(512)', b'0', b'0', b'1', NULL, 11, '其他附件', 'otherAttachment', 'String', 0, b'0', b'0', b'0', 1, 1, NULL, '2021-09-23 16:18:05', '2021-09-23 16:14:57');
INSERT INTO `zz_online_column` VALUES (1440952815353597952, 'create_user_id', 1440952815294877696, 'bigint', 'bigint(20)', b'0', b'0', b'0', NULL, 12, '创建者', 'createUserId', 'Long', 0, b'0', b'0', b'0', 21, NULL, NULL, '2021-09-23 16:18:09', '2021-09-23 16:14:57');
INSERT INTO `zz_online_column` VALUES (1440952815357792256, 'create_time', 1440952815294877696, 'datetime', 'datetime', b'0', b'0', b'0', NULL, 13, '创建时间', 'createTime', 'Date', 0, b'0', b'0', b'0', 20, NULL, NULL, '2021-09-23 16:18:15', '2021-09-23 16:14:57');
INSERT INTO `zz_online_column` VALUES (1440952815361986560, 'update_user_id', 1440952815294877696, 'bigint', 'bigint(20)', b'0', b'0', b'0', NULL, 14, '更新者', 'updateUserId', 'Long', 0, b'0', b'0', b'0', 23, NULL, NULL, '2021-09-23 16:18:19', '2021-09-23 16:14:57');
INSERT INTO `zz_online_column` VALUES (1440952815366180864, 'update_time', 1440952815294877696, 'datetime', 'datetime', b'0', b'0', b'0', NULL, 15, '最后更新时间', 'updateTime', 'Date', 0, b'0', b'0', b'0', 22, NULL, NULL, '2021-09-23 16:18:24', '2021-09-23 16:14:57');
INSERT INTO `zz_online_column` VALUES (1440952815370375168, 'deleted_flag', 1440952815294877696, 'int', 'int(11)', b'0', b'0', b'0', '0', 16, '删除标记(1: 正常 -1: 已删除)', 'deletedFlag', 'Integer', 0, b'0', b'0', b'0', 31, NULL, NULL, '2021-09-23 16:18:28', '2021-09-23 16:14:57');
INSERT INTO `zz_online_column` VALUES (1440952921037475840, 'first_party_id', 1440952921024892928, 'bigint', 'bigint(20)', b'1', b'0', b'0', NULL, 1, '主键Id', 'firstPartyId', 'Long', 0, b'0', b'0', b'0', NULL, NULL, NULL, '2021-09-23 16:15:23', '2021-09-23 16:15:23');
INSERT INTO `zz_online_column` VALUES (1440952921041670144, 'company_name', 1440952921024892928, 'varchar', 'varchar(255)', b'0', b'0', b'0', NULL, 2, '公司名称', 'companyName', 'String', 0, b'0', b'0', b'0', NULL, NULL, NULL, '2021-09-23 16:15:23', '2021-09-23 16:15:23');
INSERT INTO `zz_online_column` VALUES (1440952921050058752, 'legal_person', 1440952921024892928, 'varchar', 'varchar(64)', b'0', b'0', b'0', NULL, 3, '公司法人', 'legalPerson', 'String', 0, b'0', b'0', b'0', NULL, NULL, NULL, '2021-09-23 16:18:38', '2021-09-23 16:15:23');
INSERT INTO `zz_online_column` VALUES (1440952921054253056, 'legal_person_id', 1440952921024892928, 'char', 'char(18)', b'0', b'0', b'0', NULL, 4, '法人身份证号', 'legalPersonId', 'String', 0, b'0', b'0', b'0', NULL, NULL, NULL, '2021-09-23 16:15:23', '2021-09-23 16:15:23');
INSERT INTO `zz_online_column` VALUES (1440952921058447360, 'registry_address', 1440952921024892928, 'varchar', 'varchar(512)', b'0', b'0', b'0', NULL, 5, '注册地址', 'registryAddress', 'String', 0, b'0', b'0', b'0', NULL, NULL, NULL, '2021-09-23 16:15:23', '2021-09-23 16:15:23');
INSERT INTO `zz_online_column` VALUES (1440952921066835968, 'contact_info', 1440952921024892928, 'varchar', 'varchar(255)', b'0', b'0', b'0', NULL, 6, '联系方式', 'contactInfo', 'String', 0, b'0', b'0', b'0', NULL, NULL, NULL, '2021-09-23 16:15:23', '2021-09-23 16:15:23');
INSERT INTO `zz_online_column` VALUES (1440952921079418880, 'business_scope', 1440952921024892928, 'varchar', 'varchar(4000)', b'0', b'0', b'0', NULL, 7, '经营范围', 'businessScope', 'String', 0, b'0', b'0', b'0', NULL, NULL, NULL, '2021-09-23 16:15:23', '2021-09-23 16:15:23');
INSERT INTO `zz_online_column` VALUES (1440952921087807488, 'memo', 1440952921024892928, 'varchar', 'varchar(1024)', b'0', b'0', b'1', NULL, 8, '备注', 'memo', 'String', 0, b'0', b'0', b'0', NULL, NULL, NULL, '2021-09-23 16:15:23', '2021-09-23 16:15:23');
INSERT INTO `zz_online_column` VALUES (1440952921092001792, 'create_user_id', 1440952921024892928, 'bigint', 'bigint(20)', b'0', b'0', b'0', NULL, 9, '创建者', 'createUserId', 'Long', 0, b'0', b'0', b'0', 21, NULL, NULL, '2021-09-23 16:18:48', '2021-09-23 16:15:23');
INSERT INTO `zz_online_column` VALUES (1440952921100390400, 'create_time', 1440952921024892928, 'datetime', 'datetime', b'0', b'0', b'0', NULL, 10, '创建时间', 'createTime', 'Date', 0, b'0', b'0', b'0', 20, NULL, NULL, '2021-09-23 16:18:51', '2021-09-23 16:15:23');
INSERT INTO `zz_online_column` VALUES (1440952921104584704, 'update_user_id', 1440952921024892928, 'bigint', 'bigint(20)', b'0', b'0', b'0', NULL, 11, '更新者', 'updateUserId', 'Long', 0, b'0', b'0', b'0', 23, NULL, NULL, '2021-09-23 16:18:54', '2021-09-23 16:15:23');
INSERT INTO `zz_online_column` VALUES (1440952921108779008, 'update_time', 1440952921024892928, 'datetime', 'datetime', b'0', b'0', b'0', NULL, 12, '最后更新时间', 'updateTime', 'Date', 0, b'0', b'0', b'0', 22, NULL, NULL, '2021-09-23 16:19:00', '2021-09-23 16:15:23');
INSERT INTO `zz_online_column` VALUES (1440952921112973312, 'deleted_flag', 1440952921024892928, 'int', 'int(11)', b'0', b'0', b'0', '0', 13, '删除标记(1: 正常 -1: 已删除)', 'deletedFlag', 'Integer', 0, b'0', b'0', b'0', 31, NULL, NULL, '2021-09-23 16:19:04', '2021-09-23 16:15:23');
INSERT INTO `zz_online_column` VALUES (1440952988393803776, 'second_party_id', 1440952988389609472, 'bigint', 'bigint(20)', b'1', b'0', b'0', NULL, 1, '主键Id', 'secondPartyId', 'Long', 0, b'0', b'0', b'0', NULL, NULL, NULL, '2021-09-23 16:15:39', '2021-09-23 16:15:39');
INSERT INTO `zz_online_column` VALUES (1440952988406386688, 'company_name', 1440952988389609472, 'varchar', 'varchar(255)', b'0', b'0', b'0', NULL, 2, '公司名称', 'companyName', 'String', 0, b'0', b'0', b'0', NULL, NULL, NULL, '2021-09-23 16:15:39', '2021-09-23 16:15:39');
INSERT INTO `zz_online_column` VALUES (1440952988456718336, 'legal_person', 1440952988389609472, 'varchar', 'varchar(64)', b'0', b'0', b'0', NULL, 3, '公司法人', 'legalPerson', 'String', 0, b'0', b'0', b'0', NULL, NULL, NULL, '2021-09-23 16:19:12', '2021-09-23 16:15:39');
INSERT INTO `zz_online_column` VALUES (1440952988469301248, 'legal_person_id', 1440952988389609472, 'char', 'char(18)', b'0', b'0', b'0', NULL, 4, '法人身份证号', 'legalPersonId', 'String', 0, b'0', b'0', b'0', NULL, NULL, NULL, '2021-09-23 16:15:39', '2021-09-23 16:15:39');
INSERT INTO `zz_online_column` VALUES (1440952988473495552, 'registry_address', 1440952988389609472, 'varchar', 'varchar(512)', b'0', b'0', b'0', NULL, 5, '注册地址', 'registryAddress', 'String', 0, b'0', b'0', b'0', NULL, NULL, NULL, '2021-09-23 16:15:39', '2021-09-23 16:15:39');
INSERT INTO `zz_online_column` VALUES (1440952988486078464, 'contact_info', 1440952988389609472, 'varchar', 'varchar(255)', b'0', b'0', b'0', NULL, 6, '联系方式', 'contactInfo', 'String', 0, b'0', b'0', b'0', NULL, NULL, NULL, '2021-09-23 16:15:39', '2021-09-23 16:15:39');
INSERT INTO `zz_online_column` VALUES (1440952988494467072, 'business_scope', 1440952988389609472, 'varchar', 'varchar(4000)', b'0', b'0', b'0', NULL, 7, '经营范围', 'businessScope', 'String', 0, b'0', b'0', b'0', NULL, NULL, NULL, '2021-09-23 16:15:39', '2021-09-23 16:15:39');
INSERT INTO `zz_online_column` VALUES (1440952988498661376, 'memo', 1440952988389609472, 'varchar', 'varchar(1024)', b'0', b'0', b'1', NULL, 8, '备注', 'memo', 'String', 0, b'0', b'0', b'0', NULL, NULL, NULL, '2021-09-23 16:15:39', '2021-09-23 16:15:39');
INSERT INTO `zz_online_column` VALUES (1440952988502855680, 'create_user_id', 1440952988389609472, 'bigint', 'bigint(20)', b'0', b'0', b'0', NULL, 9, '创建者', 'createUserId', 'Long', 0, b'0', b'0', b'0', 21, NULL, NULL, '2021-09-23 16:19:17', '2021-09-23 16:15:39');
INSERT INTO `zz_online_column` VALUES (1440952988507049984, 'create_time', 1440952988389609472, 'datetime', 'datetime', b'0', b'0', b'0', NULL, 10, '创建时间', 'createTime', 'Date', 0, b'0', b'0', b'0', 20, NULL, NULL, '2021-09-23 16:19:21', '2021-09-23 16:15:39');
INSERT INTO `zz_online_column` VALUES (1440952988515438592, 'update_user_id', 1440952988389609472, 'bigint', 'bigint(20)', b'0', b'0', b'0', NULL, 11, '更新者', 'updateUserId', 'Long', 0, b'0', b'0', b'0', 23, NULL, NULL, '2021-09-23 16:19:24', '2021-09-23 16:15:39');
INSERT INTO `zz_online_column` VALUES (1440952988519632896, 'update_time', 1440952988389609472, 'datetime', 'datetime', b'0', b'0', b'0', NULL, 12, '最后更新时间', 'updateTime', 'Date', 0, b'0', b'0', b'0', 22, NULL, NULL, '2021-09-23 16:19:28', '2021-09-23 16:15:39');
INSERT INTO `zz_online_column` VALUES (1440952988528021504, 'deleted_flag', 1440952988389609472, 'int', 'int(11)', b'0', b'0', b'0', '0', 13, '删除标记(1: 正常 -1: 已删除)', 'deletedFlag', 'Integer', 0, b'0', b'0', b'0', 31, NULL, NULL, '2021-09-23 16:19:33', '2021-09-23 16:15:39');
INSERT INTO `zz_online_column` VALUES (1440953088910299136, 'contract_detail_id', 1440953088901910528, 'bigint', 'bigint(20)', b'1', b'0', b'0', NULL, 1, '主键Id', 'contractDetailId', 'Long', 0, b'0', b'0', b'0', NULL, NULL, NULL, '2021-09-23 16:16:03', '2021-09-23 16:16:03');
INSERT INTO `zz_online_column` VALUES (1440953088918687744, 'contract_id', 1440953088901910528, 'bigint', 'bigint(20)', b'0', b'0', b'0', NULL, 2, '合同Id', 'contractId', 'Long', 1, b'0', b'0', b'0', NULL, NULL, NULL, '2021-09-23 16:42:59', '2021-09-23 16:16:03');
INSERT INTO `zz_online_column` VALUES (1440953088922882048, 'product_id', 1440953088901910528, 'bigint', 'bigint(20)', b'0', b'0', b'0', NULL, 3, '合同产品', 'productId', 'Long', 0, b'0', b'0', b'0', NULL, NULL, 1440944049128214528, '2021-09-23 16:20:03', '2021-09-23 16:16:03');
INSERT INTO `zz_online_column` VALUES (1440953088927076352, 'total_count', 1440953088901910528, 'int', 'int(11)', b'0', b'0', b'0', NULL, 4, '产品数量', 'totalCount', 'Integer', 0, b'0', b'0', b'0', NULL, NULL, NULL, '2021-09-23 16:20:10', '2021-09-23 16:16:03');
INSERT INTO `zz_online_column` VALUES (1440953088935464960, 'total_amount', 1440953088901910528, 'int', 'int(11)', b'0', b'0', b'0', NULL, 5, '产品总价', 'totalAmount', 'Integer', 0, b'0', b'0', b'0', NULL, NULL, NULL, '2021-09-23 16:20:56', '2021-09-23 16:16:03');
INSERT INTO `zz_online_column` VALUES (1440953088939659264, 'meno', 1440953088901910528, 'varchar', 'varchar(1024)', b'0', b'0', b'1', NULL, 6, '备注', 'meno', 'String', 0, b'0', b'0', b'0', NULL, NULL, NULL, '2021-09-23 16:16:03', '2021-09-23 16:16:03');
INSERT INTO `zz_online_column` VALUES (1440953088948047872, 'create_user_id', 1440953088901910528, 'bigint', 'bigint(20)', b'0', b'0', b'0', NULL, 7, '创建者', 'createUserId', 'Long', 0, b'0', b'0', b'0', 21, NULL, NULL, '2021-09-23 16:21:00', '2021-09-23 16:16:03');
INSERT INTO `zz_online_column` VALUES (1440953088952242176, 'create_time', 1440953088901910528, 'datetime', 'datetime', b'0', b'0', b'0', NULL, 8, '创建时间', 'createTime', 'Date', 0, b'0', b'0', b'0', 20, NULL, NULL, '2021-09-23 16:21:04', '2021-09-23 16:16:03');
INSERT INTO `zz_online_column` VALUES (1440953088960630784, 'update_user_id', 1440953088901910528, 'bigint', 'bigint(20)', b'0', b'0', b'0', NULL, 9, '更新者', 'updateUserId', 'Long', 0, b'0', b'0', b'0', 23, NULL, NULL, '2021-09-23 16:21:07', '2021-09-23 16:16:03');
INSERT INTO `zz_online_column` VALUES (1440953088964825088, 'update_time', 1440953088901910528, 'datetime', 'datetime', b'0', b'0', b'0', NULL, 10, '最后更新时间', 'updateTime', 'Date', 0, b'0', b'0', b'0', 22, NULL, NULL, '2021-09-23 16:21:12', '2021-09-23 16:16:03');
INSERT INTO `zz_online_column` VALUES (1440953088973213696, 'deleted_flag', 1440953088901910528, 'int', 'int(11)', b'0', b'0', b'0', '0', 11, '删除标记(1: 正常 -1: 已删除)', 'deletedFlag', 'Integer', 0, b'0', b'0', b'0', 31, NULL, NULL, '2021-09-23 16:21:15', '2021-09-23 16:16:03');
INSERT INTO `zz_online_column` VALUES (1440953170518872064, 'pay_detail_id', 1440953170514677760, 'bigint', 'bigint(20)', b'1', b'0', b'0', NULL, 1, '主键Id', 'payDetailId', 'Long', 0, b'0', b'0', b'0', NULL, NULL, NULL, '2021-09-23 16:16:22', '2021-09-23 16:16:22');
INSERT INTO `zz_online_column` VALUES (1440953170531454976, 'contract_id', 1440953170514677760, 'bigint', 'bigint(20)', b'0', b'0', b'0', NULL, 2, '合同Id', 'contractId', 'Long', 1, b'0', b'0', b'0', NULL, NULL, NULL, '2021-09-23 16:43:04', '2021-09-23 16:16:22');
INSERT INTO `zz_online_column` VALUES (1440953170535649280, 'pay_date', 1440953170514677760, 'datetime', 'datetime', b'0', b'0', b'0', NULL, 3, '付款日期', 'payDate', 'Date', 0, b'0', b'0', b'0', NULL, NULL, NULL, '2021-09-23 16:16:22', '2021-09-23 16:16:22');
INSERT INTO `zz_online_column` VALUES (1440953170539843584, 'pay_type', 1440953170514677760, 'int', 'int(11)', b'0', b'0', b'0', NULL, 4, '付款类型', 'payType', 'Integer', 0, b'0', b'0', b'0', NULL, NULL, 1440944184381935616, '2021-09-23 16:21:27', '2021-09-23 16:16:22');
INSERT INTO `zz_online_column` VALUES (1440953170548232192, 'percentage', 1440953170514677760, 'int', 'int(11)', b'0', b'0', b'0', NULL, 5, '百分比', 'percentage', 'Integer', 0, b'0', b'0', b'0', NULL, NULL, NULL, '2021-09-23 16:16:22', '2021-09-23 16:16:22');
INSERT INTO `zz_online_column` VALUES (1440953170552426496, 'memo', 1440953170514677760, 'varchar', 'varchar(1024)', b'0', b'0', b'1', NULL, 6, '备注', 'memo', 'String', 0, b'0', b'0', b'0', NULL, NULL, NULL, '2021-09-23 16:16:22', '2021-09-23 16:16:22');
INSERT INTO `zz_online_column` VALUES (1440953170560815104, 'create_user_id', 1440953170514677760, 'bigint', 'bigint(20)', b'0', b'0', b'0', NULL, 7, '创建者', 'createUserId', 'Long', 0, b'0', b'0', b'0', 21, NULL, NULL, '2021-09-23 16:21:43', '2021-09-23 16:16:22');
INSERT INTO `zz_online_column` VALUES (1440953170569203712, 'create_time', 1440953170514677760, 'datetime', 'datetime', b'0', b'0', b'0', NULL, 8, '创建时间', 'createTime', 'Date', 0, b'0', b'0', b'0', 20, NULL, NULL, '2021-09-23 16:21:46', '2021-09-23 16:16:22');
INSERT INTO `zz_online_column` VALUES (1440953170573398016, 'update_user_id', 1440953170514677760, 'bigint', 'bigint(20)', b'0', b'0', b'0', NULL, 9, '更新者', 'updateUserId', 'Long', 0, b'0', b'0', b'0', 23, NULL, NULL, '2021-09-23 16:21:49', '2021-09-23 16:16:22');
INSERT INTO `zz_online_column` VALUES (1440953170581786624, 'update_time', 1440953170514677760, 'datetime', 'datetime', b'0', b'0', b'0', NULL, 10, '最后更新时间', 'updateTime', 'Date', 0, b'0', b'0', b'0', 22, NULL, NULL, '2021-09-23 16:21:52', '2021-09-23 16:16:22');
INSERT INTO `zz_online_column` VALUES (1440953170585980928, 'deleted_flag', 1440953170514677760, 'int', 'int(11)', b'0', b'0', b'0', '0', 11, '删除标记(1: 正常 -1: 已删除)', 'deletedFlag', 'Integer', 0, b'0', b'0', b'0', 31, NULL, NULL, '2021-09-23 16:21:55', '2021-09-23 16:16:22');
INSERT INTO `zz_online_column` VALUES (1440953245668216832, 'delivery_id', 1440953245664022528, 'bigint', 'bigint(20)', b'1', b'0', b'0', NULL, 1, '主键Id', 'deliveryId', 'Long', 0, b'0', b'0', b'0', NULL, NULL, NULL, '2021-09-23 16:16:40', '2021-09-23 16:16:40');
INSERT INTO `zz_online_column` VALUES (1440953245676605440, 'contract_id', 1440953245664022528, 'bigint', 'bigint(20)', b'0', b'0', b'0', NULL, 2, '合同Id', 'contractId', 'Long', 1, b'0', b'0', b'0', NULL, NULL, NULL, '2021-09-23 16:43:09', '2021-09-23 16:16:40');
INSERT INTO `zz_online_column` VALUES (1440953245684994048, 'delivery_date', 1440953245664022528, 'datetime', 'datetime', b'0', b'0', b'0', NULL, 3, '交付日期', 'deliveryDate', 'Date', 0, b'0', b'0', b'0', NULL, NULL, NULL, '2021-09-23 16:16:40', '2021-09-23 16:16:40');
INSERT INTO `zz_online_column` VALUES (1440953245697576960, 'product_id', 1440953245664022528, 'bigint', 'bigint(20)', b'0', b'0', b'0', NULL, 4, '交付产品', 'productId', 'Long', 0, b'0', b'0', b'0', NULL, NULL, 1440944049128214528, '2021-09-23 16:22:18', '2021-09-23 16:16:40');
INSERT INTO `zz_online_column` VALUES (1440953245705965568, 'total_count', 1440953245664022528, 'int', 'int(11)', b'0', b'0', b'0', NULL, 5, '交付数量', 'totalCount', 'Integer', 0, b'0', b'0', b'0', NULL, NULL, NULL, '2021-09-23 16:22:21', '2021-09-23 16:16:40');
INSERT INTO `zz_online_column` VALUES (1440953245718548480, 'memo', 1440953245664022528, 'varchar', 'varchar(1024)', b'0', b'0', b'1', NULL, 6, '备注', 'memo', 'String', 0, b'0', b'0', b'0', NULL, NULL, NULL, '2021-09-23 16:16:40', '2021-09-23 16:16:40');
INSERT INTO `zz_online_column` VALUES (1440953245722742784, 'create_user_id', 1440953245664022528, 'bigint', 'bigint(20)', b'0', b'0', b'0', NULL, 7, '创建者', 'createUserId', 'Long', 0, b'0', b'0', b'0', 21, NULL, NULL, '2021-09-23 16:22:45', '2021-09-23 16:16:40');
INSERT INTO `zz_online_column` VALUES (1440953245726937088, 'create_time', 1440953245664022528, 'datetime', 'datetime', b'0', b'0', b'0', NULL, 8, '创建时间', 'createTime', 'Date', 0, b'0', b'0', b'0', 20, NULL, NULL, '2021-09-23 16:22:48', '2021-09-23 16:16:40');
INSERT INTO `zz_online_column` VALUES (1440953245731131392, 'update_user_id', 1440953245664022528, 'bigint', 'bigint(20)', b'0', b'0', b'0', NULL, 9, '更新者', 'updateUserId', 'Long', 0, b'0', b'0', b'0', 23, NULL, NULL, '2021-09-23 16:22:52', '2021-09-23 16:16:40');
INSERT INTO `zz_online_column` VALUES (1440953245735325696, 'update_time', 1440953245664022528, 'datetime', 'datetime', b'0', b'0', b'0', NULL, 10, '最后更新时间', 'updateTime', 'Date', 0, b'0', b'0', b'0', 22, NULL, NULL, '2021-09-23 16:22:56', '2021-09-23 16:16:40');
INSERT INTO `zz_online_column` VALUES (1440953245743714304, 'deleted_flag', 1440953245664022528, 'int', 'int(11)', b'0', b'0', b'0', '0', 11, '删除标记(1: 正常 -1: 已删除)', 'deletedFlag', 'Integer', 0, b'0', b'0', b'0', 31, NULL, NULL, '2021-09-23 16:22:59', '2021-09-23 16:16:40');
INSERT INTO `zz_online_column` VALUES (1440958971132252160, 'first_party_id', 1440958971128057856, 'bigint', 'bigint(20)', b'1', b'0', b'0', NULL, 1, '主键Id', 'firstPartyId', 'Long', 0, b'0', b'0', b'0', NULL, NULL, NULL, '2021-09-23 16:39:25', '2021-09-23 16:39:25');
INSERT INTO `zz_online_column` VALUES (1440958971140640768, 'company_name', 1440958971128057856, 'varchar', 'varchar(255)', b'0', b'0', b'0', NULL, 2, '公司名称', 'companyName', 'String', 3, b'0', b'0', b'0', NULL, NULL, NULL, '2021-09-23 16:41:25', '2021-09-23 16:39:25');
INSERT INTO `zz_online_column` VALUES (1440958971144835072, 'legal_person', 1440958971128057856, 'varchar', 'varchar(64)', b'0', b'0', b'0', NULL, 3, '公司法人', 'legalPerson', 'String', 0, b'0', b'0', b'0', NULL, NULL, NULL, '2021-09-23 16:39:32', '2021-09-23 16:39:25');
INSERT INTO `zz_online_column` VALUES (1440958971149029376, 'legal_person_id', 1440958971128057856, 'char', 'char(18)', b'0', b'0', b'0', NULL, 4, '法人身份证号', 'legalPersonId', 'String', 0, b'0', b'0', b'0', NULL, NULL, NULL, '2021-09-23 16:39:25', '2021-09-23 16:39:25');
INSERT INTO `zz_online_column` VALUES (1440958971153223680, 'registry_address', 1440958971128057856, 'varchar', 'varchar(512)', b'0', b'0', b'0', NULL, 5, '注册地址', 'registryAddress', 'String', 0, b'0', b'0', b'0', NULL, NULL, NULL, '2021-09-23 16:39:25', '2021-09-23 16:39:25');
INSERT INTO `zz_online_column` VALUES (1440958971157417984, 'contact_info', 1440958971128057856, 'varchar', 'varchar(255)', b'0', b'0', b'0', NULL, 6, '联系方式', 'contactInfo', 'String', 0, b'0', b'0', b'0', NULL, NULL, NULL, '2021-09-23 16:39:25', '2021-09-23 16:39:25');
INSERT INTO `zz_online_column` VALUES (1440958971161612288, 'business_scope', 1440958971128057856, 'varchar', 'varchar(4000)', b'0', b'0', b'0', NULL, 7, '经营范围', 'businessScope', 'String', 0, b'0', b'0', b'0', NULL, NULL, NULL, '2021-09-23 16:39:25', '2021-09-23 16:39:25');
INSERT INTO `zz_online_column` VALUES (1440958971165806592, 'memo', 1440958971128057856, 'varchar', 'varchar(1024)', b'0', b'0', b'1', NULL, 8, '备注', 'memo', 'String', 0, b'0', b'0', b'0', NULL, NULL, NULL, '2021-09-23 16:39:25', '2021-09-23 16:39:25');
INSERT INTO `zz_online_column` VALUES (1440958971170000896, 'create_user_id', 1440958971128057856, 'bigint', 'bigint(20)', b'0', b'0', b'0', NULL, 9, '创建者', 'createUserId', 'Long', 0, b'0', b'0', b'0', 21, NULL, NULL, '2021-09-23 16:39:40', '2021-09-23 16:39:25');
INSERT INTO `zz_online_column` VALUES (1440958971174195200, 'create_time', 1440958971128057856, 'datetime', 'datetime', b'0', b'0', b'0', NULL, 10, '创建时间', 'createTime', 'Date', 0, b'0', b'0', b'0', 20, NULL, NULL, '2021-09-23 16:39:43', '2021-09-23 16:39:25');
INSERT INTO `zz_online_column` VALUES (1440958971178389504, 'update_user_id', 1440958971128057856, 'bigint', 'bigint(20)', b'0', b'0', b'0', NULL, 11, '更新者', 'updateUserId', 'Long', 0, b'0', b'0', b'0', 23, NULL, NULL, '2021-09-23 16:39:46', '2021-09-23 16:39:25');
INSERT INTO `zz_online_column` VALUES (1440958971182583808, 'update_time', 1440958971128057856, 'datetime', 'datetime', b'0', b'0', b'0', NULL, 12, '最后更新时间', 'updateTime', 'Date', 0, b'0', b'0', b'0', 22, NULL, NULL, '2021-09-23 16:39:53', '2021-09-23 16:39:25');
INSERT INTO `zz_online_column` VALUES (1440958971186778112, 'deleted_flag', 1440958971128057856, 'int', 'int(11)', b'0', b'0', b'0', '0', 13, '删除标记(1: 正常 -1: 已删除)', 'deletedFlag', 'Integer', 0, b'0', b'0', b'0', 31, NULL, NULL, '2021-09-23 16:39:58', '2021-09-23 16:39:25');
INSERT INTO `zz_online_column` VALUES (1440961208285925376, 'second_party_id', 1440961208273342464, 'bigint', 'bigint(20)', b'1', b'0', b'0', NULL, 1, '主键Id', 'secondPartyId', 'Long', 0, b'0', b'0', b'0', NULL, NULL, NULL, '2021-09-23 16:48:18', '2021-09-23 16:48:18');
INSERT INTO `zz_online_column` VALUES (1440961208294313984, 'company_name', 1440961208273342464, 'varchar', 'varchar(255)', b'0', b'0', b'0', NULL, 2, '公司名称', 'companyName', 'String', 3, b'0', b'0', b'0', NULL, NULL, NULL, '2021-09-23 16:48:23', '2021-09-23 16:48:18');
INSERT INTO `zz_online_column` VALUES (1440961208298508288, 'legal_person', 1440961208273342464, 'varchar', 'varchar(64)', b'0', b'0', b'0', NULL, 3, '公司法人', 'legalPerson', 'String', 0, b'0', b'0', b'0', NULL, NULL, NULL, '2021-09-23 16:48:28', '2021-09-23 16:48:18');
INSERT INTO `zz_online_column` VALUES (1440961208302702592, 'legal_person_id', 1440961208273342464, 'char', 'char(18)', b'0', b'0', b'0', NULL, 4, '法人身份证号', 'legalPersonId', 'String', 0, b'0', b'0', b'0', NULL, NULL, NULL, '2021-09-23 16:48:18', '2021-09-23 16:48:18');
INSERT INTO `zz_online_column` VALUES (1440961208306896896, 'registry_address', 1440961208273342464, 'varchar', 'varchar(512)', b'0', b'0', b'0', NULL, 5, '注册地址', 'registryAddress', 'String', 0, b'0', b'0', b'0', NULL, NULL, NULL, '2021-09-23 16:48:18', '2021-09-23 16:48:18');
INSERT INTO `zz_online_column` VALUES (1440961208315285504, 'contact_info', 1440961208273342464, 'varchar', 'varchar(255)', b'0', b'0', b'0', NULL, 6, '联系方式', 'contactInfo', 'String', 0, b'0', b'0', b'0', NULL, NULL, NULL, '2021-09-23 16:48:18', '2021-09-23 16:48:18');
INSERT INTO `zz_online_column` VALUES (1440961208319479808, 'business_scope', 1440961208273342464, 'varchar', 'varchar(4000)', b'0', b'0', b'0', NULL, 7, '经营范围', 'businessScope', 'String', 0, b'0', b'0', b'0', NULL, NULL, NULL, '2021-09-23 16:48:18', '2021-09-23 16:48:18');
INSERT INTO `zz_online_column` VALUES (1440961208323674112, 'memo', 1440961208273342464, 'varchar', 'varchar(1024)', b'0', b'0', b'1', NULL, 8, '备注', 'memo', 'String', 0, b'0', b'0', b'0', NULL, NULL, NULL, '2021-09-23 16:48:18', '2021-09-23 16:48:18');
INSERT INTO `zz_online_column` VALUES (1440961208327868416, 'create_user_id', 1440961208273342464, 'bigint', 'bigint(20)', b'0', b'0', b'0', NULL, 9, '创建者', 'createUserId', 'Long', 0, b'0', b'0', b'0', 21, NULL, NULL, '2021-09-23 16:48:36', '2021-09-23 16:48:18');
INSERT INTO `zz_online_column` VALUES (1440961208332062720, 'create_time', 1440961208273342464, 'datetime', 'datetime', b'0', b'0', b'0', NULL, 10, '创建时间', 'createTime', 'Date', 0, b'0', b'0', b'0', 20, NULL, NULL, '2021-09-23 16:48:40', '2021-09-23 16:48:18');
INSERT INTO `zz_online_column` VALUES (1440961208336257024, 'update_user_id', 1440961208273342464, 'bigint', 'bigint(20)', b'0', b'0', b'0', NULL, 11, '更新者', 'updateUserId', 'Long', 0, b'0', b'0', b'0', 23, NULL, NULL, '2021-09-23 16:48:44', '2021-09-23 16:48:18');
INSERT INTO `zz_online_column` VALUES (1440961208340451328, 'update_time', 1440961208273342464, 'datetime', 'datetime', b'0', b'0', b'0', NULL, 12, '最后更新时间', 'updateTime', 'Date', 0, b'0', b'0', b'0', 22, NULL, NULL, '2021-09-23 16:48:49', '2021-09-23 16:48:18');
INSERT INTO `zz_online_column` VALUES (1440961208344645632, 'deleted_flag', 1440961208273342464, 'int', 'int(11)', b'0', b'0', b'0', '0', 13, '删除标记(1: 正常 -1: 已删除)', 'deletedFlag', 'Integer', 0, b'0', b'0', b'0', 31, NULL, NULL, '2021-09-23 16:48:55', '2021-09-23 16:48:18');
INSERT INTO `zz_online_column` VALUES (1440962162720772096, 'product_id', 1440962162712383488, 'bigint', 'bigint(20)', b'1', b'0', b'0', NULL, 1, '主键Id', 'productId', 'Long', 0, b'0', b'0', b'0', NULL, NULL, NULL, '2021-09-23 16:52:06', '2021-09-23 16:52:06');
INSERT INTO `zz_online_column` VALUES (1440962162729160704, 'product_name', 1440962162712383488, 'varchar', 'varchar(255)', b'0', b'0', b'0', NULL, 2, '产品名称', 'productName', 'String', 3, b'0', b'0', b'0', NULL, NULL, NULL, '2021-09-23 16:52:10', '2021-09-23 16:52:06');
INSERT INTO `zz_online_column` VALUES (1440962162733355008, 'product_spec', 1440962162712383488, 'varchar', 'varchar(255)', b'0', b'0', b'0', NULL, 3, '规格', 'productSpec', 'String', 0, b'0', b'0', b'0', NULL, NULL, NULL, '2021-09-23 16:52:06', '2021-09-23 16:52:06');
INSERT INTO `zz_online_column` VALUES (1440962162737549312, 'type', 1440962162712383488, 'varchar', 'varchar(255)', b'0', b'0', b'0', NULL, 4, '型号', 'type', 'String', 0, b'0', b'0', b'0', NULL, NULL, NULL, '2021-09-23 16:52:06', '2021-09-23 16:52:06');
INSERT INTO `zz_online_column` VALUES (1440962162741743616, 'cost_price', 1440962162712383488, 'int', 'int(11)', b'0', b'0', b'0', NULL, 5, '产品价格', 'costPrice', 'Integer', 2, b'0', b'0', b'0', NULL, NULL, NULL, '2021-09-23 16:53:05', '2021-09-23 16:52:06');
INSERT INTO `zz_online_column` VALUES (1440962162745937920, 'memo', 1440962162712383488, 'varchar', 'varchar(1024)', b'0', b'0', b'1', NULL, 6, '备注', 'memo', 'String', 0, b'0', b'0', b'0', NULL, NULL, NULL, '2021-09-23 16:52:06', '2021-09-23 16:52:06');
INSERT INTO `zz_online_column` VALUES (1440962162750132224, 'create_user_id', 1440962162712383488, 'bigint', 'bigint(20)', b'0', b'0', b'0', NULL, 7, '创建者', 'createUserId', 'Long', 0, b'0', b'0', b'0', 21, NULL, NULL, '2021-09-23 16:52:20', '2021-09-23 16:52:06');
INSERT INTO `zz_online_column` VALUES (1440962162754326528, 'create_time', 1440962162712383488, 'datetime', 'datetime', b'0', b'0', b'0', NULL, 8, '创建时间', 'createTime', 'Date', 0, b'0', b'0', b'0', 20, NULL, NULL, '2021-09-23 16:52:23', '2021-09-23 16:52:06');
INSERT INTO `zz_online_column` VALUES (1440962162762715136, 'update_user_id', 1440962162712383488, 'bigint', 'bigint(20)', b'0', b'0', b'0', NULL, 9, '更新者', 'updateUserId', 'Long', 0, b'0', b'0', b'0', 23, NULL, NULL, '2021-09-23 16:52:27', '2021-09-23 16:52:06');
INSERT INTO `zz_online_column` VALUES (1440962162766909440, 'update_time', 1440962162712383488, 'datetime', 'datetime', b'0', b'0', b'0', NULL, 10, '最后更新时间', 'updateTime', 'Date', 0, b'0', b'0', b'0', 22, NULL, NULL, '2021-09-23 16:52:31', '2021-09-23 16:52:06');
INSERT INTO `zz_online_column` VALUES (1440962162771103744, 'deleted_flag', 1440962162712383488, 'int', 'int(11)', b'0', b'0', b'0', '0', 11, '删除标记(1: 正常 -1: 已删除)', 'deletedFlag', 'Integer', 0, b'0', b'0', b'0', 31, NULL, NULL, '2021-09-23 16:52:34', '2021-09-23 16:52:06');
COMMIT;

-- ----------------------------
-- Table structure for zz_online_column_rule
-- ----------------------------
DROP TABLE IF EXISTS `zz_online_column_rule`;
CREATE TABLE `zz_online_column_rule` (
  `column_id` bigint NOT NULL COMMENT '字段Id',
  `rule_id` bigint NOT NULL COMMENT '规则Id',
  `prop_data_json` text CHARACTER SET utf8mb4 COLLATE utf8mb4_bin COMMENT '规则属性数据',
  PRIMARY KEY (`column_id`,`rule_id`) USING BTREE,
  KEY `idx_rule_id` (`rule_id`) USING BTREE
) ENGINE=InnoDB DEFAULT CHARSET=utf8mb4 COLLATE=utf8mb4_bin;

-- ----------------------------
-- Records of zz_online_column_rule
-- ----------------------------
BEGIN;
INSERT INTO `zz_online_column_rule` VALUES (1440946127493926912, 2, '{\"message\":\"报销金额必须大于0\"}');
INSERT INTO `zz_online_column_rule` VALUES (1440946127493926912, 4, '{\"message\":\"报销金额必须大于0\",\"min\":0}');
INSERT INTO `zz_online_column_rule` VALUES (1440946261518716928, 2, '{\"message\":\"报销金额必须大于0\"}');
INSERT INTO `zz_online_column_rule` VALUES (1440946261518716928, 4, '{\"message\":\"报销金额必须大于0\",\"min\":0}');
INSERT INTO `zz_online_column_rule` VALUES (1440947089252028416, 2, '{\"message\":\"报销金额必须大于0\"}');
INSERT INTO `zz_online_column_rule` VALUES (1440947089252028416, 4, '{\"message\":\"报销金额必须大于0\",\"min\":0}');
INSERT INTO `zz_online_column_rule` VALUES (1440949025019793408, 2, '{\"message\":\"提成比例必须大于0\"}');
INSERT INTO `zz_online_column_rule` VALUES (1440949025019793408, 4, '{\"message\":\"提成比例必须大于0\",\"min\":0}');
INSERT INTO `zz_online_column_rule` VALUES (1440949181786099712, 6, '{\"message\":\"请输入正确的手机号码\"}');
INSERT INTO `zz_online_column_rule` VALUES (1440949481989214208, 1, '{\"message\":\"产品数量必须大于0\"}');
INSERT INTO `zz_online_column_rule` VALUES (1440949481989214208, 4, '{\"message\":\"产品数量必须大于0\",\"min\":0}');
INSERT INTO `zz_online_column_rule` VALUES (1440949481993408512, 2, '{\"message\":\"产品总价必须大于0\"}');
INSERT INTO `zz_online_column_rule` VALUES (1440949481993408512, 4, '{\"message\":\"产品总价必须大于0\",\"min\":0}');
INSERT INTO `zz_online_column_rule` VALUES (1440949804128538624, 2, '{\"message\":\"交付商品数量必须大于0\"}');
INSERT INTO `zz_online_column_rule` VALUES (1440949804128538624, 4, '{\"message\":\"交付商品数量必须大于0\",\"min\":0}');
INSERT INTO `zz_online_column_rule` VALUES (1440952815332626432, 2, '{\"message\":\"提成比例必须大于0\"}');
INSERT INTO `zz_online_column_rule` VALUES (1440952815332626432, 4, '{\"message\":\"提成比例必须大于0\",\"min\":0}');
INSERT INTO `zz_online_column_rule` VALUES (1440953088927076352, 2, '{\"message\":\"产品数量必须大于0\"}');
INSERT INTO `zz_online_column_rule` VALUES (1440953088927076352, 4, '{\"message\":\"产品数量必须大于0\",\"min\":0}');
INSERT INTO `zz_online_column_rule` VALUES (1440953088935464960, 2, '{\"message\":\"产品总价必须大于0\"}');
INSERT INTO `zz_online_column_rule` VALUES (1440953088935464960, 4, '{\"message\":\"产品总价必须大于0\",\"min\":0}');
INSERT INTO `zz_online_column_rule` VALUES (1440953245705965568, 2, '{\"message\":\"交付数量必须大于0\"}');
INSERT INTO `zz_online_column_rule` VALUES (1440953245705965568, 4, '{\"message\":\"交付数量必须大于0\",\"min\":0}');
INSERT INTO `zz_online_column_rule` VALUES (1440962162741743616, 2, '{\"message\":\"产品价格不能小于0\"}');
INSERT INTO `zz_online_column_rule` VALUES (1440962162741743616, 4, '{\"message\":\"产品价格不能小于0\",\"min\":0}');
COMMIT;

-- ----------------------------
-- Table structure for zz_online_datasource
-- ----------------------------
DROP TABLE IF EXISTS `zz_online_datasource`;
CREATE TABLE `zz_online_datasource` (
  `datasource_id` bigint NOT NULL COMMENT '主键Id',
  `datasource_name` varchar(64) CHARACTER SET utf8mb4 COLLATE utf8mb4_bin NOT NULL COMMENT '数据源名称',
  `variable_name` varchar(64) CHARACTER SET utf8mb4 COLLATE utf8mb4_bin NOT NULL COMMENT '数据源变量名',
  `dblink_id` bigint NOT NULL COMMENT '数据库链接Id',
  `master_table_id` bigint NOT NULL COMMENT '主表Id',
  `update_time` datetime NOT NULL COMMENT '更新时间',
  `create_time` datetime NOT NULL COMMENT '创建时间',
  PRIMARY KEY (`datasource_id`),
  UNIQUE KEY `idx_variable_name` (`variable_name`) USING BTREE,
  KEY `idx_master_table_id` (`master_table_id`) USING BTREE
) ENGINE=InnoDB DEFAULT CHARSET=utf8mb4 COLLATE=utf8mb4_bin;

-- ----------------------------
-- Records of zz_online_datasource
-- ----------------------------
BEGIN;
INSERT INTO `zz_online_datasource` VALUES (1440945228130291712, '请假申请', 'dsFlowLeave', 1, 1440945228079960064, '2021-09-23 15:44:49', '2021-09-23 15:44:49');
INSERT INTO `zz_online_datasource` VALUES (1440946127531675648, '报销申请', 'dsFlowSubmit', 1, 1440946127460372480, '2021-09-23 15:48:23', '2021-09-23 15:48:23');
INSERT INTO `zz_online_datasource` VALUES (1440952815374569472, '合同审批', 'dsFlowContract', 1, 1440952815294877696, '2021-09-23 16:14:57', '2021-09-23 16:14:57');
INSERT INTO `zz_online_datasource` VALUES (1440958971190972416, '甲方管理', 'dsFirstParty', 1, 1440958971128057856, '2021-09-23 16:39:25', '2021-09-23 16:39:25');
INSERT INTO `zz_online_datasource` VALUES (1440961208344645633, '乙方管理', 'dsSecondParty', 1, 1440961208273342464, '2021-09-23 16:48:18', '2021-09-23 16:48:18');
INSERT INTO `zz_online_datasource` VALUES (1440962162771103745, '产品管理', 'dsProduct', 1, 1440962162712383488, '2021-09-23 16:52:06', '2021-09-23 16:52:06');
COMMIT;

-- ----------------------------
-- Table structure for zz_online_datasource_relation
-- ----------------------------
DROP TABLE IF EXISTS `zz_online_datasource_relation`;
CREATE TABLE `zz_online_datasource_relation` (
  `relation_id` bigint NOT NULL COMMENT '主键Id',
  `relation_name` varchar(64) CHARACTER SET utf8mb4 COLLATE utf8mb4_bin NOT NULL COMMENT '关联名称',
  `variable_name` varchar(128) CHARACTER SET utf8mb4 COLLATE utf8mb4_bin NOT NULL COMMENT '变量名',
  `datasource_id` bigint NOT NULL COMMENT '主数据源Id',
  `relation_type` int NOT NULL COMMENT '关联类型',
  `master_column_id` bigint NOT NULL COMMENT '主表关联字段Id',
  `slave_table_id` bigint NOT NULL COMMENT '从表Id',
  `slave_column_id` bigint NOT NULL COMMENT '从表关联字段Id',
  `cascade_delete` bit(1) NOT NULL COMMENT '删除主表的时候是否级联删除一对一和一对多的从表数据，多对多只是删除关联，不受到这个标记的影响。',
  `left_join` bit(1) NOT NULL COMMENT '是否左连接',
  `update_time` datetime NOT NULL COMMENT '更新时间',
  `create_time` datetime NOT NULL COMMENT '创建时间',
  PRIMARY KEY (`relation_id`) USING BTREE,
  KEY `idx_datasource_id` (`datasource_id`) USING BTREE
) ENGINE=InnoDB DEFAULT CHARSET=utf8mb4 COLLATE=utf8mb4_bin;

-- ----------------------------
-- Records of zz_online_datasource_relation
-- ----------------------------
BEGIN;
INSERT INTO `zz_online_datasource_relation` VALUES (1440947089268805632, '报销详情', 'id_zz_test_flow_submit_detail_submit_idRelation', 1440946127531675648, 1, 1440946127468761088, 1440947089218473984, 1440947089231056896, b'1', b'1', '2021-09-23 15:52:12', '2021-09-23 15:52:12');
INSERT INTO `zz_online_datasource_relation` VALUES (1440952921117167616, '甲方企业', 'first_party_id_zz_test_flow_first_party_first_party_idRelation', 1440952815374569472, 0, 1440952815307460608, 1440952921024892928, 1440952921037475840, b'0', b'1', '2021-09-23 16:15:23', '2021-09-23 16:15:23');
INSERT INTO `zz_online_datasource_relation` VALUES (1440952988536410112, '乙方企业', 'second_party_id_zz_test_flow_second_party_second_party_idRelation', 1440952815374569472, 0, 1440952815311654912, 1440952988389609472, 1440952988393803776, b'0', b'1', '2021-09-23 16:15:39', '2021-09-23 16:15:39');
INSERT INTO `zz_online_datasource_relation` VALUES (1440953088977408000, '合同详情', 'contract_id_zz_test_flow_contract_detail_contract_idRelation', 1440952815374569472, 1, 1440952815303266304, 1440953088901910528, 1440953088918687744, b'1', b'1', '2021-09-23 16:16:03', '2021-09-23 16:16:03');
INSERT INTO `zz_online_datasource_relation` VALUES (1440953170590175232, '付款详情', 'contract_id_zz_test_flow_pay_detail_contract_idRelation', 1440952815374569472, 1, 1440952815303266304, 1440953170514677760, 1440953170531454976, b'1', b'1', '2021-09-23 16:16:22', '2021-09-23 16:16:22');
INSERT INTO `zz_online_datasource_relation` VALUES (1440953245747908608, '交付详情', 'contract_id_zz_test_flow_delivery_detail_contract_idRelation', 1440952815374569472, 1, 1440952815303266304, 1440953245664022528, 1440953245676605440, b'1', b'1', '2021-09-23 16:16:40', '2021-09-23 16:16:40');
COMMIT;

-- ----------------------------
-- Table structure for zz_online_datasource_table
-- ----------------------------
DROP TABLE IF EXISTS `zz_online_datasource_table`;
CREATE TABLE `zz_online_datasource_table` (
  `id` bigint NOT NULL COMMENT '主键Id',
  `datasource_id` bigint NOT NULL COMMENT '数据源Id',
  `relation_id` bigint DEFAULT NULL COMMENT '数据源关联Id',
  `table_id` bigint NOT NULL COMMENT '数据表Id',
  PRIMARY KEY (`id`) USING BTREE,
  KEY `idx_relation_id` (`relation_id`) USING BTREE,
  KEY `idx_datasource_id` (`datasource_id`) USING BTREE,
  KEY `idx_table_id` (`table_id`) USING BTREE
) ENGINE=InnoDB DEFAULT CHARSET=utf8mb4 COLLATE=utf8mb4_bin;

-- ----------------------------
-- Records of zz_online_datasource_table
-- ----------------------------
BEGIN;
INSERT INTO `zz_online_datasource_table` VALUES (1440945228134486016, 1440945228130291712, NULL, 1440945228079960064);
INSERT INTO `zz_online_datasource_table` VALUES (1440946127535869952, 1440946127531675648, NULL, 1440946127460372480);
INSERT INTO `zz_online_datasource_table` VALUES (1440947089272999936, 1440946127531675648, 1440947089268805632, 1440947089218473984);
INSERT INTO `zz_online_datasource_table` VALUES (1440952815378763776, 1440952815374569472, NULL, 1440952815294877696);
INSERT INTO `zz_online_datasource_table` VALUES (1440952921121361920, 1440952815374569472, 1440952921117167616, 1440952921024892928);
INSERT INTO `zz_online_datasource_table` VALUES (1440952988540604416, 1440952815374569472, 1440952988536410112, 1440952988389609472);
INSERT INTO `zz_online_datasource_table` VALUES (1440953088981602304, 1440952815374569472, 1440953088977408000, 1440953088901910528);
INSERT INTO `zz_online_datasource_table` VALUES (1440953170594369536, 1440952815374569472, 1440953170590175232, 1440953170514677760);
INSERT INTO `zz_online_datasource_table` VALUES (1440953245752102912, 1440952815374569472, 1440953245747908608, 1440953245664022528);
INSERT INTO `zz_online_datasource_table` VALUES (1440958971195166720, 1440958971190972416, NULL, 1440958971128057856);
INSERT INTO `zz_online_datasource_table` VALUES (1440961208348839936, 1440961208344645633, NULL, 1440961208273342464);
INSERT INTO `zz_online_datasource_table` VALUES (1440962162775298048, 1440962162771103745, NULL, 1440962162712383488);
COMMIT;

-- ----------------------------
-- Table structure for zz_online_dblink
-- ----------------------------
DROP TABLE IF EXISTS `zz_online_dblink`;
CREATE TABLE `zz_online_dblink` (
  `dblink_id` bigint NOT NULL COMMENT '主键Id',
  `dblink_name` varchar(64) CHARACTER SET utf8mb4 COLLATE utf8mb4_bin NOT NULL COMMENT '链接中文名称',
  `variable_name` varchar(64) CHARACTER SET utf8mb4 COLLATE utf8mb4_bin NOT NULL COMMENT '链接英文名称',
  `dblink_desc` varchar(512) CHARACTER SET utf8mb4 COLLATE utf8mb4_bin DEFAULT NULL COMMENT '链接描述',
  `dblink_config_constant` int NOT NULL COMMENT '数据源配置常量',
  `create_time` datetime NOT NULL COMMENT '创建时间',
  PRIMARY KEY (`dblink_id`)
) ENGINE=InnoDB DEFAULT CHARSET=utf8mb4 COLLATE=utf8mb4_bin;

-- ----------------------------
-- Records of zz_online_dblink
-- ----------------------------
BEGIN;
INSERT INTO `zz_online_dblink` VALUES (1, 'first', 'first', '第一个链接', 0, '2021-09-23 00:00:00');
COMMIT;

-- ----------------------------
-- Table structure for zz_online_dict
-- ----------------------------
DROP TABLE IF EXISTS `zz_online_dict`;
CREATE TABLE `zz_online_dict` (
  `dict_id` bigint NOT NULL COMMENT '主键Id',
  `dict_name` varchar(64) CHARACTER SET utf8mb4 COLLATE utf8mb4_bin NOT NULL COMMENT '字典名称',
  `dict_type` int NOT NULL COMMENT '字典类型',
  `dblink_id` bigint DEFAULT NULL COMMENT '数据库链接Id',
  `table_name` varchar(64) CHARACTER SET utf8mb4 COLLATE utf8mb4_bin DEFAULT NULL COMMENT '字典表名称',
  `key_column_name` varchar(64) CHARACTER SET utf8mb4 COLLATE utf8mb4_bin DEFAULT NULL COMMENT '字典表键字段名称',
  `parent_key_column_name` varchar(64) CHARACTER SET utf8mb4 COLLATE utf8mb4_bin DEFAULT NULL COMMENT '字典表父键字段名称',
  `value_column_name` varchar(64) CHARACTER SET utf8mb4 COLLATE utf8mb4_bin DEFAULT NULL COMMENT '字典值字段名称',
  `deleted_column_name` varchar(64) CHARACTER SET utf8mb4 COLLATE utf8mb4_bin DEFAULT NULL COMMENT '逻辑删除字段',
  `user_filter_column_name` varchar(64) CHARACTER SET utf8mb4 COLLATE utf8mb4_bin DEFAULT NULL COMMENT '用户过滤滤字段名称',
  `dept_filter_column_name` varchar(64) CHARACTER SET utf8mb4 COLLATE utf8mb4_bin DEFAULT NULL COMMENT 'dept_filter_column_name',
  `tenant_filter_column_name` varchar(64) CHARACTER SET utf8mb4 COLLATE utf8mb4_bin DEFAULT NULL COMMENT '租户过滤字段名称',
  `tree_flag` bit(1) NOT NULL COMMENT '是否树形标记',
  `dict_list_url` varchar(512) CHARACTER SET utf8mb4 COLLATE utf8mb4_bin DEFAULT NULL COMMENT '获取字典列表数据的url',
  `dict_ids_url` varchar(512) CHARACTER SET utf8mb4 COLLATE utf8mb4_bin DEFAULT NULL COMMENT '根据主键id批量获取字典数据的url',
  `dict_data_json` text CHARACTER SET utf8mb4 COLLATE utf8mb4_bin COMMENT '字典的JSON数据',
  `update_time` datetime NOT NULL COMMENT '更新时间',
  `create_time` datetime NOT NULL COMMENT '创建时间',
  PRIMARY KEY (`dict_id`) USING BTREE
) ENGINE=InnoDB DEFAULT CHARSET=utf8mb4 COLLATE=utf8mb4_bin;

-- ----------------------------
-- Records of zz_online_dict
-- ----------------------------
BEGIN;
INSERT INTO `zz_online_dict` VALUES (1440943031288074240, '请假类型', 15, NULL, NULL, NULL, NULL, NULL, NULL, NULL, NULL, NULL, b'0', NULL, NULL, '{\"dictData\":[{\"type\":\"Integer\",\"id\":1,\"name\":\"年假\"},{\"type\":\"Integer\",\"id\":2,\"name\":\"事假\"},{\"type\":\"Integer\",\"id\":3,\"name\":\"婚假\"}],\"paramList\":[]}', '2021-09-23 15:36:05', '2021-09-23 15:36:05');
INSERT INTO `zz_online_dict` VALUES (1440943168626364416, '报销类别', 15, NULL, NULL, NULL, NULL, NULL, NULL, NULL, NULL, NULL, b'0', NULL, NULL, '{\"dictData\":[{\"type\":\"Integer\",\"id\":1,\"name\":\"差旅报销\"},{\"type\":\"Integer\",\"id\":2,\"name\":\"日常报销\"}],\"paramList\":[]}', '2021-09-23 15:36:37', '2021-09-23 15:36:37');
INSERT INTO `zz_online_dict` VALUES (1440943309924077568, '费用类别', 15, NULL, NULL, NULL, NULL, NULL, NULL, NULL, NULL, NULL, b'0', NULL, NULL, '{\"dictData\":[{\"type\":\"Integer\",\"id\":1,\"name\":\"食宿费用\"},{\"type\":\"Integer\",\"id\":2,\"name\":\"交通费用\"}],\"paramList\":[]}', '2021-09-23 15:37:11', '2021-09-23 15:37:11');
INSERT INTO `zz_online_dict` VALUES (1440943452526219264, '甲方企业', 1, 1, 'zz_test_flow_first_party', 'first_party_id', NULL, 'company_name', 'deleted_flag', NULL, NULL, NULL, b'0', NULL, NULL, '{\"paramList\":[]}', '2021-09-23 15:37:45', '2021-09-23 15:37:45');
INSERT INTO `zz_online_dict` VALUES (1440943955939168256, '乙方企业', 1, 1, 'zz_test_flow_second_party', 'second_party_id', NULL, 'company_name', 'deleted_flag', NULL, NULL, NULL, b'0', NULL, NULL, '{\"paramList\":[]}', '2021-09-23 15:39:45', '2021-09-23 15:39:45');
INSERT INTO `zz_online_dict` VALUES (1440944049128214528, '商品字典', 1, 1, 'zz_test_flow_product', 'product_id', NULL, 'product_name', 'deleted_flag', NULL, NULL, NULL, b'0', NULL, NULL, '{\"paramList\":[]}', '2021-09-23 15:40:07', '2021-09-23 15:40:07');
INSERT INTO `zz_online_dict` VALUES (1440944184381935616, '付款类型', 15, NULL, NULL, NULL, NULL, NULL, NULL, NULL, NULL, NULL, b'0', NULL, NULL, '{\"dictData\":[{\"type\":\"Integer\",\"id\":1,\"name\":\"预付款\"},{\"type\":\"Integer\",\"id\":2,\"name\":\"分期款\"},{\"type\":\"Integer\",\"id\":3,\"name\":\"项目尾款\"}],\"paramList\":[]}', '2021-09-23 15:40:40', '2021-09-23 15:40:40');
INSERT INTO `zz_online_dict` VALUES (1440944300799037440, '合同类型', 15, NULL, NULL, NULL, NULL, NULL, NULL, NULL, NULL, NULL, b'0', NULL, NULL, '{\"dictData\":[{\"type\":\"Integer\",\"id\":1,\"name\":\"生产合同\"},{\"type\":\"Integer\",\"id\":2,\"name\":\"代工合同\"}],\"paramList\":[]}', '2021-09-23 15:41:07', '2021-09-23 15:41:07');
INSERT INTO `zz_online_dict` VALUES (1440944417170001920, '用户字典', 1, 1, 'zz_sys_user', 'user_id', NULL, 'show_name', 'deleted_flag', NULL, NULL, NULL, b'0', NULL, NULL, '{\"paramList\":[]}', '2021-09-23 15:41:35', '2021-09-23 15:41:35');
COMMIT;

-- ----------------------------
-- Table structure for zz_online_form
-- ----------------------------
DROP TABLE IF EXISTS `zz_online_form`;
CREATE TABLE `zz_online_form` (
  `form_id` bigint NOT NULL COMMENT '主键Id',
  `page_id` bigint NOT NULL COMMENT '页面id',
  `form_code` varchar(32) CHARACTER SET utf8mb4 COLLATE utf8mb4_bin DEFAULT NULL COMMENT '表单编码',
  `form_name` varchar(64) CHARACTER SET utf8mb4 COLLATE utf8mb4_bin NOT NULL COMMENT '表单名称',
  `form_kind` int NOT NULL COMMENT '表单类别',
  `form_type` int NOT NULL COMMENT '表单类型',
  `master_table_id` bigint NOT NULL COMMENT '表单主表id',
  `widget_json` mediumtext CHARACTER SET utf8mb4 COLLATE utf8mb4_bin COMMENT '表单组件JSON',
  `params_json` text CHARACTER SET utf8mb4 COLLATE utf8mb4_bin COMMENT '表单参数JSON',
  `update_time` datetime NOT NULL COMMENT '更新时间',
  `create_time` datetime NOT NULL COMMENT '创建时间',
  PRIMARY KEY (`form_id`) USING BTREE,
  UNIQUE KEY `uk_page_id_form_code` (`page_id`,`form_code`) USING BTREE
) ENGINE=InnoDB DEFAULT CHARSET=utf8mb4 COLLATE=utf8mb4_bin;

-- ----------------------------
-- Records of zz_online_form
-- ----------------------------
BEGIN;
INSERT INTO `zz_online_form` VALUES (1440945411354267648, 1440945149889744896, 'formFlowLeave', '请假申请', 5, 10, 1440945228079960064, '{\"formConfig\":{\"formKind\":5,\"formType\":10,\"gutter\":20,\"labelWidth\":120,\"labelPosition\":\"right\",\"width\":800,\"paramList\":[{\"columnName\":\"id\",\"primaryKey\":true,\"slaveClumn\":false,\"builtin\":true}]},\"widgetList\":[{\"widgetKind\":1,\"widgetType\":10,\"span\":24,\"placeholder\":\"\",\"id\":1632383156919,\"datasourceId\":\"1440945228130291712\",\"tableId\":\"1440945228079960064\",\"columnId\":\"1440945228105125888\",\"columnName\":\"leave_type\",\"showName\":\"请假类型\",\"variableName\":\"leaveType\",\"dictParamList\":[],\"queryParamList\":[],\"tableColumnList\":[]},{\"widgetKind\":1,\"widgetType\":20,\"span\":24,\"placeholder\":\"\",\"type\":\"date\",\"format\":\"yyyy-MM-dd\",\"valueFormat\":\"yyyy-MM-dd\",\"readOnly\":false,\"disabled\":false,\"id\":1632383163405,\"datasourceId\":\"1440945228130291712\",\"tableId\":\"1440945228079960064\",\"columnId\":\"1440945228113514496\",\"columnName\":\"leave_begin_time\",\"showName\":\"开始时间\",\"variableName\":\"leaveBeginTime\",\"dictParamList\":null,\"queryParamList\":[],\"tableColumnList\":[]},{\"widgetKind\":1,\"widgetType\":20,\"span\":24,\"placeholder\":\"\",\"type\":\"date\",\"format\":\"yyyy-MM-dd\",\"valueFormat\":\"yyyy-MM-dd\",\"readOnly\":false,\"disabled\":false,\"id\":1632383171595,\"datasourceId\":\"1440945228130291712\",\"tableId\":\"1440945228079960064\",\"columnId\":\"1440945228117708800\",\"columnName\":\"leave_end_time\",\"showName\":\"结束时间\",\"variableName\":\"leaveEndTime\",\"dictParamList\":null,\"queryParamList\":[],\"tableColumnList\":[]},{\"widgetKind\":1,\"widgetType\":1,\"span\":24,\"type\":\"textarea\",\"placeholder\":\"\",\"defaultValue\":\"\",\"minRows\":2,\"maxRows\":2,\"readOnly\":false,\"disabled\":false,\"id\":1632383177429,\"datasourceId\":\"1440945228130291712\",\"tableId\":\"1440945228079960064\",\"columnId\":\"1440945228100931584\",\"columnName\":\"leave_reason\",\"showName\":\"请假原因\",\"variableName\":\"leaveReason\",\"dictParamList\":null,\"queryParamList\":[],\"tableColumnList\":[]}]}', '[{\"autoIncrement\":false,\"columnComment\":\"主键Id\",\"columnId\":\"1440945228088348672\",\"columnName\":\"id\",\"columnShowOrder\":1,\"columnType\":\"bigint\",\"createTime\":\"2021-09-23 15:44:49\",\"deptFilter\":false,\"filterType\":0,\"fullColumnType\":\"bigint(20)\",\"nullable\":false,\"objectFieldName\":\"id\",\"objectFieldType\":\"Long\",\"parentKey\":false,\"primaryKey\":true,\"tableId\":\"1440945228079960064\",\"updateTime\":\"2021-09-23 15:44:49\",\"userFilter\":false}]', '2021-09-23 15:46:50', '2021-09-23 15:45:32');
INSERT INTO `zz_online_form` VALUES (1440945468593934336, 1440945149889744896, 'formOrderLeave', '请假工单', 5, 11, 1440945228079960064, '{\"formConfig\":{\"formKind\":5,\"formType\":11,\"gutter\":20,\"labelWidth\":100,\"labelPosition\":\"right\",\"width\":800,\"paramList\":[{\"columnName\":\"id\",\"primaryKey\":true,\"slaveClumn\":false,\"builtin\":true}],\"tableWidget\":{\"widgetKind\":2,\"widgetType\":100,\"span\":24,\"supportBottom\":0,\"tableInfo\":{\"paged\":true,\"optionColumnWidth\":150},\"titleColor\":\"#409EFF\",\"tableColumnList\":[{\"columnId\":\"1440945228092542976\",\"tableId\":\"1440945228079960064\",\"showName\":\"请假用户\",\"showOrder\":1,\"sortable\":false},{\"columnId\":\"1440945228105125888\",\"tableId\":\"1440945228079960064\",\"showName\":\"请假类型\",\"showOrder\":2,\"sortable\":false},{\"columnId\":\"1440945228113514496\",\"tableId\":\"1440945228079960064\",\"showName\":\"开始时间\",\"showOrder\":3,\"sortable\":false},{\"columnId\":\"1440945228117708800\",\"tableId\":\"1440945228079960064\",\"showName\":\"结束时间\",\"showOrder\":4,\"sortable\":false}],\"operationList\":[],\"queryParamList\":[],\"tableId\":\"1440945228079960064\",\"variableName\":\"formOrderLeave\",\"showName\":\"请假工单\",\"hasError\":false,\"datasourceId\":\"1440945228130291712\"}},\"widgetList\":[]}', '[{\"autoIncrement\":false,\"columnComment\":\"主键Id\",\"columnId\":\"1440945228088348672\",\"columnName\":\"id\",\"columnShowOrder\":1,\"columnType\":\"bigint\",\"createTime\":\"2021-09-23 15:44:49\",\"deptFilter\":false,\"filterType\":0,\"fullColumnType\":\"bigint(20)\",\"nullable\":false,\"objectFieldName\":\"id\",\"objectFieldType\":\"Long\",\"parentKey\":false,\"primaryKey\":true,\"tableId\":\"1440945228079960064\",\"updateTime\":\"2021-09-23 15:44:49\",\"userFilter\":false}]', '2021-09-23 17:56:51', '2021-09-23 15:45:46');
INSERT INTO `zz_online_form` VALUES (1440947675041107968, 1440946020174270464, 'formFlowSubmit', '报销申请', 5, 10, 1440946127460372480, '{\"formConfig\":{\"formKind\":5,\"formType\":10,\"gutter\":20,\"labelWidth\":100,\"labelPosition\":\"right\",\"width\":800,\"paramList\":[{\"columnName\":\"id\",\"primaryKey\":true,\"slaveClumn\":false,\"builtin\":true}]},\"widgetList\":[{\"widgetKind\":1,\"widgetType\":1,\"span\":12,\"type\":\"text\",\"placeholder\":\"\",\"defaultValue\":\"\",\"minRows\":2,\"maxRows\":2,\"readOnly\":false,\"disabled\":false,\"id\":1632383719604,\"datasourceId\":\"1440946127531675648\",\"tableId\":\"1440946127460372480\",\"columnId\":\"1440946127481344000\",\"columnName\":\"submit_name\",\"showName\":\"报销名称\",\"variableName\":\"submitName\",\"dictParamList\":null,\"queryParamList\":[],\"tableColumnList\":[],\"hasError\":false},{\"widgetKind\":1,\"widgetType\":10,\"span\":12,\"placeholder\":\"\",\"id\":1632383720428,\"datasourceId\":\"1440946127531675648\",\"tableId\":\"1440946127460372480\",\"columnId\":\"1440946127489732608\",\"columnName\":\"submit_kind\",\"showName\":\"报销类别\",\"variableName\":\"submitKind\",\"queryParamList\":[],\"tableColumnList\":[],\"hasError\":false},{\"widgetKind\":1,\"widgetType\":3,\"span\":12,\"defaultValue\":0,\"min\":0,\"step\":1,\"precision\":2,\"controlVisible\":1,\"controlPosition\":0,\"readOnly\":false,\"disabled\":false,\"id\":1632383724574,\"datasourceId\":\"1440946127531675648\",\"tableId\":\"1440946127460372480\",\"columnId\":\"1440946127493926912\",\"columnName\":\"total_amount\",\"showName\":\"报销金额\",\"variableName\":\"totalAmount\",\"dictParamList\":null,\"queryParamList\":[],\"tableColumnList\":[],\"hasError\":false},{\"widgetKind\":1,\"widgetType\":1,\"span\":12,\"type\":\"text\",\"placeholder\":\"\",\"defaultValue\":\"\",\"minRows\":2,\"maxRows\":2,\"readOnly\":false,\"disabled\":false,\"id\":1632383744379,\"datasourceId\":\"1440946127531675648\",\"tableId\":\"1440946127460372480\",\"columnId\":\"1440946127498121216\",\"columnName\":\"description\",\"showName\":\"报销描述\",\"variableName\":\"description\",\"dictParamList\":null,\"queryParamList\":[],\"tableColumnList\":[],\"hasError\":false},{\"widgetKind\":1,\"widgetType\":1,\"span\":24,\"type\":\"textarea\",\"placeholder\":\"\",\"defaultValue\":\"\",\"minRows\":2,\"maxRows\":2,\"readOnly\":false,\"disabled\":false,\"id\":1632383752809,\"datasourceId\":\"1440946127531675648\",\"tableId\":\"1440946127460372480\",\"columnId\":\"1440946127506509824\",\"columnName\":\"memo\",\"showName\":\"备注\",\"variableName\":\"memo\",\"dictParamList\":null,\"queryParamList\":[],\"tableColumnList\":[],\"hasError\":false},{\"widgetKind\":2,\"widgetType\":100,\"span\":24,\"supportBottom\":0,\"tableInfo\":{\"paged\":true,\"optionColumnWidth\":150},\"titleColor\":\"#409EFF\",\"tableColumnList\":[{\"columnId\":\"1440947089235251200\",\"tableId\":\"1440947089218473984\",\"showName\":\"费用类型\",\"showOrder\":1,\"sortable\":false,\"relationId\":\"1440947089268805632\",\"dataFieldName\":null},{\"columnId\":\"1440947089252028416\",\"tableId\":\"1440947089218473984\",\"showName\":\"金额\",\"showOrder\":2,\"sortable\":false,\"relationId\":\"1440947089268805632\",\"dataFieldName\":null},{\"columnId\":\"1440947089260417024\",\"tableId\":\"1440947089218473984\",\"showName\":\"报销凭证\",\"showOrder\":3,\"sortable\":false,\"relationId\":\"1440947089268805632\",\"dataFieldName\":null},{\"columnId\":\"1440947089264611328\",\"tableId\":\"1440947089218473984\",\"showName\":\"费用描述\",\"showOrder\":4,\"sortable\":false,\"relationId\":\"1440947089268805632\",\"dataFieldName\":null}],\"operationList\":[{\"id\":1,\"type\":0,\"name\":\"新建\",\"enabled\":true,\"builtin\":true,\"rowOperation\":false,\"btnType\":\"primary\",\"plain\":false,\"formId\":\"1440947791881834496\"},{\"id\":2,\"type\":1,\"name\":\"编辑\",\"enabled\":true,\"builtin\":true,\"rowOperation\":true,\"btnClass\":\"table-btn success\",\"formId\":\"1440947791881834496\"},{\"id\":3,\"type\":2,\"name\":\"删除\",\"enabled\":true,\"builtin\":true,\"rowOperation\":true,\"btnClass\":\"table-btn delete\"}],\"queryParamList\":[{\"tableId\":\"1440947089218473984\",\"columnId\":\"1440947089231056896\",\"paramValueType\":0,\"paramValue\":\"id\"}],\"id\":1632383762135,\"relationId\":\"1440947089268805632\",\"tableId\":\"1440947089218473984\",\"columnName\":\"id_zz_test_flow_submit_detail_submit_idRelation\",\"showName\":\"报销详情\",\"variableName\":\"id_zz_test_flow_submit_detail_submit_idRelation\",\"dictParamList\":null,\"hasError\":false}]}', '[{\"autoIncrement\":false,\"columnComment\":\"主键Id\",\"columnId\":\"1440946127468761088\",\"columnName\":\"id\",\"columnShowOrder\":1,\"columnType\":\"bigint\",\"createTime\":\"2021-09-23 15:48:23\",\"deptFilter\":false,\"filterType\":0,\"fullColumnType\":\"bigint(20)\",\"nullable\":false,\"objectFieldName\":\"id\",\"objectFieldType\":\"Long\",\"parentKey\":false,\"primaryKey\":true,\"tableId\":\"1440946127460372480\",\"updateTime\":\"2021-09-23 15:48:23\",\"userFilter\":false}]', '2021-09-23 15:58:07', '2021-09-23 15:54:32');
INSERT INTO `zz_online_form` VALUES (1440947791881834496, 1440946020174270464, 'formEditFlowSubmitDetail', '编辑报销详情', 1, 5, 1440947089218473984, '{\"formConfig\":{\"formKind\":1,\"formType\":5,\"gutter\":20,\"labelWidth\":100,\"labelPosition\":\"right\",\"width\":800,\"paramList\":[{\"columnName\":\"id\",\"primaryKey\":true,\"slaveClumn\":false,\"builtin\":true}]},\"widgetList\":[{\"widgetKind\":1,\"widgetType\":10,\"span\":24,\"placeholder\":\"\",\"id\":1632383900080,\"datasourceId\":\"1440946127531675648\",\"relationId\":\"1440947089268805632\",\"tableId\":\"1440947089218473984\",\"columnId\":\"1440947089235251200\",\"columnName\":\"expense_type\",\"showName\":\"费用类型\",\"variableName\":\"expenseType\",\"dictParamList\":[],\"queryParamList\":[],\"tableColumnList\":[]},{\"widgetKind\":1,\"widgetType\":20,\"span\":24,\"placeholder\":\"\",\"type\":\"date\",\"format\":\"yyyy-MM-dd\",\"valueFormat\":\"yyyy-MM-dd\",\"readOnly\":false,\"disabled\":false,\"id\":1632383900902,\"datasourceId\":\"1440946127531675648\",\"relationId\":\"1440947089268805632\",\"tableId\":\"1440947089218473984\",\"columnId\":\"1440947089243639808\",\"columnName\":\"expense_time\",\"showName\":\"发生日期\",\"variableName\":\"expenseTime\",\"dictParamList\":null,\"queryParamList\":[],\"tableColumnList\":[]},{\"widgetKind\":1,\"widgetType\":3,\"span\":24,\"defaultValue\":0,\"min\":0,\"step\":1,\"precision\":2,\"controlVisible\":1,\"controlPosition\":0,\"readOnly\":false,\"disabled\":false,\"id\":1632383906027,\"datasourceId\":\"1440946127531675648\",\"relationId\":\"1440947089268805632\",\"tableId\":\"1440947089218473984\",\"columnId\":\"1440947089252028416\",\"columnName\":\"amount\",\"showName\":\"金额\",\"variableName\":\"amount\",\"dictParamList\":null,\"queryParamList\":[],\"tableColumnList\":[]},{\"widgetKind\":1,\"widgetType\":1,\"span\":24,\"type\":\"textarea\",\"placeholder\":\"\",\"defaultValue\":\"\",\"minRows\":2,\"maxRows\":4,\"readOnly\":false,\"disabled\":false,\"id\":1632383907850,\"datasourceId\":\"1440946127531675648\",\"relationId\":\"1440947089268805632\",\"tableId\":\"1440947089218473984\",\"columnId\":\"1440947089264611328\",\"columnName\":\"description\",\"showName\":\"费用描述\",\"variableName\":\"description\",\"dictParamList\":null,\"queryParamList\":[],\"tableColumnList\":[]},{\"widgetKind\":1,\"widgetType\":31,\"span\":24,\"isImage\":true,\"fileFieldName\":\"uploadFile\",\"actionUrl\":\"/admin/flow/flowOnlineOperation/upload\",\"downloadUrl\":\"/admin/flow/flowOnlineOperation/download\",\"id\":1632383908452,\"datasourceId\":\"1440946127531675648\",\"relationId\":\"1440947089268805632\",\"tableId\":\"1440947089218473984\",\"columnId\":\"1440947089260417024\",\"columnName\":\"image_url\",\"showName\":\"报销凭证\",\"variableName\":\"imageUrl\",\"dictParamList\":null,\"queryParamList\":[],\"tableColumnList\":[]}]}', '[{\"autoIncrement\":false,\"columnComment\":\"主键Id\",\"columnId\":\"1440947089222668288\",\"columnName\":\"id\",\"columnShowOrder\":1,\"columnType\":\"bigint\",\"createTime\":\"2021-09-23 15:52:12\",\"deptFilter\":false,\"filterType\":0,\"fullColumnType\":\"bigint(20)\",\"nullable\":false,\"objectFieldName\":\"id\",\"objectFieldType\":\"Long\",\"parentKey\":false,\"primaryKey\":true,\"tableId\":\"1440947089218473984\",\"updateTime\":\"2021-09-23 15:52:12\",\"userFilter\":false}]', '2021-09-23 15:59:08', '2021-09-23 15:55:00');
INSERT INTO `zz_online_form` VALUES (1440954920348946432, 1440952710487609344, 'formFlowContract', '合同审批', 5, 10, 1440952815294877696, '{\"formConfig\":{\"formKind\":5,\"formType\":10,\"gutter\":20,\"labelWidth\":120,\"labelPosition\":\"right\",\"width\":800,\"paramList\":[{\"columnName\":\"contract_id\",\"primaryKey\":true,\"slaveClumn\":false,\"builtin\":true}]},\"widgetList\":[{\"widgetKind\":1,\"widgetType\":10,\"span\":12,\"placeholder\":\"\",\"id\":1632385543720,\"datasourceId\":\"1440952815374569472\",\"tableId\":\"1440952815294877696\",\"columnId\":\"1440952815307460608\",\"columnName\":\"first_party_id\",\"showName\":\"甲方企业\",\"variableName\":\"firstPartyId\",\"queryParamList\":[],\"tableColumnList\":[],\"hasError\":false},{\"widgetKind\":1,\"widgetType\":10,\"span\":12,\"placeholder\":\"\",\"id\":1632385544316,\"datasourceId\":\"1440952815374569472\",\"tableId\":\"1440952815294877696\",\"columnId\":\"1440952815311654912\",\"columnName\":\"second_party_id\",\"showName\":\"乙方企业\",\"variableName\":\"secondPartyId\",\"queryParamList\":[],\"tableColumnList\":[],\"hasError\":false},{\"widgetKind\":1,\"widgetType\":10,\"span\":12,\"placeholder\":\"\",\"id\":1632385545012,\"datasourceId\":\"1440952815374569472\",\"tableId\":\"1440952815294877696\",\"columnId\":\"1440952815315849216\",\"columnName\":\"contract_type\",\"showName\":\"合同类型\",\"variableName\":\"contractType\",\"queryParamList\":[],\"tableColumnList\":[],\"hasError\":false},{\"widgetKind\":1,\"widgetType\":10,\"span\":12,\"placeholder\":\"\",\"id\":1632385545729,\"datasourceId\":\"1440952815374569472\",\"tableId\":\"1440952815294877696\",\"columnId\":\"1440952815324237824\",\"columnName\":\"sales_id\",\"showName\":\"业务员\",\"variableName\":\"salesId\",\"queryParamList\":[],\"tableColumnList\":[],\"hasError\":false},{\"widgetKind\":1,\"widgetType\":20,\"span\":12,\"placeholder\":\"\",\"type\":\"date\",\"format\":\"yyyy-MM-dd\",\"valueFormat\":\"yyyy-MM-dd\",\"readOnly\":false,\"disabled\":false,\"id\":1632385550074,\"datasourceId\":\"1440952815374569472\",\"tableId\":\"1440952815294877696\",\"columnId\":\"1440952815320043520\",\"columnName\":\"due_date\",\"showName\":\"到期日期\",\"variableName\":\"dueDate\",\"dictParamList\":null,\"queryParamList\":[],\"tableColumnList\":[],\"hasError\":false},{\"widgetKind\":1,\"widgetType\":3,\"span\":12,\"defaultValue\":0,\"min\":0,\"step\":1,\"precision\":2,\"controlVisible\":1,\"controlPosition\":0,\"readOnly\":false,\"disabled\":false,\"id\":1632385552142,\"datasourceId\":\"1440952815374569472\",\"tableId\":\"1440952815294877696\",\"columnId\":\"1440952815332626432\",\"columnName\":\"commission_rate\",\"showName\":\"提成比例\",\"variableName\":\"commissionRate\",\"dictParamList\":null,\"queryParamList\":[],\"tableColumnList\":[],\"hasError\":false},{\"widgetKind\":1,\"widgetType\":31,\"span\":12,\"isImage\":false,\"fileFieldName\":\"uploadFile\",\"actionUrl\":\"/admin/flow/flowOnlineOperation/upload\",\"downloadUrl\":\"/admin/flow/flowOnlineOperation/download\",\"id\":1632385586521,\"datasourceId\":\"1440952815374569472\",\"tableId\":\"1440952815294877696\",\"columnId\":\"1440952815336820736\",\"columnName\":\"attachment\",\"showName\":\"合同附件\",\"variableName\":\"attachment\",\"dictParamList\":null,\"queryParamList\":[],\"tableColumnList\":[],\"hasError\":false},{\"widgetKind\":1,\"widgetType\":31,\"span\":12,\"isImage\":false,\"fileFieldName\":\"uploadFile\",\"actionUrl\":\"/admin/flow/flowOnlineOperation/upload\",\"downloadUrl\":\"/admin/flow/flowOnlineOperation/download\",\"id\":1632385587136,\"datasourceId\":\"1440952815374569472\",\"tableId\":\"1440952815294877696\",\"columnId\":\"1440952815341015040\",\"columnName\":\"security_attachment\",\"showName\":\"保密协议\",\"variableName\":\"securityAttachment\",\"dictParamList\":null,\"queryParamList\":[],\"tableColumnList\":[],\"hasError\":false},{\"widgetKind\":1,\"widgetType\":31,\"span\":12,\"isImage\":false,\"fileFieldName\":\"uploadFile\",\"actionUrl\":\"/admin/flow/flowOnlineOperation/upload\",\"downloadUrl\":\"/admin/flow/flowOnlineOperation/download\",\"id\":1632385587746,\"datasourceId\":\"1440952815374569472\",\"tableId\":\"1440952815294877696\",\"columnId\":\"1440952815345209344\",\"columnName\":\"intellectual_property_attachment\",\"showName\":\"知识产权协议\",\"variableName\":\"intellectualPropertyAttachment\",\"dictParamList\":null,\"queryParamList\":[],\"tableColumnList\":[],\"hasError\":false},{\"widgetKind\":1,\"widgetType\":31,\"span\":12,\"isImage\":false,\"fileFieldName\":\"uploadFile\",\"actionUrl\":\"/admin/flow/flowOnlineOperation/upload\",\"downloadUrl\":\"/admin/flow/flowOnlineOperation/download\",\"id\":1632385589128,\"datasourceId\":\"1440952815374569472\",\"tableId\":\"1440952815294877696\",\"columnId\":\"1440952815349403648\",\"columnName\":\"other_attachment\",\"showName\":\"其他附件\",\"variableName\":\"otherAttachment\",\"dictParamList\":null,\"queryParamList\":[],\"tableColumnList\":[],\"hasError\":false},{\"widgetKind\":2,\"widgetType\":100,\"span\":24,\"supportBottom\":1,\"tableInfo\":{\"paged\":true,\"optionColumnWidth\":150},\"titleColor\":\"#409EFF\",\"tableColumnList\":[{\"columnId\":\"1440953088922882048\",\"tableId\":\"1440953088901910528\",\"showName\":\"合同产品\",\"showOrder\":1,\"sortable\":false,\"relationId\":\"1440953088977408000\",\"dataFieldName\":null},{\"columnId\":\"1440953088927076352\",\"tableId\":\"1440953088901910528\",\"showName\":\"产品数量\",\"showOrder\":2,\"sortable\":false,\"relationId\":\"1440953088977408000\",\"dataFieldName\":null},{\"columnId\":\"1440953088935464960\",\"tableId\":\"1440953088901910528\",\"showName\":\"产品总价\",\"showOrder\":3,\"sortable\":false,\"relationId\":\"1440953088977408000\",\"dataFieldName\":null},{\"columnId\":\"1440953088939659264\",\"tableId\":\"1440953088901910528\",\"showName\":\"备注\",\"showOrder\":4,\"sortable\":false,\"relationId\":\"1440953088977408000\",\"dataFieldName\":null}],\"operationList\":[{\"id\":1,\"type\":0,\"name\":\"新建\",\"enabled\":true,\"builtin\":true,\"rowOperation\":false,\"btnType\":\"primary\",\"plain\":false,\"formId\":\"1440955295755931648\"},{\"id\":2,\"type\":1,\"name\":\"编辑\",\"enabled\":true,\"builtin\":true,\"rowOperation\":true,\"btnClass\":\"table-btn success\",\"formId\":\"1440955295755931648\"},{\"id\":3,\"type\":2,\"name\":\"删除\",\"enabled\":true,\"builtin\":true,\"rowOperation\":true,\"btnClass\":\"table-btn delete\"}],\"queryParamList\":[{\"tableId\":\"1440953088901910528\",\"columnId\":\"1440953088918687744\",\"paramValueType\":1,\"paramValue\":\"1440952815303266304\"}],\"id\":1632385613866,\"relationId\":\"1440953088977408000\",\"tableId\":\"1440953088901910528\",\"columnName\":\"contract_id_zz_test_flow_contract_detail_contract_idRelation\",\"showName\":\"合同详情\",\"variableName\":\"contract_id_zz_test_flow_contract_detail_contract_idRelation\",\"dictParamList\":null,\"hasError\":false},{\"widgetKind\":2,\"widgetType\":100,\"span\":24,\"supportBottom\":1,\"tableInfo\":{\"paged\":true,\"optionColumnWidth\":150},\"titleColor\":\"#409EFF\",\"tableColumnList\":[{\"columnId\":\"1440953245684994048\",\"tableId\":\"1440953245664022528\",\"showName\":\"交付日期\",\"showOrder\":1,\"sortable\":false,\"relationId\":\"1440953245747908608\",\"dataFieldName\":null},{\"columnId\":\"1440953245697576960\",\"tableId\":\"1440953245664022528\",\"showName\":\"交付产品\",\"showOrder\":2,\"sortable\":false,\"relationId\":\"1440953245747908608\",\"dataFieldName\":null},{\"columnId\":\"1440953245705965568\",\"tableId\":\"1440953245664022528\",\"showName\":\"交付数量\",\"showOrder\":3,\"sortable\":false,\"relationId\":\"1440953245747908608\",\"dataFieldName\":null},{\"columnId\":\"1440953245718548480\",\"tableId\":\"1440953245664022528\",\"showName\":\"备注\",\"showOrder\":4,\"sortable\":false,\"relationId\":\"1440953245747908608\",\"dataFieldName\":null}],\"operationList\":[{\"id\":1,\"type\":0,\"name\":\"新建\",\"enabled\":true,\"builtin\":true,\"rowOperation\":false,\"btnType\":\"primary\",\"plain\":false,\"formId\":\"1440955424638504960\"},{\"id\":2,\"type\":1,\"name\":\"编辑\",\"enabled\":true,\"builtin\":true,\"rowOperation\":true,\"btnClass\":\"table-btn success\",\"formId\":\"1440955424638504960\"},{\"id\":3,\"type\":2,\"name\":\"删除\",\"enabled\":true,\"builtin\":true,\"rowOperation\":true,\"btnClass\":\"table-btn delete\"}],\"queryParamList\":[{\"tableId\":\"1440953245664022528\",\"columnId\":\"1440953245676605440\",\"paramValueType\":1,\"paramValue\":\"1440952815303266304\"}],\"id\":1632385617093,\"relationId\":\"1440953245747908608\",\"tableId\":\"1440953245664022528\",\"columnName\":\"contract_id_zz_test_flow_delivery_detail_contract_idRelation\",\"showName\":\"交付详情\",\"variableName\":\"contract_id_zz_test_flow_delivery_detail_contract_idRelation\",\"dictParamList\":null,\"hasError\":false},{\"widgetKind\":2,\"widgetType\":100,\"span\":24,\"supportBottom\":0,\"tableInfo\":{\"paged\":true,\"optionColumnWidth\":150},\"titleColor\":\"#409EFF\",\"tableColumnList\":[{\"columnId\":\"1440953170535649280\",\"tableId\":\"1440953170514677760\",\"showName\":\"付款日期\",\"showOrder\":1,\"sortable\":false,\"relationId\":\"1440953170590175232\",\"dataFieldName\":null},{\"columnId\":\"1440953170539843584\",\"tableId\":\"1440953170514677760\",\"showName\":\"付款类型\",\"showOrder\":2,\"sortable\":false,\"relationId\":\"1440953170590175232\",\"dataFieldName\":null},{\"columnId\":\"1440953170548232192\",\"tableId\":\"1440953170514677760\",\"showName\":\"付款比例（%）\",\"showOrder\":3,\"sortable\":false,\"relationId\":\"1440953170590175232\",\"dataFieldName\":null},{\"columnId\":\"1440953170552426496\",\"tableId\":\"1440953170514677760\",\"showName\":\"备注\",\"showOrder\":4,\"sortable\":false,\"relationId\":\"1440953170590175232\",\"dataFieldName\":null}],\"operationList\":[{\"id\":1,\"type\":0,\"name\":\"新建\",\"enabled\":true,\"builtin\":true,\"rowOperation\":false,\"btnType\":\"primary\",\"plain\":false,\"formId\":\"1440955361006718976\"},{\"id\":2,\"type\":1,\"name\":\"编辑\",\"enabled\":true,\"builtin\":true,\"rowOperation\":true,\"btnClass\":\"table-btn success\",\"formId\":\"1440955361006718976\"},{\"id\":3,\"type\":2,\"name\":\"删除\",\"enabled\":true,\"builtin\":true,\"rowOperation\":true,\"btnClass\":\"table-btn delete\"}],\"queryParamList\":[{\"tableId\":\"1440953170514677760\",\"columnId\":\"1440953170531454976\",\"paramValueType\":1,\"paramValue\":\"1440952815303266304\"}],\"id\":1632385617965,\"relationId\":\"1440953170590175232\",\"tableId\":\"1440953170514677760\",\"columnName\":\"contract_id_zz_test_flow_pay_detail_contract_idRelation\",\"showName\":\"付款详情\",\"variableName\":\"contract_id_zz_test_flow_pay_detail_contract_idRelation\",\"dictParamList\":null,\"hasError\":false}]}', '[{\"autoIncrement\":false,\"columnComment\":\"主键Id\",\"columnId\":\"1440952815303266304\",\"columnName\":\"contract_id\",\"columnShowOrder\":1,\"columnType\":\"bigint\",\"createTime\":\"2021-09-23 16:14:57\",\"deptFilter\":false,\"filterType\":0,\"fullColumnType\":\"bigint(20)\",\"nullable\":false,\"objectFieldName\":\"contractId\",\"objectFieldType\":\"Long\",\"parentKey\":false,\"primaryKey\":true,\"tableId\":\"1440952815294877696\",\"updateTime\":\"2021-09-23 16:14:57\",\"userFilter\":false}]', '2021-09-24 09:36:35', '2021-09-23 16:23:19');
INSERT INTO `zz_online_form` VALUES (1440955001093492736, 1440952710487609344, 'formFlowContractLaw', '法务信息', 5, 10, 1440952815294877696, '{\"formConfig\":{\"formKind\":5,\"formType\":10,\"gutter\":20,\"labelWidth\":120,\"labelPosition\":\"right\",\"width\":800,\"paramList\":[{\"columnName\":\"contract_id\",\"primaryKey\":true,\"slaveClumn\":false,\"builtin\":true}]},\"widgetList\":[{\"widgetKind\":2,\"widgetType\":40,\"span\":24,\"position\":\"center\",\"id\":1632385804854,\"columnName\":\"divider\",\"showName\":\"甲方信息\",\"variableName\":\"divider\",\"dictParamList\":null,\"queryParamList\":[],\"tableColumnList\":[]},{\"widgetKind\":1,\"widgetType\":1,\"span\":12,\"type\":\"text\",\"placeholder\":\"\",\"defaultValue\":\"\",\"minRows\":2,\"maxRows\":2,\"readOnly\":false,\"disabled\":false,\"id\":1632385840611,\"datasourceId\":\"1440952815374569472\",\"relationId\":\"1440952921117167616\",\"tableId\":\"1440952921024892928\",\"columnId\":\"1440952921041670144\",\"columnName\":\"company_name\",\"showName\":\"公司名称\",\"variableName\":\"companyName\",\"dictParamList\":null,\"queryParamList\":[],\"tableColumnList\":[]},{\"widgetKind\":1,\"widgetType\":1,\"span\":12,\"type\":\"text\",\"placeholder\":\"\",\"defaultValue\":\"\",\"minRows\":2,\"maxRows\":2,\"readOnly\":false,\"disabled\":false,\"id\":1632385850871,\"datasourceId\":\"1440952815374569472\",\"relationId\":\"1440952921117167616\",\"tableId\":\"1440952921024892928\",\"columnId\":\"1440952921066835968\",\"columnName\":\"contact_info\",\"showName\":\"联系方式\",\"variableName\":\"contactInfo\",\"dictParamList\":null,\"queryParamList\":[],\"tableColumnList\":[]},{\"widgetKind\":1,\"widgetType\":1,\"span\":24,\"type\":\"textarea\",\"placeholder\":\"\",\"defaultValue\":\"\",\"minRows\":2,\"maxRows\":2,\"readOnly\":false,\"disabled\":false,\"id\":1632385854474,\"datasourceId\":\"1440952815374569472\",\"relationId\":\"1440952921117167616\",\"tableId\":\"1440952921024892928\",\"columnId\":\"1440952921058447360\",\"columnName\":\"registry_address\",\"showName\":\"注册地址\",\"variableName\":\"registryAddress\",\"dictParamList\":null,\"queryParamList\":[],\"tableColumnList\":[]},{\"widgetKind\":1,\"widgetType\":1,\"span\":24,\"type\":\"textarea\",\"placeholder\":\"\",\"defaultValue\":\"\",\"minRows\":2,\"maxRows\":2,\"readOnly\":false,\"disabled\":false,\"id\":1632385855796,\"datasourceId\":\"1440952815374569472\",\"relationId\":\"1440952921117167616\",\"tableId\":\"1440952921024892928\",\"columnId\":\"1440952921079418880\",\"columnName\":\"business_scope\",\"showName\":\"经营范围\",\"variableName\":\"businessScope\",\"dictParamList\":null,\"queryParamList\":[],\"tableColumnList\":[]},{\"widgetKind\":2,\"widgetType\":40,\"span\":24,\"position\":\"center\",\"id\":1632385870258,\"columnName\":\"divider\",\"showName\":\"乙方信息\",\"variableName\":\"divider1\",\"dictParamList\":null,\"queryParamList\":[],\"tableColumnList\":[]},{\"widgetKind\":1,\"widgetType\":1,\"span\":12,\"type\":\"text\",\"placeholder\":\"\",\"defaultValue\":\"\",\"minRows\":2,\"maxRows\":2,\"readOnly\":false,\"disabled\":false,\"id\":1632385881057,\"datasourceId\":\"1440952815374569472\",\"relationId\":\"1440952988536410112\",\"tableId\":\"1440952988389609472\",\"columnId\":\"1440952988406386688\",\"columnName\":\"company_name\",\"showName\":\"公司名称\",\"variableName\":\"companyName1\",\"dictParamList\":null,\"queryParamList\":[],\"tableColumnList\":[]},{\"widgetKind\":1,\"widgetType\":1,\"span\":12,\"type\":\"text\",\"placeholder\":\"\",\"defaultValue\":\"\",\"minRows\":2,\"maxRows\":2,\"readOnly\":false,\"disabled\":false,\"id\":1632385882845,\"datasourceId\":\"1440952815374569472\",\"relationId\":\"1440952988536410112\",\"tableId\":\"1440952988389609472\",\"columnId\":\"1440952988486078464\",\"columnName\":\"contact_info\",\"showName\":\"联系方式\",\"variableName\":\"contactInfo1\",\"dictParamList\":null,\"queryParamList\":[],\"tableColumnList\":[]},{\"widgetKind\":1,\"widgetType\":1,\"span\":24,\"type\":\"textarea\",\"placeholder\":\"\",\"defaultValue\":\"\",\"minRows\":2,\"maxRows\":2,\"readOnly\":false,\"disabled\":false,\"id\":1632385886068,\"datasourceId\":\"1440952815374569472\",\"relationId\":\"1440952988536410112\",\"tableId\":\"1440952988389609472\",\"columnId\":\"1440952988473495552\",\"columnName\":\"registry_address\",\"showName\":\"注册地址\",\"variableName\":\"registryAddress1\",\"dictParamList\":null,\"queryParamList\":[],\"tableColumnList\":[]},{\"widgetKind\":1,\"widgetType\":1,\"span\":24,\"type\":\"textarea\",\"placeholder\":\"\",\"defaultValue\":\"\",\"minRows\":2,\"maxRows\":2,\"readOnly\":false,\"disabled\":false,\"id\":1632385886979,\"datasourceId\":\"1440952815374569472\",\"relationId\":\"1440952988536410112\",\"tableId\":\"1440952988389609472\",\"columnId\":\"1440952988494467072\",\"columnName\":\"business_scope\",\"showName\":\"经营范围\",\"variableName\":\"businessScope1\",\"dictParamList\":null,\"queryParamList\":[],\"tableColumnList\":[]},{\"widgetKind\":2,\"widgetType\":40,\"span\":24,\"position\":\"center\",\"id\":1632385900924,\"columnName\":\"divider\",\"showName\":\"合同信息\",\"variableName\":\"divider2\",\"dictParamList\":null,\"queryParamList\":[],\"tableColumnList\":[]},{\"widgetKind\":1,\"widgetType\":10,\"span\":12,\"placeholder\":\"\",\"id\":1632385921859,\"datasourceId\":\"1440952815374569472\",\"tableId\":\"1440952815294877696\",\"columnId\":\"1440952815315849216\",\"columnName\":\"contract_type\",\"showName\":\"合同类型\",\"variableName\":\"contractType\",\"readOnly\":true,\"dictParamList\":[],\"queryParamList\":[],\"tableColumnList\":[]},{\"widgetKind\":1,\"widgetType\":20,\"span\":12,\"placeholder\":\"\",\"type\":\"date\",\"format\":\"yyyy-MM-dd\",\"valueFormat\":\"yyyy-MM-dd\",\"readOnly\":true,\"disabled\":false,\"id\":1632385943091,\"datasourceId\":\"1440952815374569472\",\"tableId\":\"1440952815294877696\",\"columnId\":\"1440952815320043520\",\"columnName\":\"due_date\",\"showName\":\"到期日期\",\"variableName\":\"dueDate\",\"dictParamList\":null,\"queryParamList\":[],\"tableColumnList\":[]},{\"widgetKind\":1,\"widgetType\":31,\"span\":12,\"isImage\":false,\"fileFieldName\":\"uploadFile\",\"actionUrl\":\"/admin/flow/flowOnlineOperation/upload\",\"downloadUrl\":\"/admin/flow/flowOnlineOperation/download\",\"id\":1632385951296,\"datasourceId\":\"1440952815374569472\",\"tableId\":\"1440952815294877696\",\"columnId\":\"1440952815336820736\",\"columnName\":\"attachment\",\"showName\":\"合同附件\",\"variableName\":\"attachment\",\"dictParamList\":null,\"queryParamList\":[],\"tableColumnList\":[]},{\"widgetKind\":1,\"widgetType\":31,\"span\":12,\"isImage\":false,\"fileFieldName\":\"uploadFile\",\"actionUrl\":\"/admin/flow/flowOnlineOperation/upload\",\"downloadUrl\":\"/admin/flow/flowOnlineOperation/download\",\"id\":1632385954049,\"datasourceId\":\"1440952815374569472\",\"tableId\":\"1440952815294877696\",\"columnId\":\"1440952815341015040\",\"columnName\":\"security_attachment\",\"showName\":\"保密协议\",\"variableName\":\"securityAttachment\",\"dictParamList\":null,\"queryParamList\":[],\"tableColumnList\":[]},{\"widgetKind\":1,\"widgetType\":31,\"span\":12,\"isImage\":false,\"fileFieldName\":\"uploadFile\",\"actionUrl\":\"/admin/flow/flowOnlineOperation/upload\",\"downloadUrl\":\"/admin/flow/flowOnlineOperation/download\",\"id\":1632385954722,\"datasourceId\":\"1440952815374569472\",\"tableId\":\"1440952815294877696\",\"columnId\":\"1440952815345209344\",\"columnName\":\"intellectual_property_attachment\",\"showName\":\"知识产权协议\",\"variableName\":\"intellectualPropertyAttachment\",\"dictParamList\":null,\"queryParamList\":[],\"tableColumnList\":[]},{\"widgetKind\":1,\"widgetType\":31,\"span\":12,\"isImage\":false,\"fileFieldName\":\"uploadFile\",\"actionUrl\":\"/admin/flow/flowOnlineOperation/upload\",\"downloadUrl\":\"/admin/flow/flowOnlineOperation/download\",\"id\":1632385955926,\"datasourceId\":\"1440952815374569472\",\"tableId\":\"1440952815294877696\",\"columnId\":\"1440952815349403648\",\"columnName\":\"other_attachment\",\"showName\":\"其他附件\",\"variableName\":\"otherAttachment\",\"dictParamList\":null,\"queryParamList\":[],\"tableColumnList\":[]}]}', '[{\"autoIncrement\":false,\"columnComment\":\"主键Id\",\"columnId\":\"1440952815303266304\",\"columnName\":\"contract_id\",\"columnShowOrder\":1,\"columnType\":\"bigint\",\"createTime\":\"2021-09-23 16:14:57\",\"deptFilter\":false,\"filterType\":0,\"fullColumnType\":\"bigint(20)\",\"nullable\":false,\"objectFieldName\":\"contractId\",\"objectFieldType\":\"Long\",\"parentKey\":false,\"primaryKey\":true,\"tableId\":\"1440952815294877696\",\"updateTime\":\"2021-09-23 16:14:57\",\"userFilter\":false}]', '2021-09-23 16:32:45', '2021-09-23 16:23:39');
INSERT INTO `zz_online_form` VALUES (1440955127790833664, 1440952710487609344, 'formFlowContractPay', '付款详情', 5, 10, 1440952815294877696, '{\"formConfig\":{\"formKind\":5,\"formType\":10,\"gutter\":20,\"labelWidth\":100,\"labelPosition\":\"right\",\"width\":800,\"paramList\":[{\"columnName\":\"contract_id\",\"primaryKey\":true,\"slaveClumn\":false,\"builtin\":true}]},\"widgetList\":[{\"widgetKind\":1,\"widgetType\":10,\"span\":12,\"placeholder\":\"\",\"id\":1632385985050,\"datasourceId\":\"1440952815374569472\",\"tableId\":\"1440952815294877696\",\"columnId\":\"1440952815307460608\",\"columnName\":\"first_party_id\",\"showName\":\"甲方企业\",\"variableName\":\"firstPartyId\",\"queryParamList\":[],\"tableColumnList\":[],\"hasError\":false},{\"widgetKind\":1,\"widgetType\":10,\"span\":12,\"placeholder\":\"\",\"id\":1632385985722,\"datasourceId\":\"1440952815374569472\",\"tableId\":\"1440952815294877696\",\"columnId\":\"1440952815311654912\",\"columnName\":\"second_party_id\",\"showName\":\"乙方企业\",\"variableName\":\"secondPartyId\",\"queryParamList\":[],\"tableColumnList\":[],\"hasError\":false},{\"widgetKind\":1,\"widgetType\":10,\"span\":12,\"placeholder\":\"\",\"id\":1632385986562,\"datasourceId\":\"1440952815374569472\",\"tableId\":\"1440952815294877696\",\"columnId\":\"1440952815315849216\",\"columnName\":\"contract_type\",\"showName\":\"合同类型\",\"variableName\":\"contractType\",\"queryParamList\":[],\"tableColumnList\":[],\"hasError\":false},{\"widgetKind\":1,\"widgetType\":10,\"span\":12,\"placeholder\":\"\",\"id\":1632385987354,\"datasourceId\":\"1440952815374569472\",\"tableId\":\"1440952815294877696\",\"columnId\":\"1440952815324237824\",\"columnName\":\"sales_id\",\"showName\":\"业务员\",\"variableName\":\"salesId\",\"queryParamList\":[],\"tableColumnList\":[],\"hasError\":false},{\"widgetKind\":1,\"widgetType\":20,\"span\":12,\"placeholder\":\"\",\"type\":\"date\",\"format\":\"yyyy-MM-dd\",\"valueFormat\":\"yyyy-MM-dd\",\"readOnly\":false,\"disabled\":false,\"id\":1632385998420,\"datasourceId\":\"1440952815374569472\",\"tableId\":\"1440952815294877696\",\"columnId\":\"1440952815320043520\",\"columnName\":\"due_date\",\"showName\":\"到期日期\",\"variableName\":\"dueDate\",\"dictParamList\":null,\"queryParamList\":[],\"tableColumnList\":[],\"hasError\":false},{\"widgetKind\":2,\"widgetType\":100,\"span\":24,\"supportBottom\":0,\"tableInfo\":{\"paged\":true,\"optionColumnWidth\":150},\"titleColor\":\"#409EFF\",\"tableColumnList\":[{\"columnId\":\"1440953170535649280\",\"tableId\":\"1440953170514677760\",\"showName\":\"付款日期\",\"showOrder\":1,\"sortable\":false,\"relationId\":\"1440953170590175232\",\"dataFieldName\":null},{\"columnId\":\"1440953170539843584\",\"tableId\":\"1440953170514677760\",\"showName\":\"付款类型\",\"showOrder\":2,\"sortable\":false,\"relationId\":\"1440953170590175232\",\"dataFieldName\":null},{\"columnId\":\"1440953170548232192\",\"tableId\":\"1440953170514677760\",\"showName\":\"付款比例（%）\",\"showOrder\":3,\"sortable\":false,\"relationId\":\"1440953170590175232\",\"dataFieldName\":null},{\"columnId\":\"1440953170552426496\",\"tableId\":\"1440953170514677760\",\"showName\":\"备注\",\"showOrder\":4,\"sortable\":false,\"relationId\":\"1440953170590175232\",\"dataFieldName\":null}],\"operationList\":[{\"id\":1,\"type\":0,\"name\":\"新建\",\"enabled\":false,\"builtin\":true,\"rowOperation\":false,\"btnType\":\"primary\",\"plain\":false},{\"id\":2,\"type\":1,\"name\":\"编辑\",\"enabled\":false,\"builtin\":true,\"rowOperation\":true,\"btnClass\":\"table-btn success\"},{\"id\":3,\"type\":2,\"name\":\"删除\",\"enabled\":false,\"builtin\":true,\"rowOperation\":true,\"btnClass\":\"table-btn delete\"}],\"queryParamList\":[{\"tableId\":\"1440953170514677760\",\"columnId\":\"1440953170531454976\",\"paramValueType\":1,\"paramValue\":\"1440952815303266304\"}],\"id\":1632386005350,\"relationId\":\"1440953170590175232\",\"tableId\":\"1440953170514677760\",\"columnName\":\"contract_id_zz_test_flow_pay_detail_contract_idRelation\",\"showName\":\"付款详情\",\"variableName\":\"contract_id_zz_test_flow_pay_detail_contract_idRelation\",\"dictParamList\":null,\"hasError\":false}]}', '[{\"autoIncrement\":false,\"columnComment\":\"主键Id\",\"columnId\":\"1440952815303266304\",\"columnName\":\"contract_id\",\"columnShowOrder\":1,\"columnType\":\"bigint\",\"createTime\":\"2021-09-23 16:14:57\",\"deptFilter\":false,\"filterType\":0,\"fullColumnType\":\"bigint(20)\",\"nullable\":false,\"objectFieldName\":\"contractId\",\"objectFieldType\":\"Long\",\"parentKey\":false,\"primaryKey\":true,\"tableId\":\"1440952815294877696\",\"updateTime\":\"2021-09-23 16:14:57\",\"userFilter\":false}]', '2021-09-23 16:45:43', '2021-09-23 16:24:09');
INSERT INTO `zz_online_form` VALUES (1440955194991972352, 1440952710487609344, 'formFlowContractDetail', '合同详情', 5, 10, 1440952815294877696, '{\"formConfig\":{\"formKind\":5,\"formType\":10,\"gutter\":20,\"labelWidth\":100,\"labelPosition\":\"right\",\"width\":800,\"paramList\":[{\"columnName\":\"contract_id\",\"primaryKey\":true,\"slaveClumn\":false,\"builtin\":true}]},\"widgetList\":[{\"widgetKind\":1,\"widgetType\":10,\"span\":12,\"placeholder\":\"\",\"id\":1632386076617,\"datasourceId\":\"1440952815374569472\",\"tableId\":\"1440952815294877696\",\"columnId\":\"1440952815307460608\",\"columnName\":\"first_party_id\",\"showName\":\"甲方企业\",\"variableName\":\"firstPartyId\",\"queryParamList\":[],\"tableColumnList\":[],\"hasError\":false},{\"widgetKind\":1,\"widgetType\":10,\"span\":12,\"placeholder\":\"\",\"id\":1632386077249,\"datasourceId\":\"1440952815374569472\",\"tableId\":\"1440952815294877696\",\"columnId\":\"1440952815311654912\",\"columnName\":\"second_party_id\",\"showName\":\"乙方企业\",\"variableName\":\"secondPartyId\",\"queryParamList\":[],\"tableColumnList\":[],\"hasError\":false},{\"widgetKind\":1,\"widgetType\":10,\"span\":12,\"placeholder\":\"\",\"id\":1632386077906,\"datasourceId\":\"1440952815374569472\",\"tableId\":\"1440952815294877696\",\"columnId\":\"1440952815315849216\",\"columnName\":\"contract_type\",\"showName\":\"合同类型\",\"variableName\":\"contractType\",\"queryParamList\":[],\"tableColumnList\":[],\"hasError\":false},{\"widgetKind\":1,\"widgetType\":10,\"span\":12,\"placeholder\":\"\",\"id\":1632386078973,\"datasourceId\":\"1440952815374569472\",\"tableId\":\"1440952815294877696\",\"columnId\":\"1440952815324237824\",\"columnName\":\"sales_id\",\"showName\":\"业务员\",\"variableName\":\"salesId\",\"queryParamList\":[],\"tableColumnList\":[],\"hasError\":false},{\"widgetKind\":1,\"widgetType\":20,\"span\":12,\"placeholder\":\"\",\"type\":\"date\",\"format\":\"yyyy-MM-dd\",\"valueFormat\":\"yyyy-MM-dd\",\"readOnly\":false,\"disabled\":false,\"id\":1632386079478,\"datasourceId\":\"1440952815374569472\",\"tableId\":\"1440952815294877696\",\"columnId\":\"1440952815320043520\",\"columnName\":\"due_date\",\"showName\":\"到期日期\",\"variableName\":\"dueDate\",\"dictParamList\":null,\"queryParamList\":[],\"tableColumnList\":[],\"hasError\":false},{\"widgetKind\":2,\"widgetType\":100,\"span\":24,\"supportBottom\":0,\"tableInfo\":{\"paged\":true,\"optionColumnWidth\":150},\"titleColor\":\"#409EFF\",\"tableColumnList\":[{\"columnId\":\"1440953088922882048\",\"tableId\":\"1440953088901910528\",\"showName\":\"合同产品\",\"showOrder\":1,\"sortable\":false,\"relationId\":\"1440953088977408000\",\"dataFieldName\":null},{\"columnId\":\"1440953088927076352\",\"tableId\":\"1440953088901910528\",\"showName\":\"产品数量\",\"showOrder\":2,\"sortable\":false,\"relationId\":\"1440953088977408000\",\"dataFieldName\":null},{\"columnId\":\"1440953088935464960\",\"tableId\":\"1440953088901910528\",\"showName\":\"产品总价\",\"showOrder\":3,\"sortable\":false,\"relationId\":\"1440953088977408000\",\"dataFieldName\":null},{\"columnId\":\"1440953088939659264\",\"tableId\":\"1440953088901910528\",\"showName\":\"备注\",\"showOrder\":4,\"sortable\":false,\"relationId\":\"1440953088977408000\",\"dataFieldName\":null}],\"operationList\":[{\"id\":1,\"type\":0,\"name\":\"新建\",\"enabled\":false,\"builtin\":true,\"rowOperation\":false,\"btnType\":\"primary\",\"plain\":false},{\"id\":2,\"type\":1,\"name\":\"编辑\",\"enabled\":false,\"builtin\":true,\"rowOperation\":true,\"btnClass\":\"table-btn success\"},{\"id\":3,\"type\":2,\"name\":\"删除\",\"enabled\":false,\"builtin\":true,\"rowOperation\":true,\"btnClass\":\"table-btn delete\"}],\"queryParamList\":[{\"tableId\":\"1440953088901910528\",\"columnId\":\"1440953088918687744\",\"paramValueType\":1,\"paramValue\":\"1440952815303266304\"}],\"id\":1632386082967,\"relationId\":\"1440953088977408000\",\"tableId\":\"1440953088901910528\",\"columnName\":\"contract_id_zz_test_flow_contract_detail_contract_idRelation\",\"showName\":\"合同详情\",\"variableName\":\"contract_id_zz_test_flow_contract_detail_contract_idRelation\",\"dictParamList\":null,\"hasError\":false},{\"widgetKind\":2,\"widgetType\":100,\"span\":24,\"supportBottom\":0,\"tableInfo\":{\"paged\":true,\"optionColumnWidth\":150},\"titleColor\":\"#409EFF\",\"tableColumnList\":[{\"columnId\":\"1440953245684994048\",\"tableId\":\"1440953245664022528\",\"showName\":\"交付日期\",\"showOrder\":1,\"sortable\":false,\"relationId\":\"1440953245747908608\",\"dataFieldName\":null},{\"columnId\":\"1440953245697576960\",\"tableId\":\"1440953245664022528\",\"showName\":\"交付产品\",\"showOrder\":2,\"sortable\":false,\"relationId\":\"1440953245747908608\",\"dataFieldName\":null},{\"columnId\":\"1440953245705965568\",\"tableId\":\"1440953245664022528\",\"showName\":\"交付数量\",\"showOrder\":3,\"sortable\":false,\"relationId\":\"1440953245747908608\",\"dataFieldName\":null},{\"columnId\":\"1440953245718548480\",\"tableId\":\"1440953245664022528\",\"showName\":\"备注\",\"showOrder\":4,\"sortable\":false,\"relationId\":\"1440953245747908608\",\"dataFieldName\":null}],\"operationList\":[{\"id\":1,\"type\":0,\"name\":\"新建\",\"enabled\":false,\"builtin\":true,\"rowOperation\":false,\"btnType\":\"primary\",\"plain\":false},{\"id\":2,\"type\":1,\"name\":\"编辑\",\"enabled\":false,\"builtin\":true,\"rowOperation\":true,\"btnClass\":\"table-btn success\"},{\"id\":3,\"type\":2,\"name\":\"删除\",\"enabled\":false,\"builtin\":true,\"rowOperation\":true,\"btnClass\":\"table-btn delete\"}],\"queryParamList\":[{\"tableId\":\"1440953245664022528\",\"columnId\":\"1440953245676605440\",\"paramValueType\":1,\"paramValue\":\"1440952815303266304\"}],\"id\":1632386085719,\"relationId\":\"1440953245747908608\",\"tableId\":\"1440953245664022528\",\"columnName\":\"contract_id_zz_test_flow_delivery_detail_contract_idRelation\",\"showName\":\"交付详情\",\"variableName\":\"contract_id_zz_test_flow_delivery_detail_contract_idRelation\",\"dictParamList\":null,\"hasError\":false}]}', '[{\"autoIncrement\":false,\"columnComment\":\"主键Id\",\"columnId\":\"1440952815303266304\",\"columnName\":\"contract_id\",\"columnShowOrder\":1,\"columnType\":\"bigint\",\"createTime\":\"2021-09-23 16:14:57\",\"deptFilter\":false,\"filterType\":0,\"fullColumnType\":\"bigint(20)\",\"nullable\":false,\"objectFieldName\":\"contractId\",\"objectFieldType\":\"Long\",\"parentKey\":false,\"primaryKey\":true,\"tableId\":\"1440952815294877696\",\"updateTime\":\"2021-09-23 16:14:57\",\"userFilter\":false}]', '2021-09-23 16:46:06', '2021-09-23 16:24:25');
INSERT INTO `zz_online_form` VALUES (1440955295755931648, 1440952710487609344, 'formEditProduct', '编辑商品信息', 1, 5, 1440953088901910528, '{\"formConfig\":{\"formKind\":1,\"formType\":5,\"gutter\":20,\"labelWidth\":100,\"labelPosition\":\"right\",\"width\":800,\"paramList\":[{\"columnName\":\"contract_detail_id\",\"primaryKey\":true,\"slaveClumn\":false,\"builtin\":true}]},\"widgetList\":[{\"widgetKind\":1,\"widgetType\":10,\"span\":24,\"placeholder\":\"\",\"id\":1632386167477,\"datasourceId\":\"1440952815374569472\",\"relationId\":\"1440953088977408000\",\"tableId\":\"1440953088901910528\",\"columnId\":\"1440953088922882048\",\"columnName\":\"product_id\",\"showName\":\"合同产品\",\"variableName\":\"productId\",\"dictParamList\":[],\"queryParamList\":[],\"tableColumnList\":[],\"hasError\":false},{\"widgetKind\":1,\"widgetType\":3,\"span\":24,\"defaultValue\":0,\"min\":0,\"step\":1,\"precision\":0,\"controlVisible\":1,\"controlPosition\":0,\"readOnly\":false,\"disabled\":false,\"id\":1632386168097,\"datasourceId\":\"1440952815374569472\",\"relationId\":\"1440953088977408000\",\"tableId\":\"1440953088901910528\",\"columnId\":\"1440953088927076352\",\"columnName\":\"total_count\",\"showName\":\"产品数量\",\"variableName\":\"totalCount\",\"dictParamList\":null,\"queryParamList\":[],\"tableColumnList\":[],\"hasError\":false},{\"widgetKind\":1,\"widgetType\":3,\"span\":24,\"defaultValue\":0,\"min\":0,\"step\":1,\"precision\":2,\"controlVisible\":1,\"controlPosition\":0,\"readOnly\":false,\"disabled\":false,\"id\":1632386168937,\"datasourceId\":\"1440952815374569472\",\"relationId\":\"1440953088977408000\",\"tableId\":\"1440953088901910528\",\"columnId\":\"1440953088935464960\",\"columnName\":\"total_amount\",\"showName\":\"产品总价\",\"variableName\":\"totalAmount\",\"dictParamList\":null,\"queryParamList\":[],\"tableColumnList\":[],\"hasError\":false},{\"widgetKind\":1,\"widgetType\":1,\"span\":24,\"type\":\"textarea\",\"placeholder\":\"\",\"defaultValue\":\"\",\"minRows\":2,\"maxRows\":4,\"readOnly\":false,\"disabled\":false,\"id\":1632386170038,\"datasourceId\":\"1440952815374569472\",\"relationId\":\"1440953088977408000\",\"tableId\":\"1440953088901910528\",\"columnId\":\"1440953088939659264\",\"columnName\":\"meno\",\"showName\":\"备注\",\"variableName\":\"meno\",\"dictParamList\":null,\"queryParamList\":[],\"tableColumnList\":[],\"hasError\":false}]}', '[{\"autoIncrement\":false,\"columnComment\":\"主键Id\",\"columnId\":\"1440953088910299136\",\"columnName\":\"contract_detail_id\",\"columnShowOrder\":1,\"columnType\":\"bigint\",\"createTime\":\"2021-09-23 16:16:03\",\"deptFilter\":false,\"filterType\":0,\"fullColumnType\":\"bigint(20)\",\"nullable\":false,\"objectFieldName\":\"contractDetailId\",\"objectFieldType\":\"Long\",\"parentKey\":false,\"primaryKey\":true,\"tableId\":\"1440953088901910528\",\"updateTime\":\"2021-09-23 16:16:03\",\"userFilter\":false}]', '2021-09-23 16:40:38', '2021-09-23 16:24:49');
INSERT INTO `zz_online_form` VALUES (1440955361006718976, 1440952710487609344, 'formEditPay', '编辑付款信息', 1, 5, 1440953170514677760, '{\"formConfig\":{\"formKind\":1,\"formType\":5,\"gutter\":20,\"labelWidth\":100,\"labelPosition\":\"right\",\"width\":800,\"paramList\":[{\"columnName\":\"pay_detail_id\",\"primaryKey\":true,\"slaveClumn\":false,\"builtin\":true}]},\"widgetList\":[{\"widgetKind\":1,\"widgetType\":10,\"span\":24,\"placeholder\":\"\",\"id\":1632386206508,\"datasourceId\":\"1440952815374569472\",\"relationId\":\"1440953170590175232\",\"tableId\":\"1440953170514677760\",\"columnId\":\"1440953170539843584\",\"columnName\":\"pay_type\",\"showName\":\"付款类型\",\"variableName\":\"payType\",\"dictParamList\":[],\"queryParamList\":[],\"tableColumnList\":[],\"hasError\":false},{\"widgetKind\":1,\"widgetType\":20,\"span\":24,\"placeholder\":\"\",\"type\":\"date\",\"format\":\"yyyy-MM-dd\",\"valueFormat\":\"yyyy-MM-dd\",\"readOnly\":false,\"disabled\":false,\"id\":1632386207312,\"datasourceId\":\"1440952815374569472\",\"relationId\":\"1440953170590175232\",\"tableId\":\"1440953170514677760\",\"columnId\":\"1440953170535649280\",\"columnName\":\"pay_date\",\"showName\":\"付款日期\",\"variableName\":\"payDate\",\"dictParamList\":null,\"queryParamList\":[],\"tableColumnList\":[],\"hasError\":false},{\"widgetKind\":1,\"widgetType\":3,\"span\":24,\"defaultValue\":0,\"min\":0,\"max\":100,\"step\":1,\"precision\":2,\"controlVisible\":1,\"controlPosition\":0,\"readOnly\":false,\"disabled\":false,\"id\":1632386208455,\"datasourceId\":\"1440952815374569472\",\"relationId\":\"1440953170590175232\",\"tableId\":\"1440953170514677760\",\"columnId\":\"1440953170548232192\",\"columnName\":\"percentage\",\"showName\":\"百分比\",\"variableName\":\"percentage\",\"dictParamList\":null,\"queryParamList\":[],\"tableColumnList\":[],\"hasError\":false},{\"widgetKind\":1,\"widgetType\":1,\"span\":24,\"type\":\"textarea\",\"placeholder\":\"\",\"defaultValue\":\"\",\"minRows\":2,\"maxRows\":2,\"readOnly\":false,\"disabled\":false,\"id\":1632386209209,\"datasourceId\":\"1440952815374569472\",\"relationId\":\"1440953170590175232\",\"tableId\":\"1440953170514677760\",\"columnId\":\"1440953170552426496\",\"columnName\":\"memo\",\"showName\":\"备注\",\"variableName\":\"memo\",\"dictParamList\":null,\"queryParamList\":[],\"tableColumnList\":[],\"hasError\":false}]}', '[{\"autoIncrement\":false,\"columnComment\":\"主键Id\",\"columnId\":\"1440953170518872064\",\"columnName\":\"pay_detail_id\",\"columnShowOrder\":1,\"columnType\":\"bigint\",\"createTime\":\"2021-09-23 16:16:22\",\"deptFilter\":false,\"filterType\":0,\"fullColumnType\":\"bigint(20)\",\"nullable\":false,\"objectFieldName\":\"payDetailId\",\"objectFieldType\":\"Long\",\"parentKey\":false,\"primaryKey\":true,\"tableId\":\"1440953170514677760\",\"updateTime\":\"2021-09-23 16:16:22\",\"userFilter\":false}]', '2021-09-23 16:40:43', '2021-09-23 16:25:04');
INSERT INTO `zz_online_form` VALUES (1440955424638504960, 1440952710487609344, 'formEditDelivery', '编辑交付信息', 1, 5, 1440953245664022528, '{\"formConfig\":{\"formKind\":1,\"formType\":5,\"gutter\":20,\"labelWidth\":100,\"labelPosition\":\"right\",\"width\":800,\"paramList\":[{\"columnName\":\"delivery_id\",\"primaryKey\":true,\"slaveClumn\":false,\"builtin\":true}]},\"widgetList\":[{\"widgetKind\":1,\"widgetType\":20,\"span\":24,\"placeholder\":\"\",\"type\":\"date\",\"format\":\"yyyy-MM-dd\",\"valueFormat\":\"yyyy-MM-dd\",\"readOnly\":false,\"disabled\":false,\"id\":1632386237515,\"datasourceId\":\"1440952815374569472\",\"relationId\":\"1440953245747908608\",\"tableId\":\"1440953245664022528\",\"columnId\":\"1440953245684994048\",\"columnName\":\"delivery_date\",\"showName\":\"交付日期\",\"variableName\":\"deliveryDate\",\"dictParamList\":null,\"queryParamList\":[],\"tableColumnList\":[],\"hasError\":false},{\"widgetKind\":1,\"widgetType\":10,\"span\":24,\"placeholder\":\"\",\"id\":1632386238087,\"datasourceId\":\"1440952815374569472\",\"relationId\":\"1440953245747908608\",\"tableId\":\"1440953245664022528\",\"columnId\":\"1440953245697576960\",\"columnName\":\"product_id\",\"showName\":\"交付产品\",\"variableName\":\"productId\",\"dictParamList\":[],\"queryParamList\":[],\"tableColumnList\":[],\"hasError\":false},{\"widgetKind\":1,\"widgetType\":3,\"span\":24,\"defaultValue\":0,\"min\":0,\"step\":1,\"precision\":0,\"controlVisible\":1,\"controlPosition\":0,\"readOnly\":false,\"disabled\":false,\"id\":1632386238799,\"datasourceId\":\"1440952815374569472\",\"relationId\":\"1440953245747908608\",\"tableId\":\"1440953245664022528\",\"columnId\":\"1440953245705965568\",\"columnName\":\"total_count\",\"showName\":\"交付数量\",\"variableName\":\"totalCount\",\"dictParamList\":null,\"queryParamList\":[],\"tableColumnList\":[],\"hasError\":false},{\"widgetKind\":1,\"widgetType\":1,\"span\":24,\"type\":\"textarea\",\"placeholder\":\"\",\"defaultValue\":\"\",\"minRows\":2,\"maxRows\":4,\"readOnly\":false,\"disabled\":false,\"id\":1632386239345,\"datasourceId\":\"1440952815374569472\",\"relationId\":\"1440953245747908608\",\"tableId\":\"1440953245664022528\",\"columnId\":\"1440953245718548480\",\"columnName\":\"memo\",\"showName\":\"备注\",\"variableName\":\"memo\",\"dictParamList\":null,\"queryParamList\":[],\"tableColumnList\":[],\"hasError\":false}]}', '[{\"autoIncrement\":false,\"columnComment\":\"主键Id\",\"columnId\":\"1440953245668216832\",\"columnName\":\"delivery_id\",\"columnShowOrder\":1,\"columnType\":\"bigint\",\"createTime\":\"2021-09-23 16:16:40\",\"deptFilter\":false,\"filterType\":0,\"fullColumnType\":\"bigint(20)\",\"nullable\":false,\"objectFieldName\":\"deliveryId\",\"objectFieldType\":\"Long\",\"parentKey\":false,\"primaryKey\":true,\"tableId\":\"1440953245664022528\",\"updateTime\":\"2021-09-23 16:16:40\",\"userFilter\":false}]', '2021-09-23 16:40:49', '2021-09-23 16:25:20');
INSERT INTO `zz_online_form` VALUES (1440955483438452736, 1440952710487609344, 'formOrderContract', '合同工单', 5, 11, 1440952815294877696, '{\"formConfig\":{\"formKind\":5,\"formType\":11,\"gutter\":20,\"labelWidth\":100,\"labelPosition\":\"right\",\"width\":800,\"paramList\":[{\"columnName\":\"contract_id\",\"primaryKey\":true,\"slaveClumn\":false,\"builtin\":true}],\"tableWidget\":{\"widgetKind\":2,\"widgetType\":100,\"span\":24,\"supportBottom\":0,\"tableInfo\":{\"paged\":true,\"optionColumnWidth\":150},\"titleColor\":\"#409EFF\",\"tableColumnList\":[{\"columnId\":\"1440952815307460608\",\"tableId\":\"1440952815294877696\",\"showName\":\"甲方企业\",\"showOrder\":1,\"sortable\":false},{\"columnId\":\"1440952815311654912\",\"tableId\":\"1440952815294877696\",\"showName\":\"乙方企业\",\"showOrder\":2,\"sortable\":false},{\"columnId\":\"1440952815315849216\",\"tableId\":\"1440952815294877696\",\"showName\":\"合同类型\",\"showOrder\":3,\"sortable\":false},{\"columnId\":\"1440952815320043520\",\"tableId\":\"1440952815294877696\",\"showName\":\"到期日期\",\"showOrder\":4,\"sortable\":false},{\"columnId\":\"1440952815324237824\",\"tableId\":\"1440952815294877696\",\"showName\":\"业务员\",\"showOrder\":5,\"sortable\":false}],\"operationList\":[],\"queryParamList\":[],\"tableId\":\"1440952815294877696\",\"variableName\":\"formOrderContract\",\"showName\":\"合同工单\",\"hasError\":false,\"datasourceId\":\"1440952815374569472\"}},\"widgetList\":[]}', '[{\"autoIncrement\":false,\"columnComment\":\"主键Id\",\"columnId\":\"1440952815303266304\",\"columnName\":\"contract_id\",\"columnShowOrder\":1,\"columnType\":\"bigint\",\"createTime\":\"2021-09-23 16:14:57\",\"deptFilter\":false,\"filterType\":0,\"fullColumnType\":\"bigint(20)\",\"nullable\":false,\"objectFieldName\":\"contractId\",\"objectFieldType\":\"Long\",\"parentKey\":false,\"primaryKey\":true,\"tableId\":\"1440952815294877696\",\"updateTime\":\"2021-09-23 16:14:57\",\"userFilter\":false}]', '2021-09-23 16:38:33', '2021-09-23 16:25:34');
INSERT INTO `zz_online_form` VALUES (1440959226632474624, 1440958861153406976, 'formFirstParty', '甲方企业管理', 5, 1, 1440958971128057856, '{\"formConfig\":{\"formKind\":5,\"formType\":1,\"gutter\":20,\"labelWidth\":100,\"labelPosition\":\"right\",\"width\":800,\"paramList\":[],\"tableWidget\":{\"widgetKind\":2,\"widgetType\":100,\"span\":24,\"supportBottom\":0,\"tableInfo\":{\"paged\":true,\"optionColumnWidth\":150},\"titleColor\":\"#409EFF\",\"tableColumnList\":[{\"columnId\":\"1440958971140640768\",\"tableId\":\"1440958971128057856\",\"showName\":\"公司名称\",\"showOrder\":1,\"sortable\":false},{\"columnId\":\"1440958971144835072\",\"tableId\":\"1440958971128057856\",\"showName\":\"公司法人\",\"showOrder\":2,\"sortable\":false},{\"columnId\":\"1440958971157417984\",\"tableId\":\"1440958971128057856\",\"showName\":\"联系方式\",\"showOrder\":3,\"sortable\":false},{\"columnId\":\"1440958971153223680\",\"tableId\":\"1440958971128057856\",\"showName\":\"注册地址\",\"showOrder\":4,\"sortable\":false}],\"operationList\":[{\"id\":1,\"type\":0,\"name\":\"新建\",\"enabled\":true,\"builtin\":true,\"rowOperation\":false,\"btnType\":\"primary\",\"plain\":false,\"formId\":\"1440959420396736512\"},{\"id\":2,\"type\":1,\"name\":\"编辑\",\"enabled\":true,\"builtin\":true,\"rowOperation\":true,\"btnClass\":\"table-btn success\",\"formId\":\"1440959420396736512\"},{\"id\":3,\"type\":2,\"name\":\"删除\",\"enabled\":true,\"builtin\":true,\"rowOperation\":true,\"btnClass\":\"table-btn delete\"}],\"queryParamList\":[],\"tableId\":\"1440958971128057856\",\"variableName\":\"formFirstParty\",\"showName\":\"甲方企业管理\",\"datasourceId\":\"1440958971190972416\",\"hasError\":false}},\"widgetList\":[{\"widgetKind\":0,\"widgetType\":1,\"span\":12,\"type\":\"text\",\"placeholder\":\"\",\"defaultValue\":\"\",\"minRows\":2,\"maxRows\":2,\"readOnly\":false,\"disabled\":false,\"id\":1632386494962,\"datasourceId\":\"1440958971190972416\",\"tableId\":\"1440958971128057856\",\"columnId\":\"1440958971140640768\",\"columnName\":\"company_name\",\"showName\":\"公司名称\",\"variableName\":\"companyName\",\"dictParamList\":null,\"queryParamList\":[],\"tableColumnList\":[]}]}', '[{\"autoIncrement\":false,\"columnComment\":\"公司名称\",\"columnId\":\"1440958971140640768\",\"columnName\":\"company_name\",\"columnShowOrder\":2,\"columnType\":\"varchar\",\"createTime\":\"2021-09-23 16:39:25\",\"deptFilter\":false,\"filterType\":3,\"fullColumnType\":\"varchar(255)\",\"nullable\":false,\"objectFieldName\":\"companyName\",\"objectFieldType\":\"String\",\"parentKey\":false,\"primaryKey\":false,\"tableId\":\"1440958971128057856\",\"updateTime\":\"2021-09-23 16:41:25\",\"userFilter\":false}]', '2021-09-23 16:42:32', '2021-09-23 16:40:26');
INSERT INTO `zz_online_form` VALUES (1440959420396736512, 1440958861153406976, 'formViewFirstParty', '编辑甲方企业', 1, 5, 1440958971128057856, '{\"formConfig\":{\"formKind\":1,\"formType\":5,\"gutter\":20,\"labelWidth\":120,\"labelPosition\":\"right\",\"width\":800,\"paramList\":[{\"columnName\":\"first_party_id\",\"primaryKey\":true,\"slaveClumn\":false,\"builtin\":true}]},\"widgetList\":[{\"widgetKind\":1,\"widgetType\":1,\"span\":12,\"type\":\"text\",\"placeholder\":\"\",\"defaultValue\":\"\",\"minRows\":2,\"maxRows\":2,\"readOnly\":false,\"disabled\":false,\"id\":1632386807099,\"datasourceId\":\"1440958971190972416\",\"tableId\":\"1440958971128057856\",\"columnId\":\"1440958971140640768\",\"columnName\":\"company_name\",\"showName\":\"公司名称\",\"variableName\":\"companyName\",\"dictParamList\":null,\"queryParamList\":[],\"tableColumnList\":[]},{\"widgetKind\":1,\"widgetType\":1,\"span\":12,\"type\":\"text\",\"placeholder\":\"\",\"defaultValue\":\"\",\"minRows\":2,\"maxRows\":2,\"readOnly\":false,\"disabled\":false,\"id\":1632386808030,\"datasourceId\":\"1440958971190972416\",\"tableId\":\"1440958971128057856\",\"columnId\":\"1440958971144835072\",\"columnName\":\"legal_person\",\"showName\":\"公司法人\",\"variableName\":\"legalPerson\",\"dictParamList\":null,\"queryParamList\":[],\"tableColumnList\":[]},{\"widgetKind\":1,\"widgetType\":1,\"span\":12,\"type\":\"text\",\"placeholder\":\"\",\"defaultValue\":\"\",\"minRows\":2,\"maxRows\":2,\"readOnly\":false,\"disabled\":false,\"id\":1632386809518,\"datasourceId\":\"1440958971190972416\",\"tableId\":\"1440958971128057856\",\"columnId\":\"1440958971149029376\",\"columnName\":\"legal_person_id\",\"showName\":\"法人身份证号\",\"variableName\":\"legalPersonId\",\"dictParamList\":null,\"queryParamList\":[],\"tableColumnList\":[]},{\"widgetKind\":1,\"widgetType\":1,\"span\":12,\"type\":\"text\",\"placeholder\":\"\",\"defaultValue\":\"\",\"minRows\":2,\"maxRows\":2,\"readOnly\":false,\"disabled\":false,\"id\":1632386811364,\"datasourceId\":\"1440958971190972416\",\"tableId\":\"1440958971128057856\",\"columnId\":\"1440958971157417984\",\"columnName\":\"contact_info\",\"showName\":\"联系方式\",\"variableName\":\"contactInfo\",\"dictParamList\":null,\"queryParamList\":[],\"tableColumnList\":[]},{\"widgetKind\":1,\"widgetType\":1,\"span\":24,\"type\":\"text\",\"placeholder\":\"\",\"defaultValue\":\"\",\"minRows\":2,\"maxRows\":2,\"readOnly\":false,\"disabled\":false,\"id\":1632386814864,\"datasourceId\":\"1440958971190972416\",\"tableId\":\"1440958971128057856\",\"columnId\":\"1440958971153223680\",\"columnName\":\"registry_address\",\"showName\":\"注册地址\",\"variableName\":\"registryAddress\",\"dictParamList\":null,\"queryParamList\":[],\"tableColumnList\":[]},{\"widgetKind\":1,\"widgetType\":1,\"span\":24,\"type\":\"textarea\",\"placeholder\":\"\",\"defaultValue\":\"\",\"minRows\":2,\"maxRows\":2,\"readOnly\":false,\"disabled\":false,\"id\":1632386817801,\"datasourceId\":\"1440958971190972416\",\"tableId\":\"1440958971128057856\",\"columnId\":\"1440958971161612288\",\"columnName\":\"business_scope\",\"showName\":\"经营范围\",\"variableName\":\"businessScope\",\"dictParamList\":null,\"queryParamList\":[],\"tableColumnList\":[]},{\"widgetKind\":1,\"widgetType\":1,\"span\":24,\"type\":\"textarea\",\"placeholder\":\"\",\"defaultValue\":\"\",\"minRows\":2,\"maxRows\":2,\"readOnly\":false,\"disabled\":false,\"id\":1632386819192,\"datasourceId\":\"1440958971190972416\",\"tableId\":\"1440958971128057856\",\"columnId\":\"1440958971165806592\",\"columnName\":\"memo\",\"showName\":\"备注\",\"variableName\":\"memo\",\"dictParamList\":null,\"queryParamList\":[],\"tableColumnList\":[]}]}', '[{\"autoIncrement\":false,\"columnComment\":\"主键Id\",\"columnId\":\"1440958971132252160\",\"columnName\":\"first_party_id\",\"columnShowOrder\":1,\"columnType\":\"bigint\",\"createTime\":\"2021-09-23 16:39:25\",\"deptFilter\":false,\"filterType\":0,\"fullColumnType\":\"bigint(20)\",\"nullable\":false,\"objectFieldName\":\"firstPartyId\",\"objectFieldType\":\"Long\",\"parentKey\":false,\"primaryKey\":true,\"tableId\":\"1440958971128057856\",\"updateTime\":\"2021-09-23 16:39:25\",\"userFilter\":false}]', '2021-09-23 16:47:25', '2021-09-23 16:41:12');
INSERT INTO `zz_online_form` VALUES (1440961456601305088, 1440961119001776128, 'formSecondParty', '乙方管理', 5, 1, 1440961208273342464, '{\"formConfig\":{\"formKind\":5,\"formType\":1,\"gutter\":20,\"labelWidth\":100,\"labelPosition\":\"right\",\"width\":800,\"paramList\":[],\"tableWidget\":{\"widgetKind\":2,\"widgetType\":100,\"span\":24,\"supportBottom\":0,\"tableInfo\":{\"paged\":true,\"optionColumnWidth\":150},\"titleColor\":\"#409EFF\",\"tableColumnList\":[{\"columnId\":\"1440961208294313984\",\"tableId\":\"1440961208273342464\",\"showName\":\"公司名称\",\"showOrder\":1,\"sortable\":false,\"dataFieldName\":\"company_name\"},{\"columnId\":\"1440961208298508288\",\"tableId\":\"1440961208273342464\",\"showName\":\"公司法人\",\"showOrder\":2,\"sortable\":false,\"dataFieldName\":\"legal_person\"},{\"columnId\":\"1440961208315285504\",\"tableId\":\"1440961208273342464\",\"showName\":\"联系方式\",\"showOrder\":3,\"sortable\":false,\"dataFieldName\":\"contact_info\"},{\"columnId\":\"1440961208306896896\",\"tableId\":\"1440961208273342464\",\"showName\":\"注册地址\",\"showOrder\":4,\"sortable\":false,\"dataFieldName\":\"registry_address\"}],\"operationList\":[{\"id\":1,\"type\":0,\"name\":\"新建\",\"enabled\":true,\"builtin\":true,\"rowOperation\":false,\"btnType\":\"primary\",\"plain\":false,\"formId\":\"1440961779596267520\"},{\"id\":2,\"type\":1,\"name\":\"编辑\",\"enabled\":true,\"builtin\":true,\"rowOperation\":true,\"btnClass\":\"table-btn success\",\"formId\":\"1440961779596267520\"},{\"id\":3,\"type\":2,\"name\":\"删除\",\"enabled\":true,\"builtin\":true,\"rowOperation\":true,\"btnClass\":\"table-btn delete\"}],\"queryParamList\":[],\"tableId\":\"1440961208273342464\",\"variableName\":\"formSecondParty\",\"showName\":\"乙方管理\",\"datasourceId\":\"1440961208344645633\",\"hasError\":false}},\"widgetList\":[{\"widgetKind\":0,\"widgetType\":1,\"span\":12,\"type\":\"text\",\"placeholder\":\"\",\"defaultValue\":\"\",\"minRows\":2,\"maxRows\":2,\"readOnly\":false,\"disabled\":false,\"id\":1632386975051,\"datasourceId\":\"1440961208344645633\",\"tableId\":\"1440961208273342464\",\"columnId\":\"1440961208294313984\",\"columnName\":\"company_name\",\"showName\":\"公司名称\",\"variableName\":\"companyName\",\"dictParamList\":null,\"queryParamList\":[],\"tableColumnList\":[],\"hasError\":false}]}', '[{\"autoIncrement\":false,\"columnComment\":\"公司名称\",\"columnId\":\"1440961208294313984\",\"columnName\":\"company_name\",\"columnShowOrder\":2,\"columnType\":\"varchar\",\"createTime\":\"2021-09-23 16:48:18\",\"deptFilter\":false,\"filterType\":3,\"fullColumnType\":\"varchar(255)\",\"nullable\":false,\"objectFieldName\":\"companyName\",\"objectFieldType\":\"String\",\"parentKey\":false,\"primaryKey\":false,\"tableId\":\"1440961208273342464\",\"updateTime\":\"2021-09-23 16:48:23\",\"userFilter\":false}]', '2021-09-23 16:50:51', '2021-09-23 16:49:18');
INSERT INTO `zz_online_form` VALUES (1440961779596267520, 1440961119001776128, 'formViewSecondParty', '编辑乙方信息', 1, 5, 1440961208273342464, '{\"formConfig\":{\"formKind\":1,\"formType\":5,\"gutter\":20,\"labelWidth\":120,\"labelPosition\":\"right\",\"width\":800,\"paramList\":[{\"columnName\":\"second_party_id\",\"primaryKey\":true,\"slaveClumn\":false,\"builtin\":true}]},\"widgetList\":[{\"widgetKind\":1,\"widgetType\":1,\"span\":12,\"type\":\"text\",\"placeholder\":\"\",\"defaultValue\":\"\",\"minRows\":2,\"maxRows\":2,\"readOnly\":false,\"disabled\":false,\"id\":1632387055657,\"datasourceId\":\"1440961208344645633\",\"tableId\":\"1440961208273342464\",\"columnId\":\"1440961208294313984\",\"columnName\":\"company_name\",\"showName\":\"公司名称\",\"variableName\":\"companyName\",\"dictParamList\":null,\"queryParamList\":[],\"tableColumnList\":[]},{\"widgetKind\":1,\"widgetType\":1,\"span\":12,\"type\":\"text\",\"placeholder\":\"\",\"defaultValue\":\"\",\"minRows\":2,\"maxRows\":2,\"readOnly\":false,\"disabled\":false,\"id\":1632387056269,\"datasourceId\":\"1440961208344645633\",\"tableId\":\"1440961208273342464\",\"columnId\":\"1440961208298508288\",\"columnName\":\"legal_person\",\"showName\":\"公司法人\",\"variableName\":\"legalPerson\",\"dictParamList\":null,\"queryParamList\":[],\"tableColumnList\":[]},{\"widgetKind\":1,\"widgetType\":1,\"span\":12,\"type\":\"text\",\"placeholder\":\"\",\"defaultValue\":\"\",\"minRows\":2,\"maxRows\":2,\"readOnly\":false,\"disabled\":false,\"id\":1632387056789,\"datasourceId\":\"1440961208344645633\",\"tableId\":\"1440961208273342464\",\"columnId\":\"1440961208302702592\",\"columnName\":\"legal_person_id\",\"showName\":\"法人身份证号\",\"variableName\":\"legalPersonId\",\"dictParamList\":null,\"queryParamList\":[],\"tableColumnList\":[]},{\"widgetKind\":1,\"widgetType\":1,\"span\":12,\"type\":\"text\",\"placeholder\":\"\",\"defaultValue\":\"\",\"minRows\":2,\"maxRows\":2,\"readOnly\":false,\"disabled\":false,\"id\":1632387059360,\"datasourceId\":\"1440961208344645633\",\"tableId\":\"1440961208273342464\",\"columnId\":\"1440961208315285504\",\"columnName\":\"contact_info\",\"showName\":\"联系方式\",\"variableName\":\"contactInfo\",\"dictParamList\":null,\"queryParamList\":[],\"tableColumnList\":[]},{\"widgetKind\":1,\"widgetType\":1,\"span\":24,\"type\":\"text\",\"placeholder\":\"\",\"defaultValue\":\"\",\"minRows\":2,\"maxRows\":2,\"readOnly\":false,\"disabled\":false,\"id\":1632387060899,\"datasourceId\":\"1440961208344645633\",\"tableId\":\"1440961208273342464\",\"columnId\":\"1440961208306896896\",\"columnName\":\"registry_address\",\"showName\":\"注册地址\",\"variableName\":\"registryAddress\",\"dictParamList\":null,\"queryParamList\":[],\"tableColumnList\":[]},{\"widgetKind\":1,\"widgetType\":1,\"span\":24,\"type\":\"textarea\",\"placeholder\":\"\",\"defaultValue\":\"\",\"minRows\":2,\"maxRows\":4,\"readOnly\":false,\"disabled\":false,\"id\":1632387061874,\"datasourceId\":\"1440961208344645633\",\"tableId\":\"1440961208273342464\",\"columnId\":\"1440961208319479808\",\"columnName\":\"business_scope\",\"showName\":\"经营范围\",\"variableName\":\"businessScope\",\"dictParamList\":null,\"queryParamList\":[],\"tableColumnList\":[]},{\"widgetKind\":1,\"widgetType\":1,\"span\":24,\"type\":\"textarea\",\"placeholder\":\"\",\"defaultValue\":\"\",\"minRows\":2,\"maxRows\":4,\"readOnly\":false,\"disabled\":false,\"id\":1632387062646,\"datasourceId\":\"1440961208344645633\",\"tableId\":\"1440961208273342464\",\"columnId\":\"1440961208323674112\",\"columnName\":\"memo\",\"showName\":\"备注\",\"variableName\":\"memo\",\"dictParamList\":null,\"queryParamList\":[],\"tableColumnList\":[]}]}', '[{\"autoIncrement\":false,\"columnComment\":\"主键Id\",\"columnId\":\"1440961208285925376\",\"columnName\":\"second_party_id\",\"columnShowOrder\":1,\"columnType\":\"bigint\",\"createTime\":\"2021-09-23 16:48:18\",\"deptFilter\":false,\"filterType\":0,\"fullColumnType\":\"bigint(20)\",\"nullable\":false,\"objectFieldName\":\"secondPartyId\",\"objectFieldType\":\"Long\",\"parentKey\":false,\"primaryKey\":true,\"tableId\":\"1440961208273342464\",\"updateTime\":\"2021-09-23 16:48:18\",\"userFilter\":false}]', '2021-09-23 16:51:20', '2021-09-23 16:50:35');
INSERT INTO `zz_online_form` VALUES (1440962496864194560, 1440962061336055808, 'formProduct', '产品管理', 5, 1, 1440962162712383488, '{\"formConfig\":{\"formKind\":5,\"formType\":1,\"gutter\":20,\"labelWidth\":100,\"labelPosition\":\"right\",\"width\":800,\"paramList\":[],\"tableWidget\":{\"widgetKind\":2,\"widgetType\":100,\"span\":24,\"supportBottom\":0,\"tableInfo\":{\"paged\":true,\"optionColumnWidth\":150},\"titleColor\":\"#409EFF\",\"tableColumnList\":[{\"columnId\":\"1440962162729160704\",\"tableId\":\"1440962162712383488\",\"showName\":\"产品名称\",\"showOrder\":1,\"sortable\":false},{\"columnId\":\"1440962162733355008\",\"tableId\":\"1440962162712383488\",\"showName\":\"规格\",\"showOrder\":2,\"sortable\":false},{\"columnId\":\"1440962162741743616\",\"tableId\":\"1440962162712383488\",\"showName\":\"产品价格\",\"showOrder\":3,\"sortable\":false},{\"columnId\":\"1440962162745937920\",\"tableId\":\"1440962162712383488\",\"showName\":\"备注\",\"showOrder\":4,\"sortable\":false}],\"operationList\":[{\"id\":1,\"type\":0,\"name\":\"新建\",\"enabled\":true,\"builtin\":true,\"rowOperation\":false,\"btnType\":\"primary\",\"plain\":false,\"formId\":\"1440962547132928000\"},{\"id\":2,\"type\":1,\"name\":\"编辑\",\"enabled\":true,\"builtin\":true,\"rowOperation\":true,\"btnClass\":\"table-btn success\",\"formId\":\"1440962547132928000\"},{\"id\":3,\"type\":2,\"name\":\"删除\",\"enabled\":true,\"builtin\":true,\"rowOperation\":true,\"btnClass\":\"table-btn delete\"}],\"queryParamList\":[],\"tableId\":\"1440962162712383488\",\"variableName\":\"formProduct\",\"showName\":\"产品管理\",\"datasourceId\":\"1440962162771103745\",\"hasError\":false}},\"widgetList\":[{\"widgetKind\":0,\"widgetType\":1,\"span\":12,\"type\":\"text\",\"placeholder\":\"\",\"defaultValue\":\"\",\"minRows\":2,\"maxRows\":2,\"readOnly\":false,\"disabled\":false,\"id\":1632387220352,\"datasourceId\":\"1440962162771103745\",\"tableId\":\"1440962162712383488\",\"columnId\":\"1440962162729160704\",\"columnName\":\"product_name\",\"showName\":\"产品名称\",\"variableName\":\"productName\",\"dictParamList\":null,\"queryParamList\":[],\"tableColumnList\":[]},{\"widgetKind\":0,\"widgetType\":4,\"readOnly\":false,\"disabled\":false,\"id\":1632387221253,\"datasourceId\":\"1440962162771103745\",\"tableId\":\"1440962162712383488\",\"columnId\":\"1440962162741743616\",\"columnName\":\"cost_price\",\"showName\":\"产品价格\",\"variableName\":\"costPrice\",\"dictParamList\":null,\"queryParamList\":[],\"tableColumnList\":[]}]}', '[{\"autoIncrement\":false,\"columnComment\":\"产品名称\",\"columnId\":\"1440962162729160704\",\"columnName\":\"product_name\",\"columnShowOrder\":2,\"columnType\":\"varchar\",\"createTime\":\"2021-09-23 16:52:06\",\"deptFilter\":false,\"filterType\":3,\"fullColumnType\":\"varchar(255)\",\"nullable\":false,\"objectFieldName\":\"productName\",\"objectFieldType\":\"String\",\"parentKey\":false,\"primaryKey\":false,\"tableId\":\"1440962162712383488\",\"updateTime\":\"2021-09-23 16:52:10\",\"userFilter\":false},{\"autoIncrement\":false,\"columnComment\":\"产品价格\",\"columnId\":\"1440962162741743616\",\"columnName\":\"cost_price\",\"columnShowOrder\":5,\"columnType\":\"int\",\"createTime\":\"2021-09-23 16:52:06\",\"deptFilter\":false,\"filterType\":2,\"fullColumnType\":\"int(11)\",\"nullable\":false,\"objectFieldName\":\"costPrice\",\"objectFieldType\":\"Integer\",\"parentKey\":false,\"primaryKey\":false,\"tableId\":\"1440962162712383488\",\"updateTime\":\"2021-09-23 16:53:05\",\"userFilter\":false}]', '2021-09-23 16:54:15', '2021-09-23 16:53:26');
INSERT INTO `zz_online_form` VALUES (1440962547132928000, 1440962061336055808, 'formEditProduct', '编辑产品', 1, 5, 1440962162712383488, '{\"formConfig\":{\"gutter\":20,\"labelWidth\":100,\"labelPosition\":\"right\",\"width\":800,\"widgetList\":[],\"paramList\":[]},\"widgetList\":[]}', '[]', '2021-09-23 16:53:38', '2021-09-23 16:53:38');
COMMIT;

-- ----------------------------
-- Table structure for zz_online_form_datasource
-- ----------------------------
DROP TABLE IF EXISTS `zz_online_form_datasource`;
CREATE TABLE `zz_online_form_datasource` (
  `id` bigint NOT NULL COMMENT '主键Id',
  `form_id` bigint NOT NULL COMMENT '表单Id',
  `datasource_id` bigint NOT NULL COMMENT '数据源Id',
  PRIMARY KEY (`id`),
  KEY `idx_form_id` (`form_id`) USING BTREE,
  KEY `idx_datasource_id` (`datasource_id`) USING BTREE
) ENGINE=InnoDB DEFAULT CHARSET=utf8mb4 COLLATE=utf8mb4_bin;

-- ----------------------------
-- Records of zz_online_form_datasource
-- ----------------------------
BEGIN;
INSERT INTO `zz_online_form_datasource` VALUES (1440945738333818880, 1440945411354267648, 1440945228130291712);
INSERT INTO `zz_online_form_datasource` VALUES (1440948576577392640, 1440947675041107968, 1440946127531675648);
INSERT INTO `zz_online_form_datasource` VALUES (1440948832954224640, 1440947791881834496, 1440946127531675648);
INSERT INTO `zz_online_form_datasource` VALUES (1440957294211764224, 1440955001093492736, 1440952815374569472);
INSERT INTO `zz_online_form_datasource` VALUES (1440958752122474496, 1440955483438452736, 1440952815374569472);
INSERT INTO `zz_online_form_datasource` VALUES (1440959275592585216, 1440955295755931648, 1440952815374569472);
INSERT INTO `zz_online_form_datasource` VALUES (1440959299529478144, 1440955361006718976, 1440952815374569472);
INSERT INTO `zz_online_form_datasource` VALUES (1440959323269238784, 1440955424638504960, 1440952815374569472);
INSERT INTO `zz_online_form_datasource` VALUES (1440959757073518592, 1440959226632474624, 1440958971190972416);
INSERT INTO `zz_online_form_datasource` VALUES (1440960555518005248, 1440955127790833664, 1440952815374569472);
INSERT INTO `zz_online_form_datasource` VALUES (1440960654734266368, 1440955194991972352, 1440952815374569472);
INSERT INTO `zz_online_form_datasource` VALUES (1440960985459331072, 1440959420396736512, 1440958971190972416);
INSERT INTO `zz_online_form_datasource` VALUES (1440961848324132864, 1440961456601305088, 1440961208344645633);
INSERT INTO `zz_online_form_datasource` VALUES (1440961970739089408, 1440961779596267520, 1440961208344645633);
INSERT INTO `zz_online_form_datasource` VALUES (1440962547137122304, 1440962547132928000, 1440962162771103745);
INSERT INTO `zz_online_form_datasource` VALUES (1440962702619971584, 1440962496864194560, 1440962162771103745);
INSERT INTO `zz_online_form_datasource` VALUES (1440978457667309568, 1440945468593934336, 1440945228130291712);
INSERT INTO `zz_online_form_datasource` VALUES (1441214948859449344, 1440954920348946432, 1440952815374569472);
COMMIT;

-- ----------------------------
-- Table structure for zz_online_page
-- ----------------------------
DROP TABLE IF EXISTS `zz_online_page`;
CREATE TABLE `zz_online_page` (
  `page_id` bigint NOT NULL COMMENT '主键Id',
  `page_code` varchar(32) CHARACTER SET utf8mb4 COLLATE utf8mb4_bin DEFAULT NULL COMMENT '页面编码',
  `page_name` varchar(64) CHARACTER SET utf8mb4 COLLATE utf8mb4_bin NOT NULL COMMENT '页面名称',
  `page_type` int NOT NULL COMMENT '页面类型',
  `status` int NOT NULL COMMENT '页面编辑状态',
  `published` bit(1) NOT NULL DEFAULT b'0' COMMENT '是否发布',
  `update_time` datetime NOT NULL COMMENT '更新时间',
  `create_time` datetime NOT NULL COMMENT '创建时间',
  PRIMARY KEY (`page_id`) USING BTREE
) ENGINE=InnoDB DEFAULT CHARSET=utf8mb4 COLLATE=utf8mb4_bin;

-- ----------------------------
-- Records of zz_online_page
-- ----------------------------
BEGIN;
INSERT INTO `zz_online_page` VALUES (1440945149889744896, 'pageFlowLeave', '请假申请', 10, 2, b'1', '2021-09-23 15:45:08', '2021-09-23 15:44:30');
INSERT INTO `zz_online_page` VALUES (1440946020174270464, 'pageSubmit', '报销申请', 10, 2, b'1', '2021-09-23 15:57:43', '2021-09-23 15:47:57');
INSERT INTO `zz_online_page` VALUES (1440952710487609344, 'pageFlowContract', '合同审批', 10, 2, b'1', '2021-09-23 16:23:02', '2021-09-23 16:14:32');
INSERT INTO `zz_online_page` VALUES (1440958861153406976, 'formFirstParty', '甲方企业', 1, 2, b'1', '2021-09-23 16:40:03', '2021-09-23 16:38:59');
INSERT INTO `zz_online_page` VALUES (1440961119001776128, 'pageSecondParty', '乙方企业管理', 1, 2, b'1', '2021-09-23 16:48:58', '2021-09-23 16:47:57');
INSERT INTO `zz_online_page` VALUES (1440962061336055808, 'pageProduct', '产品管理', 1, 2, b'1', '2021-09-23 16:53:12', '2021-09-23 16:51:42');
COMMIT;

-- ----------------------------
-- Table structure for zz_online_page_datasource
-- ----------------------------
DROP TABLE IF EXISTS `zz_online_page_datasource`;
CREATE TABLE `zz_online_page_datasource` (
  `id` bigint NOT NULL COMMENT '主键Id',
  `page_id` bigint NOT NULL COMMENT '页面主键Id',
  `datasource_id` bigint NOT NULL COMMENT '数据源主键Id',
  PRIMARY KEY (`id`),
  KEY `idx_page_id` (`page_id`) USING BTREE,
  KEY `idx_datasource_id` (`datasource_id`) USING BTREE
) ENGINE=InnoDB DEFAULT CHARSET=utf8mb4 COLLATE=utf8mb4_bin;

-- ----------------------------
-- Records of zz_online_page_datasource
-- ----------------------------
BEGIN;
INSERT INTO `zz_online_page_datasource` VALUES (1440945228138680320, 1440945149889744896, 1440945228130291712);
INSERT INTO `zz_online_page_datasource` VALUES (1440946127540064256, 1440946020174270464, 1440946127531675648);
INSERT INTO `zz_online_page_datasource` VALUES (1440952815382958080, 1440952710487609344, 1440952815374569472);
INSERT INTO `zz_online_page_datasource` VALUES (1440958971195166721, 1440958861153406976, 1440958971190972416);
INSERT INTO `zz_online_page_datasource` VALUES (1440961208353034240, 1440961119001776128, 1440961208344645633);
INSERT INTO `zz_online_page_datasource` VALUES (1440962162779492352, 1440962061336055808, 1440962162771103745);
COMMIT;

-- ----------------------------
-- Table structure for zz_online_rule
-- ----------------------------
DROP TABLE IF EXISTS `zz_online_rule`;
CREATE TABLE `zz_online_rule` (
  `rule_id` bigint NOT NULL COMMENT '主键Id',
  `rule_name` varchar(64) CHARACTER SET utf8mb4 COLLATE utf8mb4_bin NOT NULL COMMENT '规则名称',
  `rule_type` int NOT NULL COMMENT '规则类型',
  `builtin` bit(1) NOT NULL COMMENT '内置规则标记',
  `pattern` varchar(512) CHARACTER SET utf8mb4 COLLATE utf8mb4_bin DEFAULT NULL COMMENT '自定义规则的正则表达式',
  `update_time` datetime NOT NULL COMMENT '更新时间',
  `create_time` datetime NOT NULL COMMENT '创建时间',
  `deleted_flag` int NOT NULL COMMENT '逻辑删除标记',
  PRIMARY KEY (`rule_id`) USING BTREE
) ENGINE=InnoDB DEFAULT CHARSET=utf8mb4 COLLATE=utf8mb4_bin;

-- ----------------------------
-- Records of zz_online_rule
-- ----------------------------
BEGIN;
INSERT INTO `zz_online_rule` VALUES (1, '只允许整数', 1, b'1', NULL, '2021-09-23 00:00:00', '2021-09-23 00:00:00', 1);
INSERT INTO `zz_online_rule` VALUES (2, '只允许数字', 2, b'1', NULL, '2021-09-23 00:00:00', '2021-09-23 00:00:00', 1);
INSERT INTO `zz_online_rule` VALUES (3, '只允许英文字符', 3, b'1', NULL, '2021-09-23 00:00:00', '2021-09-23 00:00:00', 1);
INSERT INTO `zz_online_rule` VALUES (4, '范围验证', 4, b'1', NULL, '2021-09-23 00:00:00', '2021-09-23 00:00:00', 1);
INSERT INTO `zz_online_rule` VALUES (5, '邮箱格式验证', 5, b'1', NULL, '2021-09-23 00:00:00', '2021-09-23 00:00:00', 1);
INSERT INTO `zz_online_rule` VALUES (6, '手机格式验证', 6, b'1', NULL, '2021-09-23 00:00:00', '2021-09-23 00:00:00', 1);
COMMIT;

-- ----------------------------
-- Table structure for zz_online_table
-- ----------------------------
DROP TABLE IF EXISTS `zz_online_table`;
CREATE TABLE `zz_online_table` (
  `table_id` bigint NOT NULL COMMENT '主键Id',
  `table_name` varchar(64) CHARACTER SET utf8mb4 COLLATE utf8mb4_bin NOT NULL COMMENT '表名称',
  `model_name` varchar(64) CHARACTER SET utf8mb4 COLLATE utf8mb4_bin NOT NULL COMMENT '实体名称',
  `dblink_id` bigint NOT NULL COMMENT '数据库链接Id',
  `update_time` datetime NOT NULL COMMENT '更新时间',
  `create_time` datetime NOT NULL COMMENT '创建时间',
  PRIMARY KEY (`table_id`),
  KEY `idx_dblink_id` (`dblink_id`) USING BTREE
) ENGINE=InnoDB DEFAULT CHARSET=utf8mb4 COLLATE=utf8mb4_bin;

-- ----------------------------
-- Records of zz_online_table
-- ----------------------------
BEGIN;
INSERT INTO `zz_online_table` VALUES (1440945228079960064, 'zz_test_flow_leave', 'ZzTestFlowLeave', 1, '2021-09-23 15:44:48', '2021-09-23 15:44:48');
INSERT INTO `zz_online_table` VALUES (1440946127460372480, 'zz_test_flow_submit', 'ZzTestFlowSubmit', 1, '2021-09-23 15:48:23', '2021-09-23 15:48:23');
INSERT INTO `zz_online_table` VALUES (1440947089218473984, 'zz_test_flow_submit_detail', 'ZzTestFlowSubmitDetail', 1, '2021-09-23 15:52:12', '2021-09-23 15:52:12');
INSERT INTO `zz_online_table` VALUES (1440952815294877696, 'zz_test_flow_contract', 'ZzTestFlowContract', 1, '2021-09-23 16:14:57', '2021-09-23 16:14:57');
INSERT INTO `zz_online_table` VALUES (1440952921024892928, 'zz_test_flow_first_party', 'ZzTestFlowFirstParty', 1, '2021-09-23 16:15:23', '2021-09-23 16:15:23');
INSERT INTO `zz_online_table` VALUES (1440952988389609472, 'zz_test_flow_second_party', 'ZzTestFlowSecondParty', 1, '2021-09-23 16:15:39', '2021-09-23 16:15:39');
INSERT INTO `zz_online_table` VALUES (1440953088901910528, 'zz_test_flow_contract_detail', 'ZzTestFlowContractDetail', 1, '2021-09-23 16:16:03', '2021-09-23 16:16:03');
INSERT INTO `zz_online_table` VALUES (1440953170514677760, 'zz_test_flow_pay_detail', 'ZzTestFlowPayDetail', 1, '2021-09-23 16:16:22', '2021-09-23 16:16:22');
INSERT INTO `zz_online_table` VALUES (1440953245664022528, 'zz_test_flow_delivery_detail', 'ZzTestFlowDeliveryDetail', 1, '2021-09-23 16:16:40', '2021-09-23 16:16:40');
INSERT INTO `zz_online_table` VALUES (1440958971128057856, 'zz_test_flow_first_party', 'ZzTestFlowFirstParty', 1, '2021-09-23 16:39:25', '2021-09-23 16:39:25');
INSERT INTO `zz_online_table` VALUES (1440961208273342464, 'zz_test_flow_second_party', 'ZzTestFlowSecondParty', 1, '2021-09-23 16:48:18', '2021-09-23 16:48:18');
INSERT INTO `zz_online_table` VALUES (1440962162712383488, 'zz_test_flow_product', 'ZzTestFlowProduct', 1, '2021-09-23 16:52:06', '2021-09-23 16:52:06');
COMMIT;

-- ----------------------------
-- Table structure for zz_online_virtual_column
-- ----------------------------
DROP TABLE IF EXISTS `zz_online_virtual_column`;
CREATE TABLE `zz_online_virtual_column` (
  `virtual_column_id` bigint NOT NULL COMMENT '主键Id',
  `table_id` bigint NOT NULL COMMENT '所在表Id',
  `object_field_name` varchar(64) CHARACTER SET utf8mb4 COLLATE utf8mb4_bin NOT NULL COMMENT '字段名称',
  `object_field_type` varchar(32) CHARACTER SET utf8mb4 COLLATE utf8mb4_bin NOT NULL COMMENT '属性类型',
  `column_prompt` varchar(64) CHARACTER SET utf8mb4 COLLATE utf8mb4_bin NOT NULL COMMENT '字段提示名',
  `virtual_type` int NOT NULL COMMENT '虚拟字段类型(0: 聚合)',
  `datasource_id` bigint NOT NULL COMMENT '关联数据源Id',
  `relation_id` bigint DEFAULT NULL COMMENT '关联Id',
  `aggregation_table_id` bigint DEFAULT NULL COMMENT '聚合字段所在关联表Id',
  `aggregation_column_id` bigint DEFAULT NULL COMMENT '关联表聚合字段Id',
  `aggregation_type` int DEFAULT NULL COMMENT '聚合类型(0: sum 1: count 2: avg 3: min 4: max)',
  `where_clause_json` varchar(1024) CHARACTER SET utf8mb4 COLLATE utf8mb4_bin DEFAULT NULL COMMENT '存储过滤条件的json',
  PRIMARY KEY (`virtual_column_id`) USING BTREE,
  KEY `idx_database_id` (`datasource_id`) USING BTREE,
  KEY `idx_relation_id` (`relation_id`) USING BTREE,
  KEY `idx_table_id` (`table_id`) USING BTREE,
  KEY `idx_aggregation_column_id` (`aggregation_column_id`) USING BTREE
) ENGINE=InnoDB DEFAULT CHARSET=utf8mb4 COLLATE=utf8mb4_bin;

-- ----------------------------
-- Records of zz_online_virtual_column
-- ----------------------------
BEGIN;
INSERT INTO `zz_online_virtual_column` VALUES (1440947297541165056, 1440946127460372480, 'totalAmount', 'Long', '报销总金额', 0, 1440946127531675648, 1440947089268805632, 1440947089218473984, 1440947089252028416, 0, '[]');
COMMIT;

-- ----------------------------
-- Table structure for zz_sys_data_perm
-- ----------------------------
DROP TABLE IF EXISTS `zz_sys_data_perm`;
CREATE TABLE `zz_sys_data_perm` (
  `data_perm_id` bigint NOT NULL COMMENT '主键',
  `data_perm_name` varchar(64) CHARACTER SET utf8mb4 COLLATE utf8mb4_bin NOT NULL COMMENT '显示名称',
  `rule_type` tinyint NOT NULL COMMENT '数据权限规则类型(0: 全部可见 1: 只看自己 2: 只看本部门 3: 本部门及子部门 4: 多部门及子部门 5: 自定义部门列表)。',
  `create_user_id` bigint NOT NULL COMMENT '创建者Id',
  `create_time` datetime NOT NULL COMMENT '创建时间',
  `update_user_id` bigint NOT NULL COMMENT '更新者Id',
  `update_time` datetime NOT NULL COMMENT '最后更新时间',
  `deleted_flag` int NOT NULL COMMENT '逻辑删除标记(1: 正常 -1: 已删除)',
  PRIMARY KEY (`data_perm_id`) USING BTREE,
  KEY `idx_create_time` (`create_time`) USING BTREE
) ENGINE=InnoDB DEFAULT CHARSET=utf8mb4 COLLATE=utf8mb4_bin COMMENT='数据权限表';

-- ----------------------------
-- Records of zz_sys_data_perm
-- ----------------------------
BEGIN;
INSERT INTO `zz_sys_data_perm` VALUES (1440965237959299072, '查看全部', 0, 1440911410581213417, '2021-09-23 17:04:19', 1440911410581213417, '2021-09-23 17:04:19', 1);
COMMIT;

-- ----------------------------
-- Table structure for zz_sys_data_perm_dept
-- ----------------------------
DROP TABLE IF EXISTS `zz_sys_data_perm_dept`;
CREATE TABLE `zz_sys_data_perm_dept` (
  `data_perm_id` bigint NOT NULL COMMENT '数据权限Id',
  `dept_id` bigint NOT NULL COMMENT '部门Id',
  PRIMARY KEY (`data_perm_id`,`dept_id`),
  KEY `idx_dept_id` (`dept_id`) USING BTREE
) ENGINE=InnoDB DEFAULT CHARSET=utf8mb4 COLLATE=utf8mb4_bin COMMENT='数据权限和部门关联表';

-- ----------------------------
-- Table structure for zz_sys_data_perm_user
-- ----------------------------
DROP TABLE IF EXISTS `zz_sys_data_perm_user`;
CREATE TABLE `zz_sys_data_perm_user` (
  `data_perm_id` bigint NOT NULL COMMENT '数据权限Id',
  `user_id` bigint NOT NULL COMMENT '用户Id',
  PRIMARY KEY (`data_perm_id`,`user_id`),
  KEY `idx_user_id` (`user_id`) USING BTREE
) ENGINE=InnoDB DEFAULT CHARSET=utf8mb4 COLLATE=utf8mb4_bin COMMENT='数据权限和用户关联表';

-- ----------------------------
-- Records of zz_sys_data_perm_user
-- ----------------------------
BEGIN;
INSERT INTO `zz_sys_data_perm_user` VALUES (1440965237959299072, 1440965344985354240);
INSERT INTO `zz_sys_data_perm_user` VALUES (1440965237959299072, 1440965465605148672);
INSERT INTO `zz_sys_data_perm_user` VALUES (1440965237959299072, 1440965586715676672);
INSERT INTO `zz_sys_data_perm_user` VALUES (1440965237959299072, 1440965697961201664);
INSERT INTO `zz_sys_data_perm_user` VALUES (1440965237959299072, 1440965808049098752);
INSERT INTO `zz_sys_data_perm_user` VALUES (1440965237959299072, 1440966073686953984);
INSERT INTO `zz_sys_data_perm_user` VALUES (1440965237959299072, 1440966186522120192);
INSERT INTO `zz_sys_data_perm_user` VALUES (1440965237959299072, 1440966324770574336);
INSERT INTO `zz_sys_data_perm_user` VALUES (1440965237959299072, 1440969706411397120);
COMMIT;

-- ----------------------------
-- Table structure for zz_sys_dept
-- ----------------------------
DROP TABLE IF EXISTS `zz_sys_dept`;
CREATE TABLE `zz_sys_dept` (
  `dept_id` bigint NOT NULL COMMENT '部门Id',
  `parent_id` bigint DEFAULT NULL COMMENT '父部门Id',
  `dept_name` varchar(50) CHARACTER SET utf8mb4 COLLATE utf8mb4_bin NOT NULL COMMENT '部门名称',
  `show_order` int NOT NULL COMMENT '兄弟部分之间的显示顺序，数字越小越靠前',
  `create_user_id` bigint NOT NULL COMMENT '创建者Id',
  `create_time` datetime NOT NULL COMMENT '创建时间',
  `update_user_id` bigint NOT NULL COMMENT '更新者Id',
  `update_time` datetime NOT NULL COMMENT '最后更新时间',
  `deleted_flag` int NOT NULL DEFAULT '0' COMMENT '删除标记(1: 正常 -1: 已删除)',
  PRIMARY KEY (`dept_id`) USING BTREE,
  KEY `idx_parent_id` (`parent_id`) USING BTREE,
  KEY `idx_show_order` (`show_order`) USING BTREE
) ENGINE=InnoDB DEFAULT CHARSET=utf8mb4 COLLATE=utf8mb4_bin ROW_FORMAT=COMPACT COMMENT='部门管理表';

-- ----------------------------
-- Records of zz_sys_dept
-- ----------------------------
BEGIN;
INSERT INTO `zz_sys_dept` VALUES (1440911410581213416, NULL, '公司总部', 1, 1440911410581213417, '2021-09-23 00:00:00', 1440911410581213417, '2021-09-23 00:00:00', 1);
INSERT INTO `zz_sys_dept` VALUES (1440963592970047488, 1440911410581213416, '人事部', 1, 1440911410581213417, '2021-09-23 16:57:47', 1440911410581213417, '2021-09-23 16:57:47', 1);
INSERT INTO `zz_sys_dept` VALUES (1440963642542526464, 1440911410581213416, '法务部', 2, 1440911410581213417, '2021-09-23 16:57:59', 1440911410581213417, '2021-09-23 16:57:59', 1);
INSERT INTO `zz_sys_dept` VALUES (1440963698460987392, NULL, '天津分公司', 2, 1440911410581213417, '2021-09-23 16:58:12', 1440911410581213417, '2021-09-23 16:58:12', 1);
INSERT INTO `zz_sys_dept` VALUES (1440963733084966912, NULL, '北京分公司', 2, 1440911410581213417, '2021-09-23 16:58:20', 1440911410581213417, '2021-09-23 16:58:20', 1);
COMMIT;

-- ----------------------------
-- Table structure for zz_sys_dept_post
-- ----------------------------
DROP TABLE IF EXISTS `zz_sys_dept_post`;
CREATE TABLE `zz_sys_dept_post` (
  `dept_post_id` bigint NOT NULL COMMENT '主键Id',
  `dept_id` bigint NOT NULL COMMENT '部门Id',
  `post_id` bigint NOT NULL COMMENT '岗位Id',
  `post_show_name` varchar(255) CHARACTER SET utf8mb4 COLLATE utf8mb4_bin NOT NULL COMMENT '部门岗位显示名称',
  PRIMARY KEY (`dept_post_id`) USING BTREE,
  KEY `idx_post_id` (`post_id`) USING BTREE,
  KEY `idx_dept_id` (`dept_id`) USING BTREE
) ENGINE=InnoDB DEFAULT CHARSET=utf8mb4 COLLATE=utf8mb4_bin;

-- ----------------------------
-- Records of zz_sys_dept_post
-- ----------------------------
BEGIN;
INSERT INTO `zz_sys_dept_post` VALUES (1440964221780103168, 1440963592970047488, 1440964097913917440, '人事部经理');
INSERT INTO `zz_sys_dept_post` VALUES (1440964221855600640, 1440963592970047488, 1440964157770829824, '人事专员');
INSERT INTO `zz_sys_dept_post` VALUES (1440964387979399168, 1440963642542526464, 1440964097913917440, '法务部经理');
INSERT INTO `zz_sys_dept_post` VALUES (1440964387983593472, 1440963642542526464, 1440964157770829824, '法务专员');
INSERT INTO `zz_sys_dept_post` VALUES (1440964519391137792, 1440963698460987392, 1440963890539139072, '天津大区总监');
INSERT INTO `zz_sys_dept_post` VALUES (1440964519395332096, 1440963698460987392, 1440964040611336192, '天津地区经理');
INSERT INTO `zz_sys_dept_post` VALUES (1440964519399526400, 1440963698460987392, 1440964157770829824, '员工');
INSERT INTO `zz_sys_dept_post` VALUES (1440964725134331904, 1440963733084966912, 1440963890539139072, '北京大区总监');
INSERT INTO `zz_sys_dept_post` VALUES (1440964725138526208, 1440963733084966912, 1440964040611336192, '北京地区经理');
INSERT INTO `zz_sys_dept_post` VALUES (1440964725142720512, 1440963733084966912, 1440964157770829824, '员工');
INSERT INTO `zz_sys_dept_post` VALUES (1440969551792574464, 1440911410581213416, 1440963890539139072, '总裁');
COMMIT;

-- ----------------------------
-- Table structure for zz_sys_dept_relation
-- ----------------------------
DROP TABLE IF EXISTS `zz_sys_dept_relation`;
CREATE TABLE `zz_sys_dept_relation` (
  `parent_dept_id` bigint NOT NULL COMMENT '父部门Id',
  `dept_id` bigint NOT NULL COMMENT '部门Id',
  PRIMARY KEY (`parent_dept_id`,`dept_id`),
  KEY `idx_dept_id` (`dept_id`) USING BTREE
) ENGINE=InnoDB DEFAULT CHARSET=utf8mb4 COLLATE=utf8mb4_bin ROW_FORMAT=COMPACT COMMENT='部门关联关系表';

-- ----------------------------
-- Records of zz_sys_dept_relation
-- ----------------------------
BEGIN;
INSERT INTO `zz_sys_dept_relation` VALUES (1440911410581213416, 1440911410581213416);
INSERT INTO `zz_sys_dept_relation` VALUES (1440911410581213416, 1440963592970047488);
INSERT INTO `zz_sys_dept_relation` VALUES (1440963592970047488, 1440963592970047488);
INSERT INTO `zz_sys_dept_relation` VALUES (1440911410581213416, 1440963642542526464);
INSERT INTO `zz_sys_dept_relation` VALUES (1440963642542526464, 1440963642542526464);
INSERT INTO `zz_sys_dept_relation` VALUES (1440963698460987392, 1440963698460987392);
INSERT INTO `zz_sys_dept_relation` VALUES (1440963733084966912, 1440963733084966912);
COMMIT;

-- ----------------------------
-- Table structure for zz_sys_menu
-- ----------------------------
DROP TABLE IF EXISTS `zz_sys_menu`;
CREATE TABLE `zz_sys_menu` (
  `menu_id` bigint NOT NULL COMMENT '主键Id',
  `parent_id` bigint DEFAULT NULL COMMENT '父菜单Id，目录菜单的父菜单为null',
  `menu_name` varchar(50) CHARACTER SET utf8mb4 COLLATE utf8mb4_bin NOT NULL COMMENT '菜单显示名称',
  `menu_type` int NOT NULL COMMENT '(0: 目录 1: 菜单 2: 按钮 3: UI片段)',
  `form_router_name` varchar(64) CHARACTER SET utf8mb4 COLLATE utf8mb4_bin DEFAULT NULL COMMENT '前端表单路由名称，仅用于menu_type为1的菜单类型',
  `online_form_id` bigint DEFAULT NULL COMMENT '在线表单主键Id',
  `online_menu_perm_type` int DEFAULT NULL COMMENT '在线表单菜单的权限控制类型',
  `online_flow_entry_id` bigint DEFAULT NULL COMMENT '仅用于在线表单的流程Id',
  `show_order` int NOT NULL COMMENT '菜单显示顺序 (值越小，排序越靠前)',
  `icon` varchar(50) CHARACTER SET utf8mb4 COLLATE utf8mb4_bin DEFAULT NULL COMMENT '菜单图标',
  `create_user_id` bigint NOT NULL COMMENT '创建者Id',
  `create_time` datetime NOT NULL COMMENT '创建时间',
  `update_user_id` bigint NOT NULL COMMENT '更新者Id',
  `update_time` datetime NOT NULL COMMENT '最后更新时间',
  `deleted_flag` int NOT NULL COMMENT '逻辑删除标记(1: 正常 -1: 已删除)',
  PRIMARY KEY (`menu_id`) USING BTREE,
  KEY `idx_show_order` (`show_order`) USING BTREE,
  KEY `idx_parent_id` (`parent_id`) USING BTREE
) ENGINE=InnoDB DEFAULT CHARSET=utf8mb4 COLLATE=utf8mb4_bin ROW_FORMAT=COMPACT COMMENT='菜单和操作权限管理表';

-- ----------------------------
-- Records of zz_sys_menu
-- ----------------------------
BEGIN;
INSERT INTO `zz_sys_menu` VALUES (1392786476428693504, NULL, '在线表单', 0, NULL, NULL, NULL, NULL, 2, 'el-icon-c-scale-to-original', 1440911410581213417, '2021-09-23 00:00:00', 1440911410581213417, '2021-09-23 17:42:00', 1);
INSERT INTO `zz_sys_menu` VALUES (1392786549942259712, 1392786476428693504, '字典管理', 1, 'formOnlineDict', NULL, NULL, NULL, 1, NULL, 1440911410581213417, '2021-09-23 00:00:00', 1440911410581213417, '2021-09-23 00:00:00', 1);
INSERT INTO `zz_sys_menu` VALUES (1392786950682841088, 1392786476428693504, '表单管理', 1, 'formOnlinePage', NULL, NULL, NULL, 2, NULL, 1440911410581213417, '2021-09-23 00:00:00', 1440911410581213417, '2021-09-23 00:00:00', 1);
INSERT INTO `zz_sys_menu` VALUES (1401532054578925568, NULL, '系统管理', 0, NULL, NULL, NULL, NULL, 1, 'el-icon-setting', 1440911410581213417, '2021-09-23 00:00:00', 1440911410581213417, '2021-09-23 17:41:39', 1);
INSERT INTO `zz_sys_menu` VALUES (1401532055971434496, 1401532054578925568, '用户管理', 1, 'formSysUser', NULL, NULL, NULL, 100, NULL, 1440911410581213417, '2021-09-23 00:00:00', 1440911410581213417, '2021-09-23 00:00:00', 1);
INSERT INTO `zz_sys_menu` VALUES (1401532055971434497, 1401532054578925568, '部门管理', 1, 'formSysDept', NULL, NULL, NULL, 105, NULL, 1440911410581213417, '2021-09-23 00:00:00', 1440911410581213417, '2021-09-23 00:00:00', 1);
INSERT INTO `zz_sys_menu` VALUES (1401532055971434498, 1401532054578925568, '角色管理', 1, 'formSysRole', NULL, NULL, NULL, 110, NULL, 1440911410581213417, '2021-09-23 00:00:00', 1440911410581213417, '2021-09-23 00:00:00', 1);
INSERT INTO `zz_sys_menu` VALUES (1401532055971434499, 1401532054578925568, '数据权限管理', 1, 'formSysDataPerm', NULL, NULL, NULL, 115, NULL, 1440911410581213417, '2021-09-23 00:00:00', 1440911410581213417, '2021-09-23 00:00:00', 1);
INSERT INTO `zz_sys_menu` VALUES (1401532055971434500, 1401532054578925568, '菜单管理', 1, 'formSysMenu', NULL, NULL, NULL, 120, NULL, 1440911410581213417, '2021-09-23 00:00:00', 1440911410581213417, '2021-09-23 00:00:00', 1);
INSERT INTO `zz_sys_menu` VALUES (1401532055971434501, 1401532054578925568, '权限字管理', 1, 'formSysPermCode', NULL, NULL, NULL, 125, NULL, 1440911410581213417, '2021-09-23 00:00:00', 1440911410581213417, '2021-09-23 00:00:00', 1);
INSERT INTO `zz_sys_menu` VALUES (1401532055971434502, 1401532054578925568, '权限管理', 1, 'formSysPerm', NULL, NULL, NULL, 130, NULL, 1440911410581213417, '2021-09-23 00:00:00', 1440911410581213417, '2021-09-23 00:00:00', 1);
INSERT INTO `zz_sys_menu` VALUES (1401532055971434503, 1401532054578925568, '字典管理', 1, 'formSysDict', NULL, NULL, NULL, 135, NULL, 1440911410581213417, '2021-09-23 00:00:00', 1440911410581213417, '2021-09-23 00:00:00', 1);
INSERT INTO `zz_sys_menu` VALUES (1401532055971434504, 1401532054578925568, '在线用户', 1, 'formSysLoginUser', NULL, NULL, NULL, 145, NULL, 1440911410581213417, '2021-09-23 00:00:00', 1440911410581213417, '2021-09-23 00:00:00', 1);
INSERT INTO `zz_sys_menu` VALUES (1418057714138877952, NULL, '流程管理', 0, NULL, NULL, NULL, NULL, 3, 'el-icon-s-operation', 1440911410581213417, '2021-09-23 00:00:00', 1440911410581213417, '2021-09-23 17:42:12', 1);
INSERT INTO `zz_sys_menu` VALUES (1418057835631087616, 1418057714138877952, '流程分类', 1, 'formFlowCategory', NULL, NULL, NULL, 1, NULL, 1440911410581213417, '2021-09-23 00:00:00', 1440911410581213417, '2021-09-23 00:00:00', 1);
INSERT INTO `zz_sys_menu` VALUES (1418058049951633408, 1418057835631087616, '新建', 3, NULL, NULL, NULL, NULL, 1, NULL, 1440911410581213417, '2021-09-23 00:00:00', 1440911410581213417, '2021-09-23 00:00:00', 1);
INSERT INTO `zz_sys_menu` VALUES (1418058115667988480, 1418057835631087616, '编辑', 3, NULL, NULL, NULL, NULL, 2, NULL, 1440911410581213417, '2021-09-23 00:00:00', 1440911410581213417, '2021-09-23 00:00:00', 1);
INSERT INTO `zz_sys_menu` VALUES (1418058170542067712, 1418057835631087616, '删除', 3, NULL, NULL, NULL, NULL, 3, NULL, 1440911410581213417, '2021-09-23 00:00:00', 1440911410581213417, '2021-09-23 00:00:00', 1);
INSERT INTO `zz_sys_menu` VALUES (1418058289182150656, 1418057714138877952, '流程设计', 1, 'formFlowEntry', NULL, NULL, NULL, 2, NULL, 1440911410581213417, '2021-09-23 00:00:00', 1440911410581213417, '2021-09-23 00:00:00', 1);
INSERT INTO `zz_sys_menu` VALUES (1418058515099947008, 1418058289182150656, '启动', 3, NULL, NULL, NULL, NULL, 1, NULL, 1440911410581213417, '2021-09-23 00:00:00', 1440911410581213417, '2021-09-23 00:00:00', 1);
INSERT INTO `zz_sys_menu` VALUES (1418058602723151872, 1418058289182150656, '编辑', 3, NULL, NULL, NULL, NULL, 2, NULL, 1440911410581213417, '2021-09-23 00:00:00', 1440911410581213417, '2021-09-23 00:00:00', 1);
INSERT INTO `zz_sys_menu` VALUES (1418058744037642240, 1418057714138877952, '流程实例', 1, 'formAllInstance', NULL, NULL, NULL, 3, NULL, 1440911410581213417, '2021-09-23 00:00:00', 1440911410581213417, '2021-09-23 00:00:00', 1);
INSERT INTO `zz_sys_menu` VALUES (1418058844164067328, 1418058744037642240, '终止', 3, NULL, NULL, NULL, NULL, 1, NULL, 1440911410581213417, '2021-09-23 00:00:00', 1440911410581213417, '2021-09-23 00:00:00', 1);
INSERT INTO `zz_sys_menu` VALUES (1418058907674218496, 1418058744037642240, '删除', 3, NULL, NULL, NULL, NULL, 2, NULL, 1440911410581213417, '2021-09-23 00:00:00', 1440911410581213417, '2021-09-23 00:00:00', 1);
INSERT INTO `zz_sys_menu` VALUES (1418059005175009280, NULL, '任务管理', 0, NULL, NULL, NULL, NULL, 4, 'el-icon-tickets', 1440911410581213417, '2021-09-23 00:00:00', 1440911410581213417, '2021-09-23 17:42:32', 1);
INSERT INTO `zz_sys_menu` VALUES (1418059167532322816, 1418059005175009280, '待办任务', 1, 'formMyTask', NULL, NULL, NULL, 1, NULL, 1440911410581213417, '2021-09-23 00:00:00', 1440911410581213417, '2021-09-23 00:00:00', 1);
INSERT INTO `zz_sys_menu` VALUES (1418059283920064512, 1418059005175009280, '历史任务', 1, 'formMyHistoryTask', NULL, NULL, NULL, 2, NULL, 1440911410581213417, '2021-09-23 00:00:00', 1440911410581213417, '2021-09-23 00:00:00', 1);
INSERT INTO `zz_sys_menu` VALUES (1423161217970606080, 1418059005175009280, '已办任务', 1, 'formMyApprovedTask', NULL, NULL, NULL, 2, NULL, 1440911410581213417, '2021-09-23 00:00:00', 1440911410581213417, '2021-09-23 00:00:00', 1);
INSERT INTO `zz_sys_menu` VALUES (1433040549035642880, 1401532054578925568, '岗位管理', 1, 'formSysPost', NULL, NULL, NULL, 106, NULL, 1440911410581213417, '2021-09-23 00:00:00', 1440911410581213417, '2021-09-23 00:00:00', 1);
INSERT INTO `zz_sys_menu` VALUES (1440911410581213280, 1401532055971434496, '显示', 3, NULL, NULL, NULL, NULL, 1, NULL, 1440911410581213417, '2021-09-23 00:00:00', 1440911410581213417, '2021-09-23 00:00:00', 1);
INSERT INTO `zz_sys_menu` VALUES (1440911410581213281, 1401532055971434496, '新增', 3, NULL, NULL, NULL, NULL, 2, NULL, 1440911410581213417, '2021-09-23 00:00:00', 1440911410581213417, '2021-09-23 00:00:00', 1);
INSERT INTO `zz_sys_menu` VALUES (1440911410581213282, 1401532055971434496, '编辑', 3, NULL, NULL, NULL, NULL, 3, NULL, 1440911410581213417, '2021-09-23 00:00:00', 1440911410581213417, '2021-09-23 00:00:00', 1);
INSERT INTO `zz_sys_menu` VALUES (1440911410581213283, 1401532055971434496, '删除', 3, NULL, NULL, NULL, NULL, 4, NULL, 1440911410581213417, '2021-09-23 00:00:00', 1440911410581213417, '2021-09-23 00:00:00', 1);
INSERT INTO `zz_sys_menu` VALUES (1440911410581213284, 1401532055971434496, '重置密码', 3, NULL, NULL, NULL, NULL, 5, NULL, 1440911410581213417, '2021-09-23 00:00:00', 1440911410581213417, '2021-09-23 00:00:00', 1);
INSERT INTO `zz_sys_menu` VALUES (1440911410581213285, 1401532055971434496, '权限详情', 3, NULL, NULL, NULL, NULL, 6, NULL, 1440911410581213417, '2021-09-23 00:00:00', 1440911410581213417, '2021-09-23 00:00:00', 1);
INSERT INTO `zz_sys_menu` VALUES (1440911410581213294, 1401532055971434497, '显示', 3, NULL, NULL, NULL, NULL, 1, NULL, 1440911410581213417, '2021-09-23 00:00:00', 1440911410581213417, '2021-09-23 00:00:00', 1);
INSERT INTO `zz_sys_menu` VALUES (1440911410581213295, 1401532055971434497, '新增', 3, NULL, NULL, NULL, NULL, 2, NULL, 1440911410581213417, '2021-09-23 00:00:00', 1440911410581213417, '2021-09-23 00:00:00', 1);
INSERT INTO `zz_sys_menu` VALUES (1440911410581213296, 1401532055971434497, '编辑', 3, NULL, NULL, NULL, NULL, 3, NULL, 1440911410581213417, '2021-09-23 00:00:00', 1440911410581213417, '2021-09-23 00:00:00', 1);
INSERT INTO `zz_sys_menu` VALUES (1440911410581213297, 1401532055971434497, '删除', 3, NULL, NULL, NULL, NULL, 4, NULL, 1440911410581213417, '2021-09-23 00:00:00', 1440911410581213417, '2021-09-23 00:00:00', 1);
INSERT INTO `zz_sys_menu` VALUES (1440911410581213298, 1401532055971434497, '设置岗位', 3, NULL, NULL, NULL, NULL, 5, NULL, 1440911410581213417, '2021-09-23 00:00:00', 1440911410581213417, '2021-09-23 00:00:00', 1);
INSERT INTO `zz_sys_menu` VALUES (1440911410581213299, 1401532055971434497, '查看岗位', 3, NULL, NULL, NULL, NULL, 6, NULL, 1440911410581213417, '2021-09-23 00:00:00', 1440911410581213417, '2021-09-23 00:00:00', 1);
INSERT INTO `zz_sys_menu` VALUES (1440911410581213308, 1401532055971434498, '角色管理', 2, NULL, NULL, NULL, NULL, 1, NULL, 1440911410581213417, '2021-09-23 00:00:00', 1440911410581213417, '2021-09-23 00:00:00', 1);
INSERT INTO `zz_sys_menu` VALUES (1440911410581213309, 1401532055971434498, '用户授权', 2, NULL, NULL, NULL, NULL, 2, NULL, 1440911410581213417, '2021-09-23 00:00:00', 1440911410581213417, '2021-09-23 00:00:00', 1);
INSERT INTO `zz_sys_menu` VALUES (1440911410581213310, 1440911410581213308, '显示', 3, NULL, NULL, NULL, NULL, 1, NULL, 1440911410581213417, '2021-09-23 00:00:00', 1440911410581213417, '2021-09-23 00:00:00', 1);
INSERT INTO `zz_sys_menu` VALUES (1440911410581213311, 1440911410581213308, '新增', 3, NULL, NULL, NULL, NULL, 2, NULL, 1440911410581213417, '2021-09-23 00:00:00', 1440911410581213417, '2021-09-23 00:00:00', 1);
INSERT INTO `zz_sys_menu` VALUES (1440911410581213312, 1440911410581213308, '编辑', 3, NULL, NULL, NULL, NULL, 3, NULL, 1440911410581213417, '2021-09-23 00:00:00', 1440911410581213417, '2021-09-23 00:00:00', 1);
INSERT INTO `zz_sys_menu` VALUES (1440911410581213313, 1440911410581213308, '删除', 3, NULL, NULL, NULL, NULL, 4, NULL, 1440911410581213417, '2021-09-23 00:00:00', 1440911410581213417, '2021-09-23 00:00:00', 1);
INSERT INTO `zz_sys_menu` VALUES (1440911410581213314, 1440911410581213308, '权限详情', 3, NULL, NULL, NULL, NULL, 5, NULL, 1440911410581213417, '2021-09-23 00:00:00', 1440911410581213417, '2021-09-23 00:00:00', 1);
INSERT INTO `zz_sys_menu` VALUES (1440911410581213315, 1440911410581213309, '显示', 3, NULL, NULL, NULL, NULL, 1, NULL, 1440911410581213417, '2021-09-23 00:00:00', 1440911410581213417, '2021-09-23 00:00:00', 1);
INSERT INTO `zz_sys_menu` VALUES (1440911410581213316, 1440911410581213309, '授权用户', 3, NULL, NULL, NULL, NULL, 2, NULL, 1440911410581213417, '2021-09-23 00:00:00', 1440911410581213417, '2021-09-23 00:00:00', 1);
INSERT INTO `zz_sys_menu` VALUES (1440911410581213317, 1440911410581213309, '移除用户', 3, NULL, NULL, NULL, NULL, 3, NULL, 1440911410581213417, '2021-09-23 00:00:00', 1440911410581213417, '2021-09-23 00:00:00', 1);
INSERT INTO `zz_sys_menu` VALUES (1440911410581213328, 1401532055971434499, '数据权限管理', 2, NULL, NULL, NULL, NULL, 1, NULL, 1440911410581213417, '2021-09-23 00:00:00', 1440911410581213417, '2021-09-23 00:00:00', 1);
INSERT INTO `zz_sys_menu` VALUES (1440911410581213329, 1401532055971434499, '用户授权', 2, NULL, NULL, NULL, NULL, 2, NULL, 1440911410581213417, '2021-09-23 00:00:00', 1440911410581213417, '2021-09-23 00:00:00', 1);
INSERT INTO `zz_sys_menu` VALUES (1440911410581213330, 1440911410581213328, '显示', 3, NULL, NULL, NULL, NULL, 1, NULL, 1440911410581213417, '2021-09-23 00:00:00', 1440911410581213417, '2021-09-23 00:00:00', 1);
INSERT INTO `zz_sys_menu` VALUES (1440911410581213331, 1440911410581213328, '新增', 3, NULL, NULL, NULL, NULL, 2, NULL, 1440911410581213417, '2021-09-23 00:00:00', 1440911410581213417, '2021-09-23 00:00:00', 1);
INSERT INTO `zz_sys_menu` VALUES (1440911410581213332, 1440911410581213328, '编辑', 3, NULL, NULL, NULL, NULL, 3, NULL, 1440911410581213417, '2021-09-23 00:00:00', 1440911410581213417, '2021-09-23 00:00:00', 1);
INSERT INTO `zz_sys_menu` VALUES (1440911410581213333, 1440911410581213328, '删除', 3, NULL, NULL, NULL, NULL, 4, NULL, 1440911410581213417, '2021-09-23 00:00:00', 1440911410581213417, '2021-09-23 00:00:00', 1);
INSERT INTO `zz_sys_menu` VALUES (1440911410581213334, 1440911410581213329, '显示', 3, NULL, NULL, NULL, NULL, 1, NULL, 1440911410581213417, '2021-09-23 00:00:00', 1440911410581213417, '2021-09-23 00:00:00', 1);
INSERT INTO `zz_sys_menu` VALUES (1440911410581213335, 1440911410581213329, '授权用户', 3, NULL, NULL, NULL, NULL, 2, NULL, 1440911410581213417, '2021-09-23 00:00:00', 1440911410581213417, '2021-09-23 00:00:00', 1);
INSERT INTO `zz_sys_menu` VALUES (1440911410581213336, 1440911410581213329, '移除用户', 3, NULL, NULL, NULL, NULL, 3, NULL, 1440911410581213417, '2021-09-23 00:00:00', 1440911410581213417, '2021-09-23 00:00:00', 1);
INSERT INTO `zz_sys_menu` VALUES (1440911410581213346, 1401532055971434500, '显示', 3, NULL, NULL, NULL, NULL, 1, NULL, 1440911410581213417, '2021-09-23 00:00:00', 1440911410581213417, '2021-09-23 00:00:00', 1);
INSERT INTO `zz_sys_menu` VALUES (1440911410581213347, 1401532055971434500, '新增', 3, NULL, NULL, NULL, NULL, 2, NULL, 1440911410581213417, '2021-09-23 00:00:00', 1440911410581213417, '2021-09-23 00:00:00', 1);
INSERT INTO `zz_sys_menu` VALUES (1440911410581213348, 1401532055971434500, '编辑', 3, NULL, NULL, NULL, NULL, 3, NULL, 1440911410581213417, '2021-09-23 00:00:00', 1440911410581213417, '2021-09-23 00:00:00', 1);
INSERT INTO `zz_sys_menu` VALUES (1440911410581213349, 1401532055971434500, '删除', 3, NULL, NULL, NULL, NULL, 4, NULL, 1440911410581213417, '2021-09-23 00:00:00', 1440911410581213417, '2021-09-23 00:00:00', 1);
INSERT INTO `zz_sys_menu` VALUES (1440911410581213350, 1401532055971434500, '权限详情', 3, NULL, NULL, NULL, NULL, 5, NULL, 1440911410581213417, '2021-09-23 00:00:00', 1440911410581213417, '2021-09-23 00:00:00', 1);
INSERT INTO `zz_sys_menu` VALUES (1440911410581213358, 1401532055971434501, '显示', 3, NULL, NULL, NULL, NULL, 1, NULL, 1440911410581213417, '2021-09-23 00:00:00', 1440911410581213417, '2021-09-23 00:00:00', 1);
INSERT INTO `zz_sys_menu` VALUES (1440911410581213359, 1401532055971434501, '新增', 3, NULL, NULL, NULL, NULL, 2, NULL, 1440911410581213417, '2021-09-23 00:00:00', 1440911410581213417, '2021-09-23 00:00:00', 1);
INSERT INTO `zz_sys_menu` VALUES (1440911410581213360, 1401532055971434501, '编辑', 3, NULL, NULL, NULL, NULL, 3, NULL, 1440911410581213417, '2021-09-23 00:00:00', 1440911410581213417, '2021-09-23 00:00:00', 1);
INSERT INTO `zz_sys_menu` VALUES (1440911410581213361, 1401532055971434501, '删除', 3, NULL, NULL, NULL, NULL, 4, NULL, 1440911410581213417, '2021-09-23 00:00:00', 1440911410581213417, '2021-09-23 00:00:00', 1);
INSERT INTO `zz_sys_menu` VALUES (1440911410581213362, 1401532055971434501, '权限详情', 3, NULL, NULL, NULL, NULL, 5, NULL, 1440911410581213417, '2021-09-23 00:00:00', 1440911410581213417, '2021-09-23 00:00:00', 1);
INSERT INTO `zz_sys_menu` VALUES (1440911410581213370, 1401532055971434502, '显示', 3, NULL, NULL, NULL, NULL, 1, NULL, 1440911410581213417, '2021-09-23 00:00:00', 1440911410581213417, '2021-09-23 00:00:00', 1);
INSERT INTO `zz_sys_menu` VALUES (1440911410581213371, 1401532055971434502, '新增模块', 3, NULL, NULL, NULL, NULL, 2, NULL, 1440911410581213417, '2021-09-23 00:00:00', 1440911410581213417, '2021-09-23 00:00:00', 1);
INSERT INTO `zz_sys_menu` VALUES (1440911410581213372, 1401532055971434502, '编辑模块', 3, NULL, NULL, NULL, NULL, 3, NULL, 1440911410581213417, '2021-09-23 00:00:00', 1440911410581213417, '2021-09-23 00:00:00', 1);
INSERT INTO `zz_sys_menu` VALUES (1440911410581213373, 1401532055971434502, '删除模块', 3, NULL, NULL, NULL, NULL, 4, NULL, 1440911410581213417, '2021-09-23 00:00:00', 1440911410581213417, '2021-09-23 00:00:00', 1);
INSERT INTO `zz_sys_menu` VALUES (1440911410581213374, 1401532055971434502, '新增权限', 3, NULL, NULL, NULL, NULL, 5, NULL, 1440911410581213417, '2021-09-23 00:00:00', 1440911410581213417, '2021-09-23 00:00:00', 1);
INSERT INTO `zz_sys_menu` VALUES (1440911410581213375, 1401532055971434502, '编辑权限', 3, NULL, NULL, NULL, NULL, 6, NULL, 1440911410581213417, '2021-09-23 00:00:00', 1440911410581213417, '2021-09-23 00:00:00', 1);
INSERT INTO `zz_sys_menu` VALUES (1440911410581213376, 1401532055971434502, '删除权限', 3, NULL, NULL, NULL, NULL, 7, NULL, 1440911410581213417, '2021-09-23 00:00:00', 1440911410581213417, '2021-09-23 00:00:00', 1);
INSERT INTO `zz_sys_menu` VALUES (1440911410581213377, 1401532055971434502, '权限详情', 3, NULL, NULL, NULL, NULL, 8, NULL, 1440911410581213417, '2021-09-23 00:00:00', 1440911410581213417, '2021-09-23 00:00:00', 1);
INSERT INTO `zz_sys_menu` VALUES (1440911410581213388, 1401532055971434503, '显示', 3, NULL, NULL, NULL, NULL, 1, NULL, 1440911410581213417, '2021-09-23 00:00:00', 1440911410581213417, '2021-09-23 00:00:00', 1);
INSERT INTO `zz_sys_menu` VALUES (1440911410581213389, 1401532055971434503, '新增', 3, NULL, NULL, NULL, NULL, 2, NULL, 1440911410581213417, '2021-09-23 00:00:00', 1440911410581213417, '2021-09-23 00:00:00', 1);
INSERT INTO `zz_sys_menu` VALUES (1440911410581213390, 1401532055971434503, '编辑', 3, NULL, NULL, NULL, NULL, 3, NULL, 1440911410581213417, '2021-09-23 00:00:00', 1440911410581213417, '2021-09-23 00:00:00', 1);
INSERT INTO `zz_sys_menu` VALUES (1440911410581213391, 1401532055971434503, '删除', 3, NULL, NULL, NULL, NULL, 4, NULL, 1440911410581213417, '2021-09-23 00:00:00', 1440911410581213417, '2021-09-23 00:00:00', 1);
INSERT INTO `zz_sys_menu` VALUES (1440911410581213392, 1401532055971434503, '同步缓存', 3, NULL, NULL, NULL, NULL, 5, NULL, 1440911410581213417, '2021-09-23 00:00:00', 1440911410581213417, '2021-09-23 00:00:00', 1);
INSERT INTO `zz_sys_menu` VALUES (1440911410581213400, 1401532055971434504, '显示', 3, NULL, NULL, NULL, NULL, 1, NULL, 1440911410581213417, '2021-09-23 00:00:00', 1440911410581213417, '2021-09-23 00:00:00', 1);
INSERT INTO `zz_sys_menu` VALUES (1440911410581213401, 1401532055971434504, '强制下线', 3, NULL, NULL, NULL, NULL, 2, NULL, 1440911410581213417, '2021-09-23 00:00:00', 1440911410581213417, '2021-09-23 00:00:00', 1);
INSERT INTO `zz_sys_menu` VALUES (1440911410581213406, 1433040549035642880, '岗位管理', 2, NULL, NULL, NULL, NULL, 1, NULL, 1440911410581213417, '2021-09-23 00:00:00', 1440911410581213417, '2021-09-23 00:00:00', 1);
INSERT INTO `zz_sys_menu` VALUES (1440911410581213407, 1440911410581213406, '显示', 3, NULL, NULL, NULL, NULL, 1, NULL, 1440911410581213417, '2021-09-23 00:00:00', 1440911410581213417, '2021-09-23 00:00:00', 1);
INSERT INTO `zz_sys_menu` VALUES (1440911410581213408, 1440911410581213406, '新增', 3, NULL, NULL, NULL, NULL, 2, NULL, 1440911410581213417, '2021-09-23 00:00:00', 1440911410581213417, '2021-09-23 00:00:00', 1);
INSERT INTO `zz_sys_menu` VALUES (1440911410581213409, 1440911410581213406, '编辑', 3, NULL, NULL, NULL, NULL, 3, NULL, 1440911410581213417, '2021-09-23 00:00:00', 1440911410581213417, '2021-09-23 00:00:00', 1);
INSERT INTO `zz_sys_menu` VALUES (1440911410581213410, 1440911410581213406, '删除', 3, NULL, NULL, NULL, NULL, 4, NULL, 1440911410581213417, '2021-09-23 00:00:00', 1440911410581213417, '2021-09-23 00:00:00', 1);
INSERT INTO `zz_sys_menu` VALUES (1440973980537196544, NULL, '业务管理', 0, NULL, NULL, NULL, NULL, 5, 'el-icon-goods', 1440911410581213417, '2021-09-23 17:39:04', 1440911410581213417, '2021-09-23 17:42:45', 1);
INSERT INTO `zz_sys_menu` VALUES (1440974056105971712, 1440973980537196544, '甲方管理', 1, NULL, 1440959226632474624, NULL, NULL, 1, NULL, 1440911410581213417, '2021-09-23 17:39:22', 1440911410581213417, '2021-09-23 17:39:22', 1);
INSERT INTO `zz_sys_menu` VALUES (1440974056110166016, 1440974056105971712, '查看', 3, NULL, 1440959226632474624, 0, NULL, 0, NULL, 1440911410581213417, '2021-09-23 17:39:22', 1440911410581213417, '2021-09-23 17:39:22', 1);
INSERT INTO `zz_sys_menu` VALUES (1440974056114360320, 1440974056105971712, '编辑', 3, NULL, 1440959226632474624, 1, NULL, 1, NULL, 1440911410581213417, '2021-09-23 17:39:22', 1440911410581213417, '2021-09-23 17:39:22', 1);
INSERT INTO `zz_sys_menu` VALUES (1440974134195523584, 1440973980537196544, '乙方管理', 1, NULL, 1440961456601305088, NULL, NULL, 2, NULL, 1440911410581213417, '2021-09-23 17:39:40', 1440911410581213417, '2021-09-23 17:39:40', 1);
INSERT INTO `zz_sys_menu` VALUES (1440974134199717888, 1440974134195523584, '查看', 3, NULL, 1440961456601305088, 0, NULL, 0, NULL, 1440911410581213417, '2021-09-23 17:39:40', 1440911410581213417, '2021-09-23 17:39:40', 1);
INSERT INTO `zz_sys_menu` VALUES (1440974134203912192, 1440974134195523584, '编辑', 3, NULL, 1440961456601305088, 1, NULL, 1, NULL, 1440911410581213417, '2021-09-23 17:39:40', 1440911410581213417, '2021-09-23 17:39:40', 1);
INSERT INTO `zz_sys_menu` VALUES (1440974233613111296, 1440973980537196544, '产品管理', 1, NULL, 1440962496864194560, NULL, NULL, 3, NULL, 1440911410581213417, '2021-09-23 17:40:04', 1440911410581213417, '2021-09-23 17:40:04', 1);
INSERT INTO `zz_sys_menu` VALUES (1440974233617305600, 1440974233613111296, '查看', 3, NULL, 1440962496864194560, 0, NULL, 0, NULL, 1440911410581213417, '2021-09-23 17:40:04', 1440911410581213417, '2021-09-23 17:40:04', 1);
INSERT INTO `zz_sys_menu` VALUES (1440974233621499904, 1440974233613111296, '编辑', 3, NULL, 1440962496864194560, 1, NULL, 1, NULL, 1440911410581213417, '2021-09-23 17:40:04', 1440911410581213417, '2021-09-23 17:40:04', 1);
INSERT INTO `zz_sys_menu` VALUES (1440974310754750464, NULL, '工单管理', 0, NULL, NULL, NULL, NULL, 6, 'el-icon-menu', 1440911410581213417, '2021-09-23 17:40:22', 1440911410581213417, '2021-09-23 17:43:00', 1);
INSERT INTO `zz_sys_menu` VALUES (1440974580402360320, 1440974310754750464, '请假申请', 1, NULL, 1440945468593934336, NULL, 1450709265869180928, 1, NULL, 1440911410581213417, '2021-09-23 17:41:27', 1440911410581213417, '2021-11-25 16:16:46', 1);
INSERT INTO `zz_sys_menu` VALUES (1440978065088843776, 1440974310754750464, '合同工单管理', 1, NULL, 1440955483438452736, NULL, 1450713749735346176, 2, NULL, 1440911410581213417, '2021-09-23 17:55:17', 1440911410581213417, '2021-11-25 16:16:51', 1);
COMMIT;

-- ----------------------------
-- Table structure for zz_sys_menu_perm_code
-- ----------------------------
DROP TABLE IF EXISTS `zz_sys_menu_perm_code`;
CREATE TABLE `zz_sys_menu_perm_code` (
  `menu_id` bigint NOT NULL COMMENT '关联菜单Id',
  `perm_code_id` bigint NOT NULL COMMENT '关联权限字Id',
  PRIMARY KEY (`menu_id`,`perm_code_id`) USING BTREE,
  KEY `idx_perm_code_id` (`perm_code_id`) USING BTREE
) ENGINE=InnoDB DEFAULT CHARSET=utf8mb4 COLLATE=utf8mb4_bin COMMENT='菜单和权限关系表';

-- ----------------------------
-- Records of zz_sys_menu_perm_code
-- ----------------------------
BEGIN;
INSERT INTO `zz_sys_menu_perm_code` VALUES (1392786549942259712, 1400638885750378496);
INSERT INTO `zz_sys_menu_perm_code` VALUES (1392786950682841088, 1400639252747784192);
INSERT INTO `zz_sys_menu_perm_code` VALUES (1418057835631087616, 1418046848794365952);
INSERT INTO `zz_sys_menu_perm_code` VALUES (1418058049951633408, 1418046986677915648);
INSERT INTO `zz_sys_menu_perm_code` VALUES (1418058115667988480, 1418047095188754432);
INSERT INTO `zz_sys_menu_perm_code` VALUES (1418058170542067712, 1418047182946177024);
INSERT INTO `zz_sys_menu_perm_code` VALUES (1418058289182150656, 1418048205177753600);
INSERT INTO `zz_sys_menu_perm_code` VALUES (1418058602723151872, 1418048335343783936);
INSERT INTO `zz_sys_menu_perm_code` VALUES (1418058744037642240, 1418049164754817024);
INSERT INTO `zz_sys_menu_perm_code` VALUES (1418058844164067328, 1418049287106859008);
INSERT INTO `zz_sys_menu_perm_code` VALUES (1418058907674218496, 1418049398776008704);
INSERT INTO `zz_sys_menu_perm_code` VALUES (1418059167532322816, 1418050322282057728);
INSERT INTO `zz_sys_menu_perm_code` VALUES (1418058515099947008, 1418050797706416128);
INSERT INTO `zz_sys_menu_perm_code` VALUES (1418059283920064512, 1418057346877231104);
INSERT INTO `zz_sys_menu_perm_code` VALUES (1423161217970606080, 1423636498195943424);
INSERT INTO `zz_sys_menu_perm_code` VALUES (1423161217970606080, 1423637544578322432);
INSERT INTO `zz_sys_menu_perm_code` VALUES (1440911410581213280, 1440911410581213287);
INSERT INTO `zz_sys_menu_perm_code` VALUES (1440911410581213281, 1440911410581213288);
INSERT INTO `zz_sys_menu_perm_code` VALUES (1440911410581213282, 1440911410581213289);
INSERT INTO `zz_sys_menu_perm_code` VALUES (1440911410581213283, 1440911410581213290);
INSERT INTO `zz_sys_menu_perm_code` VALUES (1440911410581213284, 1440911410581213291);
INSERT INTO `zz_sys_menu_perm_code` VALUES (1440911410581213285, 1440911410581213292);
INSERT INTO `zz_sys_menu_perm_code` VALUES (1440911410581213294, 1440911410581213301);
INSERT INTO `zz_sys_menu_perm_code` VALUES (1440911410581213295, 1440911410581213302);
INSERT INTO `zz_sys_menu_perm_code` VALUES (1440911410581213296, 1440911410581213303);
INSERT INTO `zz_sys_menu_perm_code` VALUES (1440911410581213297, 1440911410581213304);
INSERT INTO `zz_sys_menu_perm_code` VALUES (1440911410581213298, 1440911410581213305);
INSERT INTO `zz_sys_menu_perm_code` VALUES (1440911410581213299, 1440911410581213306);
INSERT INTO `zz_sys_menu_perm_code` VALUES (1440911410581213310, 1440911410581213319);
INSERT INTO `zz_sys_menu_perm_code` VALUES (1440911410581213315, 1440911410581213320);
INSERT INTO `zz_sys_menu_perm_code` VALUES (1440911410581213311, 1440911410581213321);
INSERT INTO `zz_sys_menu_perm_code` VALUES (1440911410581213312, 1440911410581213322);
INSERT INTO `zz_sys_menu_perm_code` VALUES (1440911410581213313, 1440911410581213323);
INSERT INTO `zz_sys_menu_perm_code` VALUES (1440911410581213314, 1440911410581213324);
INSERT INTO `zz_sys_menu_perm_code` VALUES (1440911410581213316, 1440911410581213325);
INSERT INTO `zz_sys_menu_perm_code` VALUES (1440911410581213317, 1440911410581213326);
INSERT INTO `zz_sys_menu_perm_code` VALUES (1440911410581213330, 1440911410581213338);
INSERT INTO `zz_sys_menu_perm_code` VALUES (1440911410581213334, 1440911410581213339);
INSERT INTO `zz_sys_menu_perm_code` VALUES (1440911410581213331, 1440911410581213340);
INSERT INTO `zz_sys_menu_perm_code` VALUES (1440911410581213332, 1440911410581213341);
INSERT INTO `zz_sys_menu_perm_code` VALUES (1440911410581213333, 1440911410581213342);
INSERT INTO `zz_sys_menu_perm_code` VALUES (1440911410581213335, 1440911410581213343);
INSERT INTO `zz_sys_menu_perm_code` VALUES (1440911410581213336, 1440911410581213344);
INSERT INTO `zz_sys_menu_perm_code` VALUES (1440911410581213346, 1440911410581213352);
INSERT INTO `zz_sys_menu_perm_code` VALUES (1440911410581213347, 1440911410581213353);
INSERT INTO `zz_sys_menu_perm_code` VALUES (1440911410581213348, 1440911410581213354);
INSERT INTO `zz_sys_menu_perm_code` VALUES (1440911410581213349, 1440911410581213355);
INSERT INTO `zz_sys_menu_perm_code` VALUES (1440911410581213350, 1440911410581213356);
INSERT INTO `zz_sys_menu_perm_code` VALUES (1440911410581213358, 1440911410581213364);
INSERT INTO `zz_sys_menu_perm_code` VALUES (1440911410581213359, 1440911410581213365);
INSERT INTO `zz_sys_menu_perm_code` VALUES (1440911410581213360, 1440911410581213366);
INSERT INTO `zz_sys_menu_perm_code` VALUES (1440911410581213361, 1440911410581213367);
INSERT INTO `zz_sys_menu_perm_code` VALUES (1440911410581213362, 1440911410581213368);
INSERT INTO `zz_sys_menu_perm_code` VALUES (1440911410581213370, 1440911410581213379);
INSERT INTO `zz_sys_menu_perm_code` VALUES (1440911410581213371, 1440911410581213380);
INSERT INTO `zz_sys_menu_perm_code` VALUES (1440911410581213372, 1440911410581213381);
INSERT INTO `zz_sys_menu_perm_code` VALUES (1440911410581213373, 1440911410581213382);
INSERT INTO `zz_sys_menu_perm_code` VALUES (1440911410581213374, 1440911410581213383);
INSERT INTO `zz_sys_menu_perm_code` VALUES (1440911410581213375, 1440911410581213384);
INSERT INTO `zz_sys_menu_perm_code` VALUES (1440911410581213376, 1440911410581213385);
INSERT INTO `zz_sys_menu_perm_code` VALUES (1440911410581213377, 1440911410581213386);
INSERT INTO `zz_sys_menu_perm_code` VALUES (1401532055971434503, 1440911410581213394);
INSERT INTO `zz_sys_menu_perm_code` VALUES (1440911410581213388, 1440911410581213394);
INSERT INTO `zz_sys_menu_perm_code` VALUES (1401532055971434503, 1440911410581213395);
INSERT INTO `zz_sys_menu_perm_code` VALUES (1440911410581213389, 1440911410581213395);
INSERT INTO `zz_sys_menu_perm_code` VALUES (1401532055971434503, 1440911410581213396);
INSERT INTO `zz_sys_menu_perm_code` VALUES (1440911410581213390, 1440911410581213396);
INSERT INTO `zz_sys_menu_perm_code` VALUES (1401532055971434503, 1440911410581213397);
INSERT INTO `zz_sys_menu_perm_code` VALUES (1440911410581213391, 1440911410581213397);
INSERT INTO `zz_sys_menu_perm_code` VALUES (1401532055971434503, 1440911410581213398);
INSERT INTO `zz_sys_menu_perm_code` VALUES (1440911410581213392, 1440911410581213398);
INSERT INTO `zz_sys_menu_perm_code` VALUES (1440911410581213400, 1440911410581213403);
INSERT INTO `zz_sys_menu_perm_code` VALUES (1440911410581213401, 1440911410581213404);
INSERT INTO `zz_sys_menu_perm_code` VALUES (1440911410581213407, 1440911410581213412);
INSERT INTO `zz_sys_menu_perm_code` VALUES (1440911410581213408, 1440911410581213413);
INSERT INTO `zz_sys_menu_perm_code` VALUES (1440911410581213409, 1440911410581213414);
INSERT INTO `zz_sys_menu_perm_code` VALUES (1440911410581213410, 1440911410581213415);
INSERT INTO `zz_sys_menu_perm_code` VALUES (1440974580402360320, 1440976898661289984);
INSERT INTO `zz_sys_menu_perm_code` VALUES (1440978065088843776, 1440976998183735296);
INSERT INTO `zz_sys_menu_perm_code` VALUES (1440974580402360320, 1440977405874278400);
INSERT INTO `zz_sys_menu_perm_code` VALUES (1440978065088843776, 1440977767599443968);
COMMIT;

-- ----------------------------
-- Table structure for zz_sys_operation_log
-- ----------------------------
DROP TABLE IF EXISTS `zz_sys_operation_log`;
CREATE TABLE `zz_sys_operation_log` (
  `log_id` bigint NOT NULL COMMENT '主键Id',
  `description` varchar(255) CHARACTER SET utf8mb4 COLLATE utf8mb4_bin DEFAULT NULL COMMENT '日志描述',
  `operation_type` int DEFAULT NULL COMMENT '操作类型',
  `service_name` varchar(128) CHARACTER SET utf8mb4 COLLATE utf8mb4_bin DEFAULT NULL COMMENT '接口所在服务名称',
  `api_class` varchar(255) CHARACTER SET utf8mb4 COLLATE utf8mb4_bin DEFAULT NULL COMMENT '调用的controller全类名',
  `api_method` varchar(255) CHARACTER SET utf8mb4 COLLATE utf8mb4_bin DEFAULT NULL COMMENT '调用的controller中的方法',
  `session_id` varchar(255) CHARACTER SET utf8mb4 COLLATE utf8mb4_bin DEFAULT NULL COMMENT '用户会话sessionId',
  `trace_id` char(32) CHARACTER SET utf8mb4 COLLATE utf8mb4_bin DEFAULT NULL COMMENT '每次请求的Id',
  `elapse` int DEFAULT NULL COMMENT '调用时长',
  `request_method` varchar(32) CHARACTER SET utf8mb4 COLLATE utf8mb4_bin DEFAULT NULL COMMENT 'HTTP 请求方法，如GET',
  `request_url` varchar(255) CHARACTER SET utf8mb4 COLLATE utf8mb4_bin DEFAULT NULL COMMENT 'HTTP 请求地址',
  `request_arguments` varchar(2000) CHARACTER SET utf8mb4 COLLATE utf8mb4_bin DEFAULT NULL COMMENT 'controller接口参数',
  `response_result` varchar(2000) CHARACTER SET utf8mb4 COLLATE utf8mb4_bin DEFAULT NULL COMMENT 'controller应答结果',
  `request_ip` varchar(32) CHARACTER SET utf8mb4 COLLATE utf8mb4_bin DEFAULT NULL COMMENT '请求IP',
  `success` bit(1) DEFAULT NULL COMMENT '应答状态',
  `error_msg` varchar(2000) CHARACTER SET utf8mb4 COLLATE utf8mb4_bin DEFAULT NULL COMMENT '错误信息',
  `tenant_id` bigint DEFAULT NULL COMMENT '租户Id',
  `operator_id` bigint DEFAULT NULL COMMENT '操作员Id',
  `operator_name` varchar(255) CHARACTER SET utf8mb4 COLLATE utf8mb4_bin DEFAULT NULL COMMENT '操作员名称',
  `operation_time` datetime DEFAULT NULL COMMENT '操作时间',
  PRIMARY KEY (`log_id`),
  KEY `idx_trace_id_idx` (`trace_id`),
  KEY `idx_operation_type_idx` (`operation_type`),
  KEY `idx_operation_time_idx` (`operation_time`) USING BTREE,
  KEY `idx_success` (`success`) USING BTREE,
  KEY `idx_elapse` (`elapse`) USING BTREE
) ENGINE=InnoDB DEFAULT CHARSET=utf8mb4 COLLATE=utf8mb4_bin COMMENT='系统操作日志表';

-- ----------------------------
-- Records of zz_sys_operation_log
-- ----------------------------
BEGIN;
INSERT INTO `zz_sys_operation_log` VALUES (1458247157554352128, '', 0, 'application-webadmin', 'com.flow.demo.webadmin.upms.controller.LoginController', 'com.flow.demo.webadmin.upms.controller.LoginController.doLogin', 'admin_4_7cf3280458ea4d949ee47ac18a8546e0', '196037ef4bbd4714a49d0d7db19ea444', 454, 'POST', '/admin/upms/login/doLogin', '{\"password\":\"RkbhZenA3W3t299S1i8QYyibTl5SioWZACVbHyWTzURAf6GnpVmXTkzzhQxwzZYJ69X%2FMkRt%2Fo%2B%2BE2msWsRxTr%2FTl7u5dGGKUPJblJtvA1DMOdnSE7Ga4WdJ97TRCU6TQFgQhvkIa%2Bc2CSvBm6ZazFBHqmxenLZyvy3ogA75r5c%3D\",\"loginName\":\"admin\"}', NULL, '10.24.85.30', b'1', NULL, NULL, 1401532052469190656, 'admin', '2021-11-10 09:36:30');
INSERT INTO `zz_sys_operation_log` VALUES (1463782175693344768, '', 0, 'application-webadmin', 'com.flow.demo.webadmin.upms.controller.LoginController', 'com.flow.demo.webadmin.upms.controller.LoginController.doLogin', 'admin_4_3670874fa8cf4470bd5a2e4e42d9d8c4', '7ebd6c3aa2a649d09f991f381555edc3', 417, 'POST', '/admin/upms/login/doLogin', '{\"password\":\"U3DDkKFX%2F%2FwPKF4D%2FObb%2BAgGDJDEbySyrPdsMMkuP7jIFQ7D%2FIcBylsMl4henBk%2FUhNWYrgL7Z%2BzirRsCV6yj9AOFNkNIP0YxBEQQ0qU7vQul2Wc7ynx9VcmdmHrVQQ3Vvc8YXjwcInZ7WGJou86uRzsUkQ7xOfWzKJuXkJiYtk%3D\",\"loginName\":\"admin\"}', NULL, '10.24.85.30', b'1', NULL, NULL, 1401532052469190656, 'admin', '2021-11-25 16:10:41');
INSERT INTO `zz_sys_operation_log` VALUES (1463783350345928704, '', 0, 'application-webadmin', 'com.flow.demo.webadmin.upms.controller.LoginController', 'com.flow.demo.webadmin.upms.controller.LoginController.doLogin', 'admin_4_4febe9ebdff84d4eb365bc649c6c9994', 'ba316285fa1444f8a9c3136d2813daa3', 128, 'POST', '/admin/upms/login/doLogin', '{\"password\":\"Ans1XyFSlDmEC1r3E7LyTVF4IawtvFEeIIH2d%2BStPzpJpPQqnZPBUvyyyEVmx1oyKznWWRUV5ZzOZC%2F2Oi%2F5xrBojygmfEHqFaRieDtWStNk0cKaieCh9cnEjdA28099q2I2h4ZlnrMCHPs%2BpYjaz%2Fhgr6mEFj6Gn2Z%2BZkrbAPY%3D\",\"loginName\":\"admin\"}', NULL, '10.24.85.30', b'1', NULL, NULL, 1440911410581213417, 'admin', '2021-11-25 16:15:21');
INSERT INTO `zz_sys_operation_log` VALUES (1463783705167269888, '', 15, 'application-webadmin', 'com.flow.demo.webadmin.upms.controller.SysMenuController', 'com.flow.demo.webadmin.upms.controller.SysMenuController.update', 'admin_4_4febe9ebdff84d4eb365bc649c6c9994', 'b14a340128474eef8d2c60a61d53258a', 110, 'POST', '/admin/upms/sysMenu/update', '{\"permCodeIdListString\":\"1440976898661289984,1440977405874278400\",\"sysMenuDto\":{\"menuId\":1440974580402360320,\"menuName\":\"请假申请\",\"menuType\":1,\"onlineFlowEntryId\":1450709265869180928,\"onlineFormId\":1440945468593934336,\"parentId\":1440974310754750464,\"showOrder\":1}}', '{\"errorCode\":\"NO-ERROR\",\"errorMessage\":\"NO-MESSAGE\",\"success\":true}', '10.24.85.30', b'1', NULL, NULL, 1440911410581213417, 'admin', '2021-11-25 16:16:46');
INSERT INTO `zz_sys_operation_log` VALUES (1463783727917174784, '', 15, 'application-webadmin', 'com.flow.demo.webadmin.upms.controller.SysMenuController', 'com.flow.demo.webadmin.upms.controller.SysMenuController.update', 'admin_4_4febe9ebdff84d4eb365bc649c6c9994', '8451bed720e349fba91bffcc2c33a8aa', 12, 'POST', '/admin/upms/sysMenu/update', '{\"permCodeIdListString\":\"1440976998183735296,1440977767599443968\",\"sysMenuDto\":{\"menuId\":1440978065088843776,\"menuName\":\"合同工单管理\",\"menuType\":1,\"onlineFlowEntryId\":1450713749735346176,\"onlineFormId\":1440955483438452736,\"parentId\":1440974310754750464,\"showOrder\":2}}', '{\"errorCode\":\"NO-ERROR\",\"errorMessage\":\"NO-MESSAGE\",\"success\":true}', '10.24.85.30', b'1', NULL, NULL, 1440911410581213417, 'admin', '2021-11-25 16:16:51');
INSERT INTO `zz_sys_operation_log` VALUES (1463783926764933120, '', 5, 'application-webadmin', 'com.flow.demo.webadmin.upms.controller.LoginController', 'com.flow.demo.webadmin.upms.controller.LoginController.doLogout', 'admin_4_4febe9ebdff84d4eb365bc649c6c9994', '63d745e86e144120b8536ac5f6fdb6a6', 8, 'POST', '/admin/upms/login/doLogout', '{}', '{\"errorCode\":\"NO-ERROR\",\"errorMessage\":\"NO-MESSAGE\",\"success\":true}', '10.24.85.30', b'1', NULL, NULL, 1440911410581213417, 'admin', '2021-11-25 16:17:39');
INSERT INTO `zz_sys_operation_log` VALUES (1463783932330774528, '', 0, 'application-webadmin', 'com.flow.demo.webadmin.upms.controller.LoginController', 'com.flow.demo.webadmin.upms.controller.LoginController.doLogin', 'admin_4_f89ef1ae80354a7ab8715f3b52908836', '922ad3d5681d494aaf20545a12ea7d0f', 119, 'POST', '/admin/upms/login/doLogin', '{\"password\":\"GHT4aJvoa5Y8muOarh824O23TRNX%2FXJqXkrwluYFbHjiVFSnkA5GWsQM3exU8HojWgyBY%2BsKkzc%2Fi65%2B6e2lWm1Xr38g5xvoqaSEEUHuLQi5h4%2FHToVAb53MbO%2BetqQD8n2j0YrVzdLe3GVM7rb7Yog6cnHamB3ndqq%2BdIqNcx4%3D\",\"loginName\":\"admin\"}', NULL, '10.24.85.30', b'1', NULL, NULL, 1440911410581213417, 'admin', '2021-11-25 16:17:40');
COMMIT;

-- ----------------------------
-- Table structure for zz_sys_perm
-- ----------------------------
DROP TABLE IF EXISTS `zz_sys_perm`;
CREATE TABLE `zz_sys_perm` (
  `perm_id` bigint NOT NULL COMMENT '权限id',
  `module_id` bigint NOT NULL DEFAULT '0' COMMENT '权限所在的权限模块id',
  `perm_name` varchar(64) CHARACTER SET utf8mb4 COLLATE utf8mb4_bin NOT NULL DEFAULT '' COMMENT '权限名称',
  `url` varchar(128) CHARACTER SET utf8mb4 COLLATE utf8mb4_bin NOT NULL DEFAULT '' COMMENT '关联的url',
  `show_order` int NOT NULL DEFAULT '0' COMMENT '权限在当前模块下的顺序，由小到大',
  `create_user_id` bigint NOT NULL COMMENT '创建者Id',
  `create_time` datetime NOT NULL COMMENT '创建时间',
  `update_user_id` bigint NOT NULL COMMENT '更新者Id',
  `update_time` datetime NOT NULL COMMENT '最后更新时间',
  `deleted_flag` int NOT NULL COMMENT '逻辑删除标记(1: 正常 -1: 已删除)',
  PRIMARY KEY (`perm_id`) USING BTREE,
  KEY `idx_show_order` (`show_order`) USING BTREE,
  KEY `idx_module_id` (`module_id`) USING BTREE
) ENGINE=InnoDB DEFAULT CHARSET=utf8mb4 COLLATE=utf8mb4_bin ROW_FORMAT=COMPACT COMMENT='系统权限表';

-- ----------------------------
-- Records of zz_sys_perm
-- ----------------------------
BEGIN;
INSERT INTO `zz_sys_perm` VALUES (1400626748101496832, 1400625224646397952, '显示列表', '/admin/online/onlineDblink/list', 1, 1440911410581213417, '2021-09-23 00:00:00', 1440911410581213417, '2021-09-23 00:00:00', 1);
INSERT INTO `zz_sys_perm` VALUES (1400626963806162944, 1400625224646397952, '数据表列表', '/admin/online/onlineDblink/listDblinkTables', 2, 1440911410581213417, '2021-09-23 00:00:00', 1440911410581213417, '2021-09-23 00:00:00', 1);
INSERT INTO `zz_sys_perm` VALUES (1400627109692444672, 1400625224646397952, '数据表字段列表', '/admin/online/onlineDblink/listDblinkTableColumns', 3, 1440911410581213417, '2021-09-23 00:00:00', 1440911410581213417, '2021-09-23 00:00:00', 1);
INSERT INTO `zz_sys_perm` VALUES (1400632108514283520, 1400625585851469824, '显示列表', '/admin/online/onlineDict/list', 1, 1440911410581213417, '2021-09-23 00:00:00', 1440911410581213417, '2021-09-23 00:00:00', 1);
INSERT INTO `zz_sys_perm` VALUES (1400632216169484288, 1400625585851469824, '详情', '/admin/online/onlineDict/view', 2, 1440911410581213417, '2021-09-23 00:00:00', 1440911410581213417, '2021-09-23 00:00:00', 1);
INSERT INTO `zz_sys_perm` VALUES (1400632326538399744, 1400625585851469824, '新增', '/admin/online/onlineDict/add', 3, 1440911410581213417, '2021-09-23 00:00:00', 1440911410581213417, '2021-09-23 00:00:00', 1);
INSERT INTO `zz_sys_perm` VALUES (1400632438635368448, 1400625585851469824, '编辑', '/admin/online/onlineDict/update', 4, 1440911410581213417, '2021-09-23 00:00:00', 1440911410581213417, '2021-09-23 00:00:00', 1);
INSERT INTO `zz_sys_perm` VALUES (1400632511620452352, 1400625585851469824, '删除', '/admin/online/onlineDict/delete', 5, 1440911410581213417, '2021-09-23 00:00:00', 1440911410581213417, '2021-09-23 00:00:00', 1);
INSERT INTO `zz_sys_perm` VALUES (1400632924021198848, 1400625800033603584, '显示列表', '/admin/online/onlineTable/list', 1, 1440911410581213417, '2021-09-23 00:00:00', 1440911410581213417, '2021-09-23 00:00:00', 1);
INSERT INTO `zz_sys_perm` VALUES (1400632978937221120, 1400625800033603584, '详情', '/admin/online/onlineTable/view', 2, 1440911410581213417, '2021-09-23 00:00:00', 1440911410581213417, '2021-09-23 00:00:00', 1);
INSERT INTO `zz_sys_perm` VALUES (1400633026181861376, 1400625800033603584, '新增', '/admin/online/onlineTable/add', 3, 1440911410581213417, '2021-09-23 00:00:00', 1440911410581213417, '2021-09-23 00:00:00', 1);
INSERT INTO `zz_sys_perm` VALUES (1400633077717274624, 1400625800033603584, '编辑', '/admin/online/onlineTable/update', 4, 1440911410581213417, '2021-09-23 00:00:00', 1440911410581213417, '2021-09-23 00:00:00', 1);
INSERT INTO `zz_sys_perm` VALUES (1400633129688895488, 1400625800033603584, '删除', '/admin/online/onlineTable/delete', 5, 1440911410581213417, '2021-09-23 00:00:00', 1440911410581213417, '2021-09-23 00:00:00', 1);
INSERT INTO `zz_sys_perm` VALUES (1400633375525441536, 1400625906245963776, '显示列表', '/admin/online/onlineColumn/list', 1, 1440911410581213417, '2021-09-23 00:00:00', 1440911410581213417, '2021-09-23 00:00:00', 1);
INSERT INTO `zz_sys_perm` VALUES (1400633437093629952, 1400625906245963776, '详情', '/admin/online/onlineColumn/view', 2, 1440911410581213417, '2021-09-23 00:00:00', 1440911410581213417, '2021-09-23 00:00:00', 1);
INSERT INTO `zz_sys_perm` VALUES (1400633529678696448, 1400625906245963776, '新增', '/admin/online/onlineColumn/add', 3, 1440911410581213417, '2021-09-23 00:00:00', 1440911410581213417, '2021-09-23 00:00:00', 1);
INSERT INTO `zz_sys_perm` VALUES (1400633568027217920, 1400625906245963776, '编辑', '/admin/online/onlineColumn/update', 4, 1440911410581213417, '2021-09-23 00:00:00', 1440911410581213417, '2021-09-23 00:00:00', 1);
INSERT INTO `zz_sys_perm` VALUES (1400633612201627648, 1400625906245963776, '删除', '/admin/online/onlineColumn/delete', 5, 1440911410581213417, '2021-09-23 00:00:00', 1440911410581213417, '2021-09-23 00:00:00', 1);
INSERT INTO `zz_sys_perm` VALUES (1400633713376628736, 1400625906245963776, '刷新字段', '/admin/online/onlineColumn/refresh', 6, 1440911410581213417, '2021-09-23 00:00:00', 1440911410581213417, '2021-09-23 00:00:00', 1);
INSERT INTO `zz_sys_perm` VALUES (1400633798403559424, 1400625906245963776, '字段验证规则列表', '/admin/online/onlineColumn/listOnlineColumnRule', 7, 1440911410581213417, '2021-09-23 00:00:00', 1440911410581213417, '2021-09-23 00:00:00', 1);
INSERT INTO `zz_sys_perm` VALUES (1400633922085195776, 1400625906245963776, '未使用字段验证规则列表', '/admin/online/onlineColumn/listNotInOnlineColumnRule', 8, 1440911410581213417, '2021-09-23 00:00:00', 1440911410581213417, '2021-09-23 00:00:00', 1);
INSERT INTO `zz_sys_perm` VALUES (1400634012745076736, 1400625906245963776, '添加字段验证规则', '/admin/online/onlineColumn/addOnlineColumnRule', 9, 1440911410581213417, '2021-09-23 00:00:00', 1440911410581213417, '2021-09-23 00:00:00', 1);
INSERT INTO `zz_sys_perm` VALUES (1400634100498305024, 1400625906245963776, '删除字段验证规则', '/admin/online/onlineColumn/deleteOnlineColumnRule', 10, 1440911410581213417, '2021-09-23 00:00:00', 1440911410581213417, '2021-09-23 00:00:00', 1);
INSERT INTO `zz_sys_perm` VALUES (1400634280308117504, 1400625906245963776, '编辑字段验证规则', '/admin/online/onlineColumn/updateOnlineColumnRule', 11, 1440911410581213417, '2021-09-23 00:00:00', 1440911410581213417, '2021-09-23 00:00:00', 1);
INSERT INTO `zz_sys_perm` VALUES (1400634354593435648, 1400625906245963776, '字段验证规则详情', '/admin/online/onlineColumn/viewOnlineColumnRule', 12, 1440911410581213417, '2021-09-23 00:00:00', 1440911410581213417, '2021-09-23 00:00:00', 1);
INSERT INTO `zz_sys_perm` VALUES (1400634559896227840, 1400626018774945792, '显示列表', '/admin/online/onlineRule/list', 1, 1440911410581213417, '2021-09-23 00:00:00', 1440911410581213417, '2021-09-23 00:00:00', 1);
INSERT INTO `zz_sys_perm` VALUES (1400634613151305728, 1400626018774945792, '详情', '/admin/online/onlineRule/view', 2, 1440911410581213417, '2021-09-23 00:00:00', 1440911410581213417, '2021-09-23 00:00:00', 1);
INSERT INTO `zz_sys_perm` VALUES (1400634651944423424, 1400626018774945792, '新增', '/admin/online/onlineRule/add', 3, 1440911410581213417, '2021-09-23 00:00:00', 1440911410581213417, '2021-09-23 00:00:00', 1);
INSERT INTO `zz_sys_perm` VALUES (1400634693472227328, 1400626018774945792, '编辑', '/admin/online/onlineRule/update', 4, 1440911410581213417, '2021-09-23 00:00:00', 1440911410581213417, '2021-09-23 00:00:00', 1);
INSERT INTO `zz_sys_perm` VALUES (1400634735549485056, 1400626018774945792, '删除', '/admin/online/onlineRule/delete', 5, 1440911410581213417, '2021-09-23 00:00:00', 1440911410581213417, '2021-09-23 00:00:00', 1);
INSERT INTO `zz_sys_perm` VALUES (1400635131969933312, 1400625338886656000, '显示列表', '/admin/online/onlinePage/list', 1, 1440911410581213417, '2021-09-23 00:00:00', 1440911410581213417, '2021-09-23 00:00:00', 1);
INSERT INTO `zz_sys_perm` VALUES (1400635267726970880, 1400625338886656000, '页面以及表单列表', '/admin/online/onlinePage/listAllPageAndForm', 2, 1440911410581213417, '2021-09-23 00:00:00', 1440911410581213417, '2021-09-23 00:00:00', 1);
INSERT INTO `zz_sys_perm` VALUES (1400635341274091520, 1400625338886656000, '详情', '/admin/online/onlinePage/view', 3, 1440911410581213417, '2021-09-23 00:00:00', 1440911410581213417, '2021-09-23 00:00:00', 1);
INSERT INTO `zz_sys_perm` VALUES (1400635378506928128, 1400625338886656000, '新增', '/admin/online/onlinePage/add', 4, 1440911410581213417, '2021-09-23 00:00:00', 1440911410581213417, '2021-09-23 00:00:00', 1);
INSERT INTO `zz_sys_perm` VALUES (1400635426808532992, 1400625338886656000, '编辑', '/admin/online/onlinePage/update', 5, 1440911410581213417, '2021-09-23 00:00:00', 1440911410581213417, '2021-09-23 00:00:00', 1);
INSERT INTO `zz_sys_perm` VALUES (1400635527698321408, 1400625338886656000, '更新启用状态', '/admin/online/onlinePage/updatePublished', 6, 1440911410581213417, '2021-09-23 00:00:00', 1440911410581213417, '2021-09-23 00:00:00', 1);
INSERT INTO `zz_sys_perm` VALUES (1400635581532213248, 1400625338886656000, '删除', '/admin/online/onlinePage/delete', 7, 1440911410581213417, '2021-09-23 00:00:00', 1440911410581213417, '2021-09-23 00:00:00', 1);
INSERT INTO `zz_sys_perm` VALUES (1400635661106548736, 1400625338886656000, '页面数据源列表', '/admin/online/onlinePage/listOnlinePageDatasource', 8, 1440911410581213417, '2021-09-23 00:00:00', 1440911410581213417, '2021-09-23 00:00:00', 1);
INSERT INTO `zz_sys_perm` VALUES (1400635757332271104, 1400625338886656000, '未使用页面数据源列表', '/admin/online/onlinePage/listNotInOnlinePageDatasource', 9, 1440911410581213417, '2021-09-23 00:00:00', 1440911410581213417, '2021-09-23 00:00:00', 1);
INSERT INTO `zz_sys_perm` VALUES (1400635827347787776, 1400625338886656000, '添加页面数据源', '/admin/online/onlinePage/addOnlinePageDatasource', 10, 1440911410581213417, '2021-09-23 00:00:00', 1440911410581213417, '2021-09-23 00:00:00', 1);
INSERT INTO `zz_sys_perm` VALUES (1400635896461529088, 1400625338886656000, '删除页面数据源', '/admin/online/onlinePage/deleteOnlinePageDatasource', 11, 1440911410581213417, '2021-09-23 00:00:00', 1440911410581213417, '2021-09-23 00:00:00', 1);
INSERT INTO `zz_sys_perm` VALUES (1400635963469729792, 1400625338886656000, '编辑页面数据源', '/admin/online/onlinePage/updateOnlinePageDatasource', 12, 1440911410581213417, '2021-09-23 00:00:00', 1440911410581213417, '2021-09-23 00:00:00', 1);
INSERT INTO `zz_sys_perm` VALUES (1400636031752998912, 1400625338886656000, '页面数据源详情', '/admin/online/onlinePage/viewOnlinePageDatasource', 13, 1440911410581213417, '2021-09-23 00:00:00', 1440911410581213417, '2021-09-23 00:00:00', 1);
INSERT INTO `zz_sys_perm` VALUES (1400636182936686592, 1400626192725315584, '显示列表', '/admin/online/onlineDatasource/list', 1, 1440911410581213417, '2021-09-23 00:00:00', 1440911410581213417, '2021-09-23 00:00:00', 1);
INSERT INTO `zz_sys_perm` VALUES (1400636217728438272, 1400626192725315584, '详情', '/admin/online/onlineDatasource/view', 2, 1440911410581213417, '2021-09-23 00:00:00', 1440911410581213417, '2021-09-23 00:00:00', 1);
INSERT INTO `zz_sys_perm` VALUES (1400636258107002880, 1400626192725315584, '新增', '/admin/online/onlineDatasource/add', 3, 1440911410581213417, '2021-09-23 00:00:00', 1440911410581213417, '2021-09-23 00:00:00', 1);
INSERT INTO `zz_sys_perm` VALUES (1400636301480300544, 1400626192725315584, '编辑', '/admin/online/onlineDatasource/update', 4, 1440911410581213417, '2021-09-23 00:00:00', 1440911410581213417, '2021-09-23 00:00:00', 1);
INSERT INTO `zz_sys_perm` VALUES (1400636338838966272, 1400626192725315584, '删除', '/admin/online/onlineDatasource/delete', 5, 1440911410581213417, '2021-09-23 00:00:00', 1440911410581213417, '2021-09-23 00:00:00', 1);
INSERT INTO `zz_sys_perm` VALUES (1400636501900922880, 1400626237478539264, '显示列表', '/admin/online/onlineDatasourceRelation/list', 1, 1440911410581213417, '2021-09-23 00:00:00', 1440911410581213417, '2021-09-23 00:00:00', 1);
INSERT INTO `zz_sys_perm` VALUES (1400636535371468800, 1400626237478539264, '详情', '/admin/online/onlineDatasourceRelation/view', 2, 1440911410581213417, '2021-09-23 00:00:00', 1440911410581213417, '2021-09-23 00:00:00', 1);
INSERT INTO `zz_sys_perm` VALUES (1400636571165659136, 1400626237478539264, '新增', '/admin/online/onlineDatasourceRelation/add', 3, 1440911410581213417, '2021-09-23 00:00:00', 1440911410581213417, '2021-09-23 00:00:00', 1);
INSERT INTO `zz_sys_perm` VALUES (1400636610403373056, 1400626237478539264, '编辑', '/admin/online/onlineDatasourceRelation/update', 4, 1440911410581213417, '2021-09-23 00:00:00', 1440911410581213417, '2021-09-23 00:00:00', 1);
INSERT INTO `zz_sys_perm` VALUES (1400636656679129088, 1400626237478539264, '删除', '/admin/online/onlineDatasourceRelation/delete', 5, 1440911410581213417, '2021-09-23 00:00:00', 1440911410581213417, '2021-09-23 00:00:00', 1);
INSERT INTO `zz_sys_perm` VALUES (1400637740705386496, 1400626463740268544, '显示列表', '/admin/online/onlineForm/list', 1, 1440911410581213417, '2021-09-23 00:00:00', 1440911410581213417, '2021-09-23 00:00:00', 1);
INSERT INTO `zz_sys_perm` VALUES (1400637775962705920, 1400626463740268544, '详情', '/admin/online/onlineForm/view', 2, 1440911410581213417, '2021-09-23 00:00:00', 1440911410581213417, '2021-09-23 00:00:00', 1);
INSERT INTO `zz_sys_perm` VALUES (1400637822737584128, 1400626463740268544, '新增', '/admin/online/onlineForm/add', 3, 1440911410581213417, '2021-09-23 00:00:00', 1440911410581213417, '2021-09-23 00:00:00', 1);
INSERT INTO `zz_sys_perm` VALUES (1400637858414333952, 1400626463740268544, '编辑', '/admin/online/onlineForm/update', 4, 1440911410581213417, '2021-09-23 00:00:00', 1440911410581213417, '2021-09-23 00:00:00', 1);
INSERT INTO `zz_sys_perm` VALUES (1400637895328403456, 1400626463740268544, '删除', '/admin/online/onlineForm/delete', 5, 1440911410581213417, '2021-09-23 00:00:00', 1440911410581213417, '2021-09-23 00:00:00', 1);
INSERT INTO `zz_sys_perm` VALUES (1400637970863624192, 1400626463740268544, '渲染信息', '/admin/online/onlineForm/render', 6, 1440911410581213417, '2021-09-23 00:00:00', 1440911410581213417, '2021-09-23 00:00:00', 1);
INSERT INTO `zz_sys_perm` VALUES (1413405061278601216, 1413404952566435840, '显示列表', '/admin/online/onlineVirtualColumn/list', 1, 1440911410581213417, '2021-09-23 00:00:00', 1440911410581213417, '2021-09-23 00:00:00', 1);
INSERT INTO `zz_sys_perm` VALUES (1413405166471745536, 1413404952566435840, '详情', '/admin/online/onlineVirtualColumn/view', 2, 1440911410581213417, '2021-09-23 00:00:00', 1440911410581213417, '2021-09-23 00:00:00', 1);
INSERT INTO `zz_sys_perm` VALUES (1413405224021790720, 1413404952566435840, '新增', '/admin/online/onlineVirtualColumn/add', 3, 1440911410581213417, '2021-09-23 00:00:00', 1440911410581213417, '2021-09-23 00:00:00', 1);
INSERT INTO `zz_sys_perm` VALUES (1413405313788284928, 1413404952566435840, '编辑', '/admin/online/onlineVirtualColumn/update', 4, 1440911410581213417, '2021-09-23 00:00:00', 1440911410581213417, '2021-09-23 00:00:00', 1);
INSERT INTO `zz_sys_perm` VALUES (1413405352866615296, 1413404952566435840, '删除', '/admin/online/onlineVirtualColumn/delete', 5, 1440911410581213417, '2021-09-23 00:00:00', 1440911410581213417, '2021-09-23 00:00:00', 1);
INSERT INTO `zz_sys_perm` VALUES (1418030338508066816, 1418029566533832704, '显示列表', '/admin/flow/flowCategory/list', 1, 1440911410581213417, '2021-09-23 00:00:00', 1440911410581213417, '2021-09-23 00:00:00', 1);
INSERT INTO `zz_sys_perm` VALUES (1418030386436378624, 1418029566533832704, '新增', '/admin/flow/flowCategory/add', 2, 1440911410581213417, '2021-09-23 00:00:00', 1440911410581213417, '2021-09-23 00:00:00', 1);
INSERT INTO `zz_sys_perm` VALUES (1418030437971791872, 1418029566533832704, '编辑', '/admin/flow/flowCategory/update', 3, 1440911410581213417, '2021-09-23 00:00:00', 1440911410581213417, '2021-09-23 00:00:00', 1);
INSERT INTO `zz_sys_perm` VALUES (1418030477918343168, 1418029566533832704, '删除', '/admin/flow/flowCategory/delete', 4, 1440911410581213417, '2021-09-23 00:00:00', 1440911410581213417, '2021-09-23 00:00:00', 1);
INSERT INTO `zz_sys_perm` VALUES (1418030533757112320, 1418029566533832704, '详情', '/admin/flow/flowCategory/view', 5, 1440911410581213417, '2021-09-23 00:00:00', 1440911410581213417, '2021-09-23 00:00:00', 1);
INSERT INTO `zz_sys_perm` VALUES (1418031006660694016, 1418029615040958464, '显示列表', '/admin/flow/flowEntry/list', 1, 1440911410581213417, '2021-09-23 00:00:00', 1440911410581213417, '2021-09-23 00:00:00', 1);
INSERT INTO `zz_sys_perm` VALUES (1418031078391681024, 1418029615040958464, '新增', '/admin/flow/flowEntry/add', 2, 1440911410581213417, '2021-09-23 00:00:00', 1440911410581213417, '2021-09-23 00:00:00', 1);
INSERT INTO `zz_sys_perm` VALUES (1418031120481521664, 1418029615040958464, '编辑', '/admin/flow/flowEntry/update', 3, 1440911410581213417, '2021-09-23 00:00:00', 1440911410581213417, '2021-09-23 00:00:00', 1);
INSERT INTO `zz_sys_perm` VALUES (1418031174604820480, 1418029615040958464, '删除', '/admin/flow/flowEntry/delete', 4, 1440911410581213417, '2021-09-23 00:00:00', 1440911410581213417, '2021-09-23 00:00:00', 1);
INSERT INTO `zz_sys_perm` VALUES (1418031219706171392, 1418029615040958464, '详情', '/admin/flow/flowEntry/view', 5, 1440911410581213417, '2021-09-23 00:00:00', 1440911410581213417, '2021-09-23 00:00:00', 1);
INSERT INTO `zz_sys_perm` VALUES (1418031304779239424, 1418029615040958464, '发布', '/admin/flow/flowEntry/publish', 6, 1440911410581213417, '2021-09-23 00:00:00', 1440911410581213417, '2021-09-23 00:00:00', 1);
INSERT INTO `zz_sys_perm` VALUES (1418031515207471104, 1418029615040958464, '流程版本列表', '/admin/flow/flowEntry/listFlowEntryPublish', 7, 1440911410581213417, '2021-09-23 00:00:00', 1440911410581213417, '2021-09-23 00:00:00', 1);
INSERT INTO `zz_sys_perm` VALUES (1418031648351457280, 1418029615040958464, '设置主版本', '/admin/flow/flowEntry/updateMainVersion', 8, 1440911410581213417, '2021-09-23 00:00:00', 1440911410581213417, '2021-09-23 00:00:00', 1);
INSERT INTO `zz_sys_perm` VALUES (1418031712788549632, 1418029615040958464, '挂起', '/admin/flow/flowEntry/suspendFlowEntryPublish', 9, 1440911410581213417, '2021-09-23 00:00:00', 1440911410581213417, '2021-09-23 00:00:00', 1);
INSERT INTO `zz_sys_perm` VALUES (1418031801271586816, 1418029615040958464, '激活', '/admin/flow/flowEntry/activateFlowEntryPublish', 10, 1440911410581213417, '2021-09-23 00:00:00', 1440911410581213417, '2021-09-23 00:00:00', 1);
INSERT INTO `zz_sys_perm` VALUES (1418032222232907776, 1418031999276290048, '显示列表', '/admin/flow/flowEntryVariable/list', 1, 1440911410581213417, '2021-09-23 00:00:00', 1440911410581213417, '2021-09-23 00:00:00', 1);
INSERT INTO `zz_sys_perm` VALUES (1418032258429751296, 1418031999276290048, '新增', '/admin/flow/flowEntryVariable/add', 2, 1440911410581213417, '2021-09-23 00:00:00', 1440911410581213417, '2021-09-23 00:00:00', 1);
INSERT INTO `zz_sys_perm` VALUES (1418032300414734336, 1418031999276290048, '编辑', '/admin/flow/flowEntryVariable/update', 3, 1440911410581213417, '2021-09-23 00:00:00', 1440911410581213417, '2021-09-23 00:00:00', 1);
INSERT INTO `zz_sys_perm` VALUES (1418032344064856064, 1418031999276290048, '删除', '/admin/flow/flowEntryVariable/delete', 4, 1440911410581213417, '2021-09-23 00:00:00', 1440911410581213417, '2021-09-23 00:00:00', 1);
INSERT INTO `zz_sys_perm` VALUES (1418032382409183232, 1418031999276290048, '详情', '/admin/flow/flowEntryVariable/view', 5, 1440911410581213417, '2021-09-23 00:00:00', 1440911410581213417, '2021-09-23 00:00:00', 1);
INSERT INTO `zz_sys_perm` VALUES (1418033804987076608, 1418030256765276160, '流程实例列表', '/admin/flow/flowOperation/listAllHistoricProcessInstance', 1, 1440911410581213417, '2021-09-23 00:00:00', 1440911410581213417, '2021-09-23 00:00:00', 1);
INSERT INTO `zz_sys_perm` VALUES (1418033889183535104, 1418030256765276160, '我的历史流程', '/admin/flow/flowOperation/listHistoricProcessInstance', 2, 1440911410581213417, '2021-09-23 00:00:00', 1440911410581213417, '2021-09-23 00:00:00', 1);
INSERT INTO `zz_sys_perm` VALUES (1418034243434450944, 1418030256765276160, '历史流程数据', '/admin/flow/flowOnlineOperation/viewHistoricProcessInstance', 3, 1440911410581213417, '2021-09-23 00:00:00', 1440911410581213417, '2021-09-23 00:00:00', 1);
INSERT INTO `zz_sys_perm` VALUES (1418035997727264768, 1418030256765276160, '历史流程信息', '/admin/flow/flowOperation/viewInitialHistoricTaskInfo', 4, 1440911410581213417, '2021-09-23 00:00:00', 1440911410581213417, '2021-09-23 00:00:00', 1);
INSERT INTO `zz_sys_perm` VALUES (1418040510253109248, 1418030256765276160, '终止流程', '/admin/flow/flowOperation/stopProcessInstance', 5, 1440911410581213417, '2021-09-23 00:00:00', 1440911410581213417, '2021-09-23 00:00:00', 1);
INSERT INTO `zz_sys_perm` VALUES (1418040574245605376, 1418030256765276160, '删除流程', '/admin/flow/flowOperation/deleteProcessInstance', 6, 1440911410581213417, '2021-09-23 00:00:00', 1440911410581213417, '2021-09-23 00:00:00', 1);
INSERT INTO `zz_sys_perm` VALUES (1418051334564745216, 1418051228918616064, '仅启动流程', '/admin/flow/flowOperation/startOnly', 1, 1440911410581213417, '2021-09-23 00:00:00', 1440911410581213417, '2021-09-23 00:00:00', 1);
INSERT INTO `zz_sys_perm` VALUES (1418051485324808192, 1418051228918616064, '获取启动信息', '/admin/flow/flowOperation/viewInitialTaskInfo', 2, 1440911410581213417, '2021-09-23 00:00:00', 1440911410581213417, '2021-09-23 00:00:00', 1);
INSERT INTO `zz_sys_perm` VALUES (1418051693639110656, 1418051634793025536, '流程审批', '/admin/flow/flowOperation/viewRuntimeTaskInfo', 1, 1440911410581213417, '2021-09-23 00:00:00', 1440911410581213417, '2021-09-23 00:00:00', 1);
INSERT INTO `zz_sys_perm` VALUES (1418054128097038336, 1418051634793025536, '在办流程数据', '/admin/flow/flowOnlineOperation/viewUserTask', 2, 1440911410581213417, '2021-09-23 00:00:00', 1440911410581213417, '2021-09-23 00:00:00', 1);
INSERT INTO `zz_sys_perm` VALUES (1418054519798894592, 1418054414190514176, '获取流程图', '/admin/flow/flowOperation/viewProcessBpmn', 1, 1440911410581213417, '2021-09-23 00:00:00', 1440911410581213417, '2021-09-23 00:00:00', 1);
INSERT INTO `zz_sys_perm` VALUES (1418054618176294912, 1418054414190514176, '审批历史记录列表', '/admin/flow/flowOperation/listFlowTaskComment', 2, 1440911410581213417, '2021-09-23 00:00:00', 1440911410581213417, '2021-09-23 00:00:00', 1);
INSERT INTO `zz_sys_perm` VALUES (1418054792965525504, 1418054414190514176, '流程审批状态', '/admin/flow/flowOperation/viewHighlightFlowData', 3, 1440911410581213417, '2021-09-23 00:00:00', 1440911410581213417, '2021-09-23 00:00:00', 1);
INSERT INTO `zz_sys_perm` VALUES (1418055060981551104, 1418051634793025536, '提交审批数据', '/admin/flow/flowOnlineOperation/submitUserTask', 3, 1440911410581213417, '2021-09-23 00:00:00', 1440911410581213417, '2021-09-23 00:00:00', 1);
INSERT INTO `zz_sys_perm` VALUES (1418056212146032640, 1418051634793025536, '待办任务列表', '/admin/flow/flowOperation/listRuntimeTask', 4, 1440911410581213417, '2021-09-23 00:00:00', 1440911410581213417, '2021-09-23 00:00:00', 1);
INSERT INTO `zz_sys_perm` VALUES (1418056212146032641, 1418051634793025536, '待办任务数量', '/admin/flow/flowOperation/countRuntimeTask', 5, 1440911410581213417, '2021-09-23 00:00:00', 1440911410581213417, '2021-09-23 00:00:00', 1);
INSERT INTO `zz_sys_perm` VALUES (1418079603167072256, 1418054414190514176, '文件上传', '/admin/flow/flowOnlineOperation/upload', 4, 1440911410581213417, '2021-09-23 00:00:00', 1440911410581213417, '2021-09-23 00:00:00', 1);
INSERT INTO `zz_sys_perm` VALUES (1418079670594703360, 1418054414190514176, '文件下载', '/admin/flow/flowOnlineOperation/download', 5, 1440911410581213417, '2021-09-23 00:00:00', 1440911410581213417, '2021-09-23 00:00:00', 1);
INSERT INTO `zz_sys_perm` VALUES (1423635764486344704, 1423635643371622400, '已办任务列表', '/admin/flow/flowOperation/listHistoricTask', 1, 1440911410581213417, '2021-09-23 00:00:00', 1440911410581213417, '2021-09-23 00:00:00', 1);
INSERT INTO `zz_sys_perm` VALUES (1423635851312631808, 1423635643371622400, '已办任务信息', '/admin/flow/flowOperation/viewHistoricTaskInfo', 2, 1440911410581213417, '2021-09-23 00:00:00', 1440911410581213417, '2021-09-23 00:00:00', 1);
INSERT INTO `zz_sys_perm` VALUES (1423636091033882624, 1423635643371622400, '加签', '/admin/flow/flowOperation/submitConsign', 3, 1440911410581213417, '2021-09-23 00:00:00', 1440911410581213417, '2021-09-23 00:00:00', 1);
INSERT INTO `zz_sys_perm` VALUES (1423984506028691456, 1418030256765276160, '撤销工单', '/admin/flow/flowOperation/cancelWorkOrder', 7, 1440911410581213417, '2021-09-23 00:00:00', 1440911410581213417, '2021-09-23 00:00:00', 1);
INSERT INTO `zz_sys_perm` VALUES (1440911410581213185, 1440911410581213184, '新增', '/admin/upms/sysDept/add', 1, 1440911410581213417, '2021-09-23 00:00:00', 1440911410581213417, '2021-09-23 00:00:00', 1);
INSERT INTO `zz_sys_perm` VALUES (1440911410581213186, 1440911410581213184, '编辑', '/admin/upms/sysDept/update', 2, 1440911410581213417, '2021-09-23 00:00:00', 1440911410581213417, '2021-09-23 00:00:00', 1);
INSERT INTO `zz_sys_perm` VALUES (1440911410581213187, 1440911410581213184, '删除', '/admin/upms/sysDept/delete', 3, 1440911410581213417, '2021-09-23 00:00:00', 1440911410581213417, '2021-09-23 00:00:00', 1);
INSERT INTO `zz_sys_perm` VALUES (1440911410581213188, 1440911410581213184, '显示列表', '/admin/upms/sysDept/list', 4, 1440911410581213417, '2021-09-23 00:00:00', 1440911410581213417, '2021-09-23 00:00:00', 1);
INSERT INTO `zz_sys_perm` VALUES (1440911410581213189, 1440911410581213184, '导出', '/admin/upms/sysDept/export', 5, 1440911410581213417, '2021-09-23 00:00:00', 1440911410581213417, '2021-09-23 00:00:00', 1);
INSERT INTO `zz_sys_perm` VALUES (1440911410581213190, 1440911410581213184, '详情', '/admin/upms/sysDept/view', 6, 1440911410581213417, '2021-09-23 00:00:00', 1440911410581213417, '2021-09-23 00:00:00', 1);
INSERT INTO `zz_sys_perm` VALUES (1440911410581213191, 1440911410581213184, '打印', '/admin/upms/sysDept/print', 7, 1440911410581213417, '2021-09-23 00:00:00', 1440911410581213417, '2021-09-23 00:00:00', 1);
INSERT INTO `zz_sys_perm` VALUES (1440911410581213192, 1440911410581213184, '新增部门岗位', '/admin/upms/sysDept/addSysDeptPost', 8, 1440911410581213417, '2021-09-23 00:00:00', 1440911410581213417, '2021-09-23 00:00:00', 1);
INSERT INTO `zz_sys_perm` VALUES (1440911410581213193, 1440911410581213184, '编辑部门岗位', '/admin/upms/sysDept/updateSysDeptPost', 9, 1440911410581213417, '2021-09-23 00:00:00', 1440911410581213417, '2021-09-23 00:00:00', 1);
INSERT INTO `zz_sys_perm` VALUES (1440911410581213194, 1440911410581213184, '移除部门岗位', '/admin/upms/sysDept/deleteSysDeptPost', 10, 1440911410581213417, '2021-09-23 00:00:00', 1440911410581213417, '2021-09-23 00:00:00', 1);
INSERT INTO `zz_sys_perm` VALUES (1440911410581213195, 1440911410581213184, '列表显示部门岗位', '/admin/upms/sysDept/listSysDeptPost', 11, 1440911410581213417, '2021-09-23 00:00:00', 1440911410581213417, '2021-09-23 00:00:00', 1);
INSERT INTO `zz_sys_perm` VALUES (1440911410581213196, 1440911410581213184, '列表显示未关联部门岗位', '/admin/upms/sysDept/listNotInSysDeptPost', 12, 1440911410581213417, '2021-09-23 00:00:00', 1440911410581213417, '2021-09-23 00:00:00', 1);
INSERT INTO `zz_sys_perm` VALUES (1440911410581213197, 1440911410581213184, '详情显示部门岗位', '/admin/upms/sysDept/viewSysDeptPost', 13, 1440911410581213417, '2021-09-23 00:00:00', 1440911410581213417, '2021-09-23 00:00:00', 1);
INSERT INTO `zz_sys_perm` VALUES (1440911410581213199, 1440911410581213198, '新增', '/admin/upms/sysUser/add', 1, 1440911410581213417, '2021-09-23 00:00:00', 1440911410581213417, '2021-09-23 00:00:00', 1);
INSERT INTO `zz_sys_perm` VALUES (1440911410581213200, 1440911410581213198, '编辑', '/admin/upms/sysUser/update', 2, 1440911410581213417, '2021-09-23 00:00:00', 1440911410581213417, '2021-09-23 00:00:00', 1);
INSERT INTO `zz_sys_perm` VALUES (1440911410581213201, 1440911410581213198, '删除', '/admin/upms/sysUser/delete', 3, 1440911410581213417, '2021-09-23 00:00:00', 1440911410581213417, '2021-09-23 00:00:00', 1);
INSERT INTO `zz_sys_perm` VALUES (1440911410581213202, 1440911410581213198, '显示列表', '/admin/upms/sysUser/list', 4, 1440911410581213417, '2021-09-23 00:00:00', 1440911410581213417, '2021-09-23 00:00:00', 1);
INSERT INTO `zz_sys_perm` VALUES (1440911410581213203, 1440911410581213198, '导出', '/admin/upms/sysUser/export', 5, 1440911410581213417, '2021-09-23 00:00:00', 1440911410581213417, '2021-09-23 00:00:00', 1);
INSERT INTO `zz_sys_perm` VALUES (1440911410581213204, 1440911410581213198, '详情', '/admin/upms/sysUser/view', 6, 1440911410581213417, '2021-09-23 00:00:00', 1440911410581213417, '2021-09-23 00:00:00', 1);
INSERT INTO `zz_sys_perm` VALUES (1440911410581213205, 1440911410581213198, '打印', '/admin/upms/sysUser/print', 7, 1440911410581213417, '2021-09-23 00:00:00', 1440911410581213417, '2021-09-23 00:00:00', 1);
INSERT INTO `zz_sys_perm` VALUES (1440911410581213206, 1440911410581213198, '重置密码', '/admin/upms/sysUser/resetPassword', 8, 1440911410581213417, '2021-09-23 00:00:00', 1440911410581213417, '2021-09-23 00:00:00', 1);
INSERT INTO `zz_sys_perm` VALUES (1440911410581213207, 1440911410581213198, '用户权限资源分配详情', '/admin/upms/sysUser/listSysPermWithDetail', 9, 1440911410581213417, '2021-09-23 00:00:00', 1440911410581213417, '2021-09-23 00:00:00', 1);
INSERT INTO `zz_sys_perm` VALUES (1440911410581213208, 1440911410581213198, '用户权限字分配详情', '/admin/upms/sysUser/listSysPermCodeWithDetail', 10, 1440911410581213417, '2021-09-23 00:00:00', 1440911410581213417, '2021-09-23 00:00:00', 1);
INSERT INTO `zz_sys_perm` VALUES (1440911410581213209, 1440911410581213198, '用户菜单分配详情', '/admin/upms/sysUser/listSysMenuWithDetail', 11, 1440911410581213417, '2021-09-23 00:00:00', 1440911410581213417, '2021-09-23 00:00:00', 1);
INSERT INTO `zz_sys_perm` VALUES (1440911410581213211, 1440911410581213210, '新增', '/admin/upms/sysRole/add', 1, 1440911410581213417, '2021-09-23 00:00:00', 1440911410581213417, '2021-09-23 00:00:00', 1);
INSERT INTO `zz_sys_perm` VALUES (1440911410581213212, 1440911410581213210, '编辑', '/admin/upms/sysRole/update', 2, 1440911410581213417, '2021-09-23 00:00:00', 1440911410581213417, '2021-09-23 00:00:00', 1);
INSERT INTO `zz_sys_perm` VALUES (1440911410581213213, 1440911410581213210, '删除', '/admin/upms/sysRole/delete', 3, 1440911410581213417, '2021-09-23 00:00:00', 1440911410581213417, '2021-09-23 00:00:00', 1);
INSERT INTO `zz_sys_perm` VALUES (1440911410581213214, 1440911410581213210, '显示列表', '/admin/upms/sysRole/list', 4, 1440911410581213417, '2021-09-23 00:00:00', 1440911410581213417, '2021-09-23 00:00:00', 1);
INSERT INTO `zz_sys_perm` VALUES (1440911410581213215, 1440911410581213210, '详情', '/admin/upms/sysRole/view', 5, 1440911410581213417, '2021-09-23 00:00:00', 1440911410581213417, '2021-09-23 00:00:00', 1);
INSERT INTO `zz_sys_perm` VALUES (1440911410581213216, 1440911410581213210, '授权用户', '/admin/upms/sysRole/addUserRole', 6, 1440911410581213417, '2021-09-23 00:00:00', 1440911410581213417, '2021-09-23 00:00:00', 1);
INSERT INTO `zz_sys_perm` VALUES (1440911410581213217, 1440911410581213210, '移除用户', '/admin/upms/sysRole/deleteUserRole', 7, 1440911410581213417, '2021-09-23 00:00:00', 1440911410581213417, '2021-09-23 00:00:00', 1);
INSERT INTO `zz_sys_perm` VALUES (1440911410581213218, 1440911410581213210, '角色用户列表', '/admin/upms/sysRole/listUserRole', 8, 1440911410581213417, '2021-09-23 00:00:00', 1440911410581213417, '2021-09-23 00:00:00', 1);
INSERT INTO `zz_sys_perm` VALUES (1440911410581213219, 1440911410581213210, '角色未添加用户列表', '/admin/upms/sysRole/listNotInUserRole', 9, 1440911410581213417, '2021-09-23 00:00:00', 1440911410581213417, '2021-09-23 00:00:00', 1);
INSERT INTO `zz_sys_perm` VALUES (1440911410581213220, 1440911410581213210, '角色权限资源分配详情', '/admin/upms/sysRole/listSysPermWithDetail', 10, 1440911410581213417, '2021-09-23 00:00:00', 1440911410581213417, '2021-09-23 00:00:00', 1);
INSERT INTO `zz_sys_perm` VALUES (1440911410581213221, 1440911410581213210, '角色权限字分配详情', '/admin/upms/sysRole/listSysPermCodeWithDetail', 11, 1440911410581213417, '2021-09-23 00:00:00', 1440911410581213417, '2021-09-23 00:00:00', 1);
INSERT INTO `zz_sys_perm` VALUES (1440911410581213223, 1440911410581213222, '新增', '/admin/upms/sysDataPerm/add', 1, 1440911410581213417, '2021-09-23 00:00:00', 1440911410581213417, '2021-09-23 00:00:00', 1);
INSERT INTO `zz_sys_perm` VALUES (1440911410581213224, 1440911410581213222, '编辑', '/admin/upms/sysDataPerm/update', 2, 1440911410581213417, '2021-09-23 00:00:00', 1440911410581213417, '2021-09-23 00:00:00', 1);
INSERT INTO `zz_sys_perm` VALUES (1440911410581213225, 1440911410581213222, '删除', '/admin/upms/sysDataPerm/delete', 3, 1440911410581213417, '2021-09-23 00:00:00', 1440911410581213417, '2021-09-23 00:00:00', 1);
INSERT INTO `zz_sys_perm` VALUES (1440911410581213226, 1440911410581213222, '显示列表', '/admin/upms/sysDataPerm/list', 4, 1440911410581213417, '2021-09-23 00:00:00', 1440911410581213417, '2021-09-23 00:00:00', 1);
INSERT INTO `zz_sys_perm` VALUES (1440911410581213227, 1440911410581213222, '详情', '/admin/upms/sysDataPerm/view', 5, 1440911410581213417, '2021-09-23 00:00:00', 1440911410581213417, '2021-09-23 00:00:00', 1);
INSERT INTO `zz_sys_perm` VALUES (1440911410581213228, 1440911410581213222, '授权用户', '/admin/upms/sysDataPerm/addDataPermUser', 5, 1440911410581213417, '2021-09-23 00:00:00', 1440911410581213417, '2021-09-23 00:00:00', 1);
INSERT INTO `zz_sys_perm` VALUES (1440911410581213229, 1440911410581213222, '移除用户', '/admin/upms/sysDataPerm/deleteDataPermUser', 6, 1440911410581213417, '2021-09-23 00:00:00', 1440911410581213417, '2021-09-23 00:00:00', 1);
INSERT INTO `zz_sys_perm` VALUES (1440911410581213230, 1440911410581213222, '数据权限用户列表', '/admin/upms/sysDataPerm/listDataPermUser', 7, 1440911410581213417, '2021-09-23 00:00:00', 1440911410581213417, '2021-09-23 00:00:00', 1);
INSERT INTO `zz_sys_perm` VALUES (1440911410581213231, 1440911410581213222, '数据权限未添加用户列表', '/admin/upms/sysDataPerm/listNotInDataPermUser', 8, 1440911410581213417, '2021-09-23 00:00:00', 1440911410581213417, '2021-09-23 00:00:00', 1);
INSERT INTO `zz_sys_perm` VALUES (1440911410581213233, 1440911410581213232, '新增', '/admin/upms/sysPost/add', 1, 1440911410581213417, '2021-09-23 00:00:00', 1440911410581213417, '2021-09-23 00:00:00', 1);
INSERT INTO `zz_sys_perm` VALUES (1440911410581213234, 1440911410581213232, '编辑', '/admin/upms/sysPost/update', 2, 1440911410581213417, '2021-09-23 00:00:00', 1440911410581213417, '2021-09-23 00:00:00', 1);
INSERT INTO `zz_sys_perm` VALUES (1440911410581213235, 1440911410581213232, '删除', '/admin/upms/sysPost/delete', 3, 1440911410581213417, '2021-09-23 00:00:00', 1440911410581213417, '2021-09-23 00:00:00', 1);
INSERT INTO `zz_sys_perm` VALUES (1440911410581213236, 1440911410581213232, '显示列表', '/admin/upms/sysPost/list', 4, 1440911410581213417, '2021-09-23 00:00:00', 1440911410581213417, '2021-09-23 00:00:00', 1);
INSERT INTO `zz_sys_perm` VALUES (1440911410581213237, 1440911410581213232, '详情', '/admin/upms/sysPost/view', 5, 1440911410581213417, '2021-09-23 00:00:00', 1440911410581213417, '2021-09-23 00:00:00', 1);
INSERT INTO `zz_sys_perm` VALUES (1440911410581213239, 1440911410581213238, '新增', '/admin/upms/sysMenu/add', 1, 1440911410581213417, '2021-09-23 00:00:00', 1440911410581213417, '2021-09-23 00:00:00', 1);
INSERT INTO `zz_sys_perm` VALUES (1440911410581213240, 1440911410581213238, '删除', '/admin/upms/sysMenu/delete', 2, 1440911410581213417, '2021-09-23 00:00:00', 1440911410581213417, '2021-09-23 00:00:00', 1);
INSERT INTO `zz_sys_perm` VALUES (1440911410581213241, 1440911410581213238, '编辑', '/admin/upms/sysMenu/update', 3, 1440911410581213417, '2021-09-23 00:00:00', 1440911410581213417, '2021-09-23 00:00:00', 1);
INSERT INTO `zz_sys_perm` VALUES (1440911410581213242, 1440911410581213238, '显示列表', '/admin/upms/sysMenu/list', 4, 1440911410581213417, '2021-09-23 00:00:00', 1440911410581213417, '2021-09-23 00:00:00', 1);
INSERT INTO `zz_sys_perm` VALUES (1440911410581213243, 1440911410581213238, '详情', '/admin/upms/sysMenu/view', 5, 1440911410581213417, '2021-09-23 00:00:00', 1440911410581213417, '2021-09-23 00:00:00', 1);
INSERT INTO `zz_sys_perm` VALUES (1440911410581213244, 1440911410581213238, '菜单权限资源分配详情', '/admin/upms/sysMenu/listSysPermWithDetail', 6, 1440911410581213417, '2021-09-23 00:00:00', 1440911410581213417, '2021-09-23 00:00:00', 1);
INSERT INTO `zz_sys_perm` VALUES (1440911410581213245, 1440911410581213238, '菜单用户分配详情', '/admin/upms/sysMenu/listSysUserWithDetail', 7, 1440911410581213417, '2021-09-23 00:00:00', 1440911410581213417, '2021-09-23 00:00:00', 1);
INSERT INTO `zz_sys_perm` VALUES (1440911410581213247, 1440911410581213246, '新增', '/admin/upms/sysPermCode/add', 1, 1440911410581213417, '2021-09-23 00:00:00', 1440911410581213417, '2021-09-23 00:00:00', 1);
INSERT INTO `zz_sys_perm` VALUES (1440911410581213248, 1440911410581213246, '编辑', '/admin/upms/sysPermCode/update', 2, 1440911410581213417, '2021-09-23 00:00:00', 1440911410581213417, '2021-09-23 00:00:00', 1);
INSERT INTO `zz_sys_perm` VALUES (1440911410581213249, 1440911410581213246, '删除', '/admin/upms/sysPermCode/delete', 3, 1440911410581213417, '2021-09-23 00:00:00', 1440911410581213417, '2021-09-23 00:00:00', 1);
INSERT INTO `zz_sys_perm` VALUES (1440911410581213250, 1440911410581213246, '显示列表', '/admin/upms/sysPermCode/list', 4, 1440911410581213417, '2021-09-23 00:00:00', 1440911410581213417, '2021-09-23 00:00:00', 1);
INSERT INTO `zz_sys_perm` VALUES (1440911410581213251, 1440911410581213246, '详情', '/admin/upms/sysPermCode/view', 5, 1440911410581213417, '2021-09-23 00:00:00', 1440911410581213417, '2021-09-23 00:00:00', 1);
INSERT INTO `zz_sys_perm` VALUES (1440911410581213252, 1440911410581213246, '权限字用户分配详情', '/admin/upms/sysPermCode/listSysUserWithDetail', 6, 1440911410581213417, '2021-09-23 00:00:00', 1440911410581213417, '2021-09-23 00:00:00', 1);
INSERT INTO `zz_sys_perm` VALUES (1440911410581213253, 1440911410581213246, '权限字角色分配详情', '/admin/upms/sysPermCode/listSysRoleWithDetail', 7, 1440911410581213417, '2021-09-23 00:00:00', 1440911410581213417, '2021-09-23 00:00:00', 1);
INSERT INTO `zz_sys_perm` VALUES (1440911410581213255, 1440911410581213254, '新增', '/admin/upms/sysPermModule/add', 1, 1440911410581213417, '2021-09-23 00:00:00', 1440911410581213417, '2021-09-23 00:00:00', 1);
INSERT INTO `zz_sys_perm` VALUES (1440911410581213256, 1440911410581213254, '编辑', '/admin/upms/sysPermModule/update', 2, 1440911410581213417, '2021-09-23 00:00:00', 1440911410581213417, '2021-09-23 00:00:00', 1);
INSERT INTO `zz_sys_perm` VALUES (1440911410581213257, 1440911410581213254, '删除', '/admin/upms/sysPermModule/delete', 3, 1440911410581213417, '2021-09-23 00:00:00', 1440911410581213417, '2021-09-23 00:00:00', 1);
INSERT INTO `zz_sys_perm` VALUES (1440911410581213258, 1440911410581213254, '显示列表', '/admin/upms/sysPermModule/list', 4, 1440911410581213417, '2021-09-23 00:00:00', 1440911410581213417, '2021-09-23 00:00:00', 1);
INSERT INTO `zz_sys_perm` VALUES (1440911410581213259, 1440911410581213254, '显示全部', '/admin/upms/sysPermModule/listAll', 5, 1440911410581213417, '2021-09-23 00:00:00', 1440911410581213417, '2021-09-23 00:00:00', 1);
INSERT INTO `zz_sys_perm` VALUES (1440911410581213261, 1440911410581213260, '新增', '/admin/upms/sysPerm/add', 1, 1440911410581213417, '2021-09-23 00:00:00', 1440911410581213417, '2021-09-23 00:00:00', 1);
INSERT INTO `zz_sys_perm` VALUES (1440911410581213262, 1440911410581213260, '编辑', '/admin/upms/sysPerm/update', 2, 1440911410581213417, '2021-09-23 00:00:00', 1440911410581213417, '2021-09-23 00:00:00', 1);
INSERT INTO `zz_sys_perm` VALUES (1440911410581213263, 1440911410581213260, '删除', '/admin/upms/sysPerm/delete', 3, 1440911410581213417, '2021-09-23 00:00:00', 1440911410581213417, '2021-09-23 00:00:00', 1);
INSERT INTO `zz_sys_perm` VALUES (1440911410581213264, 1440911410581213260, '显示列表', '/admin/upms/sysPerm/list', 4, 1440911410581213417, '2021-09-23 00:00:00', 1440911410581213417, '2021-09-23 00:00:00', 1);
INSERT INTO `zz_sys_perm` VALUES (1440911410581213265, 1440911410581213260, '详情', '/admin/upms/sysPerm/view', 5, 1440911410581213417, '2021-09-23 00:00:00', 1440911410581213417, '2021-09-23 00:00:00', 1);
INSERT INTO `zz_sys_perm` VALUES (1440911410581213266, 1440911410581213260, '权限资源用户分配详情', '/admin/upms/sysPerm/listSysUserWithDetail', 6, 1440911410581213417, '2021-09-23 00:00:00', 1440911410581213417, '2021-09-23 00:00:00', 1);
INSERT INTO `zz_sys_perm` VALUES (1440911410581213267, 1440911410581213260, '权限资源角色分配详情', '/admin/upms/sysPerm/listSysRoleWithDetail', 7, 1440911410581213417, '2021-09-23 00:00:00', 1440911410581213417, '2021-09-23 00:00:00', 1);
INSERT INTO `zz_sys_perm` VALUES (1440911410581213268, 1440911410581213260, '权限资源菜单分配详情', '/admin/upms/sysPerm/listSysMenuWithDetail', 8, 1440911410581213417, '2021-09-23 00:00:00', 1440911410581213417, '2021-09-23 00:00:00', 1);
INSERT INTO `zz_sys_perm` VALUES (1440911410581213271, 1440911410581213270, '新增', '/admin/app/areaCode/add', 1, 1440911410581213417, '2021-09-23 00:00:00', 1440911410581213417, '2021-09-23 00:00:00', 1);
INSERT INTO `zz_sys_perm` VALUES (1440911410581213272, 1440911410581213270, '编辑', '/admin/app/areaCode/update', 2, 1440911410581213417, '2021-09-23 00:00:00', 1440911410581213417, '2021-09-23 00:00:00', 1);
INSERT INTO `zz_sys_perm` VALUES (1440911410581213273, 1440911410581213270, '删除', '/admin/app/areaCode/delete', 3, 1440911410581213417, '2021-09-23 00:00:00', 1440911410581213417, '2021-09-23 00:00:00', 1);
INSERT INTO `zz_sys_perm` VALUES (1440911410581213274, 1440911410581213270, '同步缓存', '/admin/app/areaCode/reloadCachedData', 4, 1440911410581213417, '2021-09-23 00:00:00', 1440911410581213417, '2021-09-23 00:00:00', 1);
INSERT INTO `zz_sys_perm` VALUES (1440911410581213276, 1440911410581213275, '显示列表', '/admin/upms/loginUser/list', 1, 1440911410581213417, '2021-09-23 00:00:00', 1440911410581213417, '2021-09-23 00:00:00', 1);
INSERT INTO `zz_sys_perm` VALUES (1440911410581213277, 1440911410581213275, '删除', '/admin/upms/loginUser/delete', 1, 1440911410581213417, '2021-09-23 00:00:00', 1440911410581213417, '2021-09-23 00:00:00', 1);
INSERT INTO `zz_sys_perm` VALUES (1440975727276068864, 1440975375537541120, '启动并提交数据', '/admin/flow/flowOnlineOperation/startAndTakeUserTask/flowLeave', 1, 1440911410581213417, '2021-09-23 17:46:00', 1440911410581213417, '2021-09-23 17:46:00', 1);
INSERT INTO `zz_sys_perm` VALUES (1440975781374201856, 1440975375537541120, '工单列表', '/admin/flow/flowOnlineOperation/listWorkOrder/flowLeave', 2, 1440911410581213417, '2021-09-23 17:46:13', 1440911410581213417, '2021-09-23 17:46:13', 1);
INSERT INTO `zz_sys_perm` VALUES (1440975850529886208, 1440975429199466496, '启动并提交数据', '/admin/flow/flowOnlineOperation/startAndTakeUserTask/flowSubmit', 1, 1440911410581213417, '2021-09-23 17:46:29', 1440911410581213417, '2021-09-23 17:46:29', 1);
INSERT INTO `zz_sys_perm` VALUES (1440975895627042816, 1440975429199466496, '工单列表', '/admin/flow/flowOnlineOperation/listWorkOrder/flowSubmit', 2, 1440911410581213417, '2021-09-23 17:46:40', 1440911410581213417, '2021-09-23 17:46:40', 1);
INSERT INTO `zz_sys_perm` VALUES (1440975979374710784, 1440975469133434880, '启动并提交数据', '/admin/flow/flowOnlineOperation/startAndTakeUserTask/flowContract', 1, 1440911410581213417, '2021-09-23 17:47:00', 1440911410581213417, '2021-09-23 17:47:00', 1);
INSERT INTO `zz_sys_perm` VALUES (1440976024471867392, 1440975469133434880, '工单列表', '/admin/flow/flowOnlineOperation/listWorkOrder/flowContract', 2, 1440911410581213417, '2021-09-23 17:47:11', 1440911410581213417, '2021-09-23 17:47:11', 1);
INSERT INTO `zz_sys_perm` VALUES (1440976144311521280, 1440975527128076288, '启动并提交数据', '/admin/flow/flowOnlineOperation/startAndTakeUserTask/flowConSign', 1, 1440911410581213417, '2021-09-23 17:47:40', 1440911410581213417, '2021-09-23 17:47:40', 1);
INSERT INTO `zz_sys_perm` VALUES (1440976188553039872, 1440975527128076288, '工单列表', '/admin/flow/flowOnlineOperation/listWorkOrder/flowConSign', 2, 1440911410581213417, '2021-09-23 17:47:50', 1440911410581213417, '2021-09-23 17:47:50', 1);
INSERT INTO `zz_sys_perm` VALUES (1440976259415805952, 1440975571776442368, '启动并提交数据', '/admin/flow/flowOnlineOperation/startAndTakeUserTask/flowTranslate', 1, 1440911410581213417, '2021-09-23 17:48:07', 1440911410581213417, '2021-09-23 17:48:07', 1);
INSERT INTO `zz_sys_perm` VALUES (1440976310951219200, 1440975571776442368, '工单列表', '/admin/flow/flowOnlineOperation/listWorkOrder/flowTranslate', 2, 1440911410581213417, '2021-09-23 17:48:19', 1440911410581213417, '2021-09-23 17:48:19', 1);
COMMIT;

-- ----------------------------
-- Table structure for zz_sys_perm_code
-- ----------------------------
DROP TABLE IF EXISTS `zz_sys_perm_code`;
CREATE TABLE `zz_sys_perm_code` (
  `perm_code_id` bigint NOT NULL COMMENT '主键Id',
  `parent_id` bigint DEFAULT NULL COMMENT '上级权限字Id',
  `perm_code` varchar(128) CHARACTER SET utf8 COLLATE utf8_bin NOT NULL COMMENT '权限字标识(一般为有含义的英文字符串)',
  `perm_code_type` int NOT NULL COMMENT '类型(0: 表单 1: UI片段 2: 操作)',
  `show_name` varchar(128) CHARACTER SET utf8 COLLATE utf8_bin NOT NULL COMMENT '显示名称',
  `show_order` int NOT NULL COMMENT '显示顺序(数值越小，越靠前)',
  `create_user_id` bigint NOT NULL COMMENT '创建者Id',
  `create_time` datetime NOT NULL COMMENT '创建时间',
  `update_user_id` bigint NOT NULL COMMENT '更新者Id',
  `update_time` datetime NOT NULL COMMENT '最后更新时间',
  `deleted_flag` int NOT NULL COMMENT '逻辑删除标记(1: 正常 -1: 已删除)',
  PRIMARY KEY (`perm_code_id`),
  UNIQUE KEY `idx_perm_code` (`perm_code`) USING BTREE,
  KEY `idx_parent_id` (`parent_id`) USING BTREE,
  KEY `idx_show_order` (`show_order`) USING BTREE
) ENGINE=InnoDB DEFAULT CHARSET=utf8mb4 COLLATE=utf8mb4_bin ROW_FORMAT=COMPACT COMMENT='系统权限资源表';

-- ----------------------------
-- Records of zz_sys_perm_code
-- ----------------------------
BEGIN;
INSERT INTO `zz_sys_perm_code` VALUES (1400638673195634688, NULL, 'formOnlineDict', 0, '在线表单字典管理', 12000, 1440911410581213417, '2021-09-23 00:00:00', 1440911410581213417, '2021-09-23 00:00:00', 1);
INSERT INTO `zz_sys_perm_code` VALUES (1400638885750378496, 1400638673195634688, 'formOnlineDict:fragmentOnlineDict', 1, '在线表单字典管理', 1, 1440911410581213417, '2021-09-23 00:00:00', 1440911410581213417, '2021-09-23 00:00:00', 1);
INSERT INTO `zz_sys_perm_code` VALUES (1400639030462255104, NULL, 'formOnlinePage', 0, '在线表单表单管理', 12100, 1440911410581213417, '2021-09-23 00:00:00', 1440911410581213417, '2021-09-23 00:00:00', 1);
INSERT INTO `zz_sys_perm_code` VALUES (1400639252747784192, 1400639030462255104, 'formOnlinePage:fragmentOnlinePage', 1, '在线表单表单管理', 1, 1440911410581213417, '2021-09-23 00:00:00', 1440911410581213417, '2021-09-23 00:00:00', 1);
INSERT INTO `zz_sys_perm_code` VALUES (1418046729906819072, NULL, 'formFlowCategory', 0, '流程分类', 13000, 1440911410581213417, '2021-09-23 00:00:00', 1440911410581213417, '2021-09-23 00:00:00', 1);
INSERT INTO `zz_sys_perm_code` VALUES (1418046848794365952, 1418046729906819072, 'formFlowCategory:formFlowCategory', 1, '流程分类', 1, 1440911410581213417, '2021-09-23 00:00:00', 1440911410581213417, '2021-09-23 00:00:00', 1);
INSERT INTO `zz_sys_perm_code` VALUES (1418046986677915648, 1418046848794365952, 'formFlowCategory:formFlowCategory:add', 2, '新增', 1, 1440911410581213417, '2021-09-23 00:00:00', 1440911410581213417, '2021-09-23 00:00:00', 1);
INSERT INTO `zz_sys_perm_code` VALUES (1418047095188754432, 1418046848794365952, 'formFlowCategory:formFlowCategory:update', 2, '编辑', 2, 1440911410581213417, '2021-09-23 00:00:00', 1440911410581213417, '2021-09-23 00:00:00', 1);
INSERT INTO `zz_sys_perm_code` VALUES (1418047182946177024, 1418046848794365952, 'formFlowCategory:formFlowCategory:delete', 2, '删除', 3, 1440911410581213417, '2021-09-23 00:00:00', 1440911410581213417, '2021-09-23 00:00:00', 1);
INSERT INTO `zz_sys_perm_code` VALUES (1418048134759583744, NULL, 'formFlowEntry', 0, '流程设计', 13100, 1440911410581213417, '2021-09-23 00:00:00', 1440911410581213417, '2021-09-23 00:00:00', 1);
INSERT INTO `zz_sys_perm_code` VALUES (1418048205177753600, 1418048134759583744, 'formFlowEntry:formFlowEntry', 1, '流程设计', 1, 1440911410581213417, '2021-09-23 00:00:00', 1440911410581213417, '2021-09-23 00:00:00', 1);
INSERT INTO `zz_sys_perm_code` VALUES (1418048335343783936, 1418048205177753600, 'formFlowEntry:formFlowEntry:update', 2, '编辑', 1, 1440911410581213417, '2021-09-23 00:00:00', 1440911410581213417, '2021-09-23 00:00:00', 1);
INSERT INTO `zz_sys_perm_code` VALUES (1418048872671875072, NULL, 'formAllInstance', 0, '流程实例', 13200, 1440911410581213417, '2021-09-23 00:00:00', 1440911410581213417, '2021-09-23 00:00:00', 1);
INSERT INTO `zz_sys_perm_code` VALUES (1418049164754817024, 1418048872671875072, 'formAllInstance:formAllInstance', 1, '流程实例', 1, 1440911410581213417, '2021-09-23 00:00:00', 1440911410581213417, '2021-09-23 00:00:00', 1);
INSERT INTO `zz_sys_perm_code` VALUES (1418049287106859008, 1418049164754817024, 'formAllInstance:formAllInstance:stop', 2, '终止', 1, 1440911410581213417, '2021-09-23 00:00:00', 1440911410581213417, '2021-09-23 00:00:00', 1);
INSERT INTO `zz_sys_perm_code` VALUES (1418049398776008704, 1418049164754817024, 'formAllInstance:formAllInstance:delete', 2, '删除', 2, 1440911410581213417, '2021-09-23 00:00:00', 1440911410581213417, '2021-09-23 00:00:00', 1);
INSERT INTO `zz_sys_perm_code` VALUES (1418050031436435456, NULL, 'formMyTask', 0, '我的待办', 13300, 1440911410581213417, '2021-09-23 00:00:00', 1440911410581213417, '2021-09-23 00:00:00', 1);
INSERT INTO `zz_sys_perm_code` VALUES (1418050322282057728, 1418050031436435456, 'formMyTask:formMyTask', 1, '我的待办', 1, 1440911410581213417, '2021-09-23 00:00:00', 1440911410581213417, '2021-09-23 00:00:00', 1);
INSERT INTO `zz_sys_perm_code` VALUES (1418050797706416128, 1418048205177753600, 'formFlowEntry:formFlowEntry:start', 2, '启动', 2, 1440911410581213417, '2021-09-23 00:00:00', 1440911410581213417, '2021-09-24 09:28:39', 1);
INSERT INTO `zz_sys_perm_code` VALUES (1418057020824621056, NULL, 'formMyHistoryTask', 0, '历史流程', 13400, 1440911410581213417, '2021-09-23 00:00:00', 1440911410581213417, '2021-09-23 00:00:00', 1);
INSERT INTO `zz_sys_perm_code` VALUES (1418057346877231104, 1418057020824621056, 'formMyHistoryTask:formMyHistoryTask', 1, '历史流程', 1, 1440911410581213417, '2021-09-23 00:00:00', 1440911410581213417, '2021-09-23 00:00:00', 1);
INSERT INTO `zz_sys_perm_code` VALUES (1423636498195943424, NULL, 'formMyApprovedTask', 0, '已办任务', 13500, 1440911410581213417, '2021-09-23 00:00:00', 1440911410581213417, '2021-09-23 00:00:00', 1);
INSERT INTO `zz_sys_perm_code` VALUES (1423637544578322432, 1423636498195943424, 'formMyApprovedTask:formMyApprovedTask', 1, '已办任务', 1, 1440911410581213417, '2021-09-23 00:00:00', 1440911410581213417, '2021-09-23 00:00:00', 1);
INSERT INTO `zz_sys_perm_code` VALUES (1440911410581213286, NULL, 'formSysUser', 0, '用户管理', 10000, 1440911410581213417, '2021-09-23 00:00:00', 1440911410581213417, '2021-09-23 00:00:00', 1);
INSERT INTO `zz_sys_perm_code` VALUES (1440911410581213287, 1440911410581213286, 'formSysUser:fragmentSysUser', 1, '用户管理', 1, 1440911410581213417, '2021-09-23 00:00:00', 1440911410581213417, '2021-09-23 00:00:00', 1);
INSERT INTO `zz_sys_perm_code` VALUES (1440911410581213288, 1440911410581213287, 'formSysUser:fragmentSysUser:add', 2, '新增', 1, 1440911410581213417, '2021-09-23 00:00:00', 1440911410581213417, '2021-09-23 00:00:00', 1);
INSERT INTO `zz_sys_perm_code` VALUES (1440911410581213289, 1440911410581213287, 'formSysUser:fragmentSysUser:update', 2, '编辑', 2, 1440911410581213417, '2021-09-23 00:00:00', 1440911410581213417, '2021-09-23 00:00:00', 1);
INSERT INTO `zz_sys_perm_code` VALUES (1440911410581213290, 1440911410581213287, 'formSysUser:fragmentSysUser:delete', 2, '删除', 3, 1440911410581213417, '2021-09-23 00:00:00', 1440911410581213417, '2021-09-23 00:00:00', 1);
INSERT INTO `zz_sys_perm_code` VALUES (1440911410581213291, 1440911410581213287, 'formSysUser:fragmentSysUser:resetPassword', 2, '重置密码', 4, 1440911410581213417, '2021-09-23 00:00:00', 1440911410581213417, '2021-09-23 00:00:00', 1);
INSERT INTO `zz_sys_perm_code` VALUES (1440911410581213292, 1440911410581213287, 'formSysUser:fragmentSysUser:listSysUserPermDetail', 2, '权限详情', 5, 1440911410581213417, '2021-09-23 00:00:00', 1440911410581213417, '2021-09-23 00:00:00', 1);
INSERT INTO `zz_sys_perm_code` VALUES (1440911410581213300, NULL, 'formSysDept', 0, '部门管理', 10100, 1440911410581213417, '2021-09-23 00:00:00', 1440911410581213417, '2021-09-23 00:00:00', 1);
INSERT INTO `zz_sys_perm_code` VALUES (1440911410581213301, 1440911410581213300, 'formSysDept:fragmentSysDept', 1, '部门管理', 1, 1440911410581213417, '2021-09-23 00:00:00', 1440911410581213417, '2021-09-23 00:00:00', 1);
INSERT INTO `zz_sys_perm_code` VALUES (1440911410581213302, 1440911410581213301, 'formSysDept:fragmentSysDept:add', 2, '新增', 1, 1440911410581213417, '2021-09-23 00:00:00', 1440911410581213417, '2021-09-23 00:00:00', 1);
INSERT INTO `zz_sys_perm_code` VALUES (1440911410581213303, 1440911410581213301, 'formSysDept:fragmentSysDept:update', 2, '编辑', 2, 1440911410581213417, '2021-09-23 00:00:00', 1440911410581213417, '2021-09-23 00:00:00', 1);
INSERT INTO `zz_sys_perm_code` VALUES (1440911410581213304, 1440911410581213301, 'formSysDept:fragmentSysDept:delete', 2, '删除', 3, 1440911410581213417, '2021-09-23 00:00:00', 1440911410581213417, '2021-09-23 00:00:00', 1);
INSERT INTO `zz_sys_perm_code` VALUES (1440911410581213305, 1440911410581213301, 'formSysDept:fragmentSysDept:editPost', 2, '设置岗位', 4, 1440911410581213417, '2021-09-23 00:00:00', 1440911410581213417, '2021-09-23 00:00:00', 1);
INSERT INTO `zz_sys_perm_code` VALUES (1440911410581213306, 1440911410581213301, 'formSysDept:fragmentSysDept:viewPost', 2, '查看岗位', 5, 1440911410581213417, '2021-09-23 00:00:00', 1440911410581213417, '2021-09-23 00:00:00', 1);
INSERT INTO `zz_sys_perm_code` VALUES (1440911410581213318, NULL, 'formSysRole', 0, '角色管理', 10200, 1440911410581213417, '2021-09-23 00:00:00', 1440911410581213417, '2021-09-23 00:00:00', 1);
INSERT INTO `zz_sys_perm_code` VALUES (1440911410581213319, 1440911410581213318, 'formSysRole:fragmentSysRole', 1, '角色管理', 1, 1440911410581213417, '2021-09-23 00:00:00', 1440911410581213417, '2021-09-23 00:00:00', 1);
INSERT INTO `zz_sys_perm_code` VALUES (1440911410581213320, 1440911410581213318, 'formSysRole:fragmentSysRoleUser', 1, '用户授权', 2, 1440911410581213417, '2021-09-23 00:00:00', 1440911410581213417, '2021-09-23 00:00:00', 1);
INSERT INTO `zz_sys_perm_code` VALUES (1440911410581213321, 1440911410581213319, 'formSysRole:fragmentSysRole:add', 2, '新增', 1, 1440911410581213417, '2021-09-23 00:00:00', 1440911410581213417, '2021-09-23 00:00:00', 1);
INSERT INTO `zz_sys_perm_code` VALUES (1440911410581213322, 1440911410581213319, 'formSysRole:fragmentSysRole:update', 2, '编辑', 2, 1440911410581213417, '2021-09-23 00:00:00', 1440911410581213417, '2021-09-23 00:00:00', 1);
INSERT INTO `zz_sys_perm_code` VALUES (1440911410581213323, 1440911410581213319, 'formSysRole:fragmentSysRole:delete', 2, '删除', 3, 1440911410581213417, '2021-09-23 00:00:00', 1440911410581213417, '2021-09-23 00:00:00', 1);
INSERT INTO `zz_sys_perm_code` VALUES (1440911410581213324, 1440911410581213319, 'formSysRole:fragmentSysRole:listSysRolePermDetail', 2, '权限详情', 4, 1440911410581213417, '2021-09-23 00:00:00', 1440911410581213417, '2021-09-23 00:00:00', 1);
INSERT INTO `zz_sys_perm_code` VALUES (1440911410581213325, 1440911410581213320, 'formSysRole:fragmentSysRoleUser:addUserRole', 2, '授权用户', 1, 1440911410581213417, '2021-09-23 00:00:00', 1440911410581213417, '2021-09-23 00:00:00', 1);
INSERT INTO `zz_sys_perm_code` VALUES (1440911410581213326, 1440911410581213320, 'formSysRole:fragmentSysRoleUser:deleteUserRole', 2, '移除用户', 2, 1440911410581213417, '2021-09-23 00:00:00', 1440911410581213417, '2021-09-23 00:00:00', 1);
INSERT INTO `zz_sys_perm_code` VALUES (1440911410581213337, NULL, 'formSysDataPerm', 0, '数据权限管理', 10400, 1440911410581213417, '2021-09-23 00:00:00', 1440911410581213417, '2021-09-23 00:00:00', 1);
INSERT INTO `zz_sys_perm_code` VALUES (1440911410581213338, 1440911410581213337, 'formSysDataPerm:fragmentSysDataPerm', 1, '数据权限管理', 1, 1440911410581213417, '2021-09-23 00:00:00', 1440911410581213417, '2021-09-23 00:00:00', 1);
INSERT INTO `zz_sys_perm_code` VALUES (1440911410581213339, 1440911410581213337, 'formSysDataPerm:fragmentSysDataPermUser', 1, '用户授权', 2, 1440911410581213417, '2021-09-23 00:00:00', 1440911410581213417, '2021-09-23 00:00:00', 1);
INSERT INTO `zz_sys_perm_code` VALUES (1440911410581213340, 1440911410581213338, 'formSysDataPerm:fragmentSysDataPerm:add', 2, '新增', 1, 1440911410581213417, '2021-09-23 00:00:00', 1440911410581213417, '2021-09-23 00:00:00', 1);
INSERT INTO `zz_sys_perm_code` VALUES (1440911410581213341, 1440911410581213338, 'formSysDataPerm:fragmentSysDataPerm:update', 2, '编辑', 2, 1440911410581213417, '2021-09-23 00:00:00', 1440911410581213417, '2021-09-23 00:00:00', 1);
INSERT INTO `zz_sys_perm_code` VALUES (1440911410581213342, 1440911410581213338, 'formSysDataPerm:fragmentSysDataPerm:delete', 2, '删除', 3, 1440911410581213417, '2021-09-23 00:00:00', 1440911410581213417, '2021-09-23 00:00:00', 1);
INSERT INTO `zz_sys_perm_code` VALUES (1440911410581213343, 1440911410581213339, 'formSysDataPerm:fragmentSysDataPermUser:addDataPermUser', 2, '授权用户', 1, 1440911410581213417, '2021-09-23 00:00:00', 1440911410581213417, '2021-09-23 00:00:00', 1);
INSERT INTO `zz_sys_perm_code` VALUES (1440911410581213344, 1440911410581213339, 'formSysDataPerm:fragmentSysDataPermUser:deleteDataPermUser', 2, '移除用户', 2, 1440911410581213417, '2021-09-23 00:00:00', 1440911410581213417, '2021-09-23 00:00:00', 1);
INSERT INTO `zz_sys_perm_code` VALUES (1440911410581213351, NULL, 'formSysMenu', 0, '菜单管理', 10600, 1440911410581213417, '2021-09-23 00:00:00', 1440911410581213417, '2021-09-23 00:00:00', 1);
INSERT INTO `zz_sys_perm_code` VALUES (1440911410581213352, 1440911410581213351, 'formSysMenu:fragmentSysMenu', 1, '菜单管理', 1, 1440911410581213417, '2021-09-23 00:00:00', 1440911410581213417, '2021-09-23 00:00:00', 1);
INSERT INTO `zz_sys_perm_code` VALUES (1440911410581213353, 1440911410581213352, 'formSysMenu:fragmentSysMenu:add', 2, '新增', 1, 1440911410581213417, '2021-09-23 00:00:00', 1440911410581213417, '2021-09-23 00:00:00', 1);
INSERT INTO `zz_sys_perm_code` VALUES (1440911410581213354, 1440911410581213352, 'formSysMenu:fragmentSysMenu:update', 2, '编辑', 2, 1440911410581213417, '2021-09-23 00:00:00', 1440911410581213417, '2021-09-23 00:00:00', 1);
INSERT INTO `zz_sys_perm_code` VALUES (1440911410581213355, 1440911410581213352, 'formSysMenu:fragmentSysMenu:delete', 2, '删除', 3, 1440911410581213417, '2021-09-23 00:00:00', 1440911410581213417, '2021-09-23 00:00:00', 1);
INSERT INTO `zz_sys_perm_code` VALUES (1440911410581213356, 1440911410581213352, 'formSysMenu:fragmentSysMenu:listSysMenuPermDetail', 2, '权限详情', 4, 1440911410581213417, '2021-09-23 00:00:00', 1440911410581213417, '2021-09-23 00:00:00', 1);
INSERT INTO `zz_sys_perm_code` VALUES (1440911410581213363, NULL, 'formSysPermCode', 0, '权限字管理', 10700, 1440911410581213417, '2021-09-23 00:00:00', 1440911410581213417, '2021-09-23 00:00:00', 1);
INSERT INTO `zz_sys_perm_code` VALUES (1440911410581213364, 1440911410581213363, 'formSysPermCode:fragmentSysPermCode', 1, '权限字管理', 1, 1440911410581213417, '2021-09-23 00:00:00', 1440911410581213417, '2021-09-23 00:00:00', 1);
INSERT INTO `zz_sys_perm_code` VALUES (1440911410581213365, 1440911410581213364, 'formSysPermCode:fragmentSysPermCode:add', 2, '新增', 1, 1440911410581213417, '2021-09-23 00:00:00', 1440911410581213417, '2021-09-23 00:00:00', 1);
INSERT INTO `zz_sys_perm_code` VALUES (1440911410581213366, 1440911410581213364, 'formSysPermCode:fragmentSysPermCode:update', 2, '编辑', 2, 1440911410581213417, '2021-09-23 00:00:00', 1440911410581213417, '2021-09-23 00:00:00', 1);
INSERT INTO `zz_sys_perm_code` VALUES (1440911410581213367, 1440911410581213364, 'formSysPermCode:fragmentSysPermCode:delete', 2, '删除', 3, 1440911410581213417, '2021-09-23 00:00:00', 1440911410581213417, '2021-09-23 00:00:00', 1);
INSERT INTO `zz_sys_perm_code` VALUES (1440911410581213368, 1440911410581213364, 'formSysPermCode:fragmentSysPermCode:listSysPermCodePermDetail', 2, '权限详情', 4, 1440911410581213417, '2021-09-23 00:00:00', 1440911410581213417, '2021-09-23 00:00:00', 1);
INSERT INTO `zz_sys_perm_code` VALUES (1440911410581213378, NULL, 'formSysPerm', 0, '权限管理', 10800, 1440911410581213417, '2021-09-23 00:00:00', 1440911410581213417, '2021-09-23 00:00:00', 1);
INSERT INTO `zz_sys_perm_code` VALUES (1440911410581213379, 1440911410581213378, 'formSysPerm:fragmentSysPerm', 1, '权限管理', 1, 1440911410581213417, '2021-09-23 00:00:00', 1440911410581213417, '2021-09-23 00:00:00', 1);
INSERT INTO `zz_sys_perm_code` VALUES (1440911410581213380, 1440911410581213379, 'formSysPerm:fragmentSysPerm:addPermModule', 2, '新增模块', 1, 1440911410581213417, '2021-09-23 00:00:00', 1440911410581213417, '2021-09-23 00:00:00', 1);
INSERT INTO `zz_sys_perm_code` VALUES (1440911410581213381, 1440911410581213379, 'formSysPerm:fragmentSysPerm:updatePermModule', 2, '编辑模块', 2, 1440911410581213417, '2021-09-23 00:00:00', 1440911410581213417, '2021-09-23 00:00:00', 1);
INSERT INTO `zz_sys_perm_code` VALUES (1440911410581213382, 1440911410581213379, 'formSysPerm:fragmentSysPerm:deletePermModule', 2, '删除模块', 3, 1440911410581213417, '2021-09-23 00:00:00', 1440911410581213417, '2021-09-23 00:00:00', 1);
INSERT INTO `zz_sys_perm_code` VALUES (1440911410581213383, 1440911410581213379, 'formSysPerm:fragmentSysPerm:addPerm', 2, '新增权限', 4, 1440911410581213417, '2021-09-23 00:00:00', 1440911410581213417, '2021-09-23 00:00:00', 1);
INSERT INTO `zz_sys_perm_code` VALUES (1440911410581213384, 1440911410581213379, 'formSysPerm:fragmentSysPerm:updatePerm', 2, '编辑权限', 5, 1440911410581213417, '2021-09-23 00:00:00', 1440911410581213417, '2021-09-23 00:00:00', 1);
INSERT INTO `zz_sys_perm_code` VALUES (1440911410581213385, 1440911410581213379, 'formSysPerm:fragmentSysPerm:deletePerm', 2, '删除权限', 6, 1440911410581213417, '2021-09-23 00:00:00', 1440911410581213417, '2021-09-23 00:00:00', 1);
INSERT INTO `zz_sys_perm_code` VALUES (1440911410581213386, 1440911410581213379, 'formSysPerm:fragmentSysPerm:listSysPermPermDetail', 2, '权限详情', 7, 1440911410581213417, '2021-09-23 00:00:00', 1440911410581213417, '2021-09-23 00:00:00', 1);
INSERT INTO `zz_sys_perm_code` VALUES (1440911410581213393, NULL, 'formSysDict', 0, '字典管理', 10900, 1440911410581213417, '2021-09-23 00:00:00', 1440911410581213417, '2021-09-23 00:00:00', 1);
INSERT INTO `zz_sys_perm_code` VALUES (1440911410581213394, 1440911410581213393, 'formSysDict:fragmentSysDict', 1, '字典管理', 1, 1440911410581213417, '2021-09-23 00:00:00', 1440911410581213417, '2021-09-23 00:00:00', 1);
INSERT INTO `zz_sys_perm_code` VALUES (1440911410581213395, 1440911410581213394, 'formSysDict:fragmentSysDict:add', 2, '新增', 1, 1440911410581213417, '2021-09-23 00:00:00', 1440911410581213417, '2021-09-23 00:00:00', 1);
INSERT INTO `zz_sys_perm_code` VALUES (1440911410581213396, 1440911410581213394, 'formSysDict:fragmentSysDict:update', 2, '编辑', 2, 1440911410581213417, '2021-09-23 00:00:00', 1440911410581213417, '2021-09-23 00:00:00', 1);
INSERT INTO `zz_sys_perm_code` VALUES (1440911410581213397, 1440911410581213394, 'formSysDict:fragmentSysDict:delete', 2, '删除', 3, 1440911410581213417, '2021-09-23 00:00:00', 1440911410581213417, '2021-09-23 00:00:00', 1);
INSERT INTO `zz_sys_perm_code` VALUES (1440911410581213398, 1440911410581213394, 'formSysDict:fragmentSysDict:reloadCache', 2, '同步缓存', 4, 1440911410581213417, '2021-09-23 00:00:00', 1440911410581213417, '2021-09-23 00:00:00', 1);
INSERT INTO `zz_sys_perm_code` VALUES (1440911410581213402, NULL, 'formSysLoginUser', 0, '在线用户', 11200, 1440911410581213417, '2021-09-23 00:00:00', 1440911410581213417, '2021-09-23 00:00:00', 1);
INSERT INTO `zz_sys_perm_code` VALUES (1440911410581213403, 1440911410581213402, 'formSysLoginUser:fragmentLoginUser', 1, '在线用户', 1, 1440911410581213417, '2021-09-23 00:00:00', 1440911410581213417, '2021-09-23 00:00:00', 1);
INSERT INTO `zz_sys_perm_code` VALUES (1440911410581213404, 1440911410581213403, 'formSysLoginUser:fragmentLoginUser:delete', 2, '强制下线', 1, 1440911410581213417, '2021-09-23 00:00:00', 1440911410581213417, '2021-09-23 00:00:00', 1);
INSERT INTO `zz_sys_perm_code` VALUES (1440911410581213411, NULL, 'formSysPost', 0, '岗位管理', 10150, 1440911410581213417, '2021-09-23 00:00:00', 1440911410581213417, '2021-09-23 00:00:00', 1);
INSERT INTO `zz_sys_perm_code` VALUES (1440911410581213412, 1440911410581213411, 'formSysPost:fragmentSysPost', 1, '岗位管理', 1, 1440911410581213417, '2021-09-23 00:00:00', 1440911410581213417, '2021-09-23 00:00:00', 1);
INSERT INTO `zz_sys_perm_code` VALUES (1440911410581213413, 1440911410581213412, 'formSysPost:fragmentSysPost:add', 2, '新增', 1, 1440911410581213417, '2021-09-23 00:00:00', 1440911410581213417, '2021-09-23 00:00:00', 1);
INSERT INTO `zz_sys_perm_code` VALUES (1440911410581213414, 1440911410581213412, 'formSysPost:fragmentSysPost:update', 2, '编辑', 2, 1440911410581213417, '2021-09-23 00:00:00', 1440911410581213417, '2021-09-23 00:00:00', 1);
INSERT INTO `zz_sys_perm_code` VALUES (1440911410581213415, 1440911410581213412, 'formSysPost:fragmentSysPost:delete', 2, '删除', 3, 1440911410581213417, '2021-09-23 00:00:00', 1440911410581213417, '2021-09-23 00:00:00', 1);
INSERT INTO `zz_sys_perm_code` VALUES (1440976898661289984, NULL, 'formFlowLeave', 0, '请假申请', 14000, 1440911410581213417, '2021-09-23 17:50:39', 1440911410581213417, '2021-09-23 17:50:39', 1);
INSERT INTO `zz_sys_perm_code` VALUES (1440976998183735296, NULL, 'formContractOrder', 0, '合同工单', 14100, 1440911410581213417, '2021-09-23 17:51:03', 1440911410581213417, '2021-09-23 17:51:03', 1);
INSERT INTO `zz_sys_perm_code` VALUES (1440977405874278400, 1440976898661289984, 'formFlowLeave:formFlowLeave', 1, '请假申请', 1, 1440911410581213417, '2021-09-23 17:52:40', 1440911410581213417, '2021-09-23 17:52:40', 1);
INSERT INTO `zz_sys_perm_code` VALUES (1440977767599443968, 1440976998183735296, 'formContractOrder:formContractOrder', 1, '合同工单', 1, 1440911410581213417, '2021-09-23 17:54:07', 1440911410581213417, '2021-09-23 17:54:07', 1);
COMMIT;

-- ----------------------------
-- Table structure for zz_sys_perm_code_perm
-- ----------------------------
DROP TABLE IF EXISTS `zz_sys_perm_code_perm`;
CREATE TABLE `zz_sys_perm_code_perm` (
  `perm_code_id` bigint NOT NULL COMMENT '权限字Id',
  `perm_id` bigint NOT NULL COMMENT '权限id',
  PRIMARY KEY (`perm_code_id`,`perm_id`),
  KEY `idx_perm_id` (`perm_id`) USING BTREE
) ENGINE=InnoDB DEFAULT CHARSET=utf8mb4 COLLATE=utf8mb4_bin ROW_FORMAT=COMPACT COMMENT='系统权限字和权限资源关联表';

-- ----------------------------
-- Records of zz_sys_perm_code_perm
-- ----------------------------
BEGIN;
INSERT INTO `zz_sys_perm_code_perm` VALUES (1400638885750378496, 1400626748101496832);
INSERT INTO `zz_sys_perm_code_perm` VALUES (1400639252747784192, 1400626748101496832);
INSERT INTO `zz_sys_perm_code_perm` VALUES (1400638885750378496, 1400626963806162944);
INSERT INTO `zz_sys_perm_code_perm` VALUES (1400639252747784192, 1400626963806162944);
INSERT INTO `zz_sys_perm_code_perm` VALUES (1400638885750378496, 1400627109692444672);
INSERT INTO `zz_sys_perm_code_perm` VALUES (1400639252747784192, 1400627109692444672);
INSERT INTO `zz_sys_perm_code_perm` VALUES (1400638885750378496, 1400632108514283520);
INSERT INTO `zz_sys_perm_code_perm` VALUES (1400639252747784192, 1400632108514283520);
INSERT INTO `zz_sys_perm_code_perm` VALUES (1400638885750378496, 1400632216169484288);
INSERT INTO `zz_sys_perm_code_perm` VALUES (1400639252747784192, 1400632216169484288);
INSERT INTO `zz_sys_perm_code_perm` VALUES (1400638885750378496, 1400632326538399744);
INSERT INTO `zz_sys_perm_code_perm` VALUES (1400638885750378496, 1400632438635368448);
INSERT INTO `zz_sys_perm_code_perm` VALUES (1400638885750378496, 1400632511620452352);
INSERT INTO `zz_sys_perm_code_perm` VALUES (1400639252747784192, 1400632924021198848);
INSERT INTO `zz_sys_perm_code_perm` VALUES (1400639252747784192, 1400632978937221120);
INSERT INTO `zz_sys_perm_code_perm` VALUES (1400639252747784192, 1400633026181861376);
INSERT INTO `zz_sys_perm_code_perm` VALUES (1400639252747784192, 1400633077717274624);
INSERT INTO `zz_sys_perm_code_perm` VALUES (1400639252747784192, 1400633129688895488);
INSERT INTO `zz_sys_perm_code_perm` VALUES (1400639252747784192, 1400633375525441536);
INSERT INTO `zz_sys_perm_code_perm` VALUES (1418048335343783936, 1400633375525441536);
INSERT INTO `zz_sys_perm_code_perm` VALUES (1400639252747784192, 1400633437093629952);
INSERT INTO `zz_sys_perm_code_perm` VALUES (1400639252747784192, 1400633529678696448);
INSERT INTO `zz_sys_perm_code_perm` VALUES (1400639252747784192, 1400633568027217920);
INSERT INTO `zz_sys_perm_code_perm` VALUES (1400639252747784192, 1400633612201627648);
INSERT INTO `zz_sys_perm_code_perm` VALUES (1400639252747784192, 1400633713376628736);
INSERT INTO `zz_sys_perm_code_perm` VALUES (1400639252747784192, 1400633798403559424);
INSERT INTO `zz_sys_perm_code_perm` VALUES (1400639252747784192, 1400633922085195776);
INSERT INTO `zz_sys_perm_code_perm` VALUES (1400639252747784192, 1400634012745076736);
INSERT INTO `zz_sys_perm_code_perm` VALUES (1400639252747784192, 1400634100498305024);
INSERT INTO `zz_sys_perm_code_perm` VALUES (1400639252747784192, 1400634280308117504);
INSERT INTO `zz_sys_perm_code_perm` VALUES (1400639252747784192, 1400634354593435648);
INSERT INTO `zz_sys_perm_code_perm` VALUES (1400639252747784192, 1400634559896227840);
INSERT INTO `zz_sys_perm_code_perm` VALUES (1400639252747784192, 1400634613151305728);
INSERT INTO `zz_sys_perm_code_perm` VALUES (1400639252747784192, 1400634651944423424);
INSERT INTO `zz_sys_perm_code_perm` VALUES (1400639252747784192, 1400634693472227328);
INSERT INTO `zz_sys_perm_code_perm` VALUES (1400639252747784192, 1400634735549485056);
INSERT INTO `zz_sys_perm_code_perm` VALUES (1400639252747784192, 1400635131969933312);
INSERT INTO `zz_sys_perm_code_perm` VALUES (1418048335343783936, 1400635131969933312);
INSERT INTO `zz_sys_perm_code_perm` VALUES (1400639252747784192, 1400635267726970880);
INSERT INTO `zz_sys_perm_code_perm` VALUES (1400639252747784192, 1400635341274091520);
INSERT INTO `zz_sys_perm_code_perm` VALUES (1400639252747784192, 1400635378506928128);
INSERT INTO `zz_sys_perm_code_perm` VALUES (1400639252747784192, 1400635426808532992);
INSERT INTO `zz_sys_perm_code_perm` VALUES (1400639252747784192, 1400635527698321408);
INSERT INTO `zz_sys_perm_code_perm` VALUES (1400639252747784192, 1400635581532213248);
INSERT INTO `zz_sys_perm_code_perm` VALUES (1400639252747784192, 1400635661106548736);
INSERT INTO `zz_sys_perm_code_perm` VALUES (1418048335343783936, 1400635661106548736);
INSERT INTO `zz_sys_perm_code_perm` VALUES (1400639252747784192, 1400635757332271104);
INSERT INTO `zz_sys_perm_code_perm` VALUES (1400639252747784192, 1400635827347787776);
INSERT INTO `zz_sys_perm_code_perm` VALUES (1400639252747784192, 1400635896461529088);
INSERT INTO `zz_sys_perm_code_perm` VALUES (1400639252747784192, 1400635963469729792);
INSERT INTO `zz_sys_perm_code_perm` VALUES (1400639252747784192, 1400636031752998912);
INSERT INTO `zz_sys_perm_code_perm` VALUES (1400639252747784192, 1400636182936686592);
INSERT INTO `zz_sys_perm_code_perm` VALUES (1400639252747784192, 1400636217728438272);
INSERT INTO `zz_sys_perm_code_perm` VALUES (1400639252747784192, 1400636258107002880);
INSERT INTO `zz_sys_perm_code_perm` VALUES (1400639252747784192, 1400636301480300544);
INSERT INTO `zz_sys_perm_code_perm` VALUES (1400639252747784192, 1400636338838966272);
INSERT INTO `zz_sys_perm_code_perm` VALUES (1400639252747784192, 1400636501900922880);
INSERT INTO `zz_sys_perm_code_perm` VALUES (1418048335343783936, 1400636501900922880);
INSERT INTO `zz_sys_perm_code_perm` VALUES (1400639252747784192, 1400636535371468800);
INSERT INTO `zz_sys_perm_code_perm` VALUES (1400639252747784192, 1400636571165659136);
INSERT INTO `zz_sys_perm_code_perm` VALUES (1400639252747784192, 1400636610403373056);
INSERT INTO `zz_sys_perm_code_perm` VALUES (1400639252747784192, 1400636656679129088);
INSERT INTO `zz_sys_perm_code_perm` VALUES (1400639252747784192, 1400637740705386496);
INSERT INTO `zz_sys_perm_code_perm` VALUES (1418048335343783936, 1400637740705386496);
INSERT INTO `zz_sys_perm_code_perm` VALUES (1400639252747784192, 1400637775962705920);
INSERT INTO `zz_sys_perm_code_perm` VALUES (1423637544578322432, 1400637775962705920);
INSERT INTO `zz_sys_perm_code_perm` VALUES (1440977405874278400, 1400637775962705920);
INSERT INTO `zz_sys_perm_code_perm` VALUES (1440977767599443968, 1400637775962705920);
INSERT INTO `zz_sys_perm_code_perm` VALUES (1400639252747784192, 1400637822737584128);
INSERT INTO `zz_sys_perm_code_perm` VALUES (1400639252747784192, 1400637858414333952);
INSERT INTO `zz_sys_perm_code_perm` VALUES (1400639252747784192, 1400637895328403456);
INSERT INTO `zz_sys_perm_code_perm` VALUES (1400639252747784192, 1400637970863624192);
INSERT INTO `zz_sys_perm_code_perm` VALUES (1418050322282057728, 1400637970863624192);
INSERT INTO `zz_sys_perm_code_perm` VALUES (1418050797706416128, 1400637970863624192);
INSERT INTO `zz_sys_perm_code_perm` VALUES (1418057346877231104, 1400637970863624192);
INSERT INTO `zz_sys_perm_code_perm` VALUES (1423637544578322432, 1400637970863624192);
INSERT INTO `zz_sys_perm_code_perm` VALUES (1440977405874278400, 1400637970863624192);
INSERT INTO `zz_sys_perm_code_perm` VALUES (1440977767599443968, 1400637970863624192);
INSERT INTO `zz_sys_perm_code_perm` VALUES (1400639252747784192, 1413405061278601216);
INSERT INTO `zz_sys_perm_code_perm` VALUES (1418048335343783936, 1413405061278601216);
INSERT INTO `zz_sys_perm_code_perm` VALUES (1400639252747784192, 1413405166471745536);
INSERT INTO `zz_sys_perm_code_perm` VALUES (1400639252747784192, 1413405224021790720);
INSERT INTO `zz_sys_perm_code_perm` VALUES (1400639252747784192, 1413405313788284928);
INSERT INTO `zz_sys_perm_code_perm` VALUES (1400639252747784192, 1413405352866615296);
INSERT INTO `zz_sys_perm_code_perm` VALUES (1418050322282057728, 1418026612762349572);
INSERT INTO `zz_sys_perm_code_perm` VALUES (1418048335343783936, 1418026612762349580);
INSERT INTO `zz_sys_perm_code_perm` VALUES (1418046848794365952, 1418030338508066816);
INSERT INTO `zz_sys_perm_code_perm` VALUES (1418046986677915648, 1418030386436378624);
INSERT INTO `zz_sys_perm_code_perm` VALUES (1418047095188754432, 1418030437971791872);
INSERT INTO `zz_sys_perm_code_perm` VALUES (1418047182946177024, 1418030477918343168);
INSERT INTO `zz_sys_perm_code_perm` VALUES (1418047095188754432, 1418030533757112320);
INSERT INTO `zz_sys_perm_code_perm` VALUES (1418048205177753600, 1418031006660694016);
INSERT INTO `zz_sys_perm_code_perm` VALUES (1418048335343783936, 1418031078391681024);
INSERT INTO `zz_sys_perm_code_perm` VALUES (1418048335343783936, 1418031120481521664);
INSERT INTO `zz_sys_perm_code_perm` VALUES (1418048335343783936, 1418031174604820480);
INSERT INTO `zz_sys_perm_code_perm` VALUES (1418048335343783936, 1418031219706171392);
INSERT INTO `zz_sys_perm_code_perm` VALUES (1418048335343783936, 1418031304779239424);
INSERT INTO `zz_sys_perm_code_perm` VALUES (1418048335343783936, 1418031515207471104);
INSERT INTO `zz_sys_perm_code_perm` VALUES (1418048335343783936, 1418031648351457280);
INSERT INTO `zz_sys_perm_code_perm` VALUES (1418048335343783936, 1418031712788549632);
INSERT INTO `zz_sys_perm_code_perm` VALUES (1418048335343783936, 1418031801271586816);
INSERT INTO `zz_sys_perm_code_perm` VALUES (1418048335343783936, 1418032222232907776);
INSERT INTO `zz_sys_perm_code_perm` VALUES (1418048335343783936, 1418032258429751296);
INSERT INTO `zz_sys_perm_code_perm` VALUES (1418048335343783936, 1418032300414734336);
INSERT INTO `zz_sys_perm_code_perm` VALUES (1418048335343783936, 1418032344064856064);
INSERT INTO `zz_sys_perm_code_perm` VALUES (1418048335343783936, 1418032382409183232);
INSERT INTO `zz_sys_perm_code_perm` VALUES (1418049164754817024, 1418033804987076608);
INSERT INTO `zz_sys_perm_code_perm` VALUES (1418057346877231104, 1418033889183535104);
INSERT INTO `zz_sys_perm_code_perm` VALUES (1418049164754817024, 1418034243434450944);
INSERT INTO `zz_sys_perm_code_perm` VALUES (1418057346877231104, 1418034243434450944);
INSERT INTO `zz_sys_perm_code_perm` VALUES (1423637544578322432, 1418034243434450944);
INSERT INTO `zz_sys_perm_code_perm` VALUES (1440977405874278400, 1418034243434450944);
INSERT INTO `zz_sys_perm_code_perm` VALUES (1440977767599443968, 1418034243434450944);
INSERT INTO `zz_sys_perm_code_perm` VALUES (1418049164754817024, 1418035997727264768);
INSERT INTO `zz_sys_perm_code_perm` VALUES (1418057346877231104, 1418035997727264768);
INSERT INTO `zz_sys_perm_code_perm` VALUES (1440977405874278400, 1418035997727264768);
INSERT INTO `zz_sys_perm_code_perm` VALUES (1440977767599443968, 1418035997727264768);
INSERT INTO `zz_sys_perm_code_perm` VALUES (1418049287106859008, 1418040510253109248);
INSERT INTO `zz_sys_perm_code_perm` VALUES (1418049398776008704, 1418040574245605376);
INSERT INTO `zz_sys_perm_code_perm` VALUES (1418050797706416128, 1418051334564745216);
INSERT INTO `zz_sys_perm_code_perm` VALUES (1440977405874278400, 1418051334564745216);
INSERT INTO `zz_sys_perm_code_perm` VALUES (1440977767599443968, 1418051334564745216);
INSERT INTO `zz_sys_perm_code_perm` VALUES (1418050797706416128, 1418051485324808192);
INSERT INTO `zz_sys_perm_code_perm` VALUES (1440977405874278400, 1418051485324808192);
INSERT INTO `zz_sys_perm_code_perm` VALUES (1440977767599443968, 1418051485324808192);
INSERT INTO `zz_sys_perm_code_perm` VALUES (1418050322282057728, 1418051693639110656);
INSERT INTO `zz_sys_perm_code_perm` VALUES (1440977405874278400, 1418051693639110656);
INSERT INTO `zz_sys_perm_code_perm` VALUES (1440977767599443968, 1418051693639110656);
INSERT INTO `zz_sys_perm_code_perm` VALUES (1418050322282057728, 1418054128097038336);
INSERT INTO `zz_sys_perm_code_perm` VALUES (1440977405874278400, 1418054128097038336);
INSERT INTO `zz_sys_perm_code_perm` VALUES (1440977767599443968, 1418054128097038336);
INSERT INTO `zz_sys_perm_code_perm` VALUES (1418048335343783936, 1418054519798894592);
INSERT INTO `zz_sys_perm_code_perm` VALUES (1418049164754817024, 1418054519798894592);
INSERT INTO `zz_sys_perm_code_perm` VALUES (1418050322282057728, 1418054519798894592);
INSERT INTO `zz_sys_perm_code_perm` VALUES (1418050797706416128, 1418054519798894592);
INSERT INTO `zz_sys_perm_code_perm` VALUES (1418057346877231104, 1418054519798894592);
INSERT INTO `zz_sys_perm_code_perm` VALUES (1423637544578322432, 1418054519798894592);
INSERT INTO `zz_sys_perm_code_perm` VALUES (1440977405874278400, 1418054519798894592);
INSERT INTO `zz_sys_perm_code_perm` VALUES (1440977767599443968, 1418054519798894592);
INSERT INTO `zz_sys_perm_code_perm` VALUES (1418050322282057728, 1418054618176294912);
INSERT INTO `zz_sys_perm_code_perm` VALUES (1418057346877231104, 1418054618176294912);
INSERT INTO `zz_sys_perm_code_perm` VALUES (1423637544578322432, 1418054618176294912);
INSERT INTO `zz_sys_perm_code_perm` VALUES (1440977405874278400, 1418054618176294912);
INSERT INTO `zz_sys_perm_code_perm` VALUES (1440977767599443968, 1418054618176294912);
INSERT INTO `zz_sys_perm_code_perm` VALUES (1418049164754817024, 1418054792965525504);
INSERT INTO `zz_sys_perm_code_perm` VALUES (1418050322282057728, 1418054792965525504);
INSERT INTO `zz_sys_perm_code_perm` VALUES (1418057346877231104, 1418054792965525504);
INSERT INTO `zz_sys_perm_code_perm` VALUES (1423637544578322432, 1418054792965525504);
INSERT INTO `zz_sys_perm_code_perm` VALUES (1440977405874278400, 1418054792965525504);
INSERT INTO `zz_sys_perm_code_perm` VALUES (1440977767599443968, 1418054792965525504);
INSERT INTO `zz_sys_perm_code_perm` VALUES (1418050322282057728, 1418055060981551104);
INSERT INTO `zz_sys_perm_code_perm` VALUES (1440977405874278400, 1418055060981551104);
INSERT INTO `zz_sys_perm_code_perm` VALUES (1440977767599443968, 1418055060981551104);
INSERT INTO `zz_sys_perm_code_perm` VALUES (1418050322282057728, 1418056212146032640);
INSERT INTO `zz_sys_perm_code_perm` VALUES (1418050322282057728, 1418079603167072256);
INSERT INTO `zz_sys_perm_code_perm` VALUES (1418050797706416128, 1418079603167072256);
INSERT INTO `zz_sys_perm_code_perm` VALUES (1440977405874278400, 1418079603167072256);
INSERT INTO `zz_sys_perm_code_perm` VALUES (1440977767599443968, 1418079603167072256);
INSERT INTO `zz_sys_perm_code_perm` VALUES (1418050322282057728, 1418079670594703360);
INSERT INTO `zz_sys_perm_code_perm` VALUES (1418050797706416128, 1418079670594703360);
INSERT INTO `zz_sys_perm_code_perm` VALUES (1418057346877231104, 1418079670594703360);
INSERT INTO `zz_sys_perm_code_perm` VALUES (1440977405874278400, 1418079670594703360);
INSERT INTO `zz_sys_perm_code_perm` VALUES (1440977767599443968, 1418079670594703360);
INSERT INTO `zz_sys_perm_code_perm` VALUES (1423637544578322432, 1423635764486344704);
INSERT INTO `zz_sys_perm_code_perm` VALUES (1423637544578322432, 1423635851312631808);
INSERT INTO `zz_sys_perm_code_perm` VALUES (1423637544578322432, 1423636091033882624);
INSERT INTO `zz_sys_perm_code_perm` VALUES (1440977405874278400, 1423636091033882624);
INSERT INTO `zz_sys_perm_code_perm` VALUES (1440977767599443968, 1423636091033882624);
INSERT INTO `zz_sys_perm_code_perm` VALUES (1440977405874278400, 1423984506028691456);
INSERT INTO `zz_sys_perm_code_perm` VALUES (1440977767599443968, 1423984506028691456);
INSERT INTO `zz_sys_perm_code_perm` VALUES (1440911410581213302, 1440911410581213185);
INSERT INTO `zz_sys_perm_code_perm` VALUES (1440911410581213303, 1440911410581213186);
INSERT INTO `zz_sys_perm_code_perm` VALUES (1440911410581213304, 1440911410581213187);
INSERT INTO `zz_sys_perm_code_perm` VALUES (1440911410581213288, 1440911410581213188);
INSERT INTO `zz_sys_perm_code_perm` VALUES (1440911410581213289, 1440911410581213188);
INSERT INTO `zz_sys_perm_code_perm` VALUES (1440911410581213301, 1440911410581213188);
INSERT INTO `zz_sys_perm_code_perm` VALUES (1440911410581213301, 1440911410581213189);
INSERT INTO `zz_sys_perm_code_perm` VALUES (1440911410581213303, 1440911410581213190);
INSERT INTO `zz_sys_perm_code_perm` VALUES (1440911410581213303, 1440911410581213191);
INSERT INTO `zz_sys_perm_code_perm` VALUES (1440911410581213305, 1440911410581213192);
INSERT INTO `zz_sys_perm_code_perm` VALUES (1440911410581213305, 1440911410581213193);
INSERT INTO `zz_sys_perm_code_perm` VALUES (1440911410581213305, 1440911410581213194);
INSERT INTO `zz_sys_perm_code_perm` VALUES (1440911410581213305, 1440911410581213195);
INSERT INTO `zz_sys_perm_code_perm` VALUES (1440911410581213306, 1440911410581213195);
INSERT INTO `zz_sys_perm_code_perm` VALUES (1440911410581213305, 1440911410581213196);
INSERT INTO `zz_sys_perm_code_perm` VALUES (1440911410581213305, 1440911410581213197);
INSERT INTO `zz_sys_perm_code_perm` VALUES (1440911410581213306, 1440911410581213197);
INSERT INTO `zz_sys_perm_code_perm` VALUES (1440911410581213288, 1440911410581213199);
INSERT INTO `zz_sys_perm_code_perm` VALUES (1440911410581213289, 1440911410581213200);
INSERT INTO `zz_sys_perm_code_perm` VALUES (1440911410581213290, 1440911410581213201);
INSERT INTO `zz_sys_perm_code_perm` VALUES (1418048335343783936, 1440911410581213202);
INSERT INTO `zz_sys_perm_code_perm` VALUES (1440911410581213287, 1440911410581213202);
INSERT INTO `zz_sys_perm_code_perm` VALUES (1440911410581213287, 1440911410581213203);
INSERT INTO `zz_sys_perm_code_perm` VALUES (1440911410581213289, 1440911410581213204);
INSERT INTO `zz_sys_perm_code_perm` VALUES (1440911410581213289, 1440911410581213205);
INSERT INTO `zz_sys_perm_code_perm` VALUES (1440911410581213291, 1440911410581213206);
INSERT INTO `zz_sys_perm_code_perm` VALUES (1440911410581213292, 1440911410581213207);
INSERT INTO `zz_sys_perm_code_perm` VALUES (1440911410581213292, 1440911410581213208);
INSERT INTO `zz_sys_perm_code_perm` VALUES (1440911410581213292, 1440911410581213209);
INSERT INTO `zz_sys_perm_code_perm` VALUES (1440911410581213321, 1440911410581213211);
INSERT INTO `zz_sys_perm_code_perm` VALUES (1440911410581213322, 1440911410581213212);
INSERT INTO `zz_sys_perm_code_perm` VALUES (1440911410581213323, 1440911410581213213);
INSERT INTO `zz_sys_perm_code_perm` VALUES (1440911410581213288, 1440911410581213214);
INSERT INTO `zz_sys_perm_code_perm` VALUES (1440911410581213289, 1440911410581213214);
INSERT INTO `zz_sys_perm_code_perm` VALUES (1440911410581213319, 1440911410581213214);
INSERT INTO `zz_sys_perm_code_perm` VALUES (1440911410581213322, 1440911410581213215);
INSERT INTO `zz_sys_perm_code_perm` VALUES (1440911410581213325, 1440911410581213216);
INSERT INTO `zz_sys_perm_code_perm` VALUES (1440911410581213326, 1440911410581213217);
INSERT INTO `zz_sys_perm_code_perm` VALUES (1440911410581213320, 1440911410581213218);
INSERT INTO `zz_sys_perm_code_perm` VALUES (1440911410581213325, 1440911410581213219);
INSERT INTO `zz_sys_perm_code_perm` VALUES (1440911410581213324, 1440911410581213220);
INSERT INTO `zz_sys_perm_code_perm` VALUES (1440911410581213324, 1440911410581213221);
INSERT INTO `zz_sys_perm_code_perm` VALUES (1440911410581213340, 1440911410581213223);
INSERT INTO `zz_sys_perm_code_perm` VALUES (1440911410581213341, 1440911410581213224);
INSERT INTO `zz_sys_perm_code_perm` VALUES (1440911410581213342, 1440911410581213225);
INSERT INTO `zz_sys_perm_code_perm` VALUES (1440911410581213288, 1440911410581213226);
INSERT INTO `zz_sys_perm_code_perm` VALUES (1440911410581213289, 1440911410581213226);
INSERT INTO `zz_sys_perm_code_perm` VALUES (1440911410581213338, 1440911410581213226);
INSERT INTO `zz_sys_perm_code_perm` VALUES (1440911410581213341, 1440911410581213227);
INSERT INTO `zz_sys_perm_code_perm` VALUES (1440911410581213343, 1440911410581213228);
INSERT INTO `zz_sys_perm_code_perm` VALUES (1440911410581213344, 1440911410581213229);
INSERT INTO `zz_sys_perm_code_perm` VALUES (1440911410581213339, 1440911410581213230);
INSERT INTO `zz_sys_perm_code_perm` VALUES (1440911410581213343, 1440911410581213231);
INSERT INTO `zz_sys_perm_code_perm` VALUES (1440911410581213413, 1440911410581213233);
INSERT INTO `zz_sys_perm_code_perm` VALUES (1440911410581213414, 1440911410581213234);
INSERT INTO `zz_sys_perm_code_perm` VALUES (1440911410581213415, 1440911410581213235);
INSERT INTO `zz_sys_perm_code_perm` VALUES (1440911410581213412, 1440911410581213236);
INSERT INTO `zz_sys_perm_code_perm` VALUES (1440911410581213414, 1440911410581213237);
INSERT INTO `zz_sys_perm_code_perm` VALUES (1440911410581213353, 1440911410581213239);
INSERT INTO `zz_sys_perm_code_perm` VALUES (1440911410581213355, 1440911410581213240);
INSERT INTO `zz_sys_perm_code_perm` VALUES (1440911410581213354, 1440911410581213241);
INSERT INTO `zz_sys_perm_code_perm` VALUES (1440911410581213321, 1440911410581213242);
INSERT INTO `zz_sys_perm_code_perm` VALUES (1440911410581213322, 1440911410581213242);
INSERT INTO `zz_sys_perm_code_perm` VALUES (1440911410581213352, 1440911410581213242);
INSERT INTO `zz_sys_perm_code_perm` VALUES (1440911410581213354, 1440911410581213243);
INSERT INTO `zz_sys_perm_code_perm` VALUES (1440911410581213356, 1440911410581213244);
INSERT INTO `zz_sys_perm_code_perm` VALUES (1440911410581213356, 1440911410581213245);
INSERT INTO `zz_sys_perm_code_perm` VALUES (1440911410581213365, 1440911410581213247);
INSERT INTO `zz_sys_perm_code_perm` VALUES (1440911410581213366, 1440911410581213248);
INSERT INTO `zz_sys_perm_code_perm` VALUES (1440911410581213367, 1440911410581213249);
INSERT INTO `zz_sys_perm_code_perm` VALUES (1440911410581213353, 1440911410581213250);
INSERT INTO `zz_sys_perm_code_perm` VALUES (1440911410581213354, 1440911410581213250);
INSERT INTO `zz_sys_perm_code_perm` VALUES (1440911410581213364, 1440911410581213250);
INSERT INTO `zz_sys_perm_code_perm` VALUES (1440911410581213366, 1440911410581213251);
INSERT INTO `zz_sys_perm_code_perm` VALUES (1440911410581213368, 1440911410581213252);
INSERT INTO `zz_sys_perm_code_perm` VALUES (1440911410581213368, 1440911410581213253);
INSERT INTO `zz_sys_perm_code_perm` VALUES (1440911410581213380, 1440911410581213255);
INSERT INTO `zz_sys_perm_code_perm` VALUES (1440911410581213381, 1440911410581213256);
INSERT INTO `zz_sys_perm_code_perm` VALUES (1440911410581213382, 1440911410581213257);
INSERT INTO `zz_sys_perm_code_perm` VALUES (1440911410581213379, 1440911410581213258);
INSERT INTO `zz_sys_perm_code_perm` VALUES (1440911410581213365, 1440911410581213259);
INSERT INTO `zz_sys_perm_code_perm` VALUES (1440911410581213366, 1440911410581213259);
INSERT INTO `zz_sys_perm_code_perm` VALUES (1440911410581213379, 1440911410581213259);
INSERT INTO `zz_sys_perm_code_perm` VALUES (1440911410581213383, 1440911410581213261);
INSERT INTO `zz_sys_perm_code_perm` VALUES (1440911410581213384, 1440911410581213262);
INSERT INTO `zz_sys_perm_code_perm` VALUES (1440911410581213385, 1440911410581213263);
INSERT INTO `zz_sys_perm_code_perm` VALUES (1440911410581213379, 1440911410581213264);
INSERT INTO `zz_sys_perm_code_perm` VALUES (1440911410581213384, 1440911410581213265);
INSERT INTO `zz_sys_perm_code_perm` VALUES (1440911410581213386, 1440911410581213266);
INSERT INTO `zz_sys_perm_code_perm` VALUES (1440911410581213386, 1440911410581213267);
INSERT INTO `zz_sys_perm_code_perm` VALUES (1440911410581213386, 1440911410581213268);
INSERT INTO `zz_sys_perm_code_perm` VALUES (1440911410581213394, 1440911410581213271);
INSERT INTO `zz_sys_perm_code_perm` VALUES (1440911410581213394, 1440911410581213272);
INSERT INTO `zz_sys_perm_code_perm` VALUES (1440911410581213394, 1440911410581213273);
INSERT INTO `zz_sys_perm_code_perm` VALUES (1440911410581213394, 1440911410581213274);
INSERT INTO `zz_sys_perm_code_perm` VALUES (1440911410581213403, 1440911410581213276);
INSERT INTO `zz_sys_perm_code_perm` VALUES (1440911410581213404, 1440911410581213277);
INSERT INTO `zz_sys_perm_code_perm` VALUES (1418050797706416128, 1440975727276068864);
INSERT INTO `zz_sys_perm_code_perm` VALUES (1440977405874278400, 1440975727276068864);
INSERT INTO `zz_sys_perm_code_perm` VALUES (1440977405874278400, 1440975781374201856);
INSERT INTO `zz_sys_perm_code_perm` VALUES (1418050797706416128, 1440975850529886208);
INSERT INTO `zz_sys_perm_code_perm` VALUES (1418050797706416128, 1440975979374710784);
INSERT INTO `zz_sys_perm_code_perm` VALUES (1440977767599443968, 1440975979374710784);
INSERT INTO `zz_sys_perm_code_perm` VALUES (1440977767599443968, 1440976024471867392);
INSERT INTO `zz_sys_perm_code_perm` VALUES (1418050797706416128, 1440976144311521280);
INSERT INTO `zz_sys_perm_code_perm` VALUES (1418050797706416128, 1440976259415805952);
COMMIT;

-- ----------------------------
-- Table structure for zz_sys_perm_module
-- ----------------------------
DROP TABLE IF EXISTS `zz_sys_perm_module`;
CREATE TABLE `zz_sys_perm_module` (
  `module_id` bigint NOT NULL COMMENT '权限模块id',
  `parent_id` bigint DEFAULT '0' COMMENT '上级权限模块id',
  `module_name` varchar(64) CHARACTER SET utf8mb4 COLLATE utf8mb4_bin NOT NULL DEFAULT '' COMMENT '权限模块名称',
  `module_type` int NOT NULL COMMENT '模块类型(0: 普通模块 1: Controller模块)',
  `show_order` int NOT NULL DEFAULT '0' COMMENT '权限模块在当前层级下的顺序，由小到大',
  `create_user_id` bigint NOT NULL COMMENT '创建者Id',
  `create_time` datetime NOT NULL COMMENT '创建时间',
  `update_user_id` bigint NOT NULL COMMENT '更新者Id',
  `update_time` datetime NOT NULL COMMENT '最后更新时间',
  `deleted_flag` int NOT NULL COMMENT '逻辑删除标记(1: 正常 -1: 已删除)',
  PRIMARY KEY (`module_id`) USING BTREE,
  KEY `idx_show_order` (`show_order`) USING BTREE,
  KEY `idx_parent_id` (`parent_id`) USING BTREE,
  KEY `idx_module_type` (`module_type`) USING BTREE
) ENGINE=InnoDB DEFAULT CHARSET=utf8mb4 COLLATE=utf8mb4_bin ROW_FORMAT=COMPACT COMMENT='系统权限模块表';

-- ----------------------------
-- Records of zz_sys_perm_module
-- ----------------------------
BEGIN;
INSERT INTO `zz_sys_perm_module` VALUES (1400625106979393536, NULL, '在线表单', 0, 5, 1440911410581213417, '2021-09-23 00:00:00', 1440911410581213417, '2021-09-23 00:00:00', 1);
INSERT INTO `zz_sys_perm_module` VALUES (1400625224646397952, 1400625106979393536, '数据库连接', 1, 2, 1440911410581213417, '2021-09-23 00:00:00', 1440911410581213417, '2021-09-23 00:00:00', 1);
INSERT INTO `zz_sys_perm_module` VALUES (1400625338886656000, 1400625106979393536, '页面管理', 1, 6, 1440911410581213417, '2021-09-23 00:00:00', 1440911410581213417, '2021-09-23 00:00:00', 1);
INSERT INTO `zz_sys_perm_module` VALUES (1400625585851469824, 1400625106979393536, '在线表单字典管理', 1, 1, 1440911410581213417, '2021-09-23 00:00:00', 1440911410581213417, '2021-09-23 00:00:00', 1);
INSERT INTO `zz_sys_perm_module` VALUES (1400625800033603584, 1400625106979393536, '数据表管理', 1, 3, 1440911410581213417, '2021-09-23 00:00:00', 1440911410581213417, '2021-09-23 00:00:00', 1);
INSERT INTO `zz_sys_perm_module` VALUES (1400625906245963776, 1400625106979393536, '数据表字段', 1, 4, 1440911410581213417, '2021-09-23 00:00:00', 1440911410581213417, '2021-09-23 00:00:00', 1);
INSERT INTO `zz_sys_perm_module` VALUES (1400626018774945792, 1400625106979393536, '字段验证规则', 1, 5, 1440911410581213417, '2021-09-23 00:00:00', 1440911410581213417, '2021-09-23 00:00:00', 1);
INSERT INTO `zz_sys_perm_module` VALUES (1400626192725315584, 1400625106979393536, '数据源管理', 1, 7, 1440911410581213417, '2021-09-23 00:00:00', 1440911410581213417, '2021-09-23 00:00:00', 1);
INSERT INTO `zz_sys_perm_module` VALUES (1400626237478539264, 1400625106979393536, '数据源关联', 1, 8, 1440911410581213417, '2021-09-23 00:00:00', 1440911410581213417, '2021-09-23 00:00:00', 1);
INSERT INTO `zz_sys_perm_module` VALUES (1400626463740268544, 1400625106979393536, '表单管理', 1, 9, 1440911410581213417, '2021-09-23 00:00:00', 1440911410581213417, '2021-09-23 00:00:00', 1);
INSERT INTO `zz_sys_perm_module` VALUES (1401532052901203970, NULL, '用户权限', 0, 1, 1440911410581213417, '2021-09-23 00:00:00', 1440911410581213417, '2021-09-23 00:00:00', 1);
INSERT INTO `zz_sys_perm_module` VALUES (1401532056508305408, NULL, '系统配置', 0, 2, 1440911410581213417, '2021-09-23 00:00:00', 1440911410581213417, '2021-09-23 00:00:00', 1);
INSERT INTO `zz_sys_perm_module` VALUES (1401532056508305409, NULL, '缺省分组', 0, 3, 1440911410581213417, '2021-09-23 00:00:00', 1440911410581213417, '2021-09-23 00:00:00', 1);
INSERT INTO `zz_sys_perm_module` VALUES (1413404952566435840, 1400625106979393536, '虚拟字段管理', 1, 10, 1440911410581213417, '2021-09-23 00:00:00', 1440911410581213417, '2021-09-23 00:00:00', 1);
INSERT INTO `zz_sys_perm_module` VALUES (1418028920103505920, NULL, '流程管理', 0, 6, 1440911410581213417, '2021-09-23 00:00:00', 1440911410581213417, '2021-09-23 00:00:00', 1);
INSERT INTO `zz_sys_perm_module` VALUES (1418029566533832704, 1418028920103505920, '流程分类', 1, 1, 1440911410581213417, '2021-09-23 00:00:00', 1440911410581213417, '2021-09-23 00:00:00', 1);
INSERT INTO `zz_sys_perm_module` VALUES (1418029615040958464, 1418028920103505920, '流程设计', 1, 2, 1440911410581213417, '2021-09-23 00:00:00', 1440911410581213417, '2021-09-23 00:00:00', 1);
INSERT INTO `zz_sys_perm_module` VALUES (1418030256765276160, 1418028920103505920, '流程操作', 1, 4, 1440911410581213417, '2021-09-23 00:00:00', 1440911410581213417, '2021-09-23 00:00:00', 1);
INSERT INTO `zz_sys_perm_module` VALUES (1418031999276290048, 1418028920103505920, '流程变量', 1, 3, 1440911410581213417, '2021-09-23 00:00:00', 1440911410581213417, '2021-09-23 00:00:00', 1);
INSERT INTO `zz_sys_perm_module` VALUES (1418038955105849344, NULL, '工单列表', 0, 7, 1440911410581213417, '2021-09-23 00:00:00', 1440911410581213417, '2021-09-23 00:00:00', 1);
INSERT INTO `zz_sys_perm_module` VALUES (1418051228918616064, 1418028920103505920, '启动流程', 1, 5, 1440911410581213417, '2021-09-23 00:00:00', 1440911410581213417, '2021-09-23 00:00:00', 1);
INSERT INTO `zz_sys_perm_module` VALUES (1418051634793025536, 1418028920103505920, '审批流程', 1, 6, 1440911410581213417, '2021-09-23 00:00:00', 1440911410581213417, '2021-09-23 00:00:00', 1);
INSERT INTO `zz_sys_perm_module` VALUES (1418054414190514176, 1418028920103505920, '流程审批数据', 1, 7, 1440911410581213417, '2021-09-23 00:00:00', 1440911410581213417, '2021-09-23 00:00:00', 1);
INSERT INTO `zz_sys_perm_module` VALUES (1423635643371622400, 1418028920103505920, '已办任务', 1, 8, 1440911410581213417, '2021-09-23 00:00:00', 1440911410581213417, '2021-09-23 00:00:00', 1);
INSERT INTO `zz_sys_perm_module` VALUES (1440911410581213184, 1401532052901203970, '部门管理', 1, 0, 1440911410581213417, '2021-09-23 00:00:00', 1440911410581213417, '2021-09-23 00:00:00', 1);
INSERT INTO `zz_sys_perm_module` VALUES (1440911410581213198, 1401532052901203970, '用户管理', 1, 5, 1440911410581213417, '2021-09-23 00:00:00', 1440911410581213417, '2021-09-23 00:00:00', 1);
INSERT INTO `zz_sys_perm_module` VALUES (1440911410581213210, 1401532052901203970, '角色管理', 1, 10, 1440911410581213417, '2021-09-23 00:00:00', 1440911410581213417, '2021-09-23 00:00:00', 1);
INSERT INTO `zz_sys_perm_module` VALUES (1440911410581213222, 1401532052901203970, '数据权限管理', 1, 15, 1440911410581213417, '2021-09-23 00:00:00', 1440911410581213417, '2021-09-23 00:00:00', 1);
INSERT INTO `zz_sys_perm_module` VALUES (1440911410581213232, 1401532052901203970, '岗位管理', 1, 20, 1440911410581213417, '2021-09-23 00:00:00', 1440911410581213417, '2021-09-23 00:00:00', 1);
INSERT INTO `zz_sys_perm_module` VALUES (1440911410581213238, 1401532052901203970, '菜单管理', 1, 25, 1440911410581213417, '2021-09-23 00:00:00', 1440911410581213417, '2021-09-23 00:00:00', 1);
INSERT INTO `zz_sys_perm_module` VALUES (1440911410581213246, 1401532052901203970, '权限字管理', 1, 30, 1440911410581213417, '2021-09-23 00:00:00', 1440911410581213417, '2021-09-23 00:00:00', 1);
INSERT INTO `zz_sys_perm_module` VALUES (1440911410581213254, 1401532052901203970, '权限模块管理', 1, 35, 1440911410581213417, '2021-09-23 00:00:00', 1440911410581213417, '2021-09-23 00:00:00', 1);
INSERT INTO `zz_sys_perm_module` VALUES (1440911410581213260, 1401532052901203970, '权限资源管理', 1, 40, 1440911410581213417, '2021-09-23 00:00:00', 1440911410581213417, '2021-09-23 00:00:00', 1);
INSERT INTO `zz_sys_perm_module` VALUES (1440911410581213269, 1401532056508305408, '字典管理', 0, 0, 1440911410581213417, '2021-09-23 00:00:00', 1440911410581213417, '2021-09-23 00:00:00', 1);
INSERT INTO `zz_sys_perm_module` VALUES (1440911410581213270, 1440911410581213269, '行政区划', 1, 1, 1440911410581213417, '2021-09-23 00:00:00', 1440911410581213417, '2021-09-23 00:00:00', 1);
INSERT INTO `zz_sys_perm_module` VALUES (1440911410581213275, 1401532056508305408, '在线用户', 1, 5, 1440911410581213417, '2021-09-23 00:00:00', 1440911410581213417, '2021-09-23 00:00:00', 1);
INSERT INTO `zz_sys_perm_module` VALUES (1440975375537541120, 1418038955105849344, '请假申请', 1, 1, 1440911410581213417, '2021-09-23 17:44:36', 1440911410581213417, '2021-09-23 17:44:36', 1);
INSERT INTO `zz_sys_perm_module` VALUES (1440975429199466496, 1418038955105849344, '报销申请', 1, 2, 1440911410581213417, '2021-09-23 17:44:49', 1440911410581213417, '2021-09-23 17:44:49', 1);
INSERT INTO `zz_sys_perm_module` VALUES (1440975469133434880, 1418038955105849344, '合同审批', 1, 3, 1440911410581213417, '2021-09-23 17:44:59', 1440911410581213417, '2021-09-23 17:44:59', 1);
INSERT INTO `zz_sys_perm_module` VALUES (1440975527128076288, 1418038955105849344, '多实例加签', 1, 4, 1440911410581213417, '2021-09-23 17:45:12', 1440911410581213417, '2021-09-23 17:45:12', 1);
INSERT INTO `zz_sys_perm_module` VALUES (1440975571776442368, 1418038955105849344, '转办流程', 1, 5, 1440911410581213417, '2021-09-23 17:45:23', 1440911410581213417, '2021-09-23 17:45:32', 1);
COMMIT;

-- ----------------------------
-- Table structure for zz_sys_perm_whitelist
-- ----------------------------
DROP TABLE IF EXISTS `zz_sys_perm_whitelist`;
CREATE TABLE `zz_sys_perm_whitelist` (
  `perm_url` varchar(512) CHARACTER SET utf8 COLLATE utf8_bin NOT NULL COMMENT '权限资源的url',
  `module_name` varchar(64) CHARACTER SET utf8 COLLATE utf8_bin DEFAULT NULL COMMENT '权限资源所属模块名字(通常是Controller的名字)',
  `perm_name` varchar(64) CHARACTER SET utf8 COLLATE utf8_bin DEFAULT NULL COMMENT '权限的名称',
  PRIMARY KEY (`perm_url`)
) ENGINE=InnoDB DEFAULT CHARSET=utf8mb4 COLLATE=utf8mb4_bin COMMENT='权限资源白名单表(认证用户均可访问的url资源)';

-- ----------------------------
-- Records of zz_sys_perm_whitelist
-- ----------------------------
BEGIN;
INSERT INTO `zz_sys_perm_whitelist` VALUES ('/admin/app/areaCode/listAll', '行政区划', '字典全部列表');
INSERT INTO `zz_sys_perm_whitelist` VALUES ('/admin/app/areaCode/listDict', '行政区划', '行政区划列表');
INSERT INTO `zz_sys_perm_whitelist` VALUES ('/admin/app/areaCode/listDictByIds', '行政区划', '行政区划批量Id列表');
INSERT INTO `zz_sys_perm_whitelist` VALUES ('/admin/app/areaCode/listDictByParentId', '行政区划', '行政区划过滤列表');
INSERT INTO `zz_sys_perm_whitelist` VALUES ('/admin/flow/flowCategory/listDict', '流程管理', '流程分类字典');
INSERT INTO `zz_sys_perm_whitelist` VALUES ('/admin/flow/flowEntry/listDict', '流程管理', '流程字典');
INSERT INTO `zz_sys_perm_whitelist` VALUES ('/admin/flow/flowEntry/viewDict', '流程管理', '流程部分数据查看');
INSERT INTO `zz_sys_perm_whitelist` VALUES ('/admin/flow/flowOnlineOperation/listFlowEntryForm', '流程管理', '流程列表包含在线表单列表');
INSERT INTO `zz_sys_perm_whitelist` VALUES ('/admin/flow/flowOperation/countRuntimeTask', '流程管理', '待办任务列表');
INSERT INTO `zz_sys_perm_whitelist` VALUES ('/admin/online/onlineOperation/listDict', '在线表单', '在线表单字典');
INSERT INTO `zz_sys_perm_whitelist` VALUES ('/admin/upms/login/doLogout', '登录模块', '退出登陆');
INSERT INTO `zz_sys_perm_whitelist` VALUES ('/admin/upms/login/getLoginInfo', '登录模块', '获取登录信息');
INSERT INTO `zz_sys_perm_whitelist` VALUES ('/admin/upms/sysDept/listDict', '部门管理', '部门字典字典列表');
INSERT INTO `zz_sys_perm_whitelist` VALUES ('/admin/upms/sysDept/listDictByIds', '部门管理', '部门字典字典批量Id列表');
INSERT INTO `zz_sys_perm_whitelist` VALUES ('/admin/upms/sysDept/listDictByParentId', '部门管理', '部门字典下一级字典列表');
INSERT INTO `zz_sys_perm_whitelist` VALUES ('/admin/upms/sysDept/listSysDeptPostWithRelation', '系统管理', '部门岗位关联列表');
INSERT INTO `zz_sys_perm_whitelist` VALUES ('/admin/upms/sysPost/listDict', '系统管理', '岗位字典接口');
INSERT INTO `zz_sys_perm_whitelist` VALUES ('/admin/upms/sysPost/listDictByIds', '系统管理', '岗位字典接口');
COMMIT;

-- ----------------------------
-- Table structure for zz_sys_post
-- ----------------------------
DROP TABLE IF EXISTS `zz_sys_post`;
CREATE TABLE `zz_sys_post` (
  `post_id` bigint NOT NULL COMMENT '岗位Id',
  `post_name` varchar(255) CHARACTER SET utf8mb4 COLLATE utf8mb4_bin NOT NULL COMMENT '岗位名称',
  `level` int NOT NULL COMMENT '岗位层级，数值越小级别越高',
  `leader_post` bit(1) NOT NULL DEFAULT b'0' COMMENT '是否领导岗位',
  `create_user_id` bigint NOT NULL COMMENT '创建者Id',
  `create_time` datetime NOT NULL COMMENT '创建时间',
  `update_user_id` bigint NOT NULL COMMENT '更新者Id',
  `update_time` datetime NOT NULL COMMENT '最后更新时间',
  `deleted_flag` int NOT NULL COMMENT '逻辑删除标记(1: 正常 -1: 已删除)',
  PRIMARY KEY (`post_id`) USING BTREE
) ENGINE=InnoDB DEFAULT CHARSET=utf8mb4 COLLATE=utf8mb4_bin;

-- ----------------------------
-- Records of zz_sys_post
-- ----------------------------
BEGIN;
INSERT INTO `zz_sys_post` VALUES (1440963890539139072, '总经理', 1, b'1', 1440911410581213417, '2021-09-23 16:58:58', 1440911410581213417, '2021-09-23 16:59:27', 1);
INSERT INTO `zz_sys_post` VALUES (1440964040611336192, '副经理', 2, b'1', 1440911410581213417, '2021-09-23 16:59:34', 1440911410581213417, '2021-09-23 16:59:34', 1);
INSERT INTO `zz_sys_post` VALUES (1440964097913917440, '组长', 10, b'1', 1440911410581213417, '2021-09-23 16:59:47', 1440911410581213417, '2021-09-23 16:59:47', 1);
INSERT INTO `zz_sys_post` VALUES (1440964131539652608, '副组长', 11, b'1', 1440911410581213417, '2021-09-23 16:59:55', 1440911410581213417, '2021-09-23 16:59:55', 1);
INSERT INTO `zz_sys_post` VALUES (1440964157770829824, '组员', 20, b'0', 1440911410581213417, '2021-09-23 17:00:02', 1440911410581213417, '2021-09-23 17:00:02', 1);
COMMIT;

-- ----------------------------
-- Table structure for zz_sys_role
-- ----------------------------
DROP TABLE IF EXISTS `zz_sys_role`;
CREATE TABLE `zz_sys_role` (
  `role_id` bigint NOT NULL COMMENT '主键Id',
  `role_name` varchar(64) CHARACTER SET utf8mb4 COLLATE utf8mb4_bin NOT NULL COMMENT '角色名称',
  `create_user_id` bigint NOT NULL COMMENT '创建者Id',
  `create_time` datetime NOT NULL COMMENT '创建时间',
  `update_user_id` bigint NOT NULL COMMENT '更新者Id',
  `update_time` datetime NOT NULL COMMENT '最后更新时间',
  `deleted_flag` int NOT NULL COMMENT '逻辑删除标记(1: 正常 -1: 已删除)',
  PRIMARY KEY (`role_id`) USING BTREE
) ENGINE=InnoDB DEFAULT CHARSET=utf8mb4 COLLATE=utf8mb4_bin ROW_FORMAT=COMPACT COMMENT='系统角色表';

-- ----------------------------
-- Records of zz_sys_role
-- ----------------------------
BEGIN;
INSERT INTO `zz_sys_role` VALUES (1440965195903012864, '查看全部', 1440911410581213417, '2021-09-23 17:04:09', 1440911410581213417, '2021-09-24 09:25:49', 1);
COMMIT;

-- ----------------------------
-- Table structure for zz_sys_role_menu
-- ----------------------------
DROP TABLE IF EXISTS `zz_sys_role_menu`;
CREATE TABLE `zz_sys_role_menu` (
  `role_id` bigint NOT NULL COMMENT '角色Id',
  `menu_id` bigint NOT NULL COMMENT '菜单Id',
  PRIMARY KEY (`role_id`,`menu_id`) USING BTREE,
  KEY `idx_menu_id` (`menu_id`) USING BTREE
) ENGINE=InnoDB DEFAULT CHARSET=utf8mb4 COLLATE=utf8mb4_bin ROW_FORMAT=COMPACT COMMENT='角色与菜单对应关系表';

-- ----------------------------
-- Records of zz_sys_role_menu
-- ----------------------------
BEGIN;
INSERT INTO `zz_sys_role_menu` VALUES (1440965195903012864, 1392786476428693504);
INSERT INTO `zz_sys_role_menu` VALUES (1440965195903012864, 1392786549942259712);
INSERT INTO `zz_sys_role_menu` VALUES (1440965195903012864, 1392786950682841088);
INSERT INTO `zz_sys_role_menu` VALUES (1440965195903012864, 1401532054578925568);
INSERT INTO `zz_sys_role_menu` VALUES (1440965195903012864, 1401532055971434496);
INSERT INTO `zz_sys_role_menu` VALUES (1440965195903012864, 1401532055971434497);
INSERT INTO `zz_sys_role_menu` VALUES (1440965195903012864, 1401532055971434498);
INSERT INTO `zz_sys_role_menu` VALUES (1440965195903012864, 1401532055971434499);
INSERT INTO `zz_sys_role_menu` VALUES (1440965195903012864, 1401532055971434500);
INSERT INTO `zz_sys_role_menu` VALUES (1440965195903012864, 1401532055971434501);
INSERT INTO `zz_sys_role_menu` VALUES (1440965195903012864, 1401532055971434502);
INSERT INTO `zz_sys_role_menu` VALUES (1440965195903012864, 1401532055971434503);
INSERT INTO `zz_sys_role_menu` VALUES (1440965195903012864, 1401532055971434504);
INSERT INTO `zz_sys_role_menu` VALUES (1440965195903012864, 1418057714138877952);
INSERT INTO `zz_sys_role_menu` VALUES (1440965195903012864, 1418057835631087616);
INSERT INTO `zz_sys_role_menu` VALUES (1440965195903012864, 1418058049951633408);
INSERT INTO `zz_sys_role_menu` VALUES (1440965195903012864, 1418058115667988480);
INSERT INTO `zz_sys_role_menu` VALUES (1440965195903012864, 1418058170542067712);
INSERT INTO `zz_sys_role_menu` VALUES (1440965195903012864, 1418058289182150656);
INSERT INTO `zz_sys_role_menu` VALUES (1440965195903012864, 1418058515099947008);
INSERT INTO `zz_sys_role_menu` VALUES (1440965195903012864, 1418058602723151872);
INSERT INTO `zz_sys_role_menu` VALUES (1440965195903012864, 1418058744037642240);
INSERT INTO `zz_sys_role_menu` VALUES (1440965195903012864, 1418058844164067328);
INSERT INTO `zz_sys_role_menu` VALUES (1440965195903012864, 1418058907674218496);
INSERT INTO `zz_sys_role_menu` VALUES (1440965195903012864, 1418059005175009280);
INSERT INTO `zz_sys_role_menu` VALUES (1440965195903012864, 1418059167532322816);
INSERT INTO `zz_sys_role_menu` VALUES (1440965195903012864, 1418059283920064512);
INSERT INTO `zz_sys_role_menu` VALUES (1440965195903012864, 1423161217970606080);
INSERT INTO `zz_sys_role_menu` VALUES (1440965195903012864, 1433040549035642880);
INSERT INTO `zz_sys_role_menu` VALUES (1440965195903012864, 1440911410581213280);
INSERT INTO `zz_sys_role_menu` VALUES (1440965195903012864, 1440911410581213281);
INSERT INTO `zz_sys_role_menu` VALUES (1440965195903012864, 1440911410581213282);
INSERT INTO `zz_sys_role_menu` VALUES (1440965195903012864, 1440911410581213283);
INSERT INTO `zz_sys_role_menu` VALUES (1440965195903012864, 1440911410581213284);
INSERT INTO `zz_sys_role_menu` VALUES (1440965195903012864, 1440911410581213285);
INSERT INTO `zz_sys_role_menu` VALUES (1440965195903012864, 1440911410581213294);
INSERT INTO `zz_sys_role_menu` VALUES (1440965195903012864, 1440911410581213295);
INSERT INTO `zz_sys_role_menu` VALUES (1440965195903012864, 1440911410581213296);
INSERT INTO `zz_sys_role_menu` VALUES (1440965195903012864, 1440911410581213297);
INSERT INTO `zz_sys_role_menu` VALUES (1440965195903012864, 1440911410581213298);
INSERT INTO `zz_sys_role_menu` VALUES (1440965195903012864, 1440911410581213299);
INSERT INTO `zz_sys_role_menu` VALUES (1440965195903012864, 1440911410581213308);
INSERT INTO `zz_sys_role_menu` VALUES (1440965195903012864, 1440911410581213309);
INSERT INTO `zz_sys_role_menu` VALUES (1440965195903012864, 1440911410581213310);
INSERT INTO `zz_sys_role_menu` VALUES (1440965195903012864, 1440911410581213311);
INSERT INTO `zz_sys_role_menu` VALUES (1440965195903012864, 1440911410581213312);
INSERT INTO `zz_sys_role_menu` VALUES (1440965195903012864, 1440911410581213313);
INSERT INTO `zz_sys_role_menu` VALUES (1440965195903012864, 1440911410581213314);
INSERT INTO `zz_sys_role_menu` VALUES (1440965195903012864, 1440911410581213315);
INSERT INTO `zz_sys_role_menu` VALUES (1440965195903012864, 1440911410581213316);
INSERT INTO `zz_sys_role_menu` VALUES (1440965195903012864, 1440911410581213317);
INSERT INTO `zz_sys_role_menu` VALUES (1440965195903012864, 1440911410581213328);
INSERT INTO `zz_sys_role_menu` VALUES (1440965195903012864, 1440911410581213329);
INSERT INTO `zz_sys_role_menu` VALUES (1440965195903012864, 1440911410581213330);
INSERT INTO `zz_sys_role_menu` VALUES (1440965195903012864, 1440911410581213331);
INSERT INTO `zz_sys_role_menu` VALUES (1440965195903012864, 1440911410581213332);
INSERT INTO `zz_sys_role_menu` VALUES (1440965195903012864, 1440911410581213333);
INSERT INTO `zz_sys_role_menu` VALUES (1440965195903012864, 1440911410581213334);
INSERT INTO `zz_sys_role_menu` VALUES (1440965195903012864, 1440911410581213335);
INSERT INTO `zz_sys_role_menu` VALUES (1440965195903012864, 1440911410581213336);
INSERT INTO `zz_sys_role_menu` VALUES (1440965195903012864, 1440911410581213346);
INSERT INTO `zz_sys_role_menu` VALUES (1440965195903012864, 1440911410581213347);
INSERT INTO `zz_sys_role_menu` VALUES (1440965195903012864, 1440911410581213348);
INSERT INTO `zz_sys_role_menu` VALUES (1440965195903012864, 1440911410581213349);
INSERT INTO `zz_sys_role_menu` VALUES (1440965195903012864, 1440911410581213350);
INSERT INTO `zz_sys_role_menu` VALUES (1440965195903012864, 1440911410581213358);
INSERT INTO `zz_sys_role_menu` VALUES (1440965195903012864, 1440911410581213359);
INSERT INTO `zz_sys_role_menu` VALUES (1440965195903012864, 1440911410581213360);
INSERT INTO `zz_sys_role_menu` VALUES (1440965195903012864, 1440911410581213361);
INSERT INTO `zz_sys_role_menu` VALUES (1440965195903012864, 1440911410581213362);
INSERT INTO `zz_sys_role_menu` VALUES (1440965195903012864, 1440911410581213370);
INSERT INTO `zz_sys_role_menu` VALUES (1440965195903012864, 1440911410581213371);
INSERT INTO `zz_sys_role_menu` VALUES (1440965195903012864, 1440911410581213372);
INSERT INTO `zz_sys_role_menu` VALUES (1440965195903012864, 1440911410581213373);
INSERT INTO `zz_sys_role_menu` VALUES (1440965195903012864, 1440911410581213374);
INSERT INTO `zz_sys_role_menu` VALUES (1440965195903012864, 1440911410581213375);
INSERT INTO `zz_sys_role_menu` VALUES (1440965195903012864, 1440911410581213376);
INSERT INTO `zz_sys_role_menu` VALUES (1440965195903012864, 1440911410581213377);
INSERT INTO `zz_sys_role_menu` VALUES (1440965195903012864, 1440911410581213388);
INSERT INTO `zz_sys_role_menu` VALUES (1440965195903012864, 1440911410581213389);
INSERT INTO `zz_sys_role_menu` VALUES (1440965195903012864, 1440911410581213390);
INSERT INTO `zz_sys_role_menu` VALUES (1440965195903012864, 1440911410581213391);
INSERT INTO `zz_sys_role_menu` VALUES (1440965195903012864, 1440911410581213392);
INSERT INTO `zz_sys_role_menu` VALUES (1440965195903012864, 1440911410581213400);
INSERT INTO `zz_sys_role_menu` VALUES (1440965195903012864, 1440911410581213401);
INSERT INTO `zz_sys_role_menu` VALUES (1440965195903012864, 1440911410581213406);
INSERT INTO `zz_sys_role_menu` VALUES (1440965195903012864, 1440911410581213407);
INSERT INTO `zz_sys_role_menu` VALUES (1440965195903012864, 1440911410581213408);
INSERT INTO `zz_sys_role_menu` VALUES (1440965195903012864, 1440911410581213409);
INSERT INTO `zz_sys_role_menu` VALUES (1440965195903012864, 1440911410581213410);
INSERT INTO `zz_sys_role_menu` VALUES (1440965195903012864, 1440973980537196544);
INSERT INTO `zz_sys_role_menu` VALUES (1440965195903012864, 1440974056105971712);
INSERT INTO `zz_sys_role_menu` VALUES (1440965195903012864, 1440974056110166016);
INSERT INTO `zz_sys_role_menu` VALUES (1440965195903012864, 1440974056114360320);
INSERT INTO `zz_sys_role_menu` VALUES (1440965195903012864, 1440974134195523584);
INSERT INTO `zz_sys_role_menu` VALUES (1440965195903012864, 1440974134199717888);
INSERT INTO `zz_sys_role_menu` VALUES (1440965195903012864, 1440974134203912192);
INSERT INTO `zz_sys_role_menu` VALUES (1440965195903012864, 1440974233613111296);
INSERT INTO `zz_sys_role_menu` VALUES (1440965195903012864, 1440974233617305600);
INSERT INTO `zz_sys_role_menu` VALUES (1440965195903012864, 1440974233621499904);
INSERT INTO `zz_sys_role_menu` VALUES (1440965195903012864, 1440974310754750464);
INSERT INTO `zz_sys_role_menu` VALUES (1440965195903012864, 1440974580402360320);
INSERT INTO `zz_sys_role_menu` VALUES (1440965195903012864, 1440978065088843776);
COMMIT;

-- ----------------------------
-- Table structure for zz_sys_user
-- ----------------------------
DROP TABLE IF EXISTS `zz_sys_user`;
CREATE TABLE `zz_sys_user` (
  `user_id` bigint NOT NULL COMMENT '主键Id',
  `login_name` varchar(64) CHARACTER SET utf8mb4 COLLATE utf8mb4_bin NOT NULL COMMENT '用户登录名称',
  `password` varchar(64) CHARACTER SET utf8mb4 COLLATE utf8mb4_bin NOT NULL COMMENT '密码',
  `show_name` varchar(32) CHARACTER SET utf8mb4 COLLATE utf8mb4_bin NOT NULL COMMENT '用户显示名称',
  `dept_id` bigint NOT NULL COMMENT '用户所在部门Id',
  `user_type` int NOT NULL COMMENT '用户类型(0: 管理员 1: 系统管理用户 2: 系统业务用户)',
  `head_image_url` varchar(255) CHARACTER SET utf8mb4 COLLATE utf8mb4_bin DEFAULT NULL COMMENT '用户头像的Url',
  `user_status` int NOT NULL COMMENT '状态(0: 正常 1: 锁定)',
  `create_user_id` bigint NOT NULL COMMENT '创建者Id',
  `create_time` datetime NOT NULL COMMENT '创建时间',
  `update_user_id` bigint NOT NULL COMMENT '更新者Id',
  `update_time` datetime NOT NULL COMMENT '最后更新时间',
  `deleted_flag` int NOT NULL COMMENT '删除标记(1: 正常 -1: 已删除)',
  PRIMARY KEY (`user_id`) USING BTREE,
  UNIQUE KEY `uk_login_name` (`login_name`) USING BTREE,
  KEY `idx_dept_id` (`dept_id`) USING BTREE,
  KEY `idx_status` (`user_status`) USING BTREE
) ENGINE=InnoDB DEFAULT CHARSET=utf8mb4 COLLATE=utf8mb4_bin ROW_FORMAT=COMPACT COMMENT='系统用户表';

-- ----------------------------
-- Records of zz_sys_user
-- ----------------------------
BEGIN;
INSERT INTO `zz_sys_user` VALUES (1440911410581213417, 'admin', '$2a$10$GT/GXfypSJ.2f7.npoAAHuINPkC/VJttDGYBB3xyQqWt1bi9qEnL6', '管理员', 1440911410581213416, 0, 'CHANGE TO YOUR HEAD IMAGE URL!!!', 0, 1440911410581213417, '2021-09-23 00:00:00', 1440911410581213417, '2021-09-23 00:00:00', 1);
INSERT INTO `zz_sys_user` VALUES (1440965344985354240, 'leaderHR', '$2a$10$tLqussQ4t4n..A274vS9luxZI8zmxdQSkmwXcOU3egPJtyFIVDYj.', '人事经理', 1440963592970047488, 2, NULL, 0, 1440911410581213417, '2021-09-23 17:04:45', 1440911410581213417, '2021-09-23 17:04:45', 1);
INSERT INTO `zz_sys_user` VALUES (1440965465605148672, 'userA', '$2a$10$BGsgE5KA/hKV95.kCZmMleiUssNRpOGE0qMTkCGHsSiugnqSsaSFS', '员工A', 1440963592970047488, 2, NULL, 0, 1440911410581213417, '2021-09-23 17:05:14', 1440911410581213417, '2021-09-23 17:05:14', 1);
INSERT INTO `zz_sys_user` VALUES (1440965586715676672, 'userB', '$2a$10$J0obwzeNt3iWoArSdRCKLeABdcMwe/rJrPIoGNW.LFgCYKhFKC9Lu', '员工B', 1440963642542526464, 2, NULL, 0, 1440911410581213417, '2021-09-23 17:05:42', 1440911410581213417, '2021-09-23 17:05:42', 1);
INSERT INTO `zz_sys_user` VALUES (1440965697961201664, 'userC', '$2a$10$KukIvoMoncnpSafKnueXnOLEhI5V7cW0GBsGt9EkTGq482vsRgQwm', '员工C', 1440963642542526464, 2, NULL, 0, 1440911410581213417, '2021-09-23 17:06:09', 1440911410581213417, '2021-09-23 17:06:09', 1);
INSERT INTO `zz_sys_user` VALUES (1440965808049098752, 'leaderLaw', '$2a$10$8o2qUYKOpizH42gIs4hDU.TjrzzWu/tOJeQebvXISkAI3wscFbAl2', '法务经理', 1440963642542526464, 2, NULL, 0, 1440911410581213417, '2021-09-23 17:06:35', 1440911410581213417, '2021-09-23 17:06:35', 1);
INSERT INTO `zz_sys_user` VALUES (1440966073686953984, 'leaderTJ', '$2a$10$NLZDkFP/nLkGzo/blYJ7w.HmmZF8v12ByockmYXPZZ7cr/TqILB/u', '天津总监', 1440963698460987392, 2, NULL, 0, 1440911410581213417, '2021-09-23 17:07:39', 1440911410581213417, '2021-09-23 17:07:39', 1);
INSERT INTO `zz_sys_user` VALUES (1440966186522120192, 'leaderTJ2', '$2a$10$F7vVIJeC7OdHTNV050aqieJwJcBdjrUOCGjAE4wq0mESLb1Pn6yoe', '天津经理', 1440963698460987392, 2, NULL, 0, 1440911410581213417, '2021-09-23 17:08:05', 1440911410581213417, '2021-09-23 17:08:05', 1);
INSERT INTO `zz_sys_user` VALUES (1440966324770574336, 'userD', '$2a$10$7G2Lcw1GducD2FtCxQask.7lVRPRvKZk7YVZOsT319uXVtK2LQPji', '员工D', 1440963698460987392, 2, NULL, 0, 1440911410581213417, '2021-09-23 17:08:38', 1440911410581213417, '2021-09-23 17:08:38', 1);
INSERT INTO `zz_sys_user` VALUES (1440969706411397120, 'leader', '$2a$10$LgJRx/7YT.F6oUs4PPVpxuSYQBOdcXqx6dvdkaJmA7ObWdpJzhOQu', '总部领导', 1440911410581213416, 2, NULL, 0, 1440911410581213417, '2021-09-23 17:22:05', 1440911410581213417, '2021-09-23 17:22:05', 1);
COMMIT;

-- ----------------------------
-- Table structure for zz_sys_user_post
-- ----------------------------
DROP TABLE IF EXISTS `zz_sys_user_post`;
CREATE TABLE `zz_sys_user_post` (
  `user_id` bigint NOT NULL COMMENT '用户Id',
  `dept_post_id` bigint NOT NULL COMMENT '部门岗位Id',
  `post_id` bigint NOT NULL COMMENT '岗位Id',
  PRIMARY KEY (`user_id`,`dept_post_id`) USING BTREE,
  KEY `idx_post_id` (`post_id`) USING BTREE
) ENGINE=InnoDB DEFAULT CHARSET=utf8mb4 COLLATE=utf8mb4_bin;

-- ----------------------------
-- Records of zz_sys_user_post
-- ----------------------------
BEGIN;
INSERT INTO `zz_sys_user_post` VALUES (1440966073686953984, 1440964519391137792, 1440963890539139072);
INSERT INTO `zz_sys_user_post` VALUES (1440969706411397120, 1440969551792574464, 1440963890539139072);
INSERT INTO `zz_sys_user_post` VALUES (1440966186522120192, 1440964519395332096, 1440964040611336192);
INSERT INTO `zz_sys_user_post` VALUES (1440965344985354240, 1440964221780103168, 1440964097913917440);
INSERT INTO `zz_sys_user_post` VALUES (1440965808049098752, 1440964387979399168, 1440964097913917440);
INSERT INTO `zz_sys_user_post` VALUES (1440965465605148672, 1440964221855600640, 1440964157770829824);
INSERT INTO `zz_sys_user_post` VALUES (1440965586715676672, 1440964387983593472, 1440964157770829824);
INSERT INTO `zz_sys_user_post` VALUES (1440965697961201664, 1440964387983593472, 1440964157770829824);
INSERT INTO `zz_sys_user_post` VALUES (1440966324770574336, 1440964519399526400, 1440964157770829824);
COMMIT;

-- ----------------------------
-- Table structure for zz_sys_user_role
-- ----------------------------
DROP TABLE IF EXISTS `zz_sys_user_role`;
CREATE TABLE `zz_sys_user_role` (
  `user_id` bigint NOT NULL COMMENT '用户Id',
  `role_id` bigint NOT NULL COMMENT '角色Id',
  PRIMARY KEY (`user_id`,`role_id`) USING BTREE,
  KEY `idx_role_id` (`role_id`) USING BTREE
) ENGINE=InnoDB DEFAULT CHARSET=utf8mb4 COLLATE=utf8mb4_bin ROW_FORMAT=COMPACT COMMENT='用户与角色对应关系表';

-- ----------------------------
-- Records of zz_sys_user_role
-- ----------------------------
BEGIN;
INSERT INTO `zz_sys_user_role` VALUES (1440965344985354240, 1440965195903012864);
INSERT INTO `zz_sys_user_role` VALUES (1440965465605148672, 1440965195903012864);
INSERT INTO `zz_sys_user_role` VALUES (1440965586715676672, 1440965195903012864);
INSERT INTO `zz_sys_user_role` VALUES (1440965697961201664, 1440965195903012864);
INSERT INTO `zz_sys_user_role` VALUES (1440965808049098752, 1440965195903012864);
INSERT INTO `zz_sys_user_role` VALUES (1440966073686953984, 1440965195903012864);
INSERT INTO `zz_sys_user_role` VALUES (1440966186522120192, 1440965195903012864);
INSERT INTO `zz_sys_user_role` VALUES (1440966324770574336, 1440965195903012864);
INSERT INTO `zz_sys_user_role` VALUES (1440969706411397120, 1440965195903012864);
COMMIT;

-- ----------------------------
-- Table structure for zz_test_flow_contract
-- ----------------------------
DROP TABLE IF EXISTS `zz_test_flow_contract`;
CREATE TABLE `zz_test_flow_contract` (
  `contract_id` bigint NOT NULL COMMENT '主键Id',
  `first_party_id` bigint NOT NULL COMMENT '甲方信息Id',
  `second_party_id` bigint NOT NULL COMMENT '乙方信息Id',
  `contract_type` int NOT NULL COMMENT '合同类型',
  `due_date` datetime NOT NULL COMMENT '到期日期',
  `sales_id` bigint NOT NULL COMMENT '业务员Id',
  `commission_rate` int NOT NULL COMMENT '提成比例',
  `attachment` varchar(512) CHARACTER SET utf8mb4 COLLATE utf8mb4_bin DEFAULT NULL COMMENT '合同附件URL',
  `security_attachment` varchar(512) CHARACTER SET utf8mb4 COLLATE utf8mb4_bin DEFAULT NULL COMMENT '保密协议附件URL',
  `intellectual_property_attachment` varchar(512) CHARACTER SET utf8mb4 COLLATE utf8mb4_bin DEFAULT NULL COMMENT '知识产权协议附件',
  `other_attachment` varchar(512) CHARACTER SET utf8mb4 COLLATE utf8mb4_bin DEFAULT NULL COMMENT '其他附件',
  `create_user_id` bigint NOT NULL COMMENT '创建者',
  `create_time` datetime NOT NULL COMMENT '创建时间',
  `update_user_id` bigint NOT NULL COMMENT '更新者',
  `update_time` datetime NOT NULL COMMENT '最后更新时间',
  `deleted_flag` int NOT NULL DEFAULT '0' COMMENT '删除标记(1: 正常 -1: 已删除)',
  PRIMARY KEY (`contract_id`) USING BTREE
) ENGINE=InnoDB DEFAULT CHARSET=utf8mb4 COLLATE=utf8mb4_bin;

-- ----------------------------
-- Records of zz_test_flow_contract
-- ----------------------------
BEGIN;
INSERT INTO `zz_test_flow_contract` VALUES (1424647986075406336, 1424645184158699520, 1424645446290116608, 1, '2021-09-18 00:00:00', 1424607792735457280, 5, '[{\"name\":\"logo.png\",\"filename\":\"c29d9f9302c04114b559f130fe606c4f.png\"}]', '[{\"name\":\"新建位图图像.png\",\"filename\":\"d861d009ae2c46ddbb7ccaf2d679a639.png\"}]', '[{\"name\":\"logo.png\",\"filename\":\"46c75b9445f44540922a84f471f61340.png\"}]', '[{\"name\":\"新建位图图像.png\",\"filename\":\"08c56233600d4da9822c07f22bf4fa0e.png\"}]', 1424545631073996884, '2021-08-08 16:25:23', 1424545631073996884, '2021-08-08 16:25:23', 1);
INSERT INTO `zz_test_flow_contract` VALUES (1441215377508929536, 1424645184158699520, 1424645446290116608, 1, '2021-09-30 00:00:00', 1440966324770574336, 5, '[{\"name\":\"新建位图图像.png\",\"filename\":\"d9aa27ea7eec4375b123e11ce92ec9b5.png\"}]', '[{\"name\":\"新建位图图像.png\",\"filename\":\"0c20b1c7256148018451852ddae9f8aa.png\"}]', NULL, NULL, 1440966324770574336, '2021-09-24 09:38:17', 1440966324770574336, '2021-09-24 09:38:17', 1);
INSERT INTO `zz_test_flow_contract` VALUES (1441217206602960896, 1424645184158699520, 1424645446290116608, 1, '2021-10-09 00:00:00', 1440966324770574336, 7, '[{\"name\":\"新建位图图像.png\",\"filename\":\"dcd2db9b75664251a3baf595f6752d90.png\"}]', '[{\"name\":\"新建位图图像.png\",\"filename\":\"e85a5b89d3bd4a3f94d58b0630afc7af.png\"}]', NULL, NULL, 1440966324770574336, '2021-09-24 09:45:33', 1440966324770574336, '2021-09-24 09:45:33', 1);
INSERT INTO `zz_test_flow_contract` VALUES (1450750096739143680, 1424645184158699520, 1424645446290116608, 1, '2021-11-06 00:00:00', 1440966324770574336, 10, '[{\"name\":\"logo.png\",\"filename\":\"1a4d071f19164c19811e4067b21707d2.png\"}]', '[{\"name\":\"图片1.png\",\"filename\":\"5aa213bbea704ecdb480d7e655abea8b.png\"}]', NULL, NULL, 1440966324770574336, '2021-10-20 17:05:51', 1440966324770574336, '2021-10-20 17:05:51', 1);
INSERT INTO `zz_test_flow_contract` VALUES (1476752006788943872, 1424645184158699520, 1424645446290116608, 1, '2021-12-10 00:00:00', 1440911410581213417, 11, NULL, NULL, NULL, NULL, 1440911410581213417, '2021-12-31 11:08:10', 1440911410581213417, '2021-12-31 11:08:10', 1);
COMMIT;

-- ----------------------------
-- Table structure for zz_test_flow_contract_detail
-- ----------------------------
DROP TABLE IF EXISTS `zz_test_flow_contract_detail`;
CREATE TABLE `zz_test_flow_contract_detail` (
  `contract_detail_id` bigint NOT NULL COMMENT '主键Id',
  `contract_id` bigint NOT NULL COMMENT '合同Id',
  `product_id` bigint NOT NULL COMMENT '产品Id',
  `total_count` int NOT NULL COMMENT '数量',
  `total_amount` int NOT NULL COMMENT '总价',
  `meno` varchar(1024) CHARACTER SET utf8mb4 COLLATE utf8mb4_bin DEFAULT NULL COMMENT '备注',
  `create_user_id` bigint NOT NULL COMMENT '创建者',
  `create_time` datetime NOT NULL COMMENT '创建时间',
  `update_user_id` bigint NOT NULL COMMENT '更新者',
  `update_time` datetime NOT NULL COMMENT '最后更新时间',
  `deleted_flag` int NOT NULL DEFAULT '0' COMMENT '删除标记(1: 正常 -1: 已删除)',
  PRIMARY KEY (`contract_detail_id`) USING BTREE
) ENGINE=InnoDB DEFAULT CHARSET=utf8mb4 COLLATE=utf8mb4_bin;

-- ----------------------------
-- Records of zz_test_flow_contract_detail
-- ----------------------------
BEGIN;
INSERT INTO `zz_test_flow_contract_detail` VALUES (1424647986087989249, 1424647986075406336, 1424645586203709440, 1, 12001, '加急', 1424545631073996884, '2021-08-08 16:25:23', 1424545631073996884, '2021-08-08 16:25:23', 1);
INSERT INTO `zz_test_flow_contract_detail` VALUES (1424647986092183552, 1424647986075406336, 1424645694550970368, 5, 143680, NULL, 1424545631073996884, '2021-08-08 16:25:23', 1424545631073996884, '2021-08-08 16:25:23', 1);
INSERT INTO `zz_test_flow_contract_detail` VALUES (1441215377550872576, 1441215377508929536, 1424645586203709440, 100, 1230000, '加急', 1440966324770574336, '2021-09-24 09:38:17', 1440966324770574336, '2021-09-24 09:38:17', 1);
INSERT INTO `zz_test_flow_contract_detail` VALUES (1441217206628126720, 1441217206602960896, 1424645586203709440, 50, 234000, '加急', 1440966324770574336, '2021-09-24 09:45:33', 1440966324770574336, '2021-09-24 09:45:33', 1);
INSERT INTO `zz_test_flow_contract_detail` VALUES (1450750096764309505, 1450750096739143680, 1424645586203709440, 5, 24863, '加急', 1440966324770574336, '2021-10-20 17:05:51', 1440966324770574336, '2021-10-20 17:05:51', 1);
COMMIT;

-- ----------------------------
-- Table structure for zz_test_flow_delivery_detail
-- ----------------------------
DROP TABLE IF EXISTS `zz_test_flow_delivery_detail`;
CREATE TABLE `zz_test_flow_delivery_detail` (
  `delivery_id` bigint NOT NULL COMMENT '主键Id',
  `contract_id` bigint NOT NULL COMMENT '合同Id',
  `delivery_date` datetime NOT NULL COMMENT '交付日期',
  `product_id` bigint NOT NULL COMMENT '产品Id',
  `total_count` int NOT NULL COMMENT '数量',
  `memo` varchar(1024) CHARACTER SET utf8mb4 COLLATE utf8mb4_bin DEFAULT NULL COMMENT '备注',
  `create_user_id` bigint NOT NULL COMMENT '创建者',
  `create_time` datetime NOT NULL COMMENT '创建时间',
  `update_user_id` bigint NOT NULL COMMENT '更新者',
  `update_time` datetime NOT NULL COMMENT '最后更新时间',
  `deleted_flag` int NOT NULL DEFAULT '0' COMMENT '删除标记(1: 正常 -1: 已删除)',
  PRIMARY KEY (`delivery_id`) USING BTREE
) ENGINE=InnoDB DEFAULT CHARSET=utf8mb4 COLLATE=utf8mb4_bin;

-- ----------------------------
-- Records of zz_test_flow_delivery_detail
-- ----------------------------
BEGIN;
INSERT INTO `zz_test_flow_delivery_detail` VALUES (1424647986079600640, 1424647986075406336, '2021-08-14 00:00:00', 1424645586203709440, 1, NULL, 1424545631073996884, '2021-08-08 16:25:23', 1424545631073996884, '2021-08-08 16:25:23', 1);
INSERT INTO `zz_test_flow_delivery_detail` VALUES (1424647986083794944, 1424647986075406336, '2021-08-28 00:00:00', 1424645694550970368, 2, NULL, 1424545631073996884, '2021-08-08 16:25:23', 1424545631073996884, '2021-08-08 16:25:23', 1);
INSERT INTO `zz_test_flow_delivery_detail` VALUES (1424647986087989248, 1424647986075406336, '2021-09-11 00:00:00', 1424645694550970368, 3, NULL, 1424545631073996884, '2021-08-08 16:25:23', 1424545631073996884, '2021-08-08 16:25:23', 1);
INSERT INTO `zz_test_flow_delivery_detail` VALUES (1441215377538289664, 1441215377508929536, '2021-09-27 00:00:00', 1424645586203709440, 40, NULL, 1440966324770574336, '2021-09-24 09:38:17', 1440966324770574336, '2021-09-24 09:38:17', 1);
INSERT INTO `zz_test_flow_delivery_detail` VALUES (1441215377546678272, 1441215377508929536, '2021-09-30 00:00:00', 1424645586203709440, 60, '加急', 1440966324770574336, '2021-09-24 09:38:17', 1440966324770574336, '2021-09-24 09:38:17', 1);
INSERT INTO `zz_test_flow_delivery_detail` VALUES (1441217206619738113, 1441217206602960896, '2021-09-27 00:00:00', 1424645586203709440, 20, NULL, 1440966324770574336, '2021-09-24 09:45:33', 1440966324770574336, '2021-09-24 09:45:33', 1);
INSERT INTO `zz_test_flow_delivery_detail` VALUES (1441217206623932416, 1441217206602960896, '2021-09-29 00:00:00', 1424645586203709440, 30, NULL, 1440966324770574336, '2021-09-24 09:45:33', 1440966324770574336, '2021-09-24 09:45:33', 1);
INSERT INTO `zz_test_flow_delivery_detail` VALUES (1450750096760115200, 1450750096739143680, '2021-10-27 00:00:00', 1424645586203709440, 3, '加急', 1440966324770574336, '2021-10-20 17:05:51', 1440966324770574336, '2021-10-20 17:05:51', 1);
INSERT INTO `zz_test_flow_delivery_detail` VALUES (1450750096764309504, 1450750096739143680, '2021-11-03 00:00:00', 1424645586203709440, 2, NULL, 1440966324770574336, '2021-10-20 17:05:51', 1440966324770574336, '2021-10-20 17:05:51', 1);
COMMIT;

-- ----------------------------
-- Table structure for zz_test_flow_first_party
-- ----------------------------
DROP TABLE IF EXISTS `zz_test_flow_first_party`;
CREATE TABLE `zz_test_flow_first_party` (
  `first_party_id` bigint NOT NULL COMMENT '主键Id',
  `company_name` varchar(255) CHARACTER SET utf8mb4 COLLATE utf8mb4_bin NOT NULL COMMENT '公司名称',
  `legal_person` varchar(64) CHARACTER SET utf8mb4 COLLATE utf8mb4_bin NOT NULL COMMENT '法人',
  `legal_person_id` char(18) CHARACTER SET utf8mb4 COLLATE utf8mb4_bin NOT NULL COMMENT '法人身份证号',
  `registry_address` varchar(512) CHARACTER SET utf8mb4 COLLATE utf8mb4_bin NOT NULL COMMENT '注册地址',
  `contact_info` varchar(255) CHARACTER SET utf8mb4 COLLATE utf8mb4_bin NOT NULL COMMENT '联系方式',
  `business_scope` varchar(4000) CHARACTER SET utf8mb4 COLLATE utf8mb4_bin NOT NULL COMMENT '经营范围',
  `memo` varchar(1024) CHARACTER SET utf8mb4 COLLATE utf8mb4_bin DEFAULT NULL COMMENT '备注',
  `create_user_id` bigint NOT NULL COMMENT '创建者',
  `create_time` datetime NOT NULL COMMENT '创建时间',
  `update_user_id` bigint NOT NULL COMMENT '更新者',
  `update_time` datetime NOT NULL COMMENT '最后更新时间',
  `deleted_flag` int NOT NULL DEFAULT '0' COMMENT '删除标记(1: 正常 -1: 已删除)',
  PRIMARY KEY (`first_party_id`) USING BTREE
) ENGINE=InnoDB DEFAULT CHARSET=utf8mb4 COLLATE=utf8mb4_bin;

-- ----------------------------
-- Records of zz_test_flow_first_party
-- ----------------------------
BEGIN;
INSERT INTO `zz_test_flow_first_party` VALUES (1424645184158699520, '天津哈哈乐商贸公司', '王哈哈', '120104197604150375', '天津市津南区', '022-23451234', '商贸商贸', '天津商贸', 1424545631073996884, '2021-08-08 16:14:15', 1424545631073996884, '2021-08-08 16:14:15', 1);
COMMIT;

-- ----------------------------
-- Table structure for zz_test_flow_leave
-- ----------------------------
DROP TABLE IF EXISTS `zz_test_flow_leave`;
CREATE TABLE `zz_test_flow_leave` (
  `id` bigint NOT NULL COMMENT '主键Id',
  `user_id` bigint NOT NULL COMMENT '请假用户Id',
  `leave_reason` varchar(512) CHARACTER SET utf8mb4 COLLATE utf8mb4_bin NOT NULL COMMENT '请假原因',
  `leave_type` int NOT NULL COMMENT '请假类型',
  `leave_begin_time` datetime NOT NULL COMMENT '请假开始时间',
  `leave_end_time` datetime NOT NULL COMMENT '请假结束时间',
  `apply_time` datetime NOT NULL COMMENT '申请时间',
  PRIMARY KEY (`id`) USING BTREE,
  KEY `idx_user_id` (`user_id`) USING BTREE
) ENGINE=InnoDB DEFAULT CHARSET=utf8mb4 COLLATE=utf8mb4_bin;

-- ----------------------------
-- Records of zz_test_flow_leave
-- ----------------------------
BEGIN;
INSERT INTO `zz_test_flow_leave` VALUES (1424636082313498624, 1424545631073996884, '请假2天', 1, '2021-08-01 00:00:00', '2021-08-02 00:00:00', '2021-08-08 15:38:05');
INSERT INTO `zz_test_flow_leave` VALUES (1424649303212691456, 1424545631073996884, '请假一天', 1, '2021-08-01 00:00:00', '2021-08-01 00:00:00', '2021-08-08 16:30:37');
INSERT INTO `zz_test_flow_leave` VALUES (1424652775060410368, 1424545631073996884, '请假2天', 1, '2021-08-01 00:00:00', '2021-08-02 00:00:00', '2021-08-08 16:44:25');
INSERT INTO `zz_test_flow_leave` VALUES (1424653286929076224, 1424545631073996884, '请假一天', 1, '2021-08-01 00:00:00', '2021-08-01 00:00:00', '2021-08-08 16:46:27');
INSERT INTO `zz_test_flow_leave` VALUES (1424653896705380352, 1424545631073996884, '请假3天！！！', 2, '2021-08-01 00:00:00', '2021-08-03 00:00:00', '2021-08-08 16:48:52');
INSERT INTO `zz_test_flow_leave` VALUES (1424654125999591424, 1424545631073996884, '结婚了结婚了', 3, '2021-08-01 00:00:00', '2021-08-07 00:00:00', '2021-08-08 16:49:47');
INSERT INTO `zz_test_flow_leave` VALUES (1424657782186971136, 1424654900813369344, '请假请假', 1, '2021-08-01 00:00:00', '2021-08-07 00:00:00', '2021-08-08 17:04:19');
INSERT INTO `zz_test_flow_leave` VALUES (1424658915961868288, 1424545631073996884, '测试', 1, '2021-08-01 00:00:00', '2021-08-07 00:00:00', '2021-08-08 17:08:49');
INSERT INTO `zz_test_flow_leave` VALUES (1424659588543680512, 1424608402885054464, '测试请假', 1, '2021-08-01 00:00:00', '2021-08-02 00:00:00', '2021-08-08 17:11:29');
INSERT INTO `zz_test_flow_leave` VALUES (1424659995714129920, 1424608402885054464, '测试了测试了', 1, '2021-08-01 00:00:00', '2021-08-07 00:00:00', '2021-08-08 17:13:07');
INSERT INTO `zz_test_flow_leave` VALUES (1424660095102357504, 1424608402885054464, '测试了测试了！！！', 1, '2021-08-01 00:00:00', '2021-08-07 00:00:00', '2021-08-08 17:13:30');
INSERT INTO `zz_test_flow_leave` VALUES (1441213240326492160, 1440966324770574336, '请假一天', 1, '2021-09-17 00:00:00', '2021-09-18 00:00:00', '2021-09-24 09:29:48');
INSERT INTO `zz_test_flow_leave` VALUES (1441218427220922368, 1440911410581213417, '请假2天', 1, '2021-09-02 00:00:00', '2021-09-04 00:00:00', '2021-09-24 09:50:24');
INSERT INTO `zz_test_flow_leave` VALUES (1450732253180071936, 1440966324770574336, '请假一天', 1, '2021-10-20 00:00:00', '2021-10-21 00:00:00', '2021-10-20 15:54:57');
INSERT INTO `zz_test_flow_leave` VALUES (1450745828686696448, 1440966324770574336, '世界辣么大，我想去看看', 1, '2021-10-20 00:00:00', '2021-10-21 00:00:00', '2021-10-20 16:48:54');
INSERT INTO `zz_test_flow_leave` VALUES (1450747274836578304, 1440966324770574336, '世界辣么大，我想去看看', 1, '2021-10-20 00:00:00', '2021-10-21 00:00:00', '2021-10-20 16:54:39');
INSERT INTO `zz_test_flow_leave` VALUES (1450749438409576448, 1440966324770574336, '结束单身狗的生涯', 3, '2021-10-20 00:00:00', '2021-10-27 00:00:00', '2021-10-20 17:03:14');
INSERT INTO `zz_test_flow_leave` VALUES (1450753187064582144, 1440966324770574336, '请假3天', 2, '2021-10-21 00:00:00', '2021-10-23 00:00:00', '2021-10-20 17:18:08');
INSERT INTO `zz_test_flow_leave` VALUES (1476751923557175296, 1440911410581213417, '1111', 1, '2021-12-01 00:00:00', '2021-12-04 00:00:00', '2021-12-31 11:07:50');
INSERT INTO `zz_test_flow_leave` VALUES (1476752044185358336, 1440911410581213417, '111', 1, '2021-12-01 00:00:00', '2021-12-08 00:00:00', '2021-12-31 11:08:19');
INSERT INTO `zz_test_flow_leave` VALUES (1476752083360157696, 1440911410581213417, '111222', 1, '2021-12-01 00:00:00', '2021-12-09 00:00:00', '2021-12-31 11:08:28');
COMMIT;

-- ----------------------------
-- Table structure for zz_test_flow_pay_detail
-- ----------------------------
DROP TABLE IF EXISTS `zz_test_flow_pay_detail`;
CREATE TABLE `zz_test_flow_pay_detail` (
  `pay_detail_id` bigint NOT NULL COMMENT '主键Id',
  `contract_id` bigint NOT NULL COMMENT '合同Id',
  `pay_date` datetime NOT NULL COMMENT '付款日期',
  `pay_type` int NOT NULL COMMENT '付款类型',
  `percentage` int NOT NULL COMMENT '百分比',
  `memo` varchar(1024) CHARACTER SET utf8mb4 COLLATE utf8mb4_bin DEFAULT NULL COMMENT '备注',
  `create_user_id` bigint NOT NULL COMMENT '创建者',
  `create_time` datetime NOT NULL COMMENT '创建时间',
  `update_user_id` bigint NOT NULL COMMENT '更新者',
  `update_time` datetime NOT NULL COMMENT '最后更新时间',
  `deleted_flag` int NOT NULL DEFAULT '0' COMMENT '删除标记(1: 正常 -1: 已删除)',
  PRIMARY KEY (`pay_detail_id`) USING BTREE
) ENGINE=InnoDB DEFAULT CHARSET=utf8mb4 COLLATE=utf8mb4_bin;

-- ----------------------------
-- Records of zz_test_flow_pay_detail
-- ----------------------------
BEGIN;
INSERT INTO `zz_test_flow_pay_detail` VALUES (1424647986096377856, 1424647986075406336, '2021-08-18 00:00:00', 1, 20, '预付款', 1424545631073996884, '2021-08-08 16:25:23', 1424545631073996884, '2021-08-08 16:25:23', 1);
INSERT INTO `zz_test_flow_pay_detail` VALUES (1424647986100572160, 1424647986075406336, '2021-08-28 00:00:00', 2, 50, '分期款', 1424545631073996884, '2021-08-08 16:25:23', 1424545631073996884, '2021-08-08 16:25:23', 1);
INSERT INTO `zz_test_flow_pay_detail` VALUES (1424647986104766464, 1424647986075406336, '2021-09-04 00:00:00', 2, 29, '分期款', 1424545631073996884, '2021-08-08 16:25:23', 1424545631073996884, '2021-08-08 16:25:23', 1);
INSERT INTO `zz_test_flow_pay_detail` VALUES (1424647986108960768, 1424647986075406336, '2021-09-17 00:00:00', 3, 10, '尾款', 1424545631073996884, '2021-08-08 16:25:23', 1424545631073996884, '2021-08-08 16:25:23', 1);
INSERT INTO `zz_test_flow_pay_detail` VALUES (1441215377521512448, 1441215377508929536, '2021-09-25 00:00:00', 1, 20, NULL, 1440966324770574336, '2021-09-24 09:38:17', 1440966324770574336, '2021-09-24 09:38:17', 1);
INSERT INTO `zz_test_flow_pay_detail` VALUES (1441215377529901056, 1441215377508929536, '2021-09-28 00:00:00', 2, 60, NULL, 1440966324770574336, '2021-09-24 09:38:17', 1440966324770574336, '2021-09-24 09:38:17', 1);
INSERT INTO `zz_test_flow_pay_detail` VALUES (1441215377534095360, 1441215377508929536, '2021-10-05 00:00:00', 3, 20, NULL, 1440966324770574336, '2021-09-24 09:38:17', 1440966324770574336, '2021-09-24 09:38:17', 1);
INSERT INTO `zz_test_flow_pay_detail` VALUES (1441217206607155200, 1441217206602960896, '2021-09-26 00:00:00', 1, 20, NULL, 1440966324770574336, '2021-09-24 09:45:33', 1440966324770574336, '2021-09-24 09:45:33', 1);
INSERT INTO `zz_test_flow_pay_detail` VALUES (1441217206611349504, 1441217206602960896, '2021-10-01 00:00:00', 2, 40, NULL, 1440966324770574336, '2021-09-24 09:45:33', 1440966324770574336, '2021-09-24 09:45:33', 1);
INSERT INTO `zz_test_flow_pay_detail` VALUES (1441217206615543808, 1441217206602960896, '2021-10-07 00:00:00', 2, 30, NULL, 1440966324770574336, '2021-09-24 09:45:33', 1440966324770574336, '2021-09-24 09:45:33', 1);
INSERT INTO `zz_test_flow_pay_detail` VALUES (1441217206619738112, 1441217206602960896, '2021-10-15 00:00:00', 3, 10, NULL, 1440966324770574336, '2021-09-24 09:45:33', 1440966324770574336, '2021-09-24 09:45:33', 1);
INSERT INTO `zz_test_flow_pay_detail` VALUES (1450750096747532288, 1450750096739143680, '2021-10-23 00:00:00', 1, 30, NULL, 1440966324770574336, '2021-10-20 17:05:51', 1440966324770574336, '2021-10-20 17:05:51', 1);
INSERT INTO `zz_test_flow_pay_detail` VALUES (1450750096751726592, 1450750096739143680, '2021-10-26 00:00:00', 2, 40, NULL, 1440966324770574336, '2021-10-20 17:05:51', 1440966324770574336, '2021-10-20 17:05:51', 1);
INSERT INTO `zz_test_flow_pay_detail` VALUES (1450750096755920896, 1450750096739143680, '2021-11-02 00:00:00', 3, 30, NULL, 1440966324770574336, '2021-10-20 17:05:51', 1440966324770574336, '2021-10-20 17:05:51', 1);
COMMIT;

-- ----------------------------
-- Table structure for zz_test_flow_product
-- ----------------------------
DROP TABLE IF EXISTS `zz_test_flow_product`;
CREATE TABLE `zz_test_flow_product` (
  `product_id` bigint NOT NULL COMMENT '主键Id',
  `product_name` varchar(255) CHARACTER SET utf8mb4 COLLATE utf8mb4_bin NOT NULL COMMENT '产品名称',
  `product_spec` varchar(255) CHARACTER SET utf8mb4 COLLATE utf8mb4_bin NOT NULL COMMENT '规格',
  `type` varchar(255) CHARACTER SET utf8mb4 COLLATE utf8mb4_bin NOT NULL COMMENT '型号',
  `cost_price` int NOT NULL COMMENT '成本价',
  `memo` varchar(1024) CHARACTER SET utf8mb4 COLLATE utf8mb4_bin DEFAULT NULL COMMENT '备注',
  `create_user_id` bigint NOT NULL COMMENT '创建者',
  `create_time` datetime NOT NULL COMMENT '创建时间',
  `update_user_id` bigint NOT NULL COMMENT '更新者',
  `update_time` datetime NOT NULL COMMENT '最后更新时间',
  `deleted_flag` int NOT NULL DEFAULT '0' COMMENT '删除标记(1: 正常 -1: 已删除)',
  PRIMARY KEY (`product_id`) USING BTREE
) ENGINE=InnoDB DEFAULT CHARSET=utf8mb4 COLLATE=utf8mb4_bin;

-- ----------------------------
-- Records of zz_test_flow_product
-- ----------------------------
BEGIN;
INSERT INTO `zz_test_flow_product` VALUES (1424645586203709440, '单动薄板拉伸（冲压）液压机', '630T', '630T', 12001, '机身采用四柱整体框架或组合框架结构，均为全钢板焊接；四角八面直角导轨导向、精度高，刚性好，并采用液压预紧。', 1424545631073996884, '2021-08-08 16:15:51', 1424545631073996884, '2021-08-08 16:15:51', 1);
INSERT INTO `zz_test_flow_product` VALUES (1424645694550970368, '单动薄板拉伸液压机', '315T', 'YLL27', 143680, '机身采用四柱整体框架或组合框架结构，均为全钢板焊接；四角八面直角导轨导向、精度高，刚性好，并采用液压预紧。液压系统采用二通插装集成阀；整个系统工作稳定、可靠、使用寿命长、泄露少、故障点少。', 1424545631073996884, '2021-08-08 16:16:17', 1424545631073996884, '2021-08-08 16:16:17', 1);
INSERT INTO `zz_test_flow_product` VALUES (1424645807918813184, '单柱校正液压机', '210T', 'YLL30', 89000, '计算机优化直立式C型结构设计，刚性好。机器各部件均安装于机身内，外形整齐美观。液压系统采用手动换向阀，调速方便。具有手动和脚踏两种操作方式。机器行程、压力可在规定范围内调节。', 1424545631073996884, '2021-08-08 16:16:44', 1424545631073996884, '2021-08-08 16:16:44', 1);
COMMIT;

-- ----------------------------
-- Table structure for zz_test_flow_second_party
-- ----------------------------
DROP TABLE IF EXISTS `zz_test_flow_second_party`;
CREATE TABLE `zz_test_flow_second_party` (
  `second_party_id` bigint NOT NULL COMMENT '主键Id',
  `company_name` varchar(255) CHARACTER SET utf8mb4 COLLATE utf8mb4_bin NOT NULL COMMENT '公司名称',
  `legal_person` varchar(64) CHARACTER SET utf8mb4 COLLATE utf8mb4_bin NOT NULL COMMENT '法人',
  `legal_person_id` char(18) CHARACTER SET utf8mb4 COLLATE utf8mb4_bin NOT NULL COMMENT '法人身份证号',
  `registry_address` varchar(512) CHARACTER SET utf8mb4 COLLATE utf8mb4_bin NOT NULL COMMENT '注册地址',
  `contact_info` varchar(255) CHARACTER SET utf8mb4 COLLATE utf8mb4_bin NOT NULL COMMENT '联系方式',
  `business_scope` varchar(4000) CHARACTER SET utf8mb4 COLLATE utf8mb4_bin NOT NULL COMMENT '经营范围',
  `memo` varchar(1024) CHARACTER SET utf8mb4 COLLATE utf8mb4_bin DEFAULT NULL COMMENT '备注',
  `create_user_id` bigint NOT NULL COMMENT '创建者',
  `create_time` datetime NOT NULL COMMENT '创建时间',
  `update_user_id` bigint NOT NULL COMMENT '更新者',
  `update_time` datetime NOT NULL COMMENT '最后更新时间',
  `deleted_flag` int NOT NULL DEFAULT '0' COMMENT '删除标记(1: 正常 -1: 已删除)',
  PRIMARY KEY (`second_party_id`) USING BTREE
) ENGINE=InnoDB DEFAULT CHARSET=utf8mb4 COLLATE=utf8mb4_bin;

-- ----------------------------
-- Records of zz_test_flow_second_party
-- ----------------------------
BEGIN;
INSERT INTO `zz_test_flow_second_party` VALUES (1424645446290116608, '天津乐呵呵公司', '乐呵呵', '120106197003150043', '天津市河东区', '022-12345678', '乐呵呵乐呵呵', '乐呵呵乐呵呵', 1424545631073996884, '2021-08-08 16:15:18', 1424545631073996884, '2021-08-08 16:15:18', 1);
COMMIT;

-- ----------------------------
-- Table structure for zz_test_flow_submit
-- ----------------------------
DROP TABLE IF EXISTS `zz_test_flow_submit`;
CREATE TABLE `zz_test_flow_submit` (
  `id` bigint NOT NULL COMMENT '主键Id',
  `submit_name` varchar(255) CHARACTER SET utf8mb4 COLLATE utf8mb4_bin NOT NULL COMMENT '报销名称',
  `submit_kind` int NOT NULL COMMENT '报销类别',
  `total_amount` int NOT NULL COMMENT '报销金额',
  `description` varchar(512) CHARACTER SET utf8mb4 COLLATE utf8mb4_bin NOT NULL COMMENT '报销描述',
  `memo` varchar(512) CHARACTER SET utf8mb4 COLLATE utf8mb4_bin DEFAULT NULL COMMENT '备注',
  `update_user_id` bigint DEFAULT NULL COMMENT '修改人',
  `update_time` datetime DEFAULT NULL COMMENT '修改时间',
  `create_user_id` bigint NOT NULL COMMENT '创建人',
  `create_time` datetime NOT NULL COMMENT '创建时间',
  PRIMARY KEY (`id`) USING BTREE,
  KEY `idx_submit_kind` (`submit_kind`) USING BTREE
) ENGINE=InnoDB DEFAULT CHARSET=utf8mb4 COLLATE=utf8mb4_bin;

-- ----------------------------
-- Records of zz_test_flow_submit
-- ----------------------------
BEGIN;
INSERT INTO `zz_test_flow_submit` VALUES (1424636815804993536, '7月份出差报销', 1, 1200, '7月份出差报销', '出差报销', 1424545631073996884, '2021-08-08 15:41:47', 1424545631073996884, '2021-08-08 15:41:00');
INSERT INTO `zz_test_flow_submit` VALUES (1441213876367527936, '出差报销', 1, 1200, '出差', '出差', 1440966324770574336, '2021-09-24 09:32:19', 1440966324770574336, '2021-09-24 09:32:19');
INSERT INTO `zz_test_flow_submit` VALUES (1441312736167333888, '出差', 1, 800, '出差', NULL, 1440966324770574336, '2021-09-24 16:05:09', 1440966324770574336, '2021-09-24 16:05:09');
INSERT INTO `zz_test_flow_submit` VALUES (1441340309442138112, '团建', 2, 500, '团建', NULL, 1440966324770574336, '2021-09-24 17:54:43', 1440966324770574336, '2021-09-24 17:54:43');
INSERT INTO `zz_test_flow_submit` VALUES (1450748608977571840, '出差报销', 1, 1200, '出差见客户', '去广州出差拜访客户', 1440966324770574336, '2021-10-20 16:59:57', 1440966324770574336, '2021-10-20 16:59:57');
INSERT INTO `zz_test_flow_submit` VALUES (1476751964434862080, '1111', 1, 11, '1111', '1111', 1440911410581213417, '2021-12-31 11:08:00', 1440911410581213417, '2021-12-31 11:08:00');
COMMIT;

-- ----------------------------
-- Table structure for zz_test_flow_submit_detail
-- ----------------------------
DROP TABLE IF EXISTS `zz_test_flow_submit_detail`;
CREATE TABLE `zz_test_flow_submit_detail` (
  `id` bigint NOT NULL COMMENT '主键Id',
  `submit_id` bigint NOT NULL COMMENT '报销单据Id',
  `expense_type` int NOT NULL COMMENT '费用类型',
  `expense_time` datetime NOT NULL COMMENT '发生日期',
  `amount` int NOT NULL COMMENT '金额',
  `image_url` varchar(512) CHARACTER SET utf8mb4 COLLATE utf8mb4_bin DEFAULT NULL COMMENT '上传图片URL',
  `description` varchar(255) CHARACTER SET utf8mb4 COLLATE utf8mb4_bin DEFAULT NULL COMMENT '费用描述',
  PRIMARY KEY (`id`) USING BTREE,
  KEY `idx_submit_id` (`submit_id`) USING BTREE
) ENGINE=InnoDB DEFAULT CHARSET=utf8mb4 COLLATE=utf8mb4_bin;

-- ----------------------------
-- Records of zz_test_flow_submit_detail
-- ----------------------------
BEGIN;
INSERT INTO `zz_test_flow_submit_detail` VALUES (1424636815809187840, 1424636815804993536, 1, '2021-07-06 00:00:00', 500, '[{\"name\":\"图片1.png\",\"filename\":\"5981b24ffaf640a590b57c462d9ff889.png\"}]', '住宿一天');
INSERT INTO `zz_test_flow_submit_detail` VALUES (1424636815813382144, 1424636815804993536, 2, '2021-07-22 00:00:00', 700, '[{\"name\":\"logo.png\",\"filename\":\"4b63d00a0e3b420a9e86e751ba210f6a.png\"}]', '交通费用');
INSERT INTO `zz_test_flow_submit_detail` VALUES (1441213876384305152, 1441213876367527936, 1, '2021-09-23 00:00:00', 600, '[{\"name\":\"logo.png\",\"filename\":\"38b7e4a097654ff38e176846ba005fcf.png\"}]', NULL);
INSERT INTO `zz_test_flow_submit_detail` VALUES (1441312736230248448, 1441312736167333888, 1, '2021-09-24 00:00:00', 600, '[{\"name\":\"logo.png\",\"filename\":\"1252138daaf744a3b1fdf06a07c5a173.png\"}]', '吃饭');
INSERT INTO `zz_test_flow_submit_detail` VALUES (1441340309446332416, 1441340309442138112, 1, '2021-09-30 00:00:00', 500, '[{\"name\":\"logo.png\",\"filename\":\"f33b658b052f487c9a34af274f48dcd3.png\"}]', '团建费用');
INSERT INTO `zz_test_flow_submit_detail` VALUES (1450748608985960448, 1450748608977571840, 1, '2021-10-13 00:00:00', 600, '[{\"name\":\"logo.png\",\"filename\":\"7240adc317f24378bfac20f283fb4202.png\"}]', NULL);
INSERT INTO `zz_test_flow_submit_detail` VALUES (1450748608994349056, 1450748608977571840, 2, '2021-10-13 00:00:00', 600, '[{\"name\":\"图片1.png\",\"filename\":\"ea216ab90a04492d96befa8fadd5a862.png\"}]', '高铁');
COMMIT;

SET FOREIGN_KEY_CHECKS = 1;
